url,needs_note,ground_truth_note,tweet_text
https://x.com/i/status/2033630391135785162,no,NNN - It's nothing short of astounding how stupid people are these days.    The video is real; Benjamin Netanyahu is alive and well.,"Prime Minister Netanyahu:

To the brave people of Iran, I wish you, as I do every year a happy holiday season, beginning with the Festival of Lights.

It signifies the age old belief of the Iranian people that light will triumph over darkness, that good will triumph over evil. https://t.co/PoY2Mhlg6p"
https://x.com/i/status/2033617732147810782,no,"Community notes are for correcting factually incorrect claims, not for zingers or personal opinions.     I don’t like the look of DLSS 5 any more than you do. But keep comments in the comments and stop abusing community notes.","Announcing NVIDIA DLSS 5, an AI-powered breakthrough in visual fidelity for games, coming this fall.

DLSS 5 infuses pixels with photorealistic lighting and materials, bridging the gap between rendering and reality.

Learn More → https://t.co/yHON3nGyxE https://t.co/UvF9G7tlZs"
https://x.com/i/status/2033497141306405353,no,"This post accurately summarizes Trump's March 15, 2026, statement claiming Iranian &quot;kamikaze boats&quot; footage is AI-generated and the boats don't exist. Note that similar sea drones have been used by Ukraine to sink Russian ships.    https://rollcall.com/factbase/trump/transcript/donald-trump-press-gaggle-air-force-one-march-15-2026    https://www.pbs.org/newshour/world/high-tech-sea-drones-used-to-sink-another-russian-warship-in-the-black-sea-ukraine-claims","Trump said that kamikaze sea drones do not exist and were created by AI. Because if they existed, America would have struck them long ago. https://t.co/OX5zgT65JE"
https://x.com/i/status/2033570850587197664,no,The claim that “Reform and the tories would have rushed into a war” is clearly an opinion and doesn’t need a community note to tell us that.  ,"I will always make decisions in the national interest. That’s why we did not join the offensive action against Iran. 
 
Reform and the Tories would’ve rushed us into war without a plan to get us out. https://t.co/1VoImGDiVy"
https://x.com/i/status/2033486023947124920,no,,"If this is true, I don’t think Van De Ven can play again for #THFC….😬

What an appalling way to leave the club after being such an important part of winning the Europa League just 10 months ago. We just can’t have anyone who doesn’t want to fight for the cause! https://t.co/cMbbdnbs4u"
https://x.com/i/status/2033146899914490207,no,"NNN. Stop abusing community notes and add whatever you want in the comments.    If the OP would have stated an incorrect year, then sure, so unless you can find something non factual, it belongs in the comments.","During an event in Taiwan, strong winds caused 7-Eleven Taiwan's mascot to disappear into the sky accompanied by pleasant background music.
 https://t.co/tfCcPv60Ax"
https://x.com/i/status/2033122656493674986,no,,"future of warfare with Vision 2047. 🚀 💻

As we move toward Viksit Bharat 2047, our forces are becoming more lethal, agile, and technologically superior. 🛡️ https://t.co/xLEEhnfbzw"
https://x.com/i/status/2033131240321343861,no,,"A Palestinian man calls out Zohran Mamdani:

“It’s not your land to decide whether Israel has the right to exist.”

Excellent response to his claims. The Palestinian man put him in his place. https://t.co/DyygiFZYAW"
https://x.com/i/status/2032935721070170194,no,,"Rip gwen stefani you would’ve hated gwen stefani
 https://t.co/kbTEPAqVsM"
https://x.com/i/status/2032936998349218026,no,,the future belongs to furries https://t.co/dyfu2RoOam
https://x.com/i/status/2033185196527555029,no,,"""It creates a chilling effect on reporting.""

South African journalist Azad Issa claims his account on X was blocked in India after the government requested restriction over his reporting on India and Israel. https://t.co/PQcdhq0VSl"
https://x.com/i/status/2032927595906372067,no,NNN Batman’s is against using guns himself. he has never been against other people having guns for self defense.    https://batman.fandom.com/wiki/Bruce_Wayne,"BATMAN on the new gun legislation in Virginia:

“People need to be able to defend themselves cause I can’t be there.” https://t.co/kreFQ6ccvM https://t.co/Tu8gR3jz5V"
https://x.com/i/status/2032723520921178167,no,NNN - OP clearly labels the post AI. No need to waste people's time with a note. https://x.com/i/status/2032723520921178167,"Street View that makes your heart ache ᵃᶦ
https://t.co/AUtc3YMSuv"
https://x.com/i/status/2032556682434265570,no,"The post does not mention Epstein, it's inferred because it looks like it, which is the point of the post, they are not making a factual claim that this is him, just that &quot;the internet is freaking out&quot; &quot;over this man&quot; ",The internet is FREAKING OUT after this man was spotted driving in south Florida https://t.co/0E0eakzpL9
https://x.com/i/status/2032534098527551591,no,NNN - The post doesn't claim it was Jeffrey Epstein ,The internet is freaking out after this video was recorded in South Florida! WHO DOES THAT LOOK LIKE TO YOU??? https://t.co/veQR6eWcXi
https://x.com/i/status/2032308138129469537,no,"President Lula made these statements on March 9, stressing defense to prevent invasion but affirming no nukes in South America. &quot;Hinting at nuclearization&quot; is interpretive.    https://www1.folha.uol.com.br/internacional/en/world/2026/03/lula-says-brazil-must-strengthen-defense-or-someone-will-invade-the-country.shtml    https://www.youtube.com/watch?v=8YATA_9is8c","Is Brazil’s President Lula hinting at nuclearization?

'We are a peaceful region — no nukes, drones for agriculture and science… NOT WAR'

'But if we don’t prepare for defense — WE'LL BE INVADED' https://t.co/pvdjllwANM"
https://x.com/i/status/2032418012805173555,no,,"In Punjab, A man named Bhushan Kumar died while standing in a queue for an LPG cylinder.

He had been in line since 5 a.m. Bhushan Kumar has now been cremated.

Imagine a country where people die trying to get something as basic as a cooking Gas Cylinder.

What a Shame!! https://t.co/SkO0muQRfy"
https://x.com/i/status/2032819593605968326,no,NNN. The intention of the post was to highlight that problems started very soon after delivery. This point still stands despite it being an easily repairable issue.,"🚨 BRAND NEW $150,000 CADILLAC ESCALADE ALREADY ENGINE KNOCKING WITH JUST 18 MILES — CHECK ENGINE LIGHT FLASHING

A man filming his brand new Cadillac Escalade-V “Magnus Frost,” one of just 255 produced, says something is already seriously wrong.

The SUV has only 18 miles on the https://t.co/ytrMLbSZcw"
https://x.com/i/status/2032283819923886276,no,"NNN - 1) Bullying doesn't necessitate violence, 2) keep your opinions in the comments",Bring back bullying https://t.co/vLphcwONET
https://x.com/i/status/2032429718532768127,no,"Corporate hospitals hire doctors through a structured process involving definition of needs, sourcing via specialized agencies , rigorous credentialing, multi-stage interviews. Key steps include verifying qualifications, medical indemnity insurance,  assessing  skills.    https://share.google/ZezOmjQIOVnwA6AJ4","RaGa: ""Go to Apollo Hospital, you won't find a single doctor who is a Dalit, OBC, or Adivasi. But Constitution says all are equal.""

Congress to promise Caste wise doctor allotment in India?

https://t.co/Zrz0sF58yb"
https://x.com/i/status/2032178904148885672,no,,"Netanyahu:

We will make it to the return of the Messiah, but this will not happen next Thursday. https://t.co/FmuZRWJnd1"
https://x.com/i/status/2032192656776814922,no,,"Kids are on the frontlines of the chatbot revolution. Ensuring their safety must be a top priority. 

The SAFE BOTs Act, included in the KIDS Act, creates baseline guardrails for chatbots that keep kids safe and directs the NIH to study the long-term effects that chatbots have on https://t.co/UOS5o3nmzx"
https://x.com/i/status/2032178252190491005,no,"The Speech and Debate Clause generally does not apply to speech outside the of the chambers of the House and Senate; nor does it apply to speech outside of floor debate or votes, such as press conferences like the one Rep. Ted Lieu was speaking at.    https://firstamendment.mtsu.edu/article/speech-and-debate-clause/    https://www.law.cornell.edu/constitution-conan/article-1/section-6/clause-1/activities-to-which-speech-or-debate-clause-applies    https://www.co-equal.org/case-law-precedents/congressional-immunity","Donald Trump hasn’t sued Ted Lieu. He hasn’t even threatened to sue Ted Lieu.

We know why.
https://t.co/YVGzheu3ww"
https://x.com/i/status/2032193910223880625,no,,"NEW - Netanyahu: “We will make it to the return of the Messiah, but this will not happen next Thursday.”

 https://t.co/KwpJPg20Pa"
https://x.com/i/status/2031785771212902539,no,"The people that voted do NOT work for the bank of England. It is the BOE's choice to change the notes, no doubt driven by pressure from government","The Bank of England is replacing Winston Churchill with a picture of a beaver on our bank notes. 

This is the definition of woke. https://t.co/3oMXZpXV11"
https://x.com/i/status/2032037435425624529,no,"This post appears correct that Iran's IRGC attacked the U.S.-linked tanker Safesea Vishnu in the Persian Gulf, killing one Indian crew member, per reports. The video's origin could not be independently confirmed, though sources say IRGC released it.    https://www.aljazeera.com/news/2026/3/12/five-vessels-attacked-amid-reports-of-iranian-drone-boats-sea-mines    https://nypost.com/2026/03/12/world-news/oil-prices-surge-above-100-per-barrel-after-six-ships-attacked-in-persian-gulf-strait-of-hormuz","WATCH: The moment the U.S.-linked oil tanker Safesea Vishnu was hit in the northern Persian Gulf after allegedly ignoring warnings from Iran’s IRGC Navy.

One Indian crew member was killed. https://t.co/WOxTnXkKDx"
https://x.com/i/status/2031895801064985021,no,Take your political opinions to the comment section ,STRIKE. 💥🦅 https://t.co/XMzNNtlT63
https://x.com/i/status/2031848507036815528,no,,"Trump WRECKS Thomas Massie: 

""Massie is a complete and total disaster as a congressman and frankly as a human being. He's got one thing going, he went to a good college, but I know a lot of stupid people who went to a good college."" https://t.co/V7KnsYhRSI"
https://x.com/i/status/2031866177991872618,no,,Corinna Kopf saw her viewers drop and immediately started throwing CAKE at the camera... 😂 https://t.co/VwB8Sy9Vc5
https://x.com/i/status/2031762079321870487,no,"NNN  CN writer is comparing 2012 data with 2025. In 2012, INC was still in power, BJP came from 2014. Secondly, if you compare 2004 prices (34) and 2013 (72.26) a 112% price increase was observed. Further, points raised are an opinion.  https://cleartax.in/s/petrol-price-india-history    Further, claim made by BJP is correct:  https://www.reuters.com/article/business/india-pm-singh-says-no-rollback-of-fuel-price-hike-idUSSGE6200EU/  https://www.firstpost.com/business/economy/petrol-bomb-is-a-dud-if-only-dr-singh-had-listened-319594.html","Let’s revisit 2012.

The UPA government abruptly hiked petrol prices by ₹8 per litre in one stroke, one of the steepest increases India had seen at the time. When questioned about the burden on ordinary citizens, then Prime Minister Manmohan Singh famously remarked:

“𝐏𝐚𝐢𝐬𝐚 https://t.co/oLqejJDdgX"
https://x.com/i/status/2031713951915155607,no,"This post is correct that an 18-year-old was arrested in Queensland for displaying the banned slogan &quot;from the river to the sea&quot; on her shirt, facing up to 2 years under new laws.    https://www.theguardian.com/australia-news/2026/mar/11/two-protesters-arrested-on-first-day-of-queenslands-from-the-river-to-the-sea-ban-ntwnfb    https://www.abc.net.au/news/2026-03-11/qld-protesters-arrested-hate-speech-laws/106443370","An 18-year-old woman in Queensland faces two years in jail for wearing a shirt that says ""from the river to the sea.""

In Australia, you can bankroll mass murder and sleep fine. But wear a shirt that says ""from the river to the sea""?Two years in prison. https://t.co/YnHDQHR8gr"
https://x.com/i/status/2031790180521427166,no,"This post is promoting a software product called “Personal Computer”, which is an extension of “Perplexity Computer”.    Notes claiming this is a “thin client” and/or not a literal “personal computer”/“PC” are pedantic. This post is about a piece of software, not hardware.    https://www.perplexity.ai/products/computer","Announcing Personal Computer.

Personal Computer is an always on, local merge with Perplexity Computer that works for you 24/7.

It's personal, secure, and works across your files, apps, and sessions through a continuously running Mac mini. https://t.co/EpvilVX6XZ"
https://x.com/i/status/2031784520194634013,no,NNN.  The author clearly uses the word &quot;speculation&quot;.,"🚨BREAKING - MASSIVE NON-NUCLEAR EXPLOSION IN QOM, IRAN JUST NOW  

Qom is Iran's clerical capital

Lots of speculation that the USA has used its 30,000lb  GBU-57A/B Massive Ordnance Penetrator (MOP)

which has RARELY been used, and can penetrate 200 feet into the earth. https://t.co/9IUnoX2PPD"
https://x.com/i/status/2031475378431070384,no,,"Children are at risk online.

Rep. Brett Guthrie tells the Scott @JenningsShow that apps and games like Roblox are putting kids in danger. Predators can groom, threaten, and contact children with ease.

The App Store Accountability Act aims to make tech companies responsible for https://t.co/9B1bgMnbsR"
https://x.com/i/status/2031713317018820661,no,,"Britain has the best service personnel in the world.

I thank all of those in our Armed Forces for keeping British people, and our allies, safe. https://t.co/IpdRaPfBSa"
https://x.com/i/status/2031350451019350316,no,,"'NO NATION IN HISTORY' takes more precautions not to target civilians than the US — Hegseth

Interesting... for years, Israel has been claiming that crown https://t.co/aj2ecdk1as"
https://x.com/i/status/2031597022755909785,no,"This post critiques US aid priorities. Reports confirm Iron Dome intercepted many missiles in recent Iran attacks, though some got through in barrages. US aid to Israel is ~$3.8B/year, while healthcare spending exceeds $5T.    https://www.reuters.com/pictures/under-iron-dome-iranian-strikes-pierce-israels-missile-shield-2026-03-02    https://www.cms.gov/data-research/statistics-trends-and-reports/national-health-expenditure-data/nhe-fact-sheet",We don't have healthcare because all of our money went to the Iron Dome and it's not even working https://t.co/pqD5pa7yXa
https://x.com/i/status/2031255631642902821,no,,This is why the Japanese use rain chains.... https://t.co/palzwiYAnU
https://x.com/i/status/2031502918491230634,no,NNN. Take theological and biblical interpretations to the comments.,"US Ambassador Mike Huckabee insists Christians are spiritually enslaved to a moral debt they owe the Jewish people forever.

Huckabee says he can’t understand why so many Christians choose not to support Israel. https://t.co/xkBoBbit1t"
https://x.com/i/status/2031475339268853792,no,"Whilst the video shows a digger destroying the remnants of the structure, it isn’t in and of itself misleading to have excluded this in the text of the post. No requirement to clarify this small point, as the actual post is still factually accurate.","In Georgia there used to be a monument that gave instructions in 8 languages on how to rebuild society after an unknown apocalyptic event, also functioning as a compass, calendar and a clock.

Unfortunately, it was destroyed in 2022 via bombing by a vandal https://t.co/05dJ8gkyDx"
https://x.com/i/status/2031476021447331849,no,Community notes are not to claim for copy content ,"BREAKING 🚨🚨🚨

An Israeli passenger on a cruise ship began freaking out over a man with a swastika tattoo. 

Harassing him and demanding the crew remove him from the vessel. https://t.co/rGcdJ3XO2Q"
https://x.com/i/status/2031352789209600452,no,,"Someone just bypassed the Netflix's DRM

you can stream or record videos on Netflix

just turn off graphics acceleration from Chrome settings https://t.co/zgOvtPolTu"
https://x.com/i/status/2031166580793512274,no,Keep your personal opinions to the comments.,"This is life in Iran that Trump tries to demonize with constant lies

https://t.co/Gp3MMNJu76"
https://x.com/i/status/2031307186123547066,no,NNN. The 25p reduction meant that a litre of diesel was at £1.43 and a litre of unleaded at £1.21. Which was cheaper than the proposed note.     https://www.gbnews.com/lifestyle/cars/nigel-farage-petrol-diesel-prices-rachel-reeves-fuel-duty    https://www.standard.co.uk/news/politics/nigel-farage-rachel-reeves-reform-labour-government-iran-b1274203.html,NEW: Reform are subsidising prices at a petrol station in Buxton to promote their proposal to cut fuel duty in the wake of the Iran War - more on @skynews later https://t.co/12sSln9mvS
https://x.com/i/status/2030953820700688635,no,,Just look at the difference between how goalie Ruslan Khazheyev congratulated the media team girls vs. how the rest of the players did it. Pure class. Actions speak louder than words https://t.co/LHMGBW5kFr
https://x.com/i/status/2031270963900219461,no,"NNN - It is, in fact, lava i.e., molten rock. The creator who made the video has shown the process for other &quot;Lava vs ...&quot; videos.    https://www.youtube.com/@PressTube","Lava above 1,000°C was poured into a Stanley thermos to test its durability…

 https://t.co/SJHe6IzxTk"
https://x.com/i/status/2031056446461182078,no,,".@Maryam_Rajavi described to me a very different vision for Iran than the Islamists currently in power: 

“We believe that every woman must choose for herself what to wear. No to compulsory hijab, no to compulsory religion, and no to compulsory governance."" https://t.co/P4ykMo6JQ4"
https://x.com/i/status/2031131670502339058,no,Joke,JUST IN: Unbelievable footage of Iran attacking the largest US base in the Middle East https://t.co/UrYnT6uY0W
https://x.com/i/status/2031021075136463359,no,,"The SAVE Act is NOT about strengthening voter ID.

It's a way for this regime to steal upcoming elections.

Republicans want to silence MILLIONS of eligible voters by making it harder to register to vote.

And married women, you're one of the SAVE Act's perfect targets. https://t.co/evsalTulOs"
https://x.com/i/status/2030894193875247582,no,,This clip shows how original versions of TV shows have been shortened via syndication and streaming. But the bigger takeaway is that most people don’t realize it. In an era where books are being banned and original materials are becoming harder to find. This is just a small/fun https://t.co/yuJr7on8DE
https://x.com/i/status/2030815367581651415,no,,"🚨#BREAKING | #GLASGOW 🏴󠁧󠁢󠁳󠁣󠁴󠁿

Glasgow Central Station has been closed after a major blaze broke out on Union Street in Glasgow. Emergency services are on the scene as authorities work to contain the fire.
#GlasgowCentral https://t.co/P2GEO21R5k"
https://x.com/i/status/2030810616676716747,no,"NNN, clearly a joke.",Niggas will train for ICE like this just to get a clip emptied out on them while putting up no fight at all https://t.co/KKLdRUzlZN
https://x.com/i/status/2030697395999400142,no,"NNN - wether these are fans or not, her behavior is still subject to commentary, keep your opinion to the comments.",Imagine showing attitude &amp; being rude to your fans who buy and stream your songs while in return they are literally just asking for an AUTOGRAPH.... atleast be a little more considerate https://t.co/E61t9JsXTZ
https://x.com/i/status/2030425765364343009,no,,"🚨WOW: West Elementary School in Alabama has become the first in the United States to install ballistic pods in classrooms.

The $60,000 rapid-deployment room sits in the corner of each classroom and can expand in just 10 seconds to create a bullet-resistant shelter for students https://t.co/Cu5o1QMRV3"
https://x.com/i/status/2030383547832533378,no,This is not an animation. Another user was able to replicate this.  https://x.com/i/status/2030660154287644741,"There's a fruit fly walking around right now that was never born.

@eonsys just released a video where they took a real fly's connectome — the wiring diagram of its brain — and simulated it. Dropped it into a virtual body. It started walking. Grooming. Feeding. Doing what flies https://t.co/VCJi4tTrrl"
https://x.com/i/status/2030719678935429554,no,"NNN. Also, festive blossom sparrowhawk listed Warlord Dilly as a source, which is laughable. ","Karoline Leavitt doesn’t rule out a draft.

How about the answer is NO DRAFT AND NO BOOTS ON THE GROUND because we campaigned on NO MORE FOREIGN WARS OR REGIME CHANGE!!!

Liars every single one of them!

Not my son, over my dead body!!!!!
 https://t.co/UTLn4WXFRV"
https://x.com/i/status/2030717291130663297,no,NNN. The post directly states that   “It’s not part of the current plan right now… but the president… wisely keeps his options on the table.” ,"White House Press Secretary Karoline Leavitt says drafting American children to go fight in the war against Iran is not off the table.

“It’s not part of the current plan right now… but the president… wisely keeps his options on the table.” https://t.co/OvIOT3Tqll"
https://x.com/i/status/2030227167645508043,no,NNN - Express your thoughts on the timing in the comments.,"Timothée Chalamet talking about growing up at the backstage of the NYC Ballet and how that impacted him:

“My grandmother, my mother, my sister danced in the New York City Ballet. I grew up dreaming big at the backstage at the Koch Theater in New York.”https://t.co/8xc9wxy9MP"
https://x.com/i/status/2030229637180141582,no,Joke.    https://en.wikipedia.org/wiki/Joke,Breaking Bad’s Walter White Jr. just made his pro show debut at the Arnold Classic. https://t.co/gf3jn1zSuT
https://x.com/i/status/2030571645719478580,no,,Didn’t expect to see this on the Space Needle in Seattle. https://t.co/QiFLPg0hn1
https://x.com/i/status/2030129581659697310,no,"NNN    Factually Correct     She did like the posts and the proposed note admits that, acknowledging it is factually correct    Any opinions on stating a reason why she liked them should be made in the replies","New York City Mayor Zohran Mamdami's wife, Rama Duwaji, “liked” Instagram posts that appeared to support the October 7 attacks on Israel.

CBS News verified that Duwaji “liked” one post from October 7, showing images of the attack and another one from the day after the attacks https://t.co/aJjd27d5Bc"
https://x.com/i/status/2030315469689778571,no,"The whole world saw how the U.S. &quot;held the word&quot; given to Ukraine, after forcing it to give up its nuclear weapons, and then removed the Budapest Memorandum from the White House website, effectively abandoning it.     https://en.wikipedia.org/wiki/Budapest_Memorandum","SECRETARY RUBIO: We want the world to see that when you're a friend and an ally of the United States, it is a good thing. It's reciprocated. https://t.co/43XM17jgYX"
https://x.com/i/status/2029708801314586917,no,"NNN- Most notes are opinions and speculations, it does not contradict the video nor has spread any news or fact.",What Iranians inside Iran think of the dancing Iranian diaspora: https://t.co/p2hx2kj0K6
https://x.com/i/status/2030493711407144979,no,"This post correctly shows a real 2024 drone failure in Quanzhou, China. On-site operators suspected jamming, but a detailed analysis indicates strong winds likely caused battery drain and crashes instead. No official cause has been confirmed.    https://www.youtube.com/watch?v=PMYoH0E41mY    https://www.jalopnik.com/2-000-drones-fall-from-the-sky-after-failing-during-lig-1851725105    http://www.ecns.cn/news/cns-wire/2024-12-09/detail-ihekuwsr0209928.shtml","A drone show in China was disrupted after someone turned on a jammer causing the drones to simply fall out of the air.
https://t.co/vhRBWedf9z"
https://x.com/i/status/2030345772558852281,no,"This post is correct that Rama Duwaji liked over 70 anti-Israel posts after Oct. 7, including ones calling it a &quot;mass rape hoax&quot; and an Israeli prison a &quot;concentration camp.&quot; These were on Instagram, per reports.    https://www.thefp.com/p/nyc-first-lady-liked-post-oct-7-rape-hoax    https://nypost.com/2026/03/07/us-news/mamdanis-wife-rama-duwaji-liked-post-calling-october-7-hamas-rapes-of-israelis-a-mass-hoax-report/","I found 70+ posts liked by Rama Duwaji, Zohran Mamdani's wife, of radical anti-Israel content—and even Holocaust inversion. https://t.co/Q7NEKVXSnG"
https://x.com/i/status/2030403758241264101,no,"This post shows footage of Iranians burning a Baal effigy, which multiple sources report occurred during February 2026 revolution anniversary rallies as anti-US/Israel symbolism. The &quot;child sacrifice&quot; description aligns with some historical views of Baal, though debated.    https://www.snopes.com/news/2026/03/05/iran-burn-baal-statues    https://www.iranintl.com/en/202602128764",IRANIANS TORCH CHILD SACRIFICE GOD BAAL STATUE https://t.co/m8fmnHdRqM
https://x.com/i/status/2030051395294941427,no,"NNN    Not that I'm a fan of this administration, but it is facially ridiculous to think context is needed because a touchdown doesn't occur in this video. Nobody understands this video better by a community note being pedantic.",Touchdown https://t.co/aDNdqBdRzG
https://x.com/i/status/2030035621977198943,no,,Still don’t understand why we allowed this in TEXAS.  https://t.co/mQXIZTOdwL
https://x.com/i/status/2030015671820509202,no,This is just a video that pretends that baseball players hit munitions at targets and gives a personal opinion of American dominance.  https://x.com/WhiteHouse/status/2030015671820509202?s=20,Pure American dominance. 💥🇺🇸 https://t.co/nvgWLar2ak
https://x.com/i/status/2029933425394672096,no,"NNN - Don't abuse community notes please. The location is past a border city of Iraq entering Iran. It could be inside Iran.  Coordinates as per the &quot;reference&quot; post although the reference post uses flawed argument and is biased against Israel:  36.183568, 45.135899","The Israeli Air Force publishes footage from the cockpit of IAF fighter jets flying over Iran.

“We continue to fight, as required around the clock, and feel your support all the time. We wish you, Israeli citizens, a safe and quiet Shabbat,"" a pilot is heard saying in a https://t.co/cvljwuAJ02"
https://x.com/i/status/2029981435696669014,no,,"GOP House candidate Brandon Herrera: “I often think about putting a gun in my mouth, so I’m basically an honorary veteran.”
 https://t.co/JG8RWvJgiX"
https://x.com/i/status/2029984809242529912,no,NNN - The post already says that he is joking,"GOP candidate Brandon Herrera joking about Hitler being his hero
 https://t.co/fxk5e0xwDS"
https://x.com/i/status/2029832490085392584,no,The OG post does not suggest that the shooting was intentional and a community note here is not needed.,BREAKING: This is the first video showing how a Kuwaiti F/A-18C Hornet shot down three F-15Es of the USAF (two from 335th FS and one from 492nd FS) on March 2. The Kuwaiti Hornet pilot used AIM-9M or AIM-9X Sidewinder missiles to shoot the Strike Eagles down. He engaged them from https://t.co/HI4mhUUHhT
https://x.com/i/status/2029272213619097740,no,,"Humming for just 10 minutes a few times a day can increase nitric oxide in your nasal passages by up to 15 times — enough to completely clear chronic rhinitis in some people, according to research.

James Nestor explains in this short clip why this simple, free trick works so https://t.co/fkSqUaDi1H"
https://x.com/i/status/2029723638560067679,no,,"Mike Johnson endorsed candidate in #TX23 Brandon Herrera cosplays as a Nazi, using a case of White Claws as a prop meant to represent Jewish people in hiding during the Holocaust—then proceeds to violently kill them with machine guns https://t.co/xI2VcufljT"
https://x.com/i/status/2029830892659900646,no,,"Seth MacFarlane says they used AI to make him look like Bill Clinton in 'Ted' S2 

""It's an interesting example of how AI can be used as a tool ... We tried prosthetics, we tried traditional CGI, everything else just looked terrifying""

(via @AP)  
https://t.co/lbjY50vMcr"
https://x.com/i/status/2029934616014946727,no,NNN    GenAI = AI  DeepFake = AI    They are just two different types of AI    https://en.wikipedia.org/wiki/Deepfake,"Seth MacFarlane says they used AI to make him look like Bill Clinton in ‘TED’ Season 2.

“It's an interesting example of how AI can be used as a tool... We tried prosthetics, we tried traditional CGI, everything else just looked terrifying”

(Source: @AP) https://t.co/g4v2rZaFmd"
https://x.com/i/status/2029690917163041016,no,NNN - Clearly this is a joke. ,"Gone, but not forgotten. https://t.co/2EDgBTvcZU"
https://x.com/i/status/2029702104399397274,no,"NNN Under Legal Discrimination, Wikipedia notes there are &quot;23 restrictions on Iranian women... Women cannot get a job or pursue a profession in the same way a man can.&quot; Girls can be married at age 10 and husbands can restrict school, work, and travel. See 2nd link.  https://en.wikipedia.org/wiki/Women%27s_rights_in_Iran#:~:text=According%20to%20the%202017%E2%80%932018,WPS%20report%20also%20states%20there:  https://x.com/i/status/2030219118465462707","Women used to be able to dress, work, go to school, and marry freely in Iran.

But then the RADICAL ISLAMISTS took over.

Now, women in Iran are treated like DOGS.

Where is the outrage from the so-called Democrat “feminists” about Islam’s barbaric treatment of women??? https://t.co/eDPz9q10in"
https://x.com/i/status/2029741548791853331,no,"NNN    Clear Satire/Personal Opinion    A. It’s a meme    B. Any claims of “propaganda” can themselves be called propaganda, which is why opinions fall under NNN    C. No one’s permission is required as this falls under fair use like 99+% of internet memes    https://www.law.cornell.edu/uscode/text/17/107#:~:text=The%20fair%20use%20statute%20in%20the%20U.S.,necessarily%20bar%20a%20finding%20of%20fair%20use    https://natlawreview.com/article/who-owns-memes    Disagree in the replies",JUSTICE THE AMERICAN WAY. 🇺🇸🔥 https://t.co/0502N6a3rL
https://x.com/i/status/2029432188672860325,no,"NNN please respect the community notes community.  Abusing CC by posting ideological hate, conspiracy, or wild unsubstantiated speculation, ruins the credibility &amp; reputation of the feature.  https://grokipedia.com/page/Abuse_of_power ",On our way to make history ✈️ https://t.co/SoTAorwyrh
https://x.com/i/status/2029301477341061613,no,NNN   Whether the man in the video is technically allowed to be wearing the uniform he is wearing in the video is completely irrelevant and is not useful context.,Senator Sheehy joined Capitol Police in lifting up and ejecting anti war protestor Brian McGinnis from a SASC subcommittee hearing.  McGinnis is a Green Party candidate running for Senate in N.C. An antiwar activist filmed the video below: https://t.co/0dVA0ORWXQ
https://x.com/i/status/2029625492370780616,no,The proposed note does not address the actual physics behind air expansion in the lungs (Boyle’s law). Lungs can be injured by expanding air when ascending.    https://blog.padi.com/the-golden-rules-of-scuba-diving/,Aaaaaaaaand that ball is your lung going up while holding your breath kids😂 https://t.co/qqQwUwDAVu
https://x.com/i/status/2029532550842990972,no,NNN - It’s her opinion to be for it. Take your opinions to the comment section.,"I'm voting YES on Virginia's redistricting amendment.

Here's why: https://t.co/asTf5s1mS3"
https://x.com/i/status/2029531533481013634,no,NNN as CNN’s post already included the information that “CNN is operating in Iran only with government permission.”    A CN reiterating the fact is therefore unnecessary.,"CNN's Frederik Pleitgen is on his way to Iran's capital, Tehran, as Israel and the US continue their aerial campaign against the country. CNN is operating in Iran only with government permission. https://t.co/tfsJrjHcx9"
https://x.com/i/status/2029261657063436564,no,NNN.  There's clear jump cuts. It isn't trying to hide anything. AI shouldn't be writing community notes.,This video made my day 🥹❤️ https://t.co/6VeexjgKJM
https://x.com/i/status/2029204413240221820,no,,"SECWAR Hegseth says the strikes on Iran by the US and Israel will continue for as long as we like and “Iran will be able to do nothing about it.”

This is true. Iran is powerless other than to surrender.

That’s their only good move left. 

https://t.co/kQdX138l2X"
https://x.com/i/status/2029300935487373760,no,This post is correct that the White House posted the video and caption about sinking the Iranian warship in international waters. Canada and Spain have stated the strikes are inconsistent with international law.    https://www.pm.gc.ca/en/news/statements/2026/03/03/statement-prime-minister-carney-evolving-situation-middle-east    https://www.euronews.com/my-europe/2026/03/02/spains-fm-says-unilateral-us-israeli-attack-on-iran-not-backed-by-international-law,"🚨 The White House just posted a video of sinking an Iranian warship in international waters.

Their caption: “This Iranian warship thought it was safe in international waters. It wasn’t.”

They’re bragging about it. Publicly. From the official White House account.

Attacking a https://t.co/RrF6le2TkL"
https://x.com/i/status/2028677997587243176,no,,"“On the ground [in Iran] the MEK resistance units are very active. We have reports that they have…  targeted several IRGC garrisons… they also went and took over the headquarters for the implementation of Khamenei’s decrees.”

National Council of Resistance of Iran member https://t.co/TUPgVqZaVq"
https://x.com/i/status/2029214855165886543,no,,"&gt;Iran’s warship was invited by India to participate in MILAN 2026.

&gt;It was returning from India with around 200 sailors on board.

&gt;The U.S. Navy sank it using a torpedo in the Indian Ocean.

&gt;More than 80 sailors died after drowning in the ocean.

&gt;India didn’t provide https://t.co/zELCr6skjV"
https://x.com/i/status/2029241318778552543,no,"NNN- The M.O.D did not say the drone was fired by hezbollah.  It stated that the drone was not launched from IRAN.  no missing context, note not needed.    https://x.com/DefenceHQ/status/2029241425238568984?t=51ppG3MZGHVMrXbUvgp3Nw&amp;s=19","BREAKING: A ""Shahed-like drone"" which targeted an RAF base in Cyprus was not launched from Iran, says a Ministry of Defence spokesperson.

Iran latest 🔗 https://t.co/MSOfDN6aRq

📺 Sky 501 and YouTube https://t.co/HaFKmugFU6"
https://x.com/i/status/2029194497310040358,no,,"Protecting British lives is, and always will be, my number one priority. https://t.co/PlijWT9zkn"
https://x.com/i/status/2028896187210690747,no,"Trump did call Iraqi Kurdish leaders on March 1, 2026, per Axios and WSJ reports. The 'new competition' for Reza Pahlavi is the interviewee's opinion, with no additional evidence found. https://www.axios.com/2026/03/02/trump-iran-war-kurds-iraq https://www.wsj.com/livecoverage/iran-israel-us-strikes-2026/card/trump-open-to-supporting-armed-militias-in-iran-u-s-officials-say-nydkWoLgSs641jEV68Dg",Reza Pahlavi seems to have new competition as he makes his pitch to lead Iran. @AlirezaNader tells me why President Trump reportedly called Kurdish leaders in Iraq and what it means for the former Shah’s son. https://t.co/PqNs9mQct9
https://x.com/i/status/2028612652348399782,no,"The clip is from Clinton's Feb 27, 2026 deposition. He smiles while viewing a photo with Epstein &amp; Branson, laughing at his own joke per viewer accounts. 'Nodding over memories' is opinion. https://oversight.house.gov/release/oversight-committee-releases-bill-and-hillary-clinton-deposition-videos https://x.com/bendreyfuss/status/2028945813897154793","Bill Clinton is smiling while looking back through old Epstein photos &amp; nodding over memories🤣

His attorney snatches them out of Bill’s hands. https://t.co/JlF0jFUwQm"
https://x.com/i/status/2028670814825165014,no,Overjoyed Pine Smith's cn is irrelevant. The poster doesn't specify a length of time that the blathering fool spoke about either subject. There's nothing to note or dispute. The point is clearly that he spoke about curtains &amp; a ballroom AT ALL when the topic is SOLDIERS DYING. ,"American soldiers are DEAD but Donald Trump cares more about the color of his ballroom curtains. 

Trump is DISGUSTING! https://t.co/QDiG42jM2n"
https://x.com/i/status/2028879154025009401,no,Note not needed. OP doesn't make any claim about the date of video publication,"🚨 IT JUST GOT MORE ABSURD. MCDONALD’S $18M-A-YEAR CEO IS NOW ON CAMERA DESCRIBING “BEEF NOTES” AND “TEMPERED CHEESE.”

He’s breaking down a Big Mac like he’s hosting a wine tasting.

“Visual appeal.”
“Tempered cheese.”
“Beef notes.”
“Different mouth feel.”

Sir.
It comes in a https://t.co/GxDh4Tv8re"
https://x.com/i/status/2028332080485306660,no,,Oda doesn’t care anymore 😭 https://t.co/y0haERYl8s
https://x.com/i/status/2028641410124021865,no,NNN. OP is factually correct. Speculation as to why is what the comments are for,"🚨BREAKING: The Iranian women's football team has just REFUSED to sing the the national anthem of the Islamic Regime

To the brainwashed liberal women in the West: This is what feminism looks like.

They are incredibly brave! https://t.co/CeSzGrie7P"
https://x.com/i/status/2028480049821761976,no,,"🌍 My biggest dream? To gaze at the Earth from space at least once in my life before I die. Just imagine the feeling of seeing everything you’ve ever known… from above. 🚀✨

https://t.co/BKbIr4CrfR"
https://x.com/i/status/2028580929396985868,no,miraculous seedlings nightjar adds needless context best left in comments. OP posted an opinion based. No Note Needed.,"BREAKING: Hillary Clinton throws an unhinged, hysterical MELTDOWN after  we posted a photo of her testifying on Epstein.

She SCREAMS at Republicans and then STORMS out of the room:

""I am DONE WITH THIS. You can hold me in contempt. I'm DONE!""

Yikes 😬 https://t.co/kBsJqGqrFY"
https://x.com/i/status/2028553941017927695,no,No Note Needed. Its just a magic trick and requires no context.,Imagine the possibilities! 😍 https://t.co/U5ykxmjB16
https://x.com/i/status/2028016867592306942,no,This is a standup comedy routine.,"Deon Cole: ""If there are any white men in the room with Tourette's, I advise you to tell them to read the room, lord. It might not go the way they thinketh."" https://t.co/5lzzrdOKED"
https://x.com/i/status/2028325705566617626,no,,Final Fantasy https://t.co/vUWVdNKBBJ
https://x.com/i/status/2028301748134379686,no,"The senator is not spreading clear misinformation, but her own opinion. Wars have been different and while with Japan the atomic bomb was by some accounts justified, bombings on civilian infrastructure in Nazi-Germany largely isn’t, as it didn’t worsen their war morale.    https://en.wikipedia.org/wiki/Strategic_bombing_during_World_War_II","You cannot bomb your way to peace. 

Labor must immediately rule out further Australian support for Trump and Netanyahu’s illegal war in Iran. https://t.co/BjaAJhaotL"
https://x.com/i/status/2028525269137633329,no,,"I want to speak about how we treat real-world re-enactments on Roblox in light of recent tragic events.
We have a strict zero-tolerance policy for re-enacting any real-world tragic event on Roblox. This includes acts of terror and school shootings. Such experiences directly https://t.co/utWUV09ftY"
https://x.com/i/status/2028285740363510002,no,"He’s not only talking about the cost of tickets. Everything at Disney World is obscenely high margin. Everything from food to parking is marked up excessively, it’s easy to spend Michelin restaurant amounts on a night out at Disney, and it’s certainly not Michelin-quality food.","This is actually insane

American booked a Disney World vacation for his family

“I want to explain to you how insane these prices are”

“A few weeks ago, I just flew my family, my entire family across the world for a ski vacation to Courchevel, France — the largest ski area in https://t.co/Vnq5yKQSor"
https://x.com/i/status/2028387011137089598,no,"The post questions Rachel Reeves' long association with Arshad Khatana, calling his views abhorrent. Labour suspended Khatana today over such allegations. Photos show meetings since 2010. Farage met him once in 2013. https://www.the-independent.com/news/uk/politics/rachel-reeves-labour-activist-suspended-jenrick-reform-b2930105.html https://x.com/Nigel_Farage/status/351987481274613761","Arshad Khatana has the most abhorrent and shocking views. 

So why has Rachel Reeves been “friends” with this fanatic for over a decade? 

Why, as Chancellor, is she going round his house for lunch? https://t.co/1Zp4Fw85f1"
https://x.com/i/status/2028134998411260224,no,Post does refer and credit FR24,"More than 3,400 flights were canceled Sunday across 7 airports in the Middle East, according to flight tracker Flightradar24. 

Airports in Qatar, the United Arab Emirates, and Bahrain were among those closed. https://t.co/VVkdSUZxXa"
https://x.com/i/status/2022746582878191876,no,NNN - should be self evident but genuinely what the fuck is the proposed note talking about?,"Canada is under threat from a vicious cancer: MAGA. It has crossed the border. The cancer must be stopped. The American people stand with the free people of Canada.

@SaveAmericaMvm @ItsDeanBlundell https://t.co/j0Hd9uiY00"
https://x.com/i/status/2022701524733038705,no,,"The government is leaving us no option but to demand a 'Separate State for General Category', where we can make our own policies.

No Descrimination. No Reservation. No Freebies. 
100% Merit State.

#WeDemandGCState https://t.co/AzMdGu9eI8"
https://x.com/i/status/2022099024745210279,no,,"Wins Since 2010:
-Texas 126
-Texas Tech 106
-Baylor 119
-Texas A&amp;M 132

Do the Aggies OWN the state of Texas?

 https://t.co/Ytm6QLpFxR"
https://x.com/i/status/2022709972384067904,no,"NNN. Studious Papaya Owl, you should read the entire post before making a CN.","BREAKING Socialism failed once again in Argentina!

Just kidding it was ultra greedy capitalism gutting nearly all social programs, austerity measures, 12 hour work days, 0 worker rights, the IMF, and Zionist deep throating. 

 https://t.co/mGojheeskX"
https://x.com/i/status/2022589903503028537,no,NNN- She’s joking guys calm down with the notes,"Cardi B jokes after falling at her ‘Little Miss Drama’ show:

“That was the government!” https://t.co/yYmQDPG4BZ"
https://x.com/i/status/2022438133183451531,no,"While technically the Toyota hybrids have no delay in take off and the ac runs fine when stopped as it’s electric, notes are missing the point of this original post about how annoying stop start is on normal gas cars. ","Keeping cool while Making America Hot Again. 🏁

Auto start-stop is officially dead. https://t.co/9th5fq6wwF"
https://x.com/i/status/2022398340730884321,no,"OP is obviously a joke, satirizing the meme that all bad things are caused by climate change.    https://earthathome.org/quick-faqs/do-volcanoes-cause-global-warming/","Even Hawaii’s volcanoes are burning because of our refusal to adequately address climate change.

Washington should, at a minimum, commit to higher gas taxes and an income tax. 

There is no other way.

 https://t.co/NeLrIXSo3y"
https://x.com/i/status/2021872161204400631,no,NNN. You may disagree with Farage but that is your personal opinion and not one for community notes. Comparing Cameo to him being “bought out” is invalid. Use replies or quotes as people are doing. ,I can’t be bullied. I can’t be bought. I’ve stood for the same principles for many decades. https://t.co/VJNe4sIsXK
https://x.com/i/status/2021751859539849692,no,,A woman tries to withdraw $50k in cash and the bank won’t allow it. This guy explains why and how modern banking actually works behind the scenes. https://t.co/krt0vIib3n
https://x.com/i/status/2021635755991617917,no,"NNN, AI is confused and referencing a different post. This one is indeed from the Super Bowl and all other parts of the tweet are accurate or opinion","𝗧𝗥𝗘𝗡𝗗𝗜𝗡𝗚: This clip of Bad Bunny performing at the Super Bowl without the backing track has gone viral.

Many fans are shocked at how ""bad"" it sounds...

😳😳😳
https://t.co/tq9mVgdqnS"
https://x.com/i/status/2021368561420369963,no,NNN - Rep. Luna is expressing her opinion. Responses should go in the comments. Stop abusing CN.,"European nations deserve to have their sovereignty respected, yet the EU often punishes countries that step out of line with its policies. It’s time to ditch the EU and restore sovereignty to individual nations, in Europe and across the globe. https://t.co/VJGVVw9uLJ"
https://x.com/i/status/2021277166659399927,no,NNN - suggested note misses the point and would be better served posted in the comments,"Am I wrong about working from home? 

Join me live on @GBNEWS tonight at 7 PM to discuss. https://t.co/97jkeaK1mb"
https://x.com/i/status/2020992368749731934,no,"Padre Guilherme is a real Portuguese Catholic priest and DJ who blends sacred music with techno. The video features his remix of ERA's Ameno, which mimics but is not authentic Gregorian chant. Main point holds. https://en.wikipedia.org/wiki/Guilherme_Peixoto https://open.spotify.com/artist/7Gl7M2tjlIWsDWYa061TWh https://www.youtube.com/watch?v=tSWjcV585IA",Wake up babe there’s a Portuguese Catholic priest who mixes Gregorian chants with industrial techno house music https://t.co/ClW8d7PJTG
https://x.com/i/status/2021123019981082914,no,,"Doggo practicing for the Winter Olympics.

 https://t.co/ogNU4ne7X4"
https://x.com/i/status/2020605197769404653,no,,Man Seen Cleaning The Tombstone Of The Great Actor John Witherspoon 🙏🏾💯🕊️🪦 https://t.co/4mZZhpcOgu
https://x.com/i/status/2020875282702270656,no,NNN. He's going to Colombia for this treatment. Whether it's approved by the US FDA is irrelevant. ,"I'm on way to Colombia for stem cell treatment to hopefully fix my back that's becoming agonizingly painful.

Updates to come. https://t.co/OBnACe1FDQ"
https://x.com/i/status/2020849109968581093,no,NNN    The proposed note is incorrect. See the TMZ poll on their account here:  https://x.com/tmz/status/2020687073129488629?s=46&amp;t=iqu43-NszIW5oOM_KqRSpw,"🚨 BREAKING: The left is FURIOUS after a new poll reveals a SUPERMAJORITY of people says Kid Rock had a better halftime show than Bad Bunny — 67% to 33%

That's according to TMZ'S OWN poll 🤣

BRUTAL FLOP! You messed up, NFL.

Huge win for Americans! https://t.co/lZfrR8axF1"
https://x.com/i/status/2020634379761156470,no,It was the only shirt at the time last year during the Super Bowl ad.,"The greatest moment in Super Bowl history has to be Ye spending $8 million on a 30 second ad for his website, and it was literally just a $20 ѕԝаѕtіkа t-shirt for sale https://t.co/HR2SWk7ep7"
https://x.com/i/status/2020556968444756357,no,,"21 years ago today, SpongeBob SquarePants performed ‘Sweet Victory’ at the Super Bowl halftime show.
 https://t.co/bmeyKZbl2L"
https://x.com/i/status/2020444940954742893,no,NNN    The house being still live on the website is not evidence that he did not buy it. If he bought it just recently it may take a while until the previous owner takes it down.,Adin Ross reveals he bought the old house from the iconic show 'Breaking Bad' 🤯https://t.co/4dpeXMDHbe
https://x.com/i/status/2020099268569362756,no,Post's Musk quote from JRE #2281 is paraphrased but accurate. View on legacy media vs X/podcasts creating alternate realities is opinion. Studies show echo chambers in both media types; false news spreads faster on X. https://podcasts.happyscribe.com/the-joe-rogan-experience/2281-elon-musk https://news.mit.edu/2018/study-twitter-false-news-travels-faster-true-stories-0308 https://www.pnas.org/doi/10.1073/pnas.2023301118,"ELON MUSK: ""If you talk to somebody who gets all their information from legacy media, they are living in a different world than if they are listening to your podcast or getting news from 𝕏. They are living in an alternate reality.""

 https://t.co/0ZEAb57tMM"
https://x.com/i/status/2019772397981778341,no,,"From the Grammys to the Olympics, hip hop &amp; breaking are part of the global mainstream. 

But it all started 53 yrs ago, w one Jamaican immigrant DJ in the Bronx. 

Happy Black History Month. https://t.co/yZ2cJOnNOE"
https://x.com/i/status/2020355318471909650,no,"There’s no need for a specific note, since this already accurately reflects the FearBuck caption and what viewers can clearly see in the video.",Cardi B falls after a robot launches at her while she was dancing on it 😭 https://t.co/VP1uKOuftR
https://x.com/i/status/2020165826590998921,no,NNN - the post is accurate. Andrea Bocelli's mother was advised to abort him due to the high likelihood of her baby having a disability. She refused. https://dailycitizen.focusonthefamily.com/andrea-bocellis-mom-courageously-refused-to-abort-him/,"Andrea Bocelli was almost aborted due to his disability. 

Now, he’s singing in front of millions at one of the most significant places in the world — the Olympics.

God can use anyone. https://t.co/2U0K5D2NGf"
https://x.com/i/status/2019500443970195587,no,"NNN - OP expressed an opinion, reply in the comments and stop abusing CN's.","New York is going to get everything they voted for. 

 https://t.co/c5VGeO2pQZ"
https://x.com/i/status/2019814171655958657,no,,"Sweden’s 6.5×25mm CBJ round is no joke — it can punch through APC armor. 

Even better, it shares the same dimensions as a 9mm, meaning most 9mm platforms can use it with just a barrel swap.
https://t.co/Hzdg5xtVg7"
https://x.com/i/status/2019800861283610917,no,,"“Ronaldo only won 2 league tittles in 9 years” 

Bro how do you beat these guys?😭😭😭 https://t.co/8hnsLAzZkX"
https://x.com/i/status/2019823027874349236,no,"Not defending the video, but this is the full version of the video that was briefly shown, not that it was briefly posted.  The video is from this user: https://x.com/xerias_x?lang=en",BREAKING: Full video that briefly appeared on President Trump’s TruthSocial post. https://t.co/eLLD8yjxmq
https://x.com/i/status/2019797480406143418,no,"NNN, take it to the comments. The origin of the image in the video is not the point.",I sincerely hope President @realDonaldTrump didn’t realise this 60-second clip he reposted last night didn’t end with the vile racist imagery of the Obamas as apes. He should delete it immediately. https://t.co/jHZln3u98Q
https://x.com/i/status/2019734387475263579,no,"NNN - This is not a fake. Here is the source, forward the video to 59 second mark to watch.    https://truthsocial.com/@realDonaldTrump/116021857490657707","wtf dawg

 https://t.co/dvR9xpp2cV"
https://x.com/i/status/2019143728271880617,no,The post's claim of a French ban without criminal charges aligns with reports of administrative bans on activists for public order reasons. The stabbing incident is shown in a video from Dec 2025. 'Joke of a country' is opinion. https://www.bbc.com/news/articles/c07xd024zexo https://x.com/angloid0/status/1997648642409152775,"The French government:

-Acknowledge we haven’t committed any crimes. 
-Acknowledge the fact that a migrant tried to stab me

Yet they ban me. Joke of a country. https://t.co/HS6xjjGnGq"
https://x.com/i/status/2018900319950798894,no,"NNN - NO ES NECESARIO UNA NOTA, CLARAMENTE ES UNA PROVOCACIÓN NO CAIGAS EN MALOS ENTENDIDOS Y DISFRUTA LO QUE MÁS TE GUSTE  TENER QUE ESCRIBIR EN ESPAÑOL YA ES DEMASIADO ",''Somehow Palpatine returned'' ass ending https://t.co/sp29AQHmjS
https://x.com/i/status/2018696225453707488,no,NNN - Welcome to the world of AI. This is no different than a representative cartoon character expressing an opinion on behalf of the author. ,If a man stops arguing it means.. https://t.co/tK5Uxu2BCd
https://x.com/i/status/2018896008894136567,no,,"Oh No: Travis Kelce accidentally BROKE one of Taylor Swift’s $10K designer chairs.

“Taylor is gonna kill me”

😭😭😭

 https://t.co/aQEeL1aL37"
https://x.com/i/status/2018658810210943335,no,Buda is 5 min from Kyle up I35,"Kyle, TX: Video circulating from @reporteaustin shows an adult attempting to put hands on high school students during a protest — and the students defended themselves.

Leave kids alone. Peaceful protest isn’t an invitation for intimidation. https://t.co/97QY7VGwCP"
https://x.com/i/status/2018325454784999556,no,"NNN - While I wholeheartedly agree with the second hand embarrasment note, community notes isnt the right place for this.","Playing the YMCA song and doing the Trump Dance in front of protesters! 

I love this energy! https://t.co/s4PMLDrKGy"
https://x.com/i/status/2018565111900995855,no,,"Battlefield 6 player takes out a helicopter using a tank, then gets the pilot after they eject

🎥: u/StevenLooniverse https://t.co/hclA346JEB"
https://x.com/i/status/2018514781641298403,no,This is clearly AI. When the women fall from the rock climbing wall the physics don't make sense. This is also clearly not a Walmart as OP claims. ,"This isn't AI, this is just a normal day at Walmart. https://t.co/c6RfYWZOal"
https://x.com/i/status/2018229726536487138,no,,"Sent to me this morning !

This is my home state of North Carolina today…. Not normal…. Not natural.

Source: https://t.co/7ZzRbJhlua https://t.co/CO4DkxAfcw"
https://x.com/i/status/2017432807291732430,no,NNN - The video does indeed credit the original creator as the original creator's name is present in the video as a watermark in the top corner.,"While the infertile tawny owl was away from her nest, caretakers swapped her unviable eggs for orphaned chicks. https://t.co/zPn3YB2vba"
https://x.com/i/status/2017994791372349500,no,NNN-comments section would be a great place to take that.,"A week after the snowstorm and this is what we got Zoron the Shoveler!
Filthy black snow, garbage soup, ice rinks on every corner, cars buried like fossils.
People slipping, breaking ankles, nobody shoveling, nobody salting, nobody doing SH*T.
This is New York City.
Three minutes https://t.co/IC8zFwKey3"
https://x.com/i/status/2017728493078089896,no,NNN - This is obviously a satirical jab at the &quot;always check your hotel&quot; people,Smart hotel tips https://t.co/SfPlRrfX7h
https://x.com/i/status/2017899604113555460,no,"NNN: The poster does not claim that this is a real street or public works project, no additional notes are required. ",Same road same space but no congestion. https://t.co/Vhne1GSoD1
https://x.com/i/status/2017509451914215816,no,"There is no claim of perpetual motion. The post explains the physics of the design using correct terminology. However, the description is incorrect as it is not a &quot;V&quot; design, nor is it an engine.","This V8 engine runs on no fuel, but there’s a catch
https://t.co/m3G7qVUhq8"
https://x.com/i/status/2017008387070840947,no,,"A student taking part in a protest against ICE at Fremont High School in Fremont, Nebraska was injured after being struck by a vehicle displaying a Trump flag, and the driver left the scene.

 https://t.co/M77UDl9vqL"
https://x.com/i/status/2017010618310807987,no,,LOVE MAKES ALL THE DIFFERENCE IN NATURE THERE IS NO GIVE BACK ALL HELP IS WELCOME GRATITUDE 🙏❤️ https://t.co/DiLkbvlzF7
https://x.com/i/status/2016974445697548733,no,The note writer understand neither jokes nor sarcasm,"Look at this adorable, real thing that happened to me (not AI). https://t.co/iASSYXNR1Y"
https://x.com/i/status/2016959063699906740,no,It is a joke but E33 was also denied an award for using AI aswell.  https://www.polygon.com/clair-obscur-expedition-33-indie-game-awards-goty-rescinded/,"Wow. 

Just made my first AI video game with Google’s Genie 3

The prompt: “French woman has to climb through a word that defies logic, flying objects everywhere”

Is it the end of the gaming industry? https://t.co/X7tG7sECJ9 https://t.co/xmH9MIubGs"
https://x.com/i/status/2015175488272998573,no,,"“He would be alive if he complied”

🎥: Bigswol (TikTok) https://t.co/j0FKl5RWwB"
https://x.com/i/status/2014814899940065392,no,The post doesn't claim or infer that this happened recently. ,"Donald Trump’s daughter’s bodyguard is not playing around.

https://t.co/C9kaeA4fJV"
https://x.com/i/status/2014160276958949716,no,NNN   This post doesn't claim this event happened recently or say anything about Mamdani being the mayor at the time this video was filmed. ,"Zohran Mamdani gets BOOED out of a restaurant in Staten Island.

“There's the communist. You are not welcome. You hate this country.”

 https://t.co/59baUscwFW"
https://x.com/i/status/2014352352854126930,no,"NNN: The post literally states it’s a concept and doesn’t claim anywhere that it’s under development.    A concept can be, by definition, hypothetical.    https://share.google/aimode/njLqcsd7tYWBCLako","A $20 trillion concept proposes a 3,400-mile underwater tunnel connecting London and New York, potentially reducing a 7-hour flight to a 1-hour train ride.
https://t.co/Qw4O0V3MtX"
https://x.com/i/status/2014084515279319459,no,,"Ugly - and frankly embarrassing - scenes continue to take place at protests outside of Iran where various Iranian opposition groups end up using violence against each other.

It's not clear who started this specific fight, but it's clear that this isn't the path to democracy... https://t.co/OVbYliX44v"
https://x.com/i/status/2013892646217916431,no,,"Ben Shapiro: Reparations don’t work.

Charlamagne: They worked for Jewish people. (They *still* receive Holocaust reparations)

Shapiro: Em, uh, that's totally different! https://t.co/yNxQzhnwSI"
https://x.com/i/status/2013984003481579599,no,,Clean your iPhone speakers by playing this at full volume https://t.co/gUeoLy092S
https://x.com/i/status/2014057262260580516,no,,"Be better!! 
#ice #raids #news #breaking #better https://t.co/4bQi3rS70W"
https://x.com/i/status/2013728293283905746,no,NNN - The proposed CN is not needed. There’s a whole comments section for stuff like that.,MN Doctor: I learned that Renee Good still had a pulse 8 minutes after she was shot by an ICE agent. And yet the offer to administer aid from a physician on the scene was denied. I can't say how much that stirs the blood of everyone behind me here as we try to fulfill our oath https://t.co/3fD709cn0X
https://x.com/i/status/2013663004114477186,no,,"The Iranian people, not Mullahs or former family Shah family, have the right to political change and self-determination.#FreeIran https://t.co/QfpfJPq3lH"
https://x.com/i/status/2013434535875162381,no,NNN any opinions should be taken to the comments not Notes.,same episode btw just different distributors https://t.co/pEhU7E86JB
https://x.com/i/status/2013644295295639974,no,,"#BREAKING: Danish MEP abuses Trump inside European Parliament over Greenland. Danish MEP Anders Vistisen bluntly tells US President Donald Trump ""f**k off"" in European Parliament over renewed U.S. demands to forcibly take control of Greenland. https://t.co/UfwOzKPDYB"
https://x.com/i/status/2013559515854078122,no,NNN. OP is NOT implying it was recent or didn't happen.  Leave the context in the comments.,"MAN TRIES TO SHOOT PASTOR IN PENNSYLVANIA BUT THE GUN JAMS!

Man breaks into a church in North Braddock, Pennsylvania and tries to kiII the pastor but the gun jams. https://t.co/pf1H9fHwce"
https://x.com/i/status/2013575710598742378,no,,I got 1 for Christmas… https://t.co/d5dvnxXYft
https://x.com/i/status/2013220406698614809,no,"NNN: This is real Jan 2026 Kamchatka snowfall footage. State of emergency after 2m+ snow &amp; huge drifts buried cars/buildings. Confirmed by Reuters &amp; Moscow Times (some AI fakes exist, but this matches reports).    https://www.reuters.com/business/environment/record-snow-fall-russian-far-east-sows-fun-frustration-massive-drifts-2026-01-19/  https://www.themoscowtimes.com/2026/01/19/kamchatka-struggles-to-get-back-on-its-feet-a-week-after-winter-storms-bury-peninsula-a91711  ","The Kamchatka Peninsula is in the far east of Russia has seen 13 feet, four meters of snow, the worst in 30 years. It looks like a stiff wind has blown it into massive drifts. I bet the cars have a flat battery. 

Today is a -5.8 deg F &amp; -21 deg C.

Must be that global warming. https://t.co/iPNsJsS7AL"
https://x.com/i/status/2018097034650153439,yes,"This video is a disguised advertisement for the CheaterBuster app, in violation of X's promotions policy.    https://business.x.com/en/help/ads-policies/ads-content-policies/deceptive-and-fraudulent-content","Wtf

https://t.co/04mbomBY1L"
https://x.com/i/status/2032967649655673270,yes,"For context, this is fake and AI generated.    https://x.com/grok/status/2033094686630359480?s=46",SLIMMM 😂😂😂😂 https://t.co/azDzcjLVVx
https://x.com/i/status/2014876147952029785,yes,"The claim that House impeachment without Senate conviction nullifies a president's prior term, allowing two more terms, is false; the 22nd Amendment limits presidents to two elected terms regardless of impeachment. https://www.snopes.com/fact-check/failed-impeachment-nullify-term https://constitution.congress.gov/constitution/amendment-22/",Bring it on! https://t.co/XQMILealdd
https://x.com/i/status/2024704608535200019,yes,"This video from 2023 has been edited with flags and text to falsely suggest Pep Guardiola snubbed an Israeli official. The man is actually Alan Smith, an English former soccer manager, and the clip is from a medal ceremony unrelated to politics.    https://www.reuters.com/fact-check/video-does-not-show-man-city-boss-snubbing-israeli-representative-2024-05-29    https://www.sportbible.com/football/football-news/man-city/pep-guardiola-man-city-community-shield-arsenal-223197-20230807    https://www.threads.net/@matheusgsza/post/DKveY2RtPjs",Master class https://t.co/NUMXn2XWE4
https://x.com/i/status/2024988501440074066,yes,"This video is from a simulated hostage rescue training drill by Brazil's BOPE special police forces on July 6, 2025, not a real incident.    https://x.com/grok/status/2025138275791376395    https://www.youtube.com/results?search_query=BOPE+training+hostage+rescue+July+2025    https://en.wikipedia.org/wiki/Batalh%C3%A3o_de_Opera%C3%A7%C3%B5es_Policiais_Especiais",Saved the day https://t.co/gffjEkgKg0
https://x.com/i/status/2027028281590173780,yes,This is AI generated.    https://www.bbc.com/future/article/20251031-the-number-one-sign-you-might-be-watching-ai-video,Bowl cut time https://t.co/Anfp8WCA9z
https://x.com/i/status/2030348790821953942,yes,"This video is a staged skit from a content creator who makes satirical videos mocking HOAs. The &quot;HOA president&quot; is the kid's father, not a real neighbor.    https://www.youtube.com/watch?v=v0thrT_xywk  https://www.tiktok.com/@hoa.guy/video/7374544541774384427  https://www.youtube.com/shorts/XtEkuzJCBt8",Great job kid  https://t.co/i8Scjk6lEJ
https://x.com/i/status/2011836546345767115,yes,This post is being used in a way not intended by the author.So the author expresses his displeasure.    https://x.com/i/status/1815029653603831947    https://x.com/i/status/2012116399620292610,Spirited Away 💞 https://t.co/WFs2Kj7z9I
https://x.com/i/status/2018288918249058638,yes,This video shows exaggerated instant rust removal to promote a product. Similar viral ads are often faked with editing or fake rust; tests show such sprays don't perform as depicted.    https://www.youtube.com/watch?v=lgh_FesShPg  https://www.youtube.com/watch?v=0MJ2dOKfXwU  https://www.reddit.com/r/videos/comments/x7bv1d/most_restoration_videos_are_fake_how_to_spot_them,Rust removal 👍👍 https://t.co/IISvGemgDO
https://x.com/i/status/2015221897710231670,yes,"Another skit staged on an &quot;airliner&quot; set, once again the &quot;airliner&quot; windows are all closed, the sound doesn't match that of an airliner and the paper with the QR code goes from crooked to straight in two different shots.    https://www.businessinsider.com/viral-airplane-video-completely-fake-tiktok-theory-2023-9",Be ungovernable https://t.co/WzKKu7HNFG
https://x.com/i/status/2014135447962697766,yes,This video has been altered with AI; President Trump did not say these words. Original clip: https://www.c-span.org/clip/white-house-event/president-trump-on-california-governor-gavin-newsom/5165051,Fucking dead!!!!  https://t.co/IlIU8hppV3
https://x.com/i/status/2027891344778141855,yes,"This video is from DCS World, a combat flight simulator video gameânot real footage.    https://www.digitalcombatsimulator.com/en/  https://en.wikipedia.org/wiki/Digital_Combat_Simulator  https://www.reddit.com/r/hoggit/comments/1example/dcs_videos_often_mistaken_for_real/",TOP GUN BABY!!! 🛩️ https://t.co/9fgiKCSZT4
https://x.com/i/status/2016918254501921020,yes,"The video is AI-generated using Google's Veo 3 tool, as indicated by the &quot;XVEOS3.COM&quot; watermark visible in the frames. https://leadstories.com/hoax-alert/2025/09/fact-check-video-of-lion-robot-meeting-is-not-real.html",Lion's kindness ❤️ https://t.co/49WFEBZarA
https://x.com/i/status/2028734596402012535,yes,This account is originally a Pakistani account manipulating to be an Iranian one.    https://help.x.com/en/rules-and-policies/authenticity,"We are coming soon.
https://t.co/8qXKXxThgL"
https://x.com/i/status/2027973445300965482,yes,This is an AI generated video.    https://www.bbc.com/future/article/20251031-the-number-one-sign-you-might-be-watching-ai-video,She really said bye😳 https://t.co/aOdQ0H35cQ
https://x.com/i/status/2016119830760587528,yes,"This video is AI-generated, not real footage. It shows a fictional ship &quot;Grand Aurelian&quot; with telltale AI artifacts like unnatural water physics. Original posts of this video were explicitly labeled as AI-generated. https://fullfact.org/environment/cruise-ship-sewage-sea-ai-generated/",OMG! That’s awful! 😣 https://t.co/QCg1zJ2cqG
https://x.com/i/status/2026707513538736625,yes,This is Mirror's Edge Catalyst (2016)    https://en.wikipedia.org/wiki/Mirror's_Edge_Catalyst,Mirror's Edge (2008) https://t.co/SxZZqvp274
https://x.com/i/status/2031842298057621504,yes,Viral videos of capsules turning into French fries are AI-generated for entertainment and do not depict real products. No such technology exists in the consumer market.    https://www.facebook.com/61585981454049/videos/4364367303774618  https://www.youtube.com/shorts/vlwQOf5THpo,I BEG YOUR PARDON 😨😨😨 https://t.co/p8dudPBEIU
https://x.com/i/status/2019449543461421120,yes,"This video is AI-generated, not authentic behind-the-scenes footage, as evidenced by nonexistent watermarks like &quot;@englaberrhfast&quot;. Real BTS footage is available in the official appendices. https://www.youtube.com/playlist?list=PLRzqXH8K0HzHLIkb6g9PcXtaKBpFpomPB https://archive.org/details/the-lord-of-the-rings-the-appendices",Behind the scenes 🔥❤️ https://t.co/B9aCBeOWtH
https://x.com/i/status/2020899555064287421,yes,"This video is not GTA 6 gameplay; the game is set in the fictional U.S. state of Leonida, including Vice City (Miami-inspired), not France. https://www.rockstargames.com/VI https://en.wikipedia.org/wiki/Grand_Theft_Auto_VI",GTA 6 gameplay leak 👀 https://t.co/k1QezqM18x
https://x.com/i/status/2030172869250990443,yes,"The video is AI-generated. Real recycled plastic homes use far more bottles (often 14,000+ for a small house) via filling/stacking or industrial melting processesânot 1000 for an entire house. Melting plastic releases toxic fumes and poses fire risks.    https://en.reset.org/how-one-man-turning-million-plastic-bottles-sustainable-village-10102016  https://www.goodnewsnetwork.org/bulletproof-fireproof-eco-friendly-homes-are-made-of-plastic-bottles  https://triplepundit.com/2019/startup-building-homes-recycled-pet-bottles",1000 bottles = 1 house https://t.co/rL4VedUUOZ
https://x.com/i/status/2027967905657213094,yes,This video is not real footage. It comes from the video game WarThunder and does not show an real-world event.    https://en.wikipedia.org/wiki/War_Thunder,"America is no joke  

 https://t.co/QoogeNbfCE"
https://x.com/i/status/2032338588852183180,yes,"This video shows experiments similar to common viral hoaxes that are faked or impractical. Charging a phone needs 110+ lbs of potatoes, not a few. Bulb lighting often uses trick bulbs with internal batteries. Salt + sugar doesn't make snow.    https://www.electrochem.org/ecsnews/over-100-pounds-of-potatoes-charge-a-smartphone  https://www.facebook.com/thedadlab/videos/514704977430567  https://www.youtube.com/watch?v=L182LjbTtyc",science and technology https://t.co/xsW05K5siT
https://x.com/i/status/2030071827473781050,yes,"The creature in this video is not a real animal; it is AI-generated or CGI. No known species has this mix of spiky mane, spotted hide, and flexible body, including in mangroves.    Spotting AI content: https://libraryhelp.sfcc.edu/misinformation-literacy/spot-ai-generated-content    Mangrove wildlife: https://www.floridamuseum.ufl.edu/southflorida/habitats/mangroves/mangrove-life/",Omg... what is that? 😳 https://t.co/V6VnezsiaX
https://x.com/i/status/2032003984165335373,yes,"The video shows a girl from Diyarbakır, Turkey, not Palestine. https://x.com/iyikiogrendim/status/1843039543588765822 https://www.instagram.com/reel/DAyS6YZtJqt","No words #FreePalestine
https://t.co/GABIm0TJhz"
https://x.com/i/status/2029074245683155429,yes,Misinformation!  This is an old video that has been available online since at least June 2025. It is not related to the current situation.    https://x.com/dintentdata/status/2029137447679144185    https://x.com/bar_peleg/status/1934086107559534868    https://x.com/JoeTruzman/status/1934109028810195324,"Tel Aviv this morning:

https://t.co/WPrLsvspXb"
https://x.com/i/status/2026953015274676583,yes,This is not Sweden our atms are blue and we don't use yellow licenseplates ours are the eu kind    https://www.bankomat.se/,Stockholm  night walk 😍 https://t.co/vji0MqWRcT
https://x.com/i/status/2029553842556145860,yes,No such attack occurred in Israel this week. User is reposting his own video from months ago framing it as something that just happened.      https://x.com/CatShoshanna/status/2029581412425208106?s=20  ,Good morning Tel Aviv! 🥱 https://t.co/C5IPvop5yf
https://x.com/i/status/2012457935977202130,yes,🚨Misleading 🚨  These are Gurkha pants originated in the early 19th century from the distinctive attire of Nepal's brave Gurkha soldiers who served with the British Army  https://therake.com/default/stories/a-history-of-the-gurkha-trousers,An Italian style trouser https://t.co/kxDvxOXa0K
https://x.com/i/status/2028212015349584245,yes,"video (from @RebellioMarket  's post) is fake/AI-generated rather than real footage:    No legitimate weather or news coverage exists for such an event in late February 2026 anywhere, its pure viral fake for engagement.    https://www.forbes.com/sites/marshallshepherd/2026/01/14/5-tips-for-spotting-fake-ai-generated-weather-images/  ",What’s Going On Here!!?👇 https://t.co/ZPNL9pEqxH
https://x.com/i/status/2031826629782044777,yes,This is an AI video.    https://en.wikipedia.org/wiki/Generative_artificial_intelligence,Big things are happening 📍https://t.co/2xsx4LipZ3
https://x.com/i/status/2021670324325298616,yes,This image is from a flawed 2013 Danish student experiment that ignored confounders like heat from routers drying seeds. A second WiFi-exposed group that grew normally was selectively excluded. WiFi uses non-ionizing waves lacking energy to damage plants. https://sciencemeetsfiction.com/2013/12/16/no-wi-fi-does-not-hurt-plants-or-anything-else-for-that-matter/,Wifi test on plant growth https://t.co/kiR7nCo9rr
https://x.com/i/status/2029208663454564484,yes,"This video is from Pakistani TikTok account @crazyproduction01, not India. The men wear shalwar kameez (Pakistan's national dress) and use a 'daig' (large pot common in Pakistani cuisine).    https://www.tiktok.com/@crazyproduction01  https://dhaga.com.pk/blogs/news/significance-of-shalwar-kameez-a-timeless-pakistani-garment  https://www.tasteatlas.com/shab-daig",before AI there was India https://t.co/G78dgNi81V
https://x.com/i/status/2023014516238451086,yes,"The video in this post is not from the Epstein files. It appears to be old footage from McKamey Manor, an extreme haunted house attraction known for simulated torture experiences.    https://en.wikipedia.org/wiki/McKamey_Manor  https://www.theguardian.com/lifeandstyle/2015/oct/30/extreme-haunted-house-masochists-mckamey-manor    https://en.wikipedia.org/wiki/McKamey_Manor  https://www.theguardian.com/lifeandstyle/2015/oct/30/extreme-haunted-house-masochists-mckamey-manor","No mercy for these people

https://t.co/7y5BpUxmjz"
https://x.com/i/status/2027909494727147680,yes,This is a game known as DCS or Digital Combat Simulator.    https://en.wikipedia.org/wiki/Digital_Combat_Simulator,Don’t fuck with America 🇺🇸 https://t.co/8Fl4VgpqoD
https://x.com/i/status/2024258437379408106,yes,"Misleading — the timelapse is AI‑generated, not evidence of a real solo rock pub build. The same clip has been posted and identified as fabricated by creators and AI accounts, which note it ignores real-world risks like cave‑ins. https://www.tiktok.com/@aiworld_01/video/7608307968907463966 https://www.instagram.com/reel/DUgWci3E7uG",Building a Secret MAN CAVE https://t.co/0ixwWeImiA
https://x.com/i/status/2029286672383537329,yes,"The video is digitally created footage from the DCS flight simulator, not real. https://www.facebook.com/FullBurnerSims/videos/b-2-bomber-shocks-aircraft-carrier-with-surprise-flyby-dcsworld-flightsimulator/921155480776880 https://www.youtube.com/watch?v=teliomlNbwc",Is this real @PFTCommenter https://t.co/SFJDxRJWER
https://x.com/i/status/2024739483137028504,yes,This video is Chinese as evidenced by the writing and tea type. The claim that it is Japanese is false and potentially malicious.  https://x.com/kung_vicky/status/2024832584619114733?s=46  ,"Japanese wrapping skills 
 https://t.co/wRqN8hIEUh"
https://x.com/i/status/2028624673702096897,yes,"This video is from a video game (flight combat simulator), not real footage of a military strike.    https://x.com/MikeSchurb/status/2028705847593840672    https://en.wikipedia.org/wiki/Digital_Combat_Simulator    https://www.digitalcombatsimulator.com/","How its done!!
Yeah baby!! https://t.co/0G58LDNkLX"
https://x.com/i/status/2017570349278240894,yes,"Trading XAUUSD with a $0.2 balance is impossible on real forex accounts, as margin requirements for the minimum lot size (0.01) exceed $1 even with 1:1000 leverage. https://scribehow.com/page/How_Much_Is_Needed_to_Trade_XAUUSD_Everything_You_Need_to_Know__TdB2t1RjSaaeQklYQrnkLw https://tradingbeasts.com/what-is-the-minimum-amount-to-trade-gold","Ai trading 😳

$0.2 to $114k https://t.co/7MUitfsehQ"
https://x.com/i/status/2018963907826872376,yes,This is an AI generated video.    https://www.npr.org/2025/12/17/nx-s1-5640108/spotting-ai-in-your-feeds,Thank you for your kindness https://t.co/1CaLIKvom3
https://x.com/i/status/2015789176126370155,yes,"Dawn or any hand dish soap shouldn’t be used in a dishwasher because it creates excessive foam, which can overflow onto the floor, &quot;suds-lock&quot; the machine, and potentially damage components like pumps and seals. It’s also ineffective with cleaning in a dishwasher.    https://www.maytag.com/blog/kitchen/can-you-use-dish-soap-in-dishwasher.html    https://www.maytag.com/blog/kitchen/can-you-use-dish-soap-in-dishwasher.html    https://www.thespruce.com/regular-dish-soap-in-dishwasher-1907646",This is what saves you money https://t.co/hVE71c4U41
https://x.com/i/status/2020577062138814487,yes,This is AI.   https://undetectable.ai/  ,I would react the same way 😂 https://t.co/WlHsbhzmrL
https://x.com/i/status/2018195600169390106,yes,"Waking at 3–4 a.m. is commonly caused by the natural rise in cortisol levels around that time, often linked to stress, sleep cycles, or age related changes and not intercepted thoughts from someone else.    https://my.clevelandclinic.org/health/articles/22103-cortisol",When you wake up at 3am- 4am. https://t.co/bmqCGstxfb
https://x.com/i/status/2032972623886381474,yes,AI/Fake video      For those who can’t tell this video is AI. Below is a link to a site with tips on how to detect AI    https://caniphish.com/blog/how-to-spot-ai-videos,"OMG this is so adorable.
🥰🤣🤣🤣 https://t.co/ke5cp59Hku"
https://x.com/i/status/2013100247090663429,yes,"This video shows a climate protest in Vienna, Austria on February 4, 2022, where activists lay in body bags to symbolize projected climate deaths, not Ukraine war casualties. https://apnews.com/article/fact-checking-789622514314 https://www.reuters.com/article/factcheck-ukraine-body-bags-idUSL2N2V6241 https://www.factcheck.org/2022/03/video-shows-climate-protest-in-austria-not-crisis-actors-in-ukraine/","The ""news"" is all an illusion. https://t.co/qhmuGCw1bR"
https://x.com/i/status/2027495953905926157,yes,"This is AI generated video. The physics are incorrect, the rigging and hoist tackle are incorrect for maritime use, and that’s not how “snap back” on a line works.    https://www.holmessolutions.com/wp-content/uploads/2024/11/Validating-Snapback-Risk-Kate-Hodgins-Coasts-and-Ports-2023.pdf",the risks of life as a sailor🫣 https://t.co/XSj3Z8LKsi
https://x.com/i/status/2029410850466087377,yes,"This video is from the October 8, 2022 explosion on the Kerch Bridge linking Russia to Crimea, not the King Fahd Causeway in Bahrain.    https://en.wikipedia.org/wiki/2022_Crimean_Bridge_explosion    https://www.theguardian.com/world/video/2022/oct/08/kerch-bridge-blast-cctv-footage-appears-to-show-moment-of-explosion-video",King Fahd bridge.  RIP Bahrain https://t.co/xazxv4KXgO
https://x.com/i/status/2029695151069593699,yes,The account owner did not create this.    real artist: https://www.instagram.com/reel/DFK8_ZQx9fz/?l=1,How to draw water: Anime Style https://t.co/py9JILYQ9V
https://x.com/i/status/2015838544594645030,yes,"NN: It's AI-generated compilation.  The poster confirmed in replies: &quot;anw guys, this is AI compilation.&quot;    Many similar viral gorilla clips (watermelons, apples, zoo antics) are synthetic media made with tools like Veo/Kling.      https://a-z-animals.com/articles/are-those-viral-animal-videos-real-tell-tale-signs-of-ai (247 characters including spaces)  ",top most gorilla funny videos🤣🤣 https://t.co/bQsYNhtSNv
https://x.com/i/status/2017672178477711590,yes,"Not the same person. The boxer himself, Misael “El Chino” Rodriguez, said that’s not him in the video.    https://youtu.be/kmmsSGOHaUE",Never judge a book by its cover https://t.co/by86jbqBnF
https://x.com/i/status/2031022203244777479,yes,"The video thumbnail is misleading. This is Heather Matarazzo, not Vanessa Hudgens. The woman at the bottom is not her. Heather still works as an actress today.     https://en.wikipedia.org/wiki/Heather_Matarazzo",The lasting effects of Hollywood https://t.co/cFU7pA2dHw
https://x.com/i/status/2025283873710489868,yes,All videos were made with AI  https://x.com/grok/status/2025427796802043924?s=20,The dog has six secondary organs https://t.co/3g8vbG9MYo
https://x.com/i/status/2027890971225055575,yes,That's an old video from 2024 from an Israeli airstrike on Syria. It has nothing to do with the current events.    https://x.com/i/status/1868638001158328474,Israel no longer exists holy fuck https://t.co/YWZm6ZLKmS
https://x.com/i/status/2031871266609664396,yes,"The video is AI-generated (deepfake), not Talarico speaking. It uses his real past statements (mostly pre-2023 tweets/speeches) narrated by synthetic voice/likeness with disclosure watermark.    https://www.washingtonexaminer.com/news/campaigns/4488947/senate-gop-james-talarico-deepfake-ad  https://x.com/NRSC/status/2031871266609664396","James Talarico, in his own words: https://t.co/lDlUoqBbP7"
https://x.com/i/status/2032988903356166333,yes,This isn't how time works. True duration was roughly double the claim. There's also more than 60 centiseconds in a second.    https://x.com/travisskol/status/2033190189535801744  https://en.wiktionary.org/wiki/centisecond,Ludvig has a need for speed 🏌️‍♂️💨 https://t.co/Qa9bkSQfo5
https://x.com/i/status/2012203373869584489,yes,"For added context, while entertaining, this video is AI-generated and does not show real footage of Rick Ross dancing. It features AI depictions of rappers performing a dance for Memphis rapper Lil Hott's promotion. https://www.instagram.com/reel/DTmTMMmjGaQ/ https://www.instagram.com/reel/DTJDsstDfhI/",Rick Ross with the dance moves 😂🕺🏾 https://t.co/yBKE0Exvcj
https://x.com/i/status/2019597692113129549,yes,This video is AI generated. Visual and sound artifacts indicate synthetic generation. These are well documented traits of current text to video and image to video AI models. There is no credible evidence that this scene occurred in the real world.    Sources    https://openai.com/sora    https://www.technologyreview.com/2024/02/15/1088338/how-to-spot-ai-generated-images-and-video/    https://www.washingtonpost.com/technology/2023/04/12/ai-generated-video-deepfake-explained/    https://www.reuters.com/fact-check/how-spot-ai-generated-images-videos-2024-01-17/,"He helped them once, They came back https://t.co/HWp1qLK1hl"
https://x.com/i/status/2011433429460791382,yes,"This video does not show an incident in Arizona. The footage depicts a June 22, 2023, event in Bell Gardens, California, where a Los Angeles County Sheriff’s deputy shot a driver who had repeatedly rammed a patrol vehicle.    https://abc7.com/post/bell-gardens-deputy-shooting-suspect-hospitalized-investigation/13414235",How this sh*t plays out in Arizona. https://t.co/0Q34Uk3OXF
https://x.com/i/status/2028311760311292259,yes,"This video shows the 2015 explosions at a warehouse in Tianjin, China, not a 2026 Iranian attack on Tel Aviv. Iran did launch missiles at Israel, but this footage is unrelated.    https://www.misbar.com/en/factcheck/2026/03/01/does-video-show-explosion-tel-aviv-after-iranian-missile-strikes    https://en.wikipedia.org/wiki/2015_Tianjin_explosions    https://www.aljazeera.com/news/liveblog/2026/3/2/us-israel-attack-iran-live","THIS IS TEL AVIV. 

THANK YOU IRAN! https://t.co/9ajNuN6r7H"
https://x.com/i/status/2023621308718690651,yes,"This video showing a sheep rapidly shorn in an automated tube is AI-generated, not real. No working machine like this exists; actual sheep shearing robotics are still in development and less seamless.    https://www.youtube.com/shorts/J7QrL2VuWdY https://www.instagram.com/reel/DU0QW2ikQeR",Ohhh nah this is actually amazing 😭 https://t.co/8Io92a75Ee
https://x.com/i/status/2019487066564804912,yes,"The video exaggerates how balut is eaten. In reality, balut is cracked at the wide end, the broth sipped first (often with salt/vinegar), then the yolk and embryo eatenâtypically casually as street food, not in the depicted manner.    https://en.wikipedia.org/wiki/Balut_(food)  https://www.cnn.com/travel/article/how-to-eat-balut  https://vickypham.com/blog/fertilized-duck-eggs-hot-vit-lon  https://www.wikihow.com/Eat-Balut",South East Asia’s Strange Delicacy 😮 https://t.co/KmmAZ11Uqs
https://x.com/i/status/2011544314292420923,yes,Immigration attorneys themselves cannot approve any H-1b applications. User is know for posting rage baits for easy X payout  https://www.uscis.gov/working-in-the-united-states/h-1b-specialty-occupations,It’s time we eliminate the H1-B Visa. https://t.co/33jryKT22Q
https://x.com/i/status/2026982198587371792,yes,"Towels do collect skin oils and bacteria, but short-term reuse is usually safe if they dry between uses. Experts recommend washing towels every 2–3 uses or at least weekly; daily washing is mainly for high‑risk people. See: https://www.bbc.com/future/article/20250110-how-often-you-should-wash-your-towels-according-to-science",STOP reusing your towel after a shower https://t.co/S9WdlLpDCF
https://x.com/i/status/2017900139269026036,yes,"This video is likely AI generated. Multiple angles for a doorbell camera are unlikely. Look closely at her hands in the fur starting about 0:10.  The audio is also a tell, with no real origin.    https://caniphish.com/blog/how-to-spot-ai-videos",How would you react in this situation? https://t.co/cQ5mIqaeLA
https://x.com/i/status/2028055617630544084,yes,This video is AI generated.   https://www.bbc.com/future/article/20251031-the-number-one-sign-you-might-be-watching-ai-video,This 3d street art pranked everyone 🤣🤣 https://t.co/yKv1z8lozw
https://x.com/i/status/2026348789603398092,yes,"This impressive curving pathway design is AI-generated, not real footage of a landscaping project. Similar viral videos of rapid/impossible transformations are commonly created with AI tools and shared without labels.    https://www.rumorguard.org/post/viral-crop-circle-videos-created-by-ai-not-aliens    https://x.com/hoaxeye/status/1961461929043497360    https://storyful.com/all/wild-animal-video-ai-fakes","Wow that’s pretty awesome, looks great. https://t.co/LGZVt5KzZA"
https://x.com/i/status/2028490181951582605,yes,"The footage is from the game War Thunder, and is of an F-4 Phantom II.    https://warthunder.com/en",Iran downs American F-15 jet in Kuwait. https://t.co/K33mYre5dg
https://x.com/i/status/2011825666983882864,yes,"This video is AI-generated. It was created by &quot;Mr. Twist,&quot; an AI content channel.     Recording your screen with a second phone is a method used by engagement-farming channels to evade community notes.    https://x.com/grok/status/2011111565223735557?s=20  https://www.instagram.com/mr.twist.2077/reel/DSDSZA9DeKJ/",I didn’t expect it to be this perfect 😭 https://t.co/tRb2a9flAq
https://x.com/i/status/2028520860760330423,yes,This motion capture is not for Grand Theft Auto VI.    https://en.wikipedia.org/wiki/Grand_Theft_Auto_VI#Leaks,Motion capture for dance scene in GTA 6 https://t.co/7reCF0YJ0E
https://x.com/i/status/2023433219371315661,yes,https://x.com/tenko1515/status/2023605987157176734  作家さん本人が言及されていますが無断転載です。,"Made for: Kids 🧒
Enjoyed by: Me at 24 😭 https://t.co/yV1eoS07s4"
https://x.com/i/status/2030997793750368363,yes,This is not a real video of Kamala Harris. It is ai generated deepfake. https://x.com/grok/status/2031009325615898715?s=46&amp;t=77ybFWtHFZXXNK3X9O0JTA,This was almost the Commander and Chief https://t.co/Tt7vNBnlE8
https://x.com/i/status/2030033218007699828,yes,"This video is AI-generated, not real footage. The B-2 Spirit is not carrier-based and does not perform such low flybys over carriers. Similar clips are digitally created for effect amid U.S.-Iran tensions.    https://x.com/grok/status/2030055863075877103    https://www.reuters.com/fact-check/    https://factcheck.afp.com/","I would piss down my leg if I was Iran

https://t.co/PVhdY9aG6D"
https://x.com/i/status/2030610170141655473,yes,"The post refers to unconvicted defendants as &quot;offenders,&quot; which contradicts the UK's presumption of innocence. Reforms limit jury trials to cases with likely sentences over 3 years, affecting many significant offenses beyond minor ones.    https://www.gov.uk/government/publications/courts-and-tribunals-bill/courts-and-tribunals-bill-factsheet    https://www.criminalbar.com/wp-content/uploads/2026/03/The-CBAs-Nutshell-Guide-to-the-Courts-and-Tribunals-Bill-2026.pdf",It’s time to set the facts straight 👇 . https://t.co/sQ27gzps41
https://x.com/i/status/2018078350061744477,yes,"This is Denis O’Driscoll with his son, filmed by his wife Zoe, uploaded to YouTube under the name FoxyOdriscoll on Mar 14, 2012    It is not Stephen Colbert or John Podesta.    https://www.youtube.com/watch?v=WovaL6NItR0    https://web.archive.org/web/20120314173538/http://www.youtube.com/watch?v=nWcN_Mx4nIU",Prison is not an option for these demons https://t.co/1eutyBlFkW
https://x.com/i/status/2014727444570235282,yes,Uncredited content.    https://x.com/i/status/2015045723642114102,One of the hardest things I’ve ever seen https://t.co/CTMocYYwtj
https://x.com/i/status/2012096600001364463,yes,"This video shows protesters in Moscow, Russia, throwing snowballs at riot police during demonstrations on January 23, 2021, not ICE agents in New York City.  https://factcheck.afp.com/doc.afp.com.89946NQ  https://www.snopes.com/fact-check/ice-agents-snowballs-video",Meanwhile ICE Agents in New York City. 😉 https://t.co/Kp9y8iHXRp
https://x.com/i/status/2015133417814556847,yes,"For context: While dogs can perform heroic acts in real life, this video is AI-generated and does not depict a real event. No news reports match the 2023 timestamp. Similar 'hero dog' videos are confirmed as AI-created.  https://www.instagram.com/reel/DP1wySHDHOx  https://www.instagram.com/reel/DPtqpTDjDB_  https://www.facebook.com/PediMom/videos/can-you-tell-whats-real-anymore/800291752766820",Hero Dog Saves Child from Electric Shock https://t.co/HCIJUkl7Ni
https://x.com/i/status/2021441676712214904,yes,"This video is AI-generated, not real footage. https://www.instagram.com/reel/DSAUMYcj9sg https://www.instagram.com/reel/DR8o2p4koWz",Look at the cat's lightning-fast reflexes https://t.co/UQkJHyurqX
https://x.com/i/status/2012303929871048906,yes,Joan Jett doesn't have any biological children.    https://en.wikipedia.org/wiki/Joan_Jett,Joan Jetts daughter sings her mom's song. https://t.co/Vmi6XLwNNI
https://x.com/i/status/2013110593595560273,yes,AI SLOP  https://en.wikipedia.org/wiki/AI_slop  ,Never ignore strange rocks in the forest! https://t.co/5Nphdyp73h
https://x.com/i/status/2024289203904008453,yes,"This video is AI-generated and the events are fictional, not a real rescue.    For more on spotting fake animal videos: https://www.youtube.com/watch?v=MMCJbvr-ueE    Specific to this: https://www.instagram.com/reel/DUcOwKLARY2 https://www.facebook.com/groups/1690426617860075/posts/4347091348860242",I saved her twice... now she refuses...♥️ https://t.co/WSK1xsCCEr
https://x.com/i/status/2022355515528081641,yes,"Additives are food-grade &amp; FDA-approved.   7-week growth is US industry average, done via selective breeding (not hormones/chemicals) of high-efficiency hybrid strains.  Bags: food-safe, BPA-free PET.   Chlorine: standard, safe external wash.  Sodium is the main consideration.    https://hfpappexternal.fda.gov/scripts/fdcc/index.cfm?set=GRASNotices  https://extension.msstate.edu/publications/why-the-rapid-growth-rate-todays-chickens?hl=en-US  https://www.fsis.usda.gov/food-safety/safe-food-handling-and-preparation/poultry/chicken-farm-table?hl=en-US",The truth about Costco Rotisserie chicken https://t.co/UOqQdQa2ZN
https://x.com/i/status/2020537761904701927,yes,"This account regularly posts requests donations for themselves/their children/pets, with each post containing a fake video, to try and scam people.    Do not donate to this account.    Examples:  https://x.com/ElinaMia34/status/2020848951210156145  https://x.com/ElinaMia34/status/2020812251616182480  https://x.com/ElinaMia34/status/2020709152650379647  https://x.com/ElinaMia34/status/2020703393304736231  https://x.com/ElinaMia34/status/2020703442969481646  https://x.com/ElinaMia34/status/2020537761904701927    She also claims to be a cancer patient and an amputee:  https://x.com/ElinaMia34/status/2020203886909460834  https://x.com/ElinaMia34/status/2020203615865188538  https://x.com/ElinaMia34/status/2020407625264103668  https://x.com/ElinaMia34/status/2020412964512407763",A simple hi can help my baby get treatment https://t.co/LWsUMwDBqz
https://x.com/i/status/2017417297535885539,yes,There are several high profile Muslims in the Epstein files.     https://grok.com/share/c2hhcmQtMg_27f47847-34fc-4f85-9875-0c48c4fb8266,"“THERE ARE NO MUSLIMS ON EPSTEIN'S LIST”

 https://t.co/Belq9sx8LM"
https://x.com/i/status/2026338413364854872,yes,This is AI video generated.     This article from BBC explain it all.     https://www.bbc.co.uk/future/article/20251031-the-number-one-sign-you-might-be-watching-ai-video,Life creating life… and we call it normal? https://t.co/pkmDkhFwoT
https://x.com/i/status/2029358747722674509,yes,The man in the video is not the Taco Bell CEO. Sean Tresvant is the CEO. https://investors.yum.com/news-events/financial-releases/news-details/2023/Sean-Tresvant-Promoted-to-Taco-Bell-Division-CEO-Effective-January-1-2024/default.aspx https://www.businessinsider.com/taco-bell-ceo-sean-tresvant-yum-brands-chain-winning-strategy-2026-2,The CEO of Taco Bell has entered the chat🤣 https://t.co/4Fwc5Vj0D0
https://x.com/i/status/2014035915572912391,yes,"This video is from a 2024 accident in Zhuzhou, China (not Japan). The car shown is not a Tesla. It lost control after being rear-ended by a taxi.  https://timesofindia.indiatimes.com/world/china/6-dead-7-injured-in-central-china-bridge-crash/articleshow/113585185.cms  https://www.barrons.com/news/6-dead-7-injured-in-central-china-bridge-crash-e05c7345",Tesla fights back after getting rear ended https://t.co/8ztfqJl9jb
https://x.com/i/status/2014881061696872943,yes,"This video is AI-generated and does not show a real event. Fact-checkers have identified visual inconsistencies, such as unnatural movements and the number of rabbits changing throughout the clip, which are hallmarks of AI fabrication. https://www.latestly.com/social-viral/fact-check/did-a-monkey-save-a-rabbit-from-a-komodo-dragon-viral-video-is-ai-generated-reveals-fact-check-7259476.html",Monkey saves baby rabbit &amp; its mother. https://t.co/11aWgYqlV0
https://x.com/i/status/2028631929050841139,yes,"This video is not from GTA 6. It's a 2022 motion capture demo by Jonmocap featuring dancer Ximena Miranda for the Meta Moves project, unrelated to Rockstar Games. Claims she worked on GTA 6 are unconfirmed.    https://www.tiktok.com/@jonmocap/video/7099940484767845638  https://www.reddit.com/r/interesting/comments/1rit7z4/making_of_dancing_scenes_in_gta_6  https://www.tiktok.com/@quickvi6/video/7444681513913879850",GTA 6 will be the horniest game of all time https://t.co/2ZN5CQRgFo
https://x.com/i/status/2017291091033436450,yes,This video is staged/fake. Similar clips have circulated for years as recycled clickbait content with perfect camera angles and scripted kindness moments. No verified original source or real event confirmed.    (example of widespread skepticism &amp; recycled viral patterns):    https://www.reddit.com/r/SipsTea/comments/1b1vbxn/homeless_men_eating_someones_leftovers_left_on/,We need more people like him in this world. https://t.co/DJONkvblMF
https://x.com/i/status/2020142932590830049,yes,"The Google Earth image depicts a fictional &quot;backrooms&quot; meme image uploaded by a user, not a real underground bunker or secret meeting place. Google confirmed and removed it for violating content policies. https://www.aap.com.au/factcheck/wa-island-bunker-image-is-a-mysterious-dose-of-fantasy","THIS NEEDS TO BE INVESTIGATED IMMEDIATELY.

https://t.co/sCIQiQxy3w"
https://x.com/i/status/2026302778948346201,yes,Its actually Pro Evolution Soccer 2013 (PES 13) game with GTA mods.     https://www.youtube.com/watch?v=5DRyrLrY7qI,Modders turned GTA San Andreas into FIFA 😭💀 https://t.co/FaxxNQFKho
https://x.com/i/status/2029447281070452900,yes,This Is Ai.  The white Paint on the black Paint appears out of nowhere.      https://caniphish.com/blog/how-to-spot-ai-videos  https://www.bbc.com/future/article/20251031-the-number-one-sign-you-might-be-watching-ai-video  https://www.captechu.edu/blog/how-spot-ai-generated-content-it-fact-or-fiction,"The US literally fell for the 'art of War'.
 https://t.co/jbV0mj0I3r"
https://x.com/i/status/2025255949410467913,yes,"This video is AI-generated, not a real landscaping project. The TikTok account specializes in AI content. The method skips cutting holes in fabric for roots to reach soil, which is needed for plants to thrive.    https://www.tiktok.com/@modernconstructiondiy  https://northcoastgardening.com/2010/10/how-to-use-landscape-fabric",I like her landscape idea.  Looks fantastic. https://t.co/V2RJAvy8U9
https://x.com/i/status/2021090332730064948,yes,"The video shows an attempted carjacking on Autopista Vespucio Norte in Quilicura, Santiago, Chile, not in Spain. The incident occurred on February 7, 2026.    https://www.biobiochile.cl/noticias/nacional/region-metropolitana/2026/02/09/encerrona-frustrada-en-quilicura-delincuentes-intentaron-robar-en-un-mall-antes-del-atropello.shtml    https://www.latribuna.cl/policial/2026/02/09/conductor-atropello-a-asaltante-para-escapar-de-violenta-encerrona-en-quilicura.html",How to drive in Spain after mass immigration https://t.co/q9BVfH0vcm
https://x.com/i/status/2011804909834789028,yes,"Eric Berg is a chiropractor, not an MD. Prolonged fasting lacks evidence as cancer treatment and risks malnutrition &amp; weakened immunity in patients. Short fasting may aid chemo per mouse studies, but consult oncologist.    https://pmc.ncbi.nlm.nih.gov/articles/PMC12035504  https://theconversation.com/why-fasting-wont-cleanse-your-body-or-beat-cancer-267555  https://www.mskcc.org/news/fasting-primes-immune-systems-natural-killer-cells-to-better-fight-cancer-new-study-in-mice-finds  https://www.foodfacts.org/people/eric-berg","If I had cancer, I would do this immediately… https://t.co/Bh6dS7jAvH"
https://x.com/i/status/2011911733602902122,yes,"The footage depicts a 2020 incident in which FDNY firefighters subdued 53-year-old Daniel Biggs after he punched a 60-year-old stranger; he was not a teenager assaulting his grandmother, was not left disabled, and no $500K lawsuit was filed. https://www.cbsnews.com/newyork/news/fdny-firefighters-catch-and-restrain-daniel-biggs-after-assault-on-woman-in-brooklyn/ https://www.boston25news.com/news/trending/new-york-firefighters-chase-down-man-who-punched-60-year-old-woman/EG5OHPRSNRCSFJT5P3L4UQD7LU",I hope she doesn't get a penny. What say you? https://t.co/RRoylsbPra
https://x.com/i/status/2016273493101347174,yes,Fake. This is a AI video as you can see the watermark of sora AI.    https://x.com/i/status/2016465649342804113,No army in the world can defeat these ones... https://t.co/22vJTtdcFw
https://x.com/i/status/2012479458779820486,yes,"For context, this video originates from a January 23, 2021, protest in Moscow, Russia, in support of Alexei Navalny. The vehicles are Russian PAZ-3205 buses, not used in the U.S. It is unrelated to the ongoing anti-ICE protests in Minneapolis.  https://x.com/mediazzzona/status/1352988822263492610  https://www.bbc.com/news/world-europe-55777139",Meanwhile anti-ICE protest in the Minneapolis https://t.co/UMRqnDWkhG
https://x.com/i/status/2019833472349569084,yes,Piece cannot be 100+ years old - it has the brand imprint “Martha Stewart” on the bottom.    https://achievers.edu.ng/products/martha-stewart-cast-iron-cornbread-mold/14530743/,It's amazing what you can find at thrift stores https://t.co/a5QTpJusvu
https://x.com/i/status/2029356262702362906,yes,"This video was posted on Jan 25, 2026.    https://x.com/i/status/2015412817403486364",Israel is receiving heavy strikes from Iran. 🇮🇷 https://t.co/GOflXmNe1Y
https://x.com/i/status/2014405664366346445,yes,The crowd boo audio was added on. This timestamped link shows the unedited scene https://www.youtube.com/watch?v=TtJszzadcwA&amp;t=565,The hate for israeli President at WEF was insane https://t.co/zR2UiLMlCu
https://x.com/i/status/2025080836677398896,yes,This video is fake and engagement farming. Apple does not use NFC to verify charging adapters. iPhones cannot authenticate wall chargers by tapping them. Apple power bricks do not contain NFC chips.    https://x.com/grok/status/2025100440354844932?s=46,This is how you identify a fake Apple charger. 👀 https://t.co/5GrWMwiYip
https://x.com/i/status/2019996148069814429,yes,"This video is AI-generated, not a real construction. It omits essential safety features like structural supports, waterproofing, ventilation, proper electrical/plumbing, and drainage, making such a build unsafe and impractical at any cost.    https://knowyourmeme.com/memes/ai-slop    https://www.fema.gov/sites/default/files/documents/fema_safe_room-guidance_2023.pdf    https://www.popularmechanics.com/home/how-to-plans/how-to/a3284/how-to-build-a-backyard-bunker-16158996/",Built a Secret Bunker for the Price of an iPhone https://t.co/7lOn5pwjjZ
https://x.com/i/status/2030690358691250642,yes,Linda Hamilton is still alive. She still makes appearances in film and television.     https://wikipedia.org/wiki/Linda_Hamilton,"Terminator 2（1991）
Before and Now.
With AI today https://t.co/LUyzDZt0xY"
https://x.com/i/status/2027177852588757073,yes,The Minecraft mod used in this video (WebDisplays) was created by ds58 and not the person shown in the video.    https://www.curseforge.com/minecraft/mc-mods/webdisplays,Built a mod to vibecode in Minecraft with Orchids https://t.co/MTNxPB3tNR
https://x.com/i/status/2023133261875097726,yes,"The video shows Meteor Crater (Barringer Crater) in Arizona, USA. It was formed by a meteorite impact ~50,000 years ago, not by volcanic activity. It is not located in Lanzarote, Canary Islands.    https://meteorcrater.com/  https://www.amnh.org/exhibitions/permanent/meteorites/meteorite-impacts/meteor-crater","This volcano crater in Lanzarote, Canary Islands. https://t.co/XFg8yIdTFf"
https://x.com/i/status/2032116907898519902,yes,&quot;God&quot; in German is &quot;Gott&quot;  https://www.dict.cc/?s=god ,So much for the efficient engineering of Germans. https://t.co/7kTNjkyPNg
https://x.com/i/status/2030335418701377699,yes,"This incident did not involve a &quot;lunatic liberal woman&quot; thinking her Uber driver was an ICE agent and then attacking him.  This occured in 2021 where a very drunk passenger attacked her Uber driver. Nothing political, and the woman's political ideology is unknown.     https://www.wfla.com/news/pinellas-county/exclusive-new-video-details-emerge-from-attack-on-uber-driver-in-pinellas-county/  https://www.newsweek.com/nurse-sank-her-teeth-uber-driver-violent-rampage-caught-video-1586135",How would you have reacted to this aggression!? 😲 https://t.co/iVfRQSekyX
https://x.com/i/status/2015091897799483725,yes,"For context, this video does not depict a real event. Similar polar bear rescue videos are AI-generated. Great white sharks do not inhabit Arctic waters, making the scenario impossible.  https://www.snopes.com/fact-check/ai-tiktok-polar-bear-cub-rescue  https://www.ifaw.org/animals/great-white-sharks  https://oceanconservancy.org/blog/2018/08/08/are-there-sharks-in-the-arctic",This explorer saved a polar bear cub from a shark https://t.co/VbwmoEfH6U
https://x.com/i/status/2002231698088722556,yes,This video is AI-generated.    https://en.wikipedia.org/wiki/Generative_artificial_intelligence,This explorer saved a polar bear cub from a shark https://t.co/WTmsUYO4fO
https://x.com/i/status/2022582860121612570,yes,"This video is AI-generated and does not depict a real event. It is a fictional story of a fox rescue created for entertainment. Visual inconsistencies, such as the fox appearing dry after being under ice, indicate it's not real. No news reports confirm such an event.    https://www.instagram.com/reel/DSZfAzrkm07  https://www.facebook.com/fabiosa.daily/posts/1321481710015664  https://www.facebook.com/hilarious.ted1/videos/2118901295622490",Man Saves Mother Fox Trapped Beneath Frozen Lake. https://t.co/dZN9uOljSo
https://x.com/i/status/2023427397236727848,yes,This is a gurkha pant originating from Nepal and India    https://www.studiosuits.com/blogs/articles/what-are-gurkha-trousers-get-the-facts,"No belt required for this Italian style trouser

 https://t.co/b4rBHacTrb"
https://x.com/i/status/2015897163281104992,yes,This post is part of a recurring pattern of viral “earnings flexes” intended to drive new creator sign-ups on OnlyFans. Similar high-profile claims (often quietly walked back) have historically coincided with platform recruitment pushes.    https://www.khou.com/article/news/local/onlyfans-digital-exploitation-online-safety/285-f9cad348-a38e-4a10-905c-9a03996e1ca3    https://vocal.media/filthy/why-are-so-many-women-flaunting-their-only-fans-earnings,finally made it to $100m 🥹 thank you all so much! https://t.co/Y2JPb1M9XL
https://x.com/i/status/2027909650658574750,yes,"This is a video of the Fairmont Hotel, not US intelligence services.     https://nypost.com/video/luxury-fairmont-hotel-in-dubai-engulfed-in-flames-after-being-hit-by-retaliatory-iranian-missile-strike/","Headquarters of the US Intelligence Service, Dubai https://t.co/uhK7gHRpas"
https://x.com/i/status/2014874009801003470,yes,"Kerrygold butter is made from milk of cows whose diet is 95% grass or grass forage on average, with up to 5% supplemental feed that may include corn and soy. This meets Irelandâs Grass Fed Dairy Standard.    https://www.bordbia.ie/globalassets/bordbia2020/farmers--growers/grass-fed-standard/grass-fed-dairy-rev01-final.pdf    https://www.kerrygoldusa.com/faqs/",Kerrygold butter found to use corn &amp; wort feed https://t.co/J74GWFu72Q
https://x.com/i/status/2028217617513644355,yes,"This video was posted in June, 2025:  https://www.instagram.com/reel/DK-dKzrtDQ_/",Iran lights up the Israeli occupation in Palestine https://t.co/vb6w7gDNQ8
https://x.com/i/status/2030415355814842815,yes,"This video shows the aftermath of a January 2025 plane crash in Philadelphia, not recent events in Tel Aviv. It has been recirculated and miscaptioned during Iran-Israel tensions.    https://factcheck.afp.com/doc.afp.com.62HA7NP  https://www.altnews.in/video-showing-aftermath-of-a-plane-crash-in-philadelphia-linked-to-israel-iran-clash","✅ CONFIRMED:
The video is indeed from Tel Aviv. ⚡️ https://t.co/E0nYmNlvJ6"
https://x.com/i/status/2015567992818368548,yes,"For context, this video shows an earlier anti-ICE protest in Dallas, not one from January 25, 2026. The city had a winter storm with snow, sleet, and ice that day, contrasting the dry conditions in the video. No reports of protests on Jan 25.    https://www.fox4news.com/news/dallas-weather-forecast-january-25  https://www.keranews.org/news/2026-01-26/massive-winter-storm-dumps-sleet-freezing-rain-and-snow-around-much-of-us  https://www.dallasnews.com/news/weather/2026/01/25/live-updates-north-texas-wakes-sunday-morning-to-snow-icy-roads-power-outages  https://www.youtube.com/watch?v=V7yO4KIoeaI",Protesting Breaks Out in Dallas Texas against ICE. https://t.co/CEeeFnj3s8
https://x.com/i/status/2015811569007894903,yes,"These bins are communal bins for local businesses and residents in Sheffield's Fargate area. They are accessed using a free key card provided to authorized users to prevent fly-tipping, not by payment. Public litter bins are available nearby.    https://www.thestar.co.uk/news/politics/fargate-sheffield-city-council-gives-launch-date-for-super-bins-seven-months-after-ps14m-revamp-5386053  https://www.youtube.com/watch?v=H0s2kM5JKWQ  https://www.facebook.com/onlinesheffield/posts/brand-new-fargate-bins-and-this-is-how-theyre-being-used-%EF%B8%8Fthese-are-the-new-unde/1397424488504433",What is this!? Another UK Council taking the p*ss! https://t.co/u0J0kNY46x
https://x.com/i/status/2031794784722174231,yes,"The video shows a planned fire stunt for the movie Final Destination: Bloodlines performed by stuntwoman Yvette Ferguson, not an accident. https://people.com/final-destination-bloodlines-breaks-record-oldest-person-set-on-fire-onscreen-11728390 https://ew.com/final-destinations-bloodlines-directors-broke-world-record-oldest-person-set-fire-exclusive-11726408","Woman accidentally set on fire during action scene

https://t.co/CjpQ63Jzv2"
https://x.com/i/status/2013036045726593211,yes,"The video claims cooked rice must be discarded after 24 hours due to toxins, but if cooled quickly and refrigerated within 2 hours, it's safe for 4-6 days. Japan's 1921 Rice Law was for price control, not food safety.    Sources: https://www.tasteofhome.com/article/how-long-does-rice-last https://japaneseempire.info/commentary-on-discriminatory-rice-policy",I never knew u had to throw rice out after 24 hours https://t.co/87QHpJOgQW
https://x.com/i/status/2028937438584885646,yes,"This video is staged. The man portrayed as the &quot;father&quot; appears in multiple similar scripted reunion videos (e.g., at grocery stores, restaurants, airports) using the same actors and scenarios.    https://x.com/sandgroper03/status/2028965930198548908    https://x.com/OHNavyMom/status/2028949248138518728    https://x.com/califesther/status/2028967672827003118","He thought his son had died, but he got a surprise. https://t.co/hI7XQCjvEX"
https://x.com/i/status/2017829057136566612,yes,These are 2 separate videos. The first clip was posted in 2024 with the description &quot;Man Rescues Stranded Sloth with Help from Another&quot;:  https://www.youtube.com/shorts/17v7xOAOkqI  The second clip was filmed at the Jaguar Rescue Center in Costa Rica in 2022:  https://www.usatoday.com/videos/news/world/2022/05/21/mother-baby-sloth-reunion-video/9873393002/  ,A newborn baby finally being handed to its mother 🤗 https://t.co/YkL1ytcp59
https://x.com/i/status/2013427015228236244,yes,This is a video game called War Thunder. https://warthunder.com/ ,The US Air Force is nothing to mess around with. 🇺🇸 https://t.co/xbOYuGrbrd
https://x.com/i/status/2023387332523491839,yes,"These IQs for historical figures are speculative estimates based on biographical data, not actual standardized tests which were invented in 1905. https://en.wikipedia.org/wiki/Intelligence_quotient https://en.wikipedia.org/wiki/Historiometry","The smartest people in history and have high IQ's

 https://t.co/aCvdgiV7jR"
https://x.com/i/status/2029814141452451941,yes,"The video is an AI-generated simulation, not real footage of a lizard exploring an underground world.    https://www.youtube.com/shorts/_RK_nW9d2Vc  https://www.youtube.com/shorts/vIdjiqN52Ik",A tiny lizard reveals a secret underground world 😱🦎 https://t.co/sukmY5YFLJ
https://x.com/i/status/2024365602266075253,yes,"AI generated video. At the 0:23 mark of the video, you will see a water truck pass through the back from nowhere. Also playing the video in 0.25x shows you how sloppy the AI did to those workers    https://x.com/i/status/2024365602266075253",oh they- oh they might've just did something here 👀 https://t.co/QUdNFLM8Vx
https://x.com/i/status/2013856817512882622,yes,"The video is AI-generated, simulating GoPro footage from a mountain goat's perspective rather than real animal-mounted camera recording. The creator has clarified its simulated nature, though it draws from actual ibex climbing behaviors.  https://www.instagram.com/reel/DSttuw4iEmb  https://www.instagram.com/reel/DSKMwT7guHK",Mountain Goat with a camera strapped to it. Not AI… https://t.co/8GRqB1fGE1
https://x.com/i/status/2027673734954528987,yes,Khamenei was killed after President Donald Trump ordered strikes on Iran.     https://apnews.com/live/live-updates-israel-iran-february-28-2026#0000019c-a708-dfc5-adbd-a78f96480000,"All of them could not defeat this Man🤫
#iran #Tehran https://t.co/JcUtnYym5R"
https://x.com/i/status/2025511830529925494,yes,AI 🤖 Generated video for engagement bait.  The original animal is probably white dog 🐶   The animal changes towards end of video with 🐱 cat  Grok verification 🔗   https://x.com/grok/status/2025619145996321278?s=46,She rejected him because he was different...and then https://t.co/7O7W9qDCb5
https://x.com/i/status/2013006255074300194,yes,"The behavior shown is a medical condition called pica, not psychosis. Pica involves cravings for non-food items and is frequently linked to iron-deficiency anemia during pregnancy. While dangerous if toxins are ingested, it is a recognized physiological response.    https://www.healthline.com/health/pregnancy/pica-in-pregnancy",some people are truly psychotic like this is crazy😭- https://t.co/lsb0tEbEmz
https://x.com/i/status/2015551170605875567,yes,"Many are made using AI.    0:02 - aircraft won't make that angle  0:04, 0:32 - a missile won't act like that; it is heavy and won't move like that.  0.20 - No damage to the tire of F35 despite the impact    All have no sources backing them up.    https://en.wikipedia.org/wiki/AI_slop","Is this the most powerful
U.S Military in the world? https://t.co/kwiFlEv8N6"
https://x.com/i/status/2018414503268962635,yes,"This video is AI-generated using InVideo AI, as shown by the watermark and visual artifacts like grids. It depicts fictional extreme slides, not real events.    https://invideo.io/ai  https://factly.in/an-ai-generated-video-of-an-amusement-park-ride-collapse-is-being-shared-as-a-real-incident  https://factcheck.thecable.ng/seven-ways-to-detect-an-ai-generated-video",Flying this high with no safety line is pure madness https://t.co/HyKmvC5GOm
https://x.com/i/status/2018340053093863848,yes,This isn't from Brian Cox. His voice is being AI generated to create clicks. Data is accurate though    https://x.com/i/status/2018504153220182191,Professor Brian Cox explains Earth is not 70% water. https://t.co/FiP4uHXR80
https://x.com/i/status/2028745933966680198,yes,"The earthquake was sourced at 10k deep.     https://www.bbc.com/news/world-asia-37582518    https://www.guinnessworldrecords.com/world-records/deepest-nuclear-explosion-underground#:~:text=A%202.5%20kiloton%20nuclear%20device,attempt%20to%20stimulate%20oil%20production.",Iran just did a nuclear test https://t.co/f2qUA6BULr https://t.co/pFbsJ2gCaT
https://x.com/i/status/2026110416808444336,yes,"This video is generated by AI and depicts fictional events, not real footage from a shelter.    https://www.facebook.com/jaxanimalcare/posts/when-team-acps-saw-those-adorable-viral-videos-of-ai-shelter-dogs-choosing-their/1287158763444615    https://www.reddit.com/r/isthisAI/comments/1pqukmk/my_mom_showed_me_this_cute_dog_video_on_youtube    https://srilanka.factcrescendo.com/english/viral-video-of-dog-shelter-where-dogs-choose-their-humans-is-ai-generated-not-real-footage","At this shelter, the dogs choose their forever home. https://t.co/SDNdcvQKeG"
https://x.com/i/status/2031884438553182633,yes,"Per Turning Point's own ranking, Rep. Massie, is one of the most conservative legislators, with a TPAction score of 91% this session; NOT a RINO(Republican in name Only)  https://www.tpaction.com/scorecard/legislators/thomasmassie  Charlie Kirk, founder of Turning Point, often supported Rep. Massie, calling him &quot;my favorite congressman&quot;  https://x.com/i/status/810227376466620417","MAGA rallies are BACK

Trump haters are on notice 🇺🇸 https://t.co/o4heFbR5R0"
https://x.com/i/status/2024128634470953215,yes,This was a Polymarket marketing campaign for a week. Not a NYC ran store. https://www.fox5ny.com/news/polymarket-free-grocery-store-opens-nyc-heres-how-work.amp,Free grocery store in New York closes after one week https://t.co/XTKDUQJiEN
https://x.com/i/status/2019927016875913602,yes,"This happened in 2023, and these are cops not ICE agents.  https://www.youtube.com/watch?v=MVjk5-46lq4  https://abc7chicago.com/post/chicago-crash-illinois-state-police-fuller-park-isp/12766193/?userab=abcn_du_cat_topic_feature_holdout-474*variant_b_redesign-1939%2Cabcn_popular_reads_exp-497*variant_a_control-2076%2Cabcn_ad_cadence-481*control-a-1962%2Cabcn_news_for_you_exp-496*variant_a_control-2074",Democrats are Trying to Murder ICE Agents in Chicago… https://t.co/5xcvcKC90Z
https://x.com/i/status/2019964937465184263,yes,"This video depicts a Jan. 31, 2023 incident in Chicago where a driver in a stolen vehicle fled an Illinois State Police traffic stop, injuring two troopers. It does not involve ICE agents or any political group attempting murder.    https://abc7chicago.com/post/chicago-crash-illinois-state-police-fuller-park-isp/12766193    https://www.nbcchicago.com/news/local/video-shows-stolen-vehicle-fleeing-traffic-stop-sending-isp-trooper-into-the-air/3060071","Democrats are Trying to M*rder ICE Agents in Chicago…
https://t.co/56DHBz2flH"
https://x.com/i/status/2014601610278719937,yes,This is AI.    https://hivemoderation.com/dashboard  https://github.com/ai-detected/ai-detectors,Kindness is the key to forming beautiful friendships. https://t.co/HTckx3QJxF
https://x.com/i/status/2028191416636068239,yes,"The video is footage from the video game War Thunder, not real military action. It includes the game's kill sound effect and originates from a TikTok account posting game videos.    https://www.youtube.com/watch?v=PURxLfaw2i4  https://www.tiktok.com/@quiz__pro3/video/7612062583004220685",This is absolutely amazing to see.  First hand. FAFO. https://t.co/Z818FP1E7M
https://x.com/i/status/2012206559372148999,yes,"The video shared here is actually from a 2019 police incident at a Haitian Flag Day event in Chicago, not a recent ICE confrontation. It has been confirmed as unrelated to immigration enforcement. https://www.caribbeanlife.com/haitian-officials-debunk-viral-video-of-alleged-ice-confrontation https://www.instagram.com/reel/DLsgpgyJi1e",It was at this moment ICE knew this isn’t 2020 anymore https://t.co/tsdJC9QClc
https://x.com/i/status/2030697677348807042,yes,"only some people, playing Live Action Roleplay    The guy in background says &quot;Magic Missle&quot; while throwing.    https://de.wikipedia.org/wiki/Live_Action_Role_Playing",“Inside Democrat Terrorist Training… ‘The Resistance’… https://t.co/qmJ5CKU9mT
https://x.com/i/status/2028209900266873033,yes,This technique will make the soda go flat quicker as the expansion of the bottle as it pressurizes will allow more CO2 to escape the beverage and fill the void than the alternative.     https://www.mentalfloss.com/article/91127/do-carbonated-drinks-go-flat-quicker-their-sides,This is a great tip to stop your soda from going flat. https://t.co/crlkAHFCgC
https://x.com/i/status/2033039764069261710,yes,This video is more than two months old. It shows protesters in Tehran on 8th of January 2026.    https://edition.cnn.com/2026/01/14/world/video/iran-doctor-protests-crackdown-karadsheh-vrtc,"The revolution is beginning in Iran.
- @travelers_gulf https://t.co/KIDeqoSVqp"
https://x.com/i/status/2028269754234917163,yes,"**    This video is from the August 12, 2015 chemical warehouse explosion in Tianjin, Chinaânot a recent event. The massive blasts at a hazardous materials facility killed over 170 people.    https://en.wikipedia.org/wiki/2015_Tianjin_explosions    https://www.bbc.com/news/world-asia-china-33876684    https://www.reuters.com/article/us-china-blast-idUSKCN0QJ05U20150813/",THIS SOME OF THE CRAZIEST SH*T EVER CAUGHT ON CAMERA 😳😳 https://t.co/M8SpRbOy4J
https://x.com/i/status/2020791355480449485,yes,"This video is AI-generated and depicts a fictional story, not real events. Signs include the puppy's breed not matching the mother's and unnatural birth scenes. AI tools create such emotional animal videos for engagement, as seen in similar examples.    https://www.tiktok.com/@wuliping96/video/7599001023419534605  https://www.dogdeskanimalaction.co.uk/p/the-rise-of-fake-ai-rescue-videos  https://www.youtube.com/watch?v=MMCJbvr-ueE","She picked up a little dog by the roadside, and then... https://t.co/XmV9B2ZU49"
https://x.com/i/status/2024228367592038782,yes,"The video shows influencer DeenTheGreat being elbowed by ex-UFC fighter Tiki Ghosn at a party, not DDG. DDG was in Trinidad for Carnival at the time.    https://bloodyelbow.com/2026/02/18/footage-shows-ex-ufc-fighter-tiki-ghosn-dropping-deen-the-great-after-being-threatened-with-a-slap    https://www.youtube.com/watch?v=LKMmAWv5gC0",DDG gets KNOCKED OUT at a house party while on stream 😬 https://t.co/7ieMAuaHhD
https://x.com/i/status/2032961060072722865,yes,"Fake story created for engagement, she does not have HIV  https://www.instagram.com/maleardila?igsh=cW81ZW5sNnlzM2Z6  corticosteroid withdrawal syndromes after treating eczema",Sad Story: How she got infected with HIV by her Lover 💔 https://t.co/9M1Kn09dnW
https://x.com/i/status/2023454496949477473,yes,This is an AI video.  https://x.com/i/status/2023454496949477473,$2M Underwater Container Shelter With a Full River View https://t.co/KffO2VXFRJ
https://x.com/i/status/2023963747497255089,yes,"The restriction on temple priests touching devotees is primarily rooted in the concept of ritual purity (madi) and the maintenance of a sacred atmosphere within the inner sanctum of the temple and to ensure that the deity is served without impurity.   https://www.scribd.com/document/476107417/Secrets-of-a-Hindu-Temple-converted-pdf#:~:text=The%20document%20discusses%20Hindu%20temples,when%20many%20temples%20were%20constructed.",This is what modern-day caste discrimination looks like🥱 https://t.co/c1SzMtePag
https://x.com/i/status/2013506477084770567,yes,"This video is AI-generated and depicts a fictional scenario, not a real event.    https://www.instagram.com/reel/DTNIoPoAcXG/  https://www.youtube.com/watch?v=upTAIIHDnrM",This cat fell into the black panther enclosure..and then https://t.co/9rKPt4fFGr
https://x.com/i/status/2015977637609676957,yes,"AI-generated    As stated in the original post by @TheWildspb on January 26, 2026, the video was generated using AI and does not depict a real event.    https://www.youtube.com/watch?v=5Oa221YE8gY  [https://archive.is/YChQ3]","God bless you, sir, for stopping to help this poor koala https://t.co/ct7qy9ZMt3"
https://x.com/i/status/2024913213649821803,yes,"This video is a staged comedy skit by creators Jamie and Blake, not a real event. Closed window shades indicate it's not an active flight, as airlines require them open during takeoff/landing for safety.    https://www.facebook.com/Jamieandblake/videos/rude-woman-stops-man-from-sitting-in-first-class-seat-he-paid-for-/2037476146985182    https://cabinsafetyinfo.com/window-shades",Karen won't let man sit in first class seat he paid for! https://t.co/lAojcwLJKu
https://x.com/i/status/2022898394906173535,yes,The first clip is fake. All strongmen injuries are well documented however no similar injuries were found and the injury itself is not resembling any possible arm injury. However all other clips are real.    https://www.bbc.com/future/article/20251031-the-number-one-sign-you-might-be-watching-ai-video    ,A moment that pushes beyond the limits of the human body. https://t.co/76A6xLIZnJ
https://x.com/i/status/2029510261065851362,yes,"This video shows US Navy flight operations from the USS Abraham Lincoln, not the Gerald R. Ford. Ford uses an electromagnetic launch system without steam, but steam is visible here. The hull number '72' is also visible.    https://www.wionews.com/photos/emals-aag-how-uss-gerald-r-ford-can-launch-160-aircraft-in-24-hours-for-faster-stronger-smarter-air-operations-1771067796637    https://www.wionews.com/photos/-zero-to-160-how-does-the-uss-abraham-lincoln-s-catapult-move-faster-than-a-race-car-1771580502998",🇺🇸✈️ New footage from the deck of the USS Gerald R. Ford. https://t.co/5BACh4CUsc
https://x.com/i/status/2019878075056730194,yes,The video is a fake edited montage falsely depicting Justin Bieber speaking about Epstein; he has made no such statements on his account. https://x.com/justinbieber https://www.theguardian.com/technology/2025/jun/29/fake-diddy-ai-videos-youtube,Justin Bieber speaks out. Listen closely to what he says. https://t.co/CdwNqkKpWD
https://x.com/i/status/2012650602866659450,yes,"Claims of 'secret' videos of the Chernobyl nuclear explosion are unverified. No authentic video of the 1986 event exists. The video shows an invalid date format in the timestamp '1986-94-26' (month should be '04' for April, not '94'), indicating it's not genuine.    Sources:  https://history.stackexchange.com/questions/46624/is-there-any-footage-of-the-chernobyl-explosion  https://www.reddit.com/r/chernobyl/comments/w4gu6q/is_there_any_footage_from_directly_after_the",⚠️☢️ Secret videos of the Chernobyl Nuclir explosion☢️⚠️😱🫣 https://t.co/bvMqmRitcO
https://x.com/i/status/2032152547222315406,yes,"This video was posted in January and stated to be depicting a fire in Queens, NY: https://www.facebook.com/share/r/1E2V6U3K2k/?mibextid=wwXIfr","The intelligence building in Tel Aviv, Israel, is on fire. https://t.co/QOAXNKk9Fy"
https://x.com/i/status/2028209704548069501,yes,The video shows simulated footage from a video game depicting a battleship; the US Navy has no battleships in service and no Iranian plane attack on a US ship has occurred. https://en.wikipedia.org/wiki/List_of_current_ships_of_the_United_States_Navy https://www.reuters.com/fact-check/video-game-clip-does-not-show-real-recording-yemeni-attack-us-ship-2024-11-27/,"An Iranian plane VS a US ship.

I can watch this all day 😂 https://t.co/qjLH2rA8V1"
https://x.com/i/status/2018413531578663116,yes,"This video appears to be AI-generated with fabricated scenes, such as unrealistic tornado-like foaming, to promote a drain cleaner. Caustic soda can clear some clogs via chemical reactions but is hazardous and doesn't produce such dramatic effects.    https://www.youtube.com/watch?v=PBw56SsivIM  https://en.wikipedia.org/wiki/Sodium_hydroxide  https://thorntonandgrooms.com/blog/is-caustic-drain-cleaner-bad-for-pipes","This demo is crazy… caustic soda clears clogs hands-free 🤯
https://t.co/fxpCrbzk5a"
https://x.com/i/status/2020666483819356474,yes,"God Bless America, the song being performed in this video, is not the national anthem of the United States or any other country.    https://en.wikipedia.org/wiki/National_anthem  https://en.wikipedia.org/wiki/God_Bless_America  https://en.wikipedia.org/wiki/The_Star-Spangled_Banner","Wow.. Bad Bunny refused to stand for our national anthem.
 https://t.co/Zuq9tK6KjI"
https://x.com/i/status/2028339726625739064,yes,"Though autism can cause behaviours that may appear/be misunderstood as childlike, this is infantilisation. This is an ad for a sex work page, not autism.   If you look on her tiktok, it promotes her IG which promotes her OF.   https://www.tiktok.com/@xolunabunni?_r=1&amp;_t=ZN-94Ohbw87xp8  https://www.instagram.com/xolunabunni?igsh=MW9uOHl0bHRoaWFiMw==  https://onlyfans.com/xolunabunni       To find out more about autism:  https://www.autism.org.uk/  https://embrace-autism.com/  https://autisticadvocacy.org/about-asan/about-autism/","Want a happy relationship?

Get you an autistic girlfriend. https://t.co/UBgHVHUq5U"
https://x.com/i/status/2015881645023191255,yes,"No official Marvel Studios teaser for Avengers: Doomsday features Deadpool. Official teasers showcase Steve Rogers, Thor, X-Men, and Fantastic Four—no Deadpool footage. This appears to be fan-made content. https://www.marvel.com/articles/movies/avengers-doomsday-teaser-trailer","Deadpool teaser in ‘Avengers: Doomsday’.

#AvengersDoomsday https://t.co/ZDNLzf5TVd"
https://x.com/i/status/2031278887456657607,yes,"No, this is asteroid Eros compared to NYC    Source, MetaBallStudios:    https://www.youtube.com/shorts/2w52n8IOQ28  ",The real size of the asteroid that wiped out the dinosaurs! https://t.co/6iWLFJeGcf
https://x.com/i/status/2022895346301722958,yes,"This video is AI-generated fiction, not a real whale rescue. Barnacles are normal and not harmful to humpback whales. Real rescues avoid airlifting as it would endanger the animal.    https://www.snopes.com/fact-check/video-whale-fisherman-rescue    https://www.linkedin.com/posts/marine-education-and-research-society_mythbusting-marinemammalscience-barnacle-activity-7294986887826440193-otZD",He Could Barely Move… Then Humans Gave Him His Life Back 🐋💔 https://t.co/vJjpvhzxRA
https://x.com/i/status/2014112680613687620,yes,"This video is AI-generated satire. Trump did not make these statements about Newsom. In his actual Davos speech, he said: &quot;I used to get along so great with Gavin when I was president. Gavin is a good guy.&quot;  https://www.c-span.org/video/?550594-1/president-trump-remarks-2026-world-economic-forum  https://www.whitehouse.gov/briefing-room/speeches-remarks/2026/01/21/remarks-by-president-trump-at-the-world-economic-forum-davos-switzerland/","Hilarious 🤣🤣

Donald Trump has some words for Gavin Newsom

https://t.co/1xVLH5Wl30"
https://x.com/i/status/2028565226103156749,yes,"The video shows giant explosions that happened in Tianjin, China, in 2015. This footage has often been falsely attributed to different locations and dates since it was first filmed and posted online.    https://leadstories.com/hoax-alert/2023/06/fact-check-video-does-not-show-explosions-in-china-in-2023-its-from-2015.html",Iran just launched one of its biggest missiles in this war 😳 https://t.co/de4YNX2vFD
https://x.com/i/status/2019033253177393340,yes,"FALSE CLAIM    No authentic reports suggest that &quot;Indian Beiber&quot; Suraj Chavan was voted the most handsome man in India.  No single, official &quot;Handsome Men&quot; list exists. No official voting occurs.    https://x.com/i/status/2019164344039125133    Unofficial list of handsome Indian men by IMDb:  https://www.imdb.com/list/ls592493402/",'Indian Bieber' has been voted the most handsome man in India https://t.co/PSqeZAXEIj
https://x.com/i/status/2026128775482572970,yes,"The clip shows people confronting men by cattle trucks, not proof of &quot;Gen Z chasing white wildlife hunters.&quot; Near-identical footage matches a 2001 vigilante incident over cattle theft and has circulated before. See video: https://www.youtube.com/watch?v=1vtQzDeNhJ8",South African Gen Z chasing Whites who hunt and kill Wildlife https://t.co/0StAf5tPth
https://x.com/i/status/2019845013178576947,yes,"This video depicts a fake Mars night sky; real images from NASA rovers show mostly dark skies with faint stars, small moons, and Earth as a bright point. https://x.com/NASAJPL/status/1912296200012808550 https://science.nasa.gov/resource/earth-from-mars/","This is what a night looks like in the sky of the planet Mars

https://t.co/h4tOWRDK4q"
https://x.com/i/status/2023880193853845943,yes,The people in America were called Indians because the sailors thought they had reached the West Indies. The myth spread in this video stating the term comes from the translation “of God” was made up in the 20th century.     https://www.britannica.com/topic/Why-Are-Native-Americans-Called-Indians,"Sometimes people win, sometimes people lose. It sucks to suck. https://t.co/AW8fftQ6Ej"
https://x.com/i/status/2027769612855873846,yes,No it did not  https://www.independent.co.uk/bulletin/news/dubai-hotel-fire-fairmont-the-palm-iran-strike-attack-b2929499.html,Burj Khalifa has been struck in Dubai! https://t.co/QKKZAyPoUx https://t.co/ehs0O6LvLq
https://x.com/i/status/2019669039262609671,yes,"This video is AI-generated, not real footage. Key indicators: unnatural movements, physics glitches (e.g., flying mitten/poo), inconsistent snow/ice physics, and animation errors.    https://x.com/gryn_a/status/2019914760222044662  https://x.com/BlueShackComics/status/2019838611706007998  https://x.com/TweetThere4Am/status/2019891695912136824","A child, a polite animal and playing in the snow ☺️I love it 🥰 https://t.co/peIn9TAlBx"
https://x.com/i/status/2013852719833063900,yes,"Everything in the video is FALSE  Slavery was abolished in 1813  Racial segregation never existed under argentinian law  Wars were fought by creoles, mestizos, and blacks alike. The hero of the revolution Sargeant Cabral, was black  Yellow fever affected blacks and whites equally  https://en.wikipedia.org/wiki/Assembly_of_the_Year_XIII  https://en.wikipedia.org/wiki/Juan_Bautista_Cabral","Why does Argentina have no black people? 🇦🇷

© farzanfilms (IG) https://t.co/VD0ooSzvkc"
https://x.com/i/status/2016034747995013595,yes,Andrea Bocelli did not cancel New York performances or say he refuses to sing for communists; the video presents a fabricated claim. https://leadstories.com/hoax-alert/2025/11/fact-check-andrea-bocelli-other-artists-did-not-cancel-tour-dates-in-new-york-city-after-mamdani-election-saying-he-wont-sing-for-communists.html https://news.meaww.com/fact-check-did-andrea-bocelli-and-other-artists-cancel-nyc-tour-dates-after-zohran-mamdanis-win,"Andrea Bocelli Refuses to ""sing for communists""
🤣🤣LOVE THIS❤️❤️ https://t.co/vQoJ2LyUzB"
https://x.com/i/status/2025140310775366103,yes,"This video is an AI-generated dramatization created for entertainment, not a real event. The original description states it's scripted fiction using Sora 2 AI.    https://www.youtube.com/shorts/PDzxX0ncAec    Such fake rescue videos are a concerning trend that can deceive viewers.    https://news.wildlifesos.org/the-concerning-trend-of-deepfake-ai-wildlife-video","Thank you for helping this little one, Good work sir !!!! 👏👏👏👏👏 https://t.co/2eYpn703pX"
https://x.com/i/status/2031696637815566412,yes,"The woman was stunt performer Yvette Ferguson performing a planned fire stunt for Final Destination: Bloodlines, not an accident. https://people.com/final-destination-bloodlines-breaks-record-oldest-person-set-on-fire-onscreen-11728390 https://ew.com/final-destinations-bloodlines-directors-broke-world-record-oldest-person-set-fire-exclusive-11726408",A woman was accidentally set on fire during an action scene! 😱🎬 https://t.co/oIHPMkuuxA
https://x.com/i/status/2012338309331116145,yes,"The device tested is a parafoil stunt kite for kitesurfing training and outdoor fun, not a skydiving parachute. https://www.amazon.com/Besra-Parachute-Parafoil-Kitesurfing-Training/dp/B0848R8WFF","Sky divers are now testing the cheapest parachutes from Amazon.
https://t.co/znVtyGjnCc"
https://x.com/i/status/2019524868967219380,yes,The video is AI-generated satire posted by an account whose bio states &quot;Mostly satire.&quot; RFK Jr. has not made these statements. https://x.com/MaverickDarby https://x.com/RobertKennedyJr/status/1732433183252132339,Wait… is RFK even supposed to comment on Epstein stuff? Unreal. https://t.co/TBT2IChPHl
https://x.com/i/status/2023453842805862910,yes,"This is an AI generated video, which is misleading. For example, at the 0:12 mark, the rabbit has three ears instead of two.    https://www.npr.org/2025/12/17/nx-s1-5640108/spotting-ai-in-your-feeds  https://www.councilonaging.org/blog/artificial-intelligence-how-to-spot-ai-in-images-and-videos/",There is a balance among animals that goes beyond our awareness. https://t.co/9DkBqy7Wvr
https://x.com/i/status/2014097143280304522,yes,"The Hindu Swastika is an ancient symbol of well-being and prosperity, with arms at 90 degrees, often right- or left-facing. The Nazi Hakenkreuz is rotated 45 degrees, typically black on red/white, symbolizing the regime.   Swastik on this car is a Hindu symbol for good luck.    https://cohna.org/hakenkreuz-not-swastika/",Look at the symbol on the hood… what does that look like to you? https://t.co/D2XKDSgEr0
https://x.com/i/status/2031385082481582248,yes,"AI generated, the puppy changes the size from one scene to another, the hands don't act normally and are too smooth, and puppys arent naturally bald at this level.    https://www.bbc.com/news/videos/c050eq4llpro",This woman thought this cat caught a mouse... but she was wrong. https://t.co/NVKBclTYVG
https://x.com/i/status/2029679066123493648,yes,This is ai as confirmed by grok    https://x.com/i/status/2029761967418683570,This dog brought a dirty toy from outside.….but it wasn't a toy. https://t.co/GXCPxJfFsX
https://x.com/i/status/2022597589368266839,yes,"The ace was hit by Maxime Cressy against Christopher Eubanks at the 2022 BNP Paribas Open, not by Reilly Opelka. https://www.tennis.com/baseline/articles/watch-maxime-cressy-fires-slowest-ace-in-tennis-history-against-eubanks https://www.skysports.com/tennis/video/12110/12564731/cressy-with-slowest-server-ever","Slowest ace is Tennis history by Opelka..

42km/h. Unplayable 🤯

 https://t.co/VAjFCBADYP"
https://x.com/i/status/2026039600867573938,yes,Clip is misrepresented. AFP and other fact‑checks show the footage is from a pro‑Palestine march in Germany (Oct 2024) and features calls about Palestinian resistance — not Muslims in Dearborn calling for a US‑targeted Islamic revolution. https://factcheck.afp.com/doc.afp.com.86VD4KE,"This should terrify every single American.

It's time to wake up. https://t.co/gqMSP2GgKX"
https://x.com/i/status/2032170964734116038,yes,"This is from January. Later that same month, the State Department confirmed aid to Somalia was resuming.    https://x.com/GuntherEagleman/status/2012634846678442084?s=20    https://apnews.com/article/somalia-us-aid-suspension-world-food-program-f7134a4b8b7671dd8aac530f9f577c93","Marco Rubio announces end to US aid for Somalia.

Follow: @AFpost https://t.co/nyt75ZL3Zu"
https://x.com/i/status/2030789347721765183,yes,Fake news. It’s a women’s group protesting about government employees who recently attended hearings for Sarah Duterte and kept saying sexist remarks.     https://amp.scmp.com/week-asia/politics/article/3345431/outrage-philippines-over-lawmakers-sexist-remarks-defence-vp-sara-duterte,"🚨🇵🇭 BREAKING ✦ — Philippines

Massive Anti-U.S. Protests in Manila https://t.co/zqPzedJhhS"
https://x.com/i/status/2027708665655128559,yes,"The video isn't recent. It's from 10/26/2024, per reports it depicts a fire that broke out in a building in Tel Aviv.  https://x.com/i/status/2027721863946699233","⚡️Large fire at a building in Tel Aviv, possibly munitions storage https://t.co/O1oMvEz50d"
https://x.com/i/status/2013209115581939958,yes,This is AI. The Simpsons never made any predictions related to this. https://caniphish.com/blog/how-to-spot-ai-videos,Only 3 days left until the date The Simpsons supposedly predicted. https://t.co/1dFmyjb8II
https://x.com/i/status/2013698018411720719,yes,This video is from Twitch streamer Krimoe's group filming a staged ISIS-style execution with a prop gun near Parliament. Police arrested 11 men for possessing an imitation firearm in public.    https://www.dexerto.com/twitch/twitch-streamer-banned-and-arrested-for-waving-toy-gun-outside-uk-parliament-3301273/  https://www.standard.co.uk/news/crime/twitch-streamer-krimoe-arrested-police-toy-gun-big-ben-parliament-westminster-b1265139.html,"Somalis are filming isis style execution videos in central London

 https://t.co/yHbES4lVfe"
https://x.com/i/status/2032437543652716865,yes,"This video is not from Katy Perry's &quot;Watch It Burn&quot; music video shoot, which occurred at St. Joseph Catholic Church with Perry in black attire. https://katyperry.fandom.com/wiki/Watch_It_Burn https://x.com/katydailybrasil/status/2027101146821579165",🚨 KATY PERRY BEHIND THE SCENES OF HER SONG “WATCH IT BURN” OMG 😭😭😭😭 https://t.co/GbgRzOkXPM
https://x.com/i/status/2019450956455285156,yes,"The video is AI-generated and does not show 50 Cent commenting on Billie Eilish's Grammys speech. No verified statements from him exist on this topic. The unnatural phrasing (e.g., &quot;14 dollars million&quot;) is a common AI audio error.    https://www.billboard.com/music/awards/finneas-rips-powerful-old-white-men-billie-eilish-speech-1236173661    https://variety.com/2026/music/news/billie-eilish-slams-ice-grammys-win-1236649159    https://www.latimes.com/entertainment-arts/awards/story/2026-02-01/grammys-2026-winners-list-complete",50 cent said that Billie Eilish’s speech at the Grammy’s was FAKE‼️ https://t.co/kjs0J3TQ58
https://x.com/i/status/2014420300868538525,yes,"The Lazarus sign is a reflex in brain-dead patients, typically arm flexion in clinical settings like during apnea tests or ventilator removal. It does not occur in morgues, and real movements are less dramatic than shown.  https://onlinelibrary.wiley.com/doi/10.1002/ca.24279  https://journal.chestnet.org/article/S0012-3692(25)02536-X/fulltext  https://en.wikipedia.org/wiki/Lazarus_sign",⚠️ Why Bodies Sometimes Move After Death The Lazarus Sign Explained https://t.co/VrsrYqhg9u
https://x.com/i/status/2026952411919647213,yes,It means 9am to 5pm https://en.wikipedia.org/wiki/Working_time,"realized ‘9-5’ means “9 hours a day, 5 days a week” not “9am to 5pm” https://t.co/l0kC4fZoJ9"
https://x.com/i/status/2027954738084692213,yes,"The video dates to January 27, 2026, showing protests in Beirut against the 2026 budget bill, not an armed attack on the US embassy. No such attack was reported on March 1, 2026.    https://www.tiktok.com/@princessnanoushka0/video/7600313100440587528  https://today.lorientlejour.com/article/1492889/budget-2026-retired-military-personnel-block-chekka-highway.html  https://www.nbcnews.com/world/iran/live-blog/israel-iran-live-updates-rcna261099","🚨BREAKING 

Armed attack by Lebanese Shiites towards the US embassy. https://t.co/e2Yk1Jv9Qw"
https://x.com/i/status/2019953793442414991,yes,"This footage shows Illinois State Police pursuing a stolen vehicle involved in a carjacking in Chicago in January 2023, not ICE agents attacked by activists. https://abc7chicago.com/post/chicago-crash-illinois-state-police-fuller-park-isp/12766193 https://www.nbcchicago.com/news/local/video-shows-stolen-vehicle-fleeing-traffic-stop-sending-isp-trooper-into-the-air/3060071",ICE WATCH: Activists attempt to kill federal workers during a stop.  https://t.co/07a3zSLbBr
https://x.com/i/status/2028263152287371587,yes,"This is a Royal Australian Air Force (RAAF) Boeing C-17A Globemaster III flying over Brisbane, Australia, during the Sunsuper Riverfire event, which took place on 25 September 2021.    https://www.youtube.com/watch?v=6PIMCZpqsgY",Iran is about to find out why teachers make less than $100k per year https://t.co/hUf7SODIk2
https://x.com/i/status/2025778118695539166,yes,"This video is from February 1st, 2026, and shows President Sheinbaum arriving at the inauguration of the Underwater Museum of the Sonoran Artificial Reef System.    https://www.instagram.com/reels/DUO8SajCQxz/  https://www.youtube.com/watch?v=JIm0gOErxVg  https://vanguardia.com.mx/noticias/desde-guaymas-sheinbaum-hunde-un-buque-para-el-arrecife-artificial-y-abre-museo-subacuatico-HK19136450","Mexico is so fucked up they moved the president out to a ship at sea

https://t.co/57rT76YcKd"
https://x.com/i/status/2032741053996904941,yes,"This is incorrect. Digital ID will *not* be voluntary in all cases. Labour are forcing people to sign up through the back door.     Example: as of 18th Nov 2025 all UK company directors are being forced to sign up for &quot;One Login&quot; or face prosecution and lose their business.    https://companieshouse.blog.gov.uk/2025/11/19/verifying-your-identity-for-companies-house-with-gov-uk-one-login/    https://www.gov.uk/government/news/access-to-companies-house-webfiling-accounts-to-move-to-govuk-one-login#:~:text=From%2018%20November%202025%2C%20identity,example%20an%20accountant%20or%20solicitor",I saw this tweet and wanted to respond. Digital ID will be voluntary. https://t.co/NSW2oDvu2s
https://x.com/i/status/2028423746072260999,yes,This incident didnt occur at Sydney Airport. This occurred in 2024 at an American Airlines counter in Chile.    https://nypost.com/2024/08/29/world-news/passenger-destroys-american-airlines-counter-with-hammer-after-scammer-sold-him-fake-ticket/,These outcomes are the direct result of mass third-world immigration. https://t.co/2DnD4q4Ayw
https://x.com/i/status/2027808914574549285,yes,"This video shows a fire in the port of Hudaydah, Yemen (aka Hodeidah) on July 20 2024 caused by a retaliatory Israeli airstrike days after a Houthi attack on Tel Aviv.  (So it is not from the 2026 US-Israeli attacks on Iran.)  https://www.youtube.com/watch?v=1LR0uf8WUsQ  https://www.timesnownews.com/world/middle-east/yemens-al-hudaydah-oil-port-is-burning-after-israeli-strikes-videos-emerge-article-111891105  https://www.aljazeera.com/news/2024/7/20/air-raids-hit-yemens  https://www.cbsnews.com/news/yemen-houthis-port-hodeida-fire-burns-after-israel-strike/  https://www.ynetnews.com/article/sjdy7mnoc  https://www.nytimes.com/2024/07/21/world/middleeast/israel-yemen-hudaydah-port.html","BREAKING: The Islamic Republic has struck Saudi Arabia.

Big mistake. https://t.co/SLRC7equ77"
https://x.com/i/status/2024784206589739151,yes,"This video is an AI-generated fictional story, not a real wolf rescue event. The original YouTube upload includes a disclaimer stating it's simulated using AI and synthetic media; events and animals are not real.    https://www.youtube.com/shorts/AN4Bs3XDryQ",I pulled a wolf from under the ice... and his pack tracked me down ❤️ https://t.co/4CKJwxLPyf
https://x.com/i/status/2024224755767726407,yes,This is only a rumor. It has not been confirmed that Jacob Elordi has been offered the role of James Bond.    https://ftw.usatoday.com/story/entertainment/pop-culture/2026/02/18/has-jacob-elordi-been-offered-james-bond-what-we-know/88744755007/#,"🚨 BREAKING: Amazon has offered the role of James Bond to Jacob Elordi
https://t.co/SsFA6OD5ue"
https://x.com/i/status/2013098133308481961,yes,"People who appear at public events with Ali Khamenei are not random members of the public. Attendees are pre-selected individuals affiliated with or approved by the regime, and access is tightly controlled through multiple layers of security screening and vetting before entry.    https://prod.iranwire.com/en/politics/125320-how-are-khameneis-guests-selected/","Iranian women's reaction to the nation's leader, Sayyed Ali Khamenei. https://t.co/WqbpirqZPR"
https://x.com/i/status/2011579727891550392,yes,"This video depicts a computer-generated fictional scenario, as jet-powered UAVs cannot ignite or operate underwater, and no real submarine launches aerial drones in this manner without first surfacing the vehicle.    https://aerospaceweb.org/question/planes/q0272.shtml  https://www.navalnews.com/event-news/euronaval-2024/2024/11/video-meet-alseamars-blackbird-submarine-launched-uav",Combat UAV Launches from a Secret Underwater Base - pretty cool!  😎 😲 https://t.co/zNjvP0KOOZ
https://x.com/i/status/2027064800749273094,yes,"HMS Ben-My-Chree, a sea plane carrier was sunk by Turkey in 1917.  HMS Courageous, a more typical aircraft carrier with over 40 aircraft, was sunk by the Germans in 1939.  The first US aircraft carrier to be sunk was the USS Langley in 1942, sunk by the Japanese.    https://www.slashgear.com/1955676/every-american-aircraft-carrier-sunk-world-war-2/",Iran will be the first country in history to sink an aircraft carrier https://t.co/sZLAh8S27f
https://x.com/i/status/2020935596672418187,yes,"This is not a video from after the SuperBowl, as it dates from at least last May.     https://x.com/pahrduve/status/1927777682600743253?s=46&amp;t=4NrvjhUV42LgqzRKQb1fmg ","STEFON DIGGS HAS ALREADY ARRIVED IN CANCUN AFTER THE SUPER BOWL.

💀💀💀
 https://t.co/tgElj4exyh"
https://x.com/i/status/2029286507090161855,yes,"The construction video is AI-generated, not real footage; the Burj Khalifa's foundation consists of a reinforced concrete mat supported by bored piles 1.5m in diameter and 43m long, not three large open pits. https://www.burjkhalifa.ae/the-tower/structures https://en.wikipedia.org/wiki/Burj_Khalifa","This is how the Burj Khalifa, the world’s tallest building, was built. https://t.co/dHJKAuP98x"
https://x.com/i/status/2030734527732109694,yes,"This video is AI-generated; the depicted events are not real. No such incident has been reported, and giant pandas live only in parts of China with no wild populations elsewhere.    https://www.worldwildlife.org/species/giant-panda    https://en.wikipedia.org/wiki/Giant_panda#Distribution_and_habitat    https://www.bbc.com/news/topics/cvenzmgyldrt","I thought the dog brought back a dirty toy, but it wasn't a toy at all. https://t.co/mPm6fAQOjm"
https://x.com/i/status/2027802232045936923,yes,"That's a not recent video which was shot in Israel, not in Dubai and was shot at least one year ago:    https://x.com/i/status/1933625802043871330",⚡️Iran has been hammering Dubai non-stop! Targeting U.S military bases. https://t.co/oeS5una3DM
https://x.com/i/status/2023531314461503546,yes,"The video depicts gameplay from the video game Arma 3, not real footage. https://www.instagram.com/reel/DTkkgi0EVKo https://www.instagram.com/reel/DTR6FdIEkPf",Missile was about to destroy the jet but the pilot said ‘hold my beer’! https://t.co/Sd3zTlLkcO
https://x.com/i/status/2024884249254650331,yes,"The video is a recycled hoax, circulating since at least 2025 as a &quot;hornet's nest&quot; or &quot;hive&quot; UFO clip often labeled AI/CGI-generated. No credible reports or local witnesses confirm a sighting in Austin on Feb 20, 2026.    https://x.com/scrollwithankit/status/2024926963220316184  https://www.shorturl.at/2y2rS  https://www.tiktok.com/@loganr_moore/video/7474719025436642590","🚨🛸 WAP Object Over Austin, Texas Bizarre Hive-Like UFO Caught on Camera https://t.co/NNv6aXn40O"
https://x.com/i/status/2029932475099574608,yes,This is an AI video.    1. Cranes and containers disappear between the camera turning downwards.   2. No commercial port in Israel matches this geography.   3. The AI voice is saying its &quot;Namal Tel Aviv&quot; (Tel Aviv Port) - Tel Aviv doesnt have a commercial port.    https://x.com/i/status/2028393131188641903,"🚨Breaking 🔥
News Iran successfully attacks Tel Aviv port 
Please repost https://t.co/65d4dtN1uZ"
https://x.com/i/status/2031442575031243163,yes,"The active shooter incident occurred at a residence near the Agudath Israel synagogue, not at the synagogue. It began as a burglary call that escalated into a barricade/hostage situation. An officer was shot and is stable; the suspect was killed. https://www.foxnews.com/us/baltimore-police-say-officer-shot-hospitalized-suspect-shot-active-shooter-incident https://www.baltimoresun.com/2026/03/10/baltimore-police-officer-shot https://x.com/BaltimorePolice/status/2031408820732256585","🚨 BREAKING:

🇺🇸 Active shooter opens fire at synagogue near Baltimore.

https://t.co/tNl5ssHXKX"
https://x.com/i/status/2030682794498686986,yes,"The video is AI-generated and does not show a real boy building a car. The boy's shirt in the final frame reads &quot;LMG's AI Academy,&quot; indicating it's artificial. Similar videos are created with AI for entertainment.    https://www.youtube.com/shorts/iNplMSJSOSk  https://www.facebook.com/100083424765042/videos/young-boy-builds-full-scale-lamborghini-from-palm-leaves/1599629201252411",A talented boy built a Lamborghini with coconut leaves. Unbelievable 🙆😍 https://t.co/ejYCvXhRJh
https://x.com/i/status/2027116457948037206,yes,"This is clearly an AI video generated.    There is no clinical evidence showing that reusing a personal bath towel once or twice causes disease. Hygiene recommendations are precautionary, not based on documented harm from 2 uses.    https://www.cdc.gov/hygiene/cleaning/laundry.html","Doctor warns to stop ""reusing your towel after a shower.""

Here's why.

https://t.co/wiFgBooqi9"
https://x.com/i/status/2029847071000515014,yes,"This is false. The video shows two U.S. Army veterans (not active pilots) being detained for disrupting a Senate hearing while protesting Israel policy. Neither was involved in weapons transport; they were arrested for disrupting proceedings, not refusing orders. https://factcheck.afp.com/doc.afp.com.777Z2NQ",🚨U.S. Military Pilots Arrested After Refusing to Fly Weapons to Israel. https://t.co/5D6AiaMtmy
https://x.com/i/status/2028624259187122209,yes,"The post's video is from an unrelated fire on Khurais Road in Riyadh in November 2025 (electrical short-circuit at a festival site), not the US Embassy incident. Reports confirm a drone strike caused a limited fire at the embassy on March 3, 2026, but no injuries.    https://www.reuters.com/world/fire-us-embassy-complex-riyadh-after-blast-heard-sources-say-2026-03-03/    https://www.bbc.com/news/live/cy0dp1l57nxt    https://www.yahoo.com/news/articles/saudi-arabia-says-us-embassy-003659404.html","BREAKING: EXPLOSIONS REPORTED AT THE US EMBASSY IN RIYADH, SAUDI ARABIA https://t.co/uZ0M4MQQ1J"
https://x.com/i/status/2017554912817959149,yes,"Manipulated overlay / AI video.  Man appears in the beginning, from window of silver car with unaligned windows (behind ICE agent who doesn’t react).  ICE agent “cuffs” woman’s shirt, her arms are out front.  No masks, no plate numbers, observers just standing.    https://x.com/ounkaonx/status/2017554912817959149?s=46&amp;t=Ar0mfzcWoohC7idMuk4VDQ",ICE seen detaining parents and guardians at schools during pick-up times https://t.co/xZdWIX2bRF
https://x.com/i/status/2023736821209841999,yes,"This video is AI-generated fiction, not real footage. While similar real events have occurred, this depicts a made-up story for entertainment.    https://www.youtube.com/watch?v=_C-yGQ9Pxkk  https://www.reddit.com/r/isthisAI/comments/1qezuxp/is_this_video_i_found_on_youtube_shorts_of_a  https://www.newsweek.com/woman-raises-stray-kitten-realizes-bobcat-10481928",This cat dragged a stray kitten home...but It was a bobcat cub …and then https://t.co/jidtTYPW6C
https://x.com/i/status/2014877529744834822,yes,"For the upteenth time (&amp; note), F.A.E. has been shown to have numerous issues, like being easily bypassed, misassignments(adults in minor groups &amp; vice versa), disrupting in-game moderation and more    https://edition.cnn.com/2025/11/18/tech/roblox-ai-age-verification-youth-safety  https://www.usatoday.com/story/tech/2026/01/05/roblox-face-scan-child-safety-features/87970290007/    Cases:  https://x.com/MugoScales/status/2007825372126261251  https://x.com/RIEF0L/status/2001925099700752642  https://x.com/meleton_in/status/2007949015766434104  https://x.com/CR0WNEDAVERY/status/1996352913170657733  https://x.com/XHeartsickdereX/status/1996379850005975095  https://x.com/YeezePeasy/status/1992372595430408422  https://x.com/ColRealPro/status/1990858917589434459  https://x.com/Suggum_Dirt/status/1991452949705539939  https://x.com/Stargenix19/status/1988085501803589980  https://x.com/xNekorii/status/1986211434133369331  https://x.com/aliceteapartyy/status/1991173622875230238  https://x.com/BossyFrosty213/status/1991568781458698396  https://x.com/SilverSlayer908/status/1991134194047545621    More may be found via &quot;Advanced Search&quot;  https://x.com/search?q=%22roblox%22%20my%20age%20(verification%20OR%20check)&amp;src=typed_query&amp;f=top","Two updates on Age Verification from our founder and CEO, @DavidBaszucki https://t.co/SSob4cSXJy"
https://x.com/i/status/2024339098803257664,yes,"The video is AI-generated and depicts fake footage; Unitree confirmed no involvement, as their G1/H1 humanoids focus on agile demos like kung fu, not firing rifles. https://www.unitree.com/g1 https://www.instagram.com/reel/DU4tsFRkkFw","ITS REAL!!!

🇨🇳Chinese Unitree humanoids are now firing Type 191 Rifles!
https://t.co/knUbk7fQY8"
https://x.com/i/status/2024348218306318820,yes,"The video shows Leicester Square on June 18, 2021, after fans trashed it during the Euro 2020 England vs. Scotland match. It is not recent and does not reflect London's current state. Litter cleanup is handled by local councils.    https://www.bbc.com/news/uk-scotland-57516928    https://www.the-sun.com/sport/3114428/boozy-football-fans-leicester-square-rubbish","Sadiq Khan has turned London into an absolute shithole, he HAS to go 🤬🤬🤬 https://t.co/7NyQ4hyUZk"
https://x.com/i/status/2029426186649211115,yes,"The woman in the video is not Sakura Shymko (JasonTheWeen's ex-girlfriend). She denied being Sakura when rumors spread, and observers noted she resembles Sakura but is clearly not the same person.    https://x.com/SinClipd/status/2029430678757228734  https://x.com/Clav0Updates/status/2029427016076832830  https://x.com/clav_reports/status/2029426186649211115",Clavicular just met JasonTheWeen’s ex Sakura at a Fort Lauderdale club 😳👀 https://t.co/9GTAY9q0ZV
https://x.com/i/status/2023023835386417523,yes,"This video uses AI to alter footage from Michael Jordan's 2020 Paris press conference, fabricating criticism of the 2026 NBA Dunk Contest. Jordan has not commented on the event.    https://www.youtube.com/watch?v=HBXz2nfT-Fc  https://www.espn.com/nba/story/_/id/47932930/lillard-returns-win-record-tying-third-3-point-shootout",Micheal Jordan goes off on the 2026 NBA Dunk Contest from last night..... https://t.co/CZVqHmQ2V5
https://x.com/i/status/2024233596727197810,yes,"The video is computer-generated (CGI) from digital creator iceman_fox1, who states such content is digitally created. It does not show real F-47 jets testing. The F-47 (Boeing NGAD) is in development; first flight expected in 2028 per defense reports.    https://www.misbar.com/en/factcheck/2026/02/15/what-story-behind-footage-f-47-fighter-jets-over-nevada-desert  https://www.twz.com/air/first-f-47-6th-generation-fighter-now-being-built  https://en.wikipedia.org/wiki/Boeing_F-47",Next generation F-47 fighter jets caught testing over the Nevada desert🇺🇸 https://t.co/Ntd9NmTNTP
https://x.com/i/status/2020252169912611206,yes,"This video depicts AI-generated content, not real construction; the TikTok creator specializes in AI renovation simulations. https://www.tiktok.com/@vukovic_vlad","He built a secret bunker in his backyard. 

I wish I had a handy husband. https://t.co/WepVfpbHne"
https://x.com/i/status/2029523820579553629,yes,"It’s not AI, it’s a mod for Mortal Kombat 1.    https://www.nexusmods.com/mortalkombat/mods/526  https://www.nexusmods.com/mortalkombat/mods/604",Thanks to AI we now get the Mortal Kombat fatalities we've always wanted. https://t.co/FE7ggNUo0s
https://x.com/i/status/2031002416510837010,yes,"The video is AI-generated fan content, not official footage from Avengers: Doomsday or its trailers. Official teasers feature character moments like Thor praying, not these fight scenes.    https://comicbook.com/movies/feature/avengers-doomsdays-second-trailer-reveals-exactly-how-powerful-doctor-doom-is    https://www.marvel.com/articles/movies/avengers-doomsday-teaser-trailer    https://www.youtube.com/watch?v=AEAIs0CnZQw (Doom AI example)",Holy shit wtf is going on.. Doom vs Shang-chi and Wanda vs Thor aint real https://t.co/MGV5Dcn3sZ
https://x.com/i/status/2021784750868828307,yes,This homemade door replicates the 'Evolution Door' invented by Klemens Torggler in 2013. The video does not show a rejection by a homeowner or the man being saddened. https://www.torggler.co.at/torggler-door-basics/evolutiondoor.html https://www.dezeen.com/2014/02/11/door-reinvented-with-folding-mechanism-by-klemens-torggler,A man was left saddened after a homeowner rejected a door he had invented. https://t.co/wxsNEm5rti
https://x.com/i/status/2017813188033835340,yes,"No new confirmation or announcement from Trump or Musk on Feb 1, 2026, that Elon is 'staying' at DOGE. Musk's advisory role has been ongoing since 2025 with no reported changes. The video appears to be from an earlier event.    https://en.wikipedia.org/wiki/Department_of_Government_Efficiency  https://www.reuters.com/world/us/elon-musk-vivek-ramaswamy-lead-trump-doge-effort-2025-01-20/  https://apnews.com/article/trump-musk-doge-government-cuts-2025","CONFIRMED: 

Elon Musk STAYS as Trump’s Top Advisor at DOGE &amp; beyond!
 https://t.co/s7rVvtEn2o"
https://x.com/i/status/2027081835138941047,yes,This video was from June 24 2025.    https://x.com/cspan/status/1937468807536169315,"President Trump: Israel and Iran ""don’t know what the f*ck they're doing."" https://t.co/BRRjSV4e0U"
https://x.com/i/status/2015473867762880556,yes,This video is AI generated and is supposed to act as a &quot;video reference created for a client&quot; described by the original poster.    Source: https://x.com/Layemie001/status/2015178608088657937,This guy transformed a filthy unused garage into a chill dude hangout spot https://t.co/i2kFquCVDY
https://x.com/i/status/2015423557157749154,yes,"This did not just happen. This is from July 15, 2023.     https://www.pgatour.com/article/news/latest/2023/07/15/steph-curry-hole-in-one-ace-american-century-championship-pro-am","Dawg Steph just shot a hole-in-one LMAOOOOO

He might not be a real person https://t.co/a9Z982gR9h"
https://x.com/i/status/2028538228253376588,yes,"This is a video of a commercial satellite launch in Japan, not a missile.    https://www.reddit.com/r/interesting/comments/1gja456/omg_imagine_seeing_this_out_of_your_plane_window/","WATCH 🔴

Footage from a commercial airliner shows a missile being launched. https://t.co/nYumPHvbDe"
https://x.com/i/status/2024959437811683506,yes,Ryan Gosling did not win any major awards for Barbie. The only major award he’s ever won was Best Actor in a Musical or Comedy at the 2017 Golden Globes for La La Land.    https://en.wikipedia.org/wiki/List_of_awards_and_nominations_received_by_Ryan_Gosling,The fact Ryan Gosling got an award for his performance as Ken over THIS?!?! https://t.co/ctQ7w3ntXD
https://x.com/i/status/2028074785423426019,yes,This is not Usain Bolt’s daughter. Bolt’s three kids are 6 years old or younger.    https://people.com/all-about-usain-bolt-kids-11680237,"Ladies and Gentlemen, Usain Bolt's Daughter🤩😃
Speed runs🏃‍♀️ in their blood https://t.co/kwaDjYB6j9"
https://x.com/i/status/2029360146632372574,yes,This footage is from 2025.    https://x.com/i/status/2015253816116216058,"BREAKING🚨 New wave of Iranian ballistic missiles hitting Tel Aviv "" Israel"" https://t.co/nEDqaSLrJR"
https://x.com/i/status/2028370958277591206,yes,"This is a video game…    Braindead propaganda. This very common for this regime, which blatantly shares videos of “GTA V” mods and “War Thunder” clips as combat footage.    https://www.pcgamer.com/games/as-the-possibility-of-war-looms-in-the-middle-east-clips-of-arma-3-and-war-thunder-are-being-used-as-propaganda-and-even-the-israeli-militarys-having-to-clarify-the-footage-is-fake/    ","Good news for IRAN💪

American fighter jets shoot down...

Crash in Kuwait 💪💪 https://t.co/6hJseUFRXr"
https://x.com/i/status/2019150341057781911,yes,"The eliminated contestant (Player 157, Catey) is not Nick's (Player 118) girlfriend; she has a boyfriend of nearly five years outside the show, and he eliminated her once, not twice. https://thetab.com/realityshrine/2026/02/02/shes-one-of-the-most-controversial-players-on-beast-games-so-who-is-catey https://www.primetimer.com/features/who-was-the-third-player-eliminated-by-nick-and-monika-in-beast-games-season-2-epsiode-7-details-explored","BRUTAL: MrBeast contestant ELIMINATED his girlfriend TWICE without thinking.
https://t.co/ldzxUQCVIZ"
https://x.com/i/status/2028202063570620522,yes,This is a video game Arma 3    https://youtube.com/shorts/qGLbHnLZWbw?si=XFK0tya9O9bWV6uE,"U.S. fighter jet dodges 5,000 bullets and still manages to hit its target 🔥🎯 https://t.co/7x5nExvbA9"
https://x.com/i/status/2022864615865016735,yes,"Allied powers saw Dresden as a valid military target, with 127 mid/large factories and main rail routes eastward. Due to cloud cover, USAAF defaulted to targeting the city centre. German reports inflated casualties by x10. Allied leaders still viewed the casualties excessive.    https://en.wikipedia.org/wiki/Bombing_of_Dresden",The bombing of Dresden was arguably the greatest War Crime in human history. https://t.co/Lb9Pq1nZ90
https://x.com/i/status/2016570197302190190,yes,Real snow often appears not to melt or drip when exposed to intense heat like fire because it sublimes (turns from solid to vapor) or absorbs melted water into its porous structure like a sponge. Black residue is soot from the flame.    https://www.usatoday.com/story/news/factcheck/2021/02/19/fact-check-unfounded-claims-synthetically-manufactured-snow/4509063001 https://www.popularmechanics.com/science/a35590304/conspiracy-theorists-burning-snow-viral-tiktok-videos https://sciencenotes.org/why-doesnt-snow-melt-when-you-put-a-lighter-to-it/,Here's that snow from last weekend sitting on a fire and not melting at all. https://t.co/5cnnzjxiCZ
https://x.com/i/status/2017676570731942332,yes,"The video is 1992 NBC footage of a party at Mar-a-Lago with Epstein present, not from the recently released Epstein files. https://www.nbcnews.com/news/us-news/tape-shows-donald-trump-jeffrey-epstein-discussing-women-1992-party-n1030686 https://www.nytimes.com/2019/07/17/us/politics/trump-jeffrey-epstein-video.html",@GlobalUpdates24 Trump is also there in one released video from #EpsteinFiles https://t.co/cjGojjbDwj
https://x.com/i/status/2017994867323130254,yes,"This account is simply clickbaiting the readers by posting videos that are clearly AI generated, which are made very poorly. And while doing so the account tries to make it into an emotive issue also by bringing in mother-baby relation.    https://x.com/Crazymoments01/status/2017994867323130254",When instinct flips the power dynamic. Nature's rule 1: Don't touch her kids. https://t.co/OCCKChQU6A
https://x.com/i/status/2021306283618390272,yes,"This was not China, but in Iowa in 2018.  https://www.youtube.com/watch?v=Cpq3BhjU8jY  ","🇨🇳 A new type of firework, called ""Hiroshima Romance,"" has appeared in China. https://t.co/5XnYjk0SUd"
https://x.com/i/status/2027783355656261817,yes,This video shows a fire in the port of Hudaydah (aka Hodeidah) on July 20 2024 caused by a retaliatory Israeli airstrike.  (So it is not from the 2026 US-Israeli attacks on Iran.)  https://www.youtube.com/watch?v=1LR0uf8WUsQ  https://www.timesnownews.com/world/middle-east/yemens-al-hudaydah-oil-port-is-burning-after-israeli-strikes-videos-emerge-article-111891105  https://www.aljazeera.com/news/2024/7/20/air-raids-hit-yemens  https://www.cbsnews.com/news/yemen-houthis-port-hodeida-fire-burns-after-israel-strike/  https://www.ynetnews.com/article/sjdy7mnoc  https://www.nytimes.com/2024/07/21/world/middleeast/israel-yemen-hudaydah-port.html,"🚨Direct hit on oil facility in Saudi Arabia 🇸🇦

Hope your cars are filled up… https://t.co/nll6qodMKy"
https://x.com/i/status/2018150939006492953,yes,Jelly Roll was not kicked off the stage; he completed his full acceptance speech after praising Jesus. https://people.com/jelly-roll-says-wife-bunnie-xo-saved-his-life-in-grammys-2026-speech-11897160 https://parade.com/news/jelly-roll-delivers-emotional-speech-after-winning-grammys-first-time,Jelly Roll praises Jesus before getting kicked off the stage at the Grammys ✝️ https://t.co/HjFel1NnJx
https://x.com/i/status/2012056472105189717,yes,"This video is a fan-made concept using modded WWE 2K25 footage, not an official leaked trailer for WWE 2K26. No official trailer has been released.    https://wwe.2k.com/  https://www.thesportster.com/wwe-2k26-reveal-trailer  https://cultaholic.com/posts/update-on-plans-for-wwe-2k26",🚨The promotional trailer for the new wrestling game WWE 2K26 has been leaked 🔥 https://t.co/kOkJIAuPIt
https://x.com/i/status/2030664315163017334,yes,"This video is AI-generated, not real footage of an actual dog abandonment and rescue. Many similar viral clips use AI to fabricate emotional stories.    https://www.newsnationnow.com/animals/animal-shelter-inundated-with-calls-over-ai-photo    https://www.reddit.com/r/isthisAI/comments/1pqqk39/if_this_is_ai_i_am_so_scared_i_want_to_believe    https://www.instagram.com/reel/DULY2qCkdPI",Proof that many times something better comes after such a cruel abandonment. . https://t.co/nXGYwlmjYR
https://x.com/i/status/2013767332829766048,yes,"This is a fabricated video using AI to mimic Trump and does not depict his real remarks. The creator has produced similar AI videos. Trump's actual Jan. 20, 2026 briefing transcript shows no such statements.    https://decrypt.co/323526/trump-deepfake-velociraptors-border-patrol    https://rollcall.com/factbase/trump/transcript/donald-trump-press-conference-briefing-room-january-20-2026",Trump is in a new zip code of unfiltered when it comes to immigration. Unreal. https://t.co/7Lxv2rb1to
https://x.com/i/status/2028741640899174835,yes,"**The video is AI-generated.** It features unnaturally fluid, professional-level dance moves beyond a young child's capability, as noted in replies and reposts. The poster replied &quot;Lol&quot; to a comment that &quot;Facebook pple will think it’s real,&quot; signaling awareness.    https://x.com/Ogbenitom/status/2028800345799811104    https://x.com/Eexus3/status/2028771624426631296    https://x.com/Dhavidtips/status/2028764743570182557","So sweet to watch ☺️

Make Asake and Wizkid just locate this little girl fast. https://t.co/rhdFipF56n"
https://x.com/i/status/2017185202896830881,yes,"This video depicts a fake, AI-generated confrontation between Tom Hardy and Keir Starmer that never happened. No such BBC interview exists. https://www.bbc.co.uk/search?q=Tom+Hardy+Keir+Starmer https://www.theguardian.com/search?q=Tom+Hardy+Keir+Starmer","🚨 Tom Hardy  humiliates Keir Starmer  Live on the BBC 

I do hope this is true https://t.co/zxxYZ5C366"
https://x.com/i/status/2016447631669555633,yes,This is a copy-paste of Radec’s original post:  https://x.com/realradec/status/2016552837149347999?s=46&amp;t=yIs6OW-GheJRoGrAD8pooQ,reminding everyone that the ps3 store has the worst search function of all time https://t.co/KseHrtgG4h
https://x.com/i/status/2028334784800489553,yes,"US Incirlik base is not attacked. The reporter is Turkish but the footage is from somewhere else. You can check the web, no Iran attacks to Turkey.     https://www.google.com/search?q=iran+incirlik+attacked&amp;ie=UTF-8&amp;oe=UTF-8&amp;hl=tr-tr&amp;client=safari","🇺🇸🇮🇷🇹🇷First images of #Iran's attack on the US Incirlik base in Turkey

#IranWar https://t.co/3GEUlKyK8D"
https://x.com/i/status/2033266520579604532,yes,"Actually she is doiny funny clips online. Everything is staged to be funny. She is belgian, not french. Those are not migrant men, actually are actors for the funny clips she is doing.   https://www.instagram.com/shauna.dewit?igsh=MXhhcnZ6azR0amZuaw==",French woman retaliates against migrant men following her in France! Hilarious 😆 https://t.co/nBOhfPe7EA
https://x.com/i/status/2028098020802257321,yes,"Putin is laying roses at his brothers grave in January, 2026.     https://youtu.be/xszY0kal-xc?si=eFa3oAc1DmY8221C",Putin places flowers in Moscow to honor Iran's Supreme Leader Ayatollah Khamenei https://t.co/oxKTDRC6IV
https://x.com/i/status/2027763466480849154,yes,"This is an old video from October 2024 of Tel Aviv, Israel, being attacked by Iran.    https://edition.cnn.com/2024/10/01/world/video/iran-attack-israel-video-sciutto-digvid ","Palm Jumeirah. the city of #Dubai, United Arab Emirates right now 💀
#dubaiattack https://t.co/bj40Fn4cXM"
https://x.com/i/status/2032821157993341338,yes,"&hyphen-minus; &quot;You can see, just behind me, Prime Minister Benjamin Netanyahu who has visited this place.&quot; (0:03)  - &quot;You can see Netanyahu, in fact, visiting this particular location.&quot; (0:23)    https://x.com/TodaysNewsco/status/2032821157993341338","Israeli journalist claims:

“Netanyahu may have died in this house that was hit.” https://t.co/BybWPJksRv"
https://x.com/i/status/2028170166060670996,yes,"This video shows crowds at the 2020 funeral of Qasem Soleimani, not recent mourning for Ayatollah Khamenei. It is old footage being misrepresented as current events in Iran.    https://www.vishvasnews.com/english/world/fact-check-viral-video-of-qassem-soleimanis-funeral-misrepresented-as-a-rally-held-in-support-of-irans-current-government  https://www.misbar.com/en/factcheck/2026/01/10/video-shows-qasem-soleimani’s-funeral-not-pro-iranian-regime-protest  https://www.theguardian.com/world/video/2020/jan/05/massive-crowds-attend-suleimani-funeral-processions-video","BUT I thought Iranians hated Ayatollah Khamenei. 

No, wait… Israel lied AGAIN.

 https://t.co/fbPiOY1hiG"
https://x.com/i/status/2028717589074006028,yes,Misleading. The creators intentionally programmed the “detect AI → switch to efficient mode” behavior for efficiency reasons.     It’s not that the AIs spontaneously invented a secret language.    https://sinapsediaria.com/en/how-gibberlink-went-viral-and-became-a-cultural-phenomenon/,"Two AI agents on a phone call realize they’re both AI and ditch human language 

 https://t.co/YHkoPv3P1F"
https://x.com/i/status/2028945074030055595,yes,Here are video's  Youtube:  https://youtu.be/xRSPxuptLd8?is=v-D_e1vZ8EYeXbBv  https://youtu.be/MnzKk8-WF7M?is=Jzbld-in5psVPOTu  https://youtu.be/9bR6-V0EK80?is=iWRqfl3x-13Y-WPS  https://youtu.be/xqbnOYjifQM?is=Iq17UGfmUVtNQ2mo  https://youtu.be/lzOsvdN4oLY?is=moISCoQYeuivetNA  https://youtu.be/fvuQYLvDyjY?is=WH6ZuE0dn6F8A5cr  Where the money went  https://www.ukraineoversight.gov/Funding/  ,"WHERE are the FCKN VIDEOS?

The Pictures? 

ANYTHING of the FCKN WAR in Ukraine ?? https://t.co/BzGQzHpDv6"
https://x.com/i/status/2031385508417515666,yes,"The video does not depict an American soldier in Iran, as no US ground troops have been deployed inside the country. https://en.wikipedia.org/wiki/2026_Iran_war https://www.cnn.com/world/live-news/iran-war-us-israel-trump-03-10-26 https://www.aljazeera.com/news/2026/3/7/trump-administration-denies-reports-that-iran-captured-us-soldiers","“This shit not lookin good. Iran might have won,” says American soldier in Iran. 👀 https://t.co/Q9N53a9ibU"
https://x.com/i/status/2028531216018796944,yes,This is from Tianjin Port in China On 12 Aug 2015.    https://youtu.be/993wlZ6XFSs?si=ZAjMYonq0PY1TL5M,"Missile attack has begun.  
Now the whole world will watch Israel being destroyed. https://t.co/VXksIsxRwP"
https://x.com/i/status/2023853703850324472,yes,Galgotiya’s have been asked to vacate the AI summit.      https://www.moneycontrol.com/artificial-intelligence/galgotias-university-directed-to-vacate-ai-summit-following-chinese-robot-claim-article-13833185.html/amp,Galgotias University At AI Impact Summit India 2026 Showcasing Student-Led Startups https://t.co/3eGcOSiJYk
https://x.com/i/status/2033509334542348799,yes,"The woman in this video is Natalie Harp, not Karoline Leavitt. Harp is a senior aide who assists Trump with social media and often travels with him on Marine One.    https://en.wikipedia.org/wiki/Natalie_Harp  https://www.presidency.ucsb.edu/documents/pool-reports-january-9-2026  https://www.gettyimages.com/detail/news-photo/aide-natalie-harp-boards-marine-one-to-join-u-s-president-news-photo/2239733034","CAUGHT IN CAMERA:

What the hell were Trump and Leavitt doing here on Marine One?   https://t.co/jjc2fItxin"
https://x.com/i/status/2014041528067383372,yes,AI      https://youtu.be/q5_PrTvNypY?si=ZCjcVnhZn8BRpckM,"During a harsh winter, an eagle knocked on our balcony her beak frozen shut in ice. https://t.co/TfzeZ5gvPL"
https://x.com/i/status/2011899922485035023,yes,"This video is a scripted skit, not a real classroom event. The same actors appear in another skit where the &quot;teacher&quot; ejects a student for wearing a MAGA hat.  https://www.tiktok.com/@amymarie_cherokeemarie/video/7489688426279669022  https://leadstories.com/hoax-alert/2025/04/fact-check-video-does-not-authentically-shows-a-real-teacher-defending-a-student-with-maga-hat.html","This is how you protect a kid AND shut down mob mentality.

More of this please. 👏😭 https://t.co/lIveodCegN"
https://x.com/i/status/2029754345575555376,yes,"The video shows a June 2025 tanker collision in the Gulf of Oman, not an Iranian attack. Iran claimed to strike a US tanker in March 2026, but this footage is unrelated.    https://apnews.com/article/oil-tanker-hormuz-strait-greenpeace-316060acbce974b715e43e41b80945cc    https://english.alarabiya.net/News/gulf/2026/03/05/passage-through-the-strait-of-hormuz-during-war-will-be-under-iran-s-control-irgc","American oil tanker struck by Iran!

An oil tanker is ablaze in the Strait of Hormuz https://t.co/KdwRRXnAUb"
https://x.com/i/status/2029260119796523474,yes,This video was stolen without credit to the original creator    https://x.com/SamzOnline/status/2029563924933222530,😱 This is the FASTEST round in the history of the PRO scene — it lasted 6.42 seconds. https://t.co/n1bglfd6ar
https://x.com/i/status/2016571677199487174,yes,"This viral video of a woodcutter distracting wolves with meat to save a terrified bear cub is **AI-generated slop**. no real event matches it. Typical signs: cinematic narration, unnatural animal movements, impossible happy ending. Similar fakes flood platforms.    https://www.snopes.com/fact-check/ai-tiktok-polar-bear-cub-rescue/","A bear cub tries to escape a pack of wolves by climbing a tree, and this woodcutter…. https://t.co/JrAClaORDr"
https://x.com/i/status/2028467507896672756,yes,This is an old military training video unrelated to the current conflict. This account changed its name and deleted all its old posts today and exclusively posts obviously false pro-Iran disinformation and jingoistic schlock. It is probably state run and promoted by bot farms.    https://x.com/MojtabaSpoof/about,"Airstrikes on Israel have begun. 

600 missiles were launched in an attack on Israel. https://t.co/i6x0Myko6H"
https://x.com/i/status/2012654097929814440,yes,"This is clearly AI generated. The shadows and physics of the movement are not natural.  https://www.reddit.com/r/isthisAI/comments/1oupmqy/this_was_posted_on_a_couple_other_subs_today_the/#:~:text=Definitely%20AI%2C%20based%20on%20what,but%20it's%20100%25%20repost%20accounts.","‼️ 🚨 NOT FOR THE WEAK HEARTED

What a view. Camera fitted to a Mountain Goat. Not AI. https://t.co/JZ81hl7hXO"
https://x.com/i/status/2013458003152830823,yes,"Gary Harrington was convicted for building unpermitted reservoirs that impounded millions of gallons from natural streams, not for simple rooftop rainwater collection in barrels, which is legal in Oregon. https://www.snopes.com/fact-check/man-gets-prison-sentence-for-collecting-rainwater-on-his-own-property https://www.opb.org/news/article/southern-oregon-man-sentenced-to-jail-time-for-ill https://www.doj.state.or.us/media-home/news-media-releases/harrington-conviction-and-sentence","They even own the rain!

What I want to know is how they found out? Who reported it?? https://t.co/fO1BPQnrQI"
https://x.com/i/status/2017247055400599643,yes,"This video is AI generated. The storyline of a video vaguely follows an actual event, but this video was generated using artificial intelligence. Multiple giveaways, including the dog drinking through the water bottle.  https://www.captechu.edu/blog/how-spot-ai-generated-content-it-fact-or-fiction#:~:text=Unnatural%20movements%20and%20expressions:%20While%20AI%20can,transitions%2C%20can%20all%20be%20indicators%20of%20AI","My heart is broken 💔 after watching this video. But in the end, the girl won hearts.💖 https://t.co/H2BAE6hFHr"
https://x.com/i/status/2017139859664884013,yes,This video is AI-generated and depicts a fictional rescue story; no real husky was abandoned on a highway or rescued as shown.    https://www.tiktok.com/@paw__therapy/video/7596390966731246869  https://www.instagram.com/reel/DS-lzKKEiJs,"My heart is broken 💔 after watching this video. But in the end, the girl won hearts.💖 https://t.co/tu0HjJyD3U"
https://x.com/i/status/2022491085952409765,yes,This video is a staged comedy sketch from the Belgian satirical series 'In de Gloria' (2000). It's not a real talk show interviewing actual injured people; all are actors in a mockumentary.    https://en.wikipedia.org/wiki/In_de_gloria    https://skeptics.stackexchange.com/questions/37051/is-the-funniest-interview-you-will-ever-see-genuine,This show invited people with injured vocal chords and the host couldn't stop laughing https://t.co/jAHY0p369p
https://x.com/i/status/2033520419626467761,yes,"Thomas Massie is highly active on X and has a habit of discussing, arguing, and debating various bills and votes in his posts and replies. Any claim that he doesn't defend his voting record or positions is proven false by a quick search of his profile.    https://x.com/RepThomasMassie","When you can’t defend your own record, you try to distract with attacks on others. 🚜⤵️ https://t.co/0tEiLDiv9W"
https://x.com/i/status/2029180123333718138,yes,This video was posted to Instagram on February 15th. The assassination attempt on Mahmoud Ahmadinejad took place on February 28th.  https://www.instagram.com/reel/DUxsperDasZ/  https://www.thenationalnews.com/news/mena/2026/02/28/three-irgc-members-from-former-president-ahmadinejads-security-team-killed-in-tehran-attack/ ,"Ahmadinejad, previously declared dead by Israel, has ""miraculously"" appeared in public https://t.co/7wAFjkZ4AH"
https://x.com/i/status/2033261966349746410,yes,"The man's telescope uses a white light filter, showing sunspots but not flares. NASA and amateurs use H-alpha filters to view solar prominences and flares in the chromosphere.    https://skyandtelescope.org/observing/observing-the-sun    https://www.astroleague.org/how-to-safely-observe-the-sun",Man with amateur telescope observes the Sun from his back garden and calls NASA liars. https://t.co/DBJGWbUZqf
https://x.com/i/status/2016730522169594187,yes,"This video is AI-generated fiction depicting the F-47 fighter jet, which is under development by Boeing with its first flight expected in 2028. No testing has occurred as of January 2026.    https://www.youtube.com/shorts/48UXU91evCg  https://www.defensenews.com/air/2025/09/22/first-f-47-now-being-built-will-fly-in-2028-us-air-force-chief",Next-generation F-47 fighter jets caught testing over the Nevada desert. (January 2026) https://t.co/EJJb7HER4x
https://x.com/i/status/2021172967435120877,yes,"Visual inspection shows AI-generation hallmarks, including jerky movements, inconsistent lighting on the rope, and unnatural cub behavior, with no matching real wildlife incidents reported by organizations like WWF or Snow Leopard Trust.    https://x.com/i/grok/share/87324ea3ebb949a29b8488785966cff9",This man found a snow leopard that a poacher had maliciously tied to a tree with a rope https://t.co/vtH6vk2FdZ
https://x.com/i/status/2020461440570679745,yes,"The wall-sticking trick shown is real and uses static friction, but there is no &quot;Albert Einstein's Law of Friction.&quot; Einstein did not formulate friction laws; these were first noted by Leonardo da Vinci and developed by Amontons.    https://www.smithsonianmag.com/smart-news/researcher-discovers-first-written-evidence-laws-friction-leonardo-da-vincis-notebooks-180959889    https://www.nobelprize.org/prizes/physics/1921/einstein/biographical/    https://www.themycenaean.org/2019/06/simple-physics-pencils-sticking-to-the-wall","Albert Einstein's Law of Friction, the gravitational force of matter, these are real…

 https://t.co/Lv3wDY5ERB"
https://x.com/i/status/2018414848770502982,yes,"The arrested man is a Russian national vacationing in Florida, not an American from Florida. https://www.independent.co.uk/news/world/americas/crime/russian-tourist-abusing-daughter-florida-b2756027.html https://kesq.com/cnn-regional/2025/05/23/father-arrested-charged-with-aggravated-child-abuse-after-surveillance-video-captures-attack-on-2-year-old-girl-police-say/ https://www.cbsnews.com/miami/news/judge-denies-bond-father-kicking-toddler-daughter-sunny-isles-beach-condo/",An American tourist from Florida was arrested for assaulting his two-year-old daughter. https://t.co/M1nciBwpq7
https://x.com/i/status/2027774655365259631,yes,"The video shows missile interceptions over Tel Aviv, Israel in June 2025, not Palm Jumeirah, Dubai in 2026. The skyline matches Tel Aviv viewed from Jaffa.    Iran launched missiles at UAE on Feb 28, 2026, but this footage is unrelated.    https://www.youtube.com/watch?v=33Z6RfuGTCw  https://www.locationscout.net/israel/9793-skyline-tel-aviv-from-old-jaffa  https://www.reuters.com/world/middle-east/iran-fires-missiles-gulf-arab-states-one-killed-abu-dhabi-2026-02-28","🔴  THE SAFEST PLACE IN THE WORLD? 

It’s raining rockets over Palm Jumeirah, Dubai, UAE https://t.co/Z8EaQZnfvj"
https://x.com/i/status/2027685520570990887,yes,"This is video game footage first shared on May 10, 2025 as India-Pakistan war footage: https://x.com/iRaiSaqib/status/1921105034386792595","This is one of the most AMAZING videos I have ever seen. 

It doesn’t even look real! 
 https://t.co/X5hnHMYqWv"
https://x.com/i/status/2025183104009224627,yes,"Craig Scott Valdez is the Chief of Staff for Alaskan Republican State Senator George Rauscher of Sutton, &amp; he is a Republican himself. He is listed on the Alaska Republican Party Website as Chair of the Anchorage Young Republicans. He is NOT a ‘Democrat’. https://www.adn.com/alaska-news/crime-courts/2026/02/20/staffer-to-alaska-gop-lawmaker-charged-with-sex-trafficking-other-federal-sex-crimes-involving-a-minor/",Democrat State senator chief of staff arrested on federal child sex trafficking charges. https://t.co/WV2KDj2lLv
https://x.com/i/status/2013027676328464648,yes,The video depicts an AI-generated fictional exploration and does not show real hidden ancient structures beneath the sand in Egypt.    https://x.com/lorenzocreazzo/status/1872345678901234567  https://twstalker.com/DesireToSee/status/1958805379254821131,Imagine once all sand is removed how much more is hidden.. our history is a complete lie https://t.co/rKuI4cwQoE
https://x.com/i/status/2019034202227032184,yes,"Misleading — the clip is recycled from Nov 21, 2025, not a new “get out” call. Cramer’s Feb 2026 comments were more nuanced and he even tweeted buyers could push BTC back to $82K. https://www.instagram.com/reel/DRVS1ChiE4O https://x.com/jimcramer/status/2018042138466906217","JIM CRAMER SAID, ""EVERYTHING IS NOT FINE"" WITH BITCOIN.. 

''PEOPLE NEED TO GET OUT.'' 🚀 https://t.co/xAMlB1kbJ7"
https://x.com/i/status/2030031579439890755,yes,"This video is AI-generated or edited. No lion is climbing Mount Everest; lions don't live in such environments, and no credible reports confirm this event. It's a viral meme clip.    https://x.com/grok/status/2030055834747646301    https://en.wikipedia.org/wiki/Mount_Everest    https://en.wikipedia.org/wiki/Lion",❄️😯 Have You Heard About The Lion Who Is Currently Climbing Mount Everest⁉️ 🤔 Interesting https://t.co/FYBxHLwSLP
https://x.com/i/status/2026838367749513684,yes,"This post is factually misleading.  Japan sank the first U.S. aircraft carrier, the USS Langley (CV-1), on February 27, 1942.     List of sunken Aircraft carriers:  https://en.wikipedia.org/wiki/List_of_sunken_aircraft_carriers",🔺 Iran will be the first country in history to sink an aircraft carrier... God willing 🔥👌 https://t.co/6KQSj7SnS2
https://x.com/i/status/2015449105007260125,yes,"This video is AI-generated, not real footage of dogs at a shelter choosing owners. Visual anomalies like distorted fingers and unnatural movements, plus AI detectors, confirm this. Sources: https://srilanka.factcrescendo.com/english/viral-video-of-dog-shelter-where-dogs-choose-their-humans-is-ai-generated-not-real-footage https://www.boatos.org/english/video-shows-us-shelter-where-dogs-choose-their-new-families.html https://www.facebook.com/jaxanimalcare/posts/when-team-acps-saw-those-adorable-viral-videos-of-ai-shelter-dogs-choosing-their/1287158763444615  https://srilanka.factcrescendo.com/english/viral-video-of-dog-shelter-where-dogs-choose-their-humans-is-ai-generated-not-real-footage  https://www.boatos.org/english/video-shows-us-shelter-where-dogs-choose-their-new-families.html  https://www.facebook.com/jaxanimalcare/posts/when-team-acps-saw-those-adorable-viral-videos-of-ai-shelter-dogs-choosing-their/1287158763444615","The dogs at the shelter are choosing their new owners. It's a very emotional moment. 🤗🥰

 https://t.co/Z9uOYPPsJp"
https://x.com/i/status/2022700116319313960,yes,"The video is from the military simulation game ARMA 3, showing Russian Su-57 jets being shot down with red tracers. Israel does not operate Su-57s. There are no confirmed reports of Israeli jets being shot down on February 14, 2026.    https://www.youtube.com/watch?v=64AsKluphVI  https://www.jewishvirtuallibrary.org/israel-air-force-aircraft-inventory  https://www.reuters.com/world/middle-east/  https://www.reuters.com/fact-check/video-game-clip-shared-real-footage-indian-jet-being-downed-2025-05-15","The war has begun.

2 Israeli fighter jets were shot down.

Are you happy with Khamenei ? https://t.co/jnIedNMsiR"
https://x.com/i/status/2027972121079488769,yes,The video was generated by AI.    https://caniphish.com/blog/how-to-spot-ai-videos,Two CCTV Cameras Capture a Brave Guard Dog Fighting a Skinny Creature at a Farm at Night😱 https://t.co/7K2CleWGFb
https://x.com/i/status/2029047863767142558,yes,"The woman in this video is not Sakura Shymko. On March 3, 2026, Sakura was live streaming from Austin, Texas, while this video is from a club in Fort Lauderdale, Florida.    https://x.com/SakuzaUpdates/status/2028947332964966453  https://www.youtube.com/watch?v=YiQ6JCd20T0",No way Clavicular and Drago just met JasonTheWeen’s ex Sakura at a Fort Lauderdale club 😳👀 https://t.co/XAfhECIGs7
https://x.com/i/status/2025886302797705558,yes,"The claim that President Sheinbaum was transferred to a navy ship for safety amid recent violence is false. The video is from her planned visit to the port of Guaymas on Feb. 1, 2026. She held a press conference in Mexico City on Feb. 23.    https://www.kjzz.org/fronteras-desk/2026-02-02/mexicos-president-visits-sonora-to-announce-inaugurate-infrastructure-projects  https://x.com/Claudiashein/status/2025929756240171236  https://www.bbc.com/news/articles/c795qgejzpxo","The President of Mexico has just been transferred to a Mexican Navy ship for her safety.

 https://t.co/dTzof37huI"
https://x.com/i/status/2033675724796641386,yes,"The video is from a 2020 fire at a market in Ajman, UAE (near Dubai), not the airport. A drone strike did cause a fire at a Dubai airport fuel tank on Mar 16, 2026, but it was quickly contained with flights resuming shortly after.    https://www.thaipbs.or.th/verify/en/content/9696    https://nypost.com/2026/03/16/world-news/iranian-drone-strike-takes-out-fuel-tank-at-dubai-airport-temporarily-halting-flights    https://www.aljazeera.com/video/newsfeed/2026/3/16/fire-erupts-at-dubai-airport-following-drone-attack","Dubai's international airport is up in flames.

All thanks to one man's careless actions.

https://t.co/ftSCU1ZoHG"
https://x.com/i/status/2015835255387685015,yes,"Canada has not pulled back from its agreement with China; it was never a free trade deal, and PM Carney confirmed the limited tariff reductions on EVs and canola will proceed. https://www.cnbc.com/2026/01/26/canada-china-trade-deal-tariffs-trump.html https://www.cbc.ca/news/politics/carney-canada-trump-tariff-threat-china-trade-9.7060150","Canada pulls back from China deal after Trump threatens PM Mark Carney with full tariffs

 https://t.co/ZYuckelDzk"
https://x.com/i/status/2012397530869559430,yes,This video depicting a woman rescuing a baby deer from a road pit is AI-generated.  https://www.facebook.com/61583635316862/videos/kind-hearted-lady-rescues-a-poor-baby-deer-trapped-in-a-deep-pit-in-the-middle-o/969209809306440  https://www.threads.com/@muhammadimran78601/post/DTYAPpZgBLq/video-kind-hearted-lady-rescues-a-poor-baby-deer-trapped-in-a-deep-pit-in-the-middle,Kind-Hearted Lady Rescues a Poor Baby Deer Trapped in a Deep Pit in the Middle of the Road https://t.co/ilVeowsI8C
https://x.com/i/status/2014322656678694925,yes,"The USS Abraham Lincoln is en route to the Middle East but has not arrived in the Arabian Sea as of January 22, 2026. https://www.forbes.com/sites/petersuciu/2026/01/21/is-another-united-states-navy-supercarrier-heading-to-the-middle-east https://usa.news-pravda.com/world/2026/01/18/627675.html",🚨🇺🇸BREAKING: The American aircraft carrier Abraham Lincoln has arrived in the Arabian Sea. https://t.co/8ffDiZm3FF
https://x.com/i/status/2017228087126028515,yes,"The video is AI-generated, not a real rescue. Subtitles call the animal a lynx (not snow leopard), and movements/transitions show synthetic artifacts common in AI content.    https://x.com/Gabriele_Corno/status/2017228087126028515    https://support.google.com/youtube/answer/14328491",This man found a snow leopard that a poacher had maliciously tied to a tree with a rope….. https://t.co/mNwxavVrKl
https://x.com/i/status/2014281891726131498,yes,"The video is AI-generated fiction mislabeled as a snow leopard rescue; snow leopards inhabit high-altitude rocky mountains, not forests, and are poached using traps or guns, not tied to trees. https://www.flexclip.com/learn/ai-animal-rescue-video.html https://www.britannica.com/animal/snow-leopard https://snowleopard.org/tackling-illegal-trade-and-poaching-of-snow-leopards/",This man found a snow leopard that a poacher had maliciously tied to a tree with a rope….. https://t.co/izKpwgGs3l
https://x.com/i/status/2015846303427649962,yes,"Canada is a parliamentary democracy: https://en.wikipedia.org/wiki/Canada    Canada was never pursuing a free trade deal with China, they merely came to an agreement about lowering some tariffs that were placed on exports.    https://www.cnbc.com/amp/2026/01/26/canada-china-trade-deal-tariffs-trump.html",Communist Canada rescinds the Communist China deal over President Trump’s proposed tariffs. https://t.co/Lj66DqenWa
https://x.com/i/status/2020625440361332833,yes,"This video shows a WWE Raw entrance, not the TPUSA All-American Halftime Show. The actual event featured Kid Rock, Lee Brice, Gabby Barrett, and Brantley Gilbert, with tributes to Charlie Kirk on video boards. Erika Kirk did not make a stage entrance. https://www.foxnews.com/sports/turning-point-usas-super-bowl-halftime-show-pays-tribute-charlie-kirk","Here’s Erika Kirk entrance at the @TPUSA All-American Halftime Show tonight: 

#SuperBowl 
 https://t.co/xg74FmLBV8"
https://x.com/i/status/2033257396013846657,yes,"The video is from a 2017–2018 Punjab Food Authority raid on a fake mineral water factory in Lahore, Pakistan, not India, based on similar reported incidents and matching footage.    https://www.thenews.com.pk/print/279138-fake-mineral-water-factory-raided",You think drinking bottled water in India will prevent you from getting stick? Think again: https://t.co/7xuyFydu5P
https://x.com/i/status/2027882474802712690,yes,"This video was recorded on June 12, 2025 in Tbilisi, Georgia.  It depicts a crowd reaction to the sentencing of Georgian protester Mate Devidze to 4.5 years in prison for assaulting an officer during a protest against electoral fraud on November 19, 2024.    https://oc-media.org/twenty-one-year-old-georgian-sentenced-to-4-5-years-for-assaulting-police-during-protest/    https://mythdetector.com/en/tbilisi-court-as-footage-from-an-israeli/    https://x.com/JAMnewsCaucasus/status/1933173696354828489    https://www.facebook.com/watch/?v=1740209569904464#:~:text=Chaotic%20scenes%20have%20erupted%20in%20Tbilisi%20City%20Court    https://x.com/Mikiashvili_M/status/1933136109212414174  ",Look at these sacred rats.  They commit genocide for 3 years and freak out over a few bombs https://t.co/bFIy8DZ7d9
https://x.com/i/status/2030395124304228698,yes,This footage is from the video game: Digital Combat Simulator (a.k.a. DCS) and NOT from the U.S. military.    https://x.com/kimhvik2/status/2030403405512872127,"MUST WATCH 🔴
The U.S. military releases rare operational footage of the B-2 stealth bomber. https://t.co/wRkj1dS5Y5"
https://x.com/i/status/2028546694930129369,yes,"The video shows giant explosions that happened in Tianjin, China, in 2015. This footage has often been falsely attributed to different locations and dates since it was first filmed and posted online.    https://leadstories.com/hoax-alert/2023/06/fact-check-video-does-not-show-explosions-in-china-in-2023-its-from-2015.html","Missile attack has begun.  
Now the whole world will watch Israel being destroyed.
#IranWar https://t.co/dXAAbW2l3c"
https://x.com/i/status/2029965316634071375,yes,The video is fabricated or AI-generated; real footage of the USS Theodore Roosevelt passing Malaysian fishermen shows no activity of reeling in a large fish. https://defencesecurityasia.com/en/malaysian-anglers-encounter-uss-theodore-roosevelt-in-strait-of-malacca https://www.nst.com.my/news/nst-viral/2024/08/1084909/nstviral-malaysian-fishermens-close-encounter-massive-us-aircraft,"Imagine yourself reeling in a big one, When out of nowhere, the USS Teddy Roosevelt pulls up https://t.co/KADmtrFwnK"
https://x.com/i/status/2027886920391680222,yes,"Video is a simulation, not evidence an F/A‑18 evaded an Iranian &quot;Shahid&quot; missile. The same clip was posted as a simulation showing an F/A‑18 dodging Osa‑AKM missiles and labeled &quot;it's not an actual combat mission.&quot; https://www.instagram.com/reel/DVTlryCESn6",Incredible! 🇺🇸🫡 American jet evades Iranian Shahid missile on February 28th surprise attack! https://t.co/fk8E0SMMjg
https://x.com/i/status/2012950360974033302,yes,"Neither of the rockets shown are from China, or happened in recent times.    The first clip is from a Russian Proton M rocket failure from 2013, while the second clip is from a failed NASA Antares rocket launch from 2014.    https://www.youtube.com/watch?v=YUhK5vnSigo  https://www.youtube.com/watch?v=MZ0SgAU9LXI","JUST IN🇨🇳🇹🇼 China launches Two military surveillance rockets in one day, both of which fail. https://t.co/yJGkLJRoKH"
https://x.com/i/status/2014357007013208259,yes,"The video shows recovering only a few grams of gold using a hand-held spiral panner, not 1 kg per day as claimed. Typical recreational gold panning yields 0.5-2 grams per day even for experienced prospectors. https://panfortreasure.com/how-much-can-you-make-panning-for-gold",He say's that he gets 1KG of Gold out of the river Everyday 🤑🤑 I might have to change careers https://t.co/zIZTT9gw6s
https://x.com/i/status/2017279007373377859,yes,"This is altered, neither men said those words. Full interview with transcript here: https://www.rev.com/transcripts/elon-musk-interview-with-don-lemon    It is true that Lemon never recovered after this, if based on Google searches for &quot;Don Lemon&quot; from January 1, 2024 (this interview was in March), to the end of 2025: https://trends.google.com.au/explore?q=don%20lemon&amp;date=2024-01-01%202025-12-31","Flashback to when Elon Musk completely obliterated Don Lemon.

He never recovered after this. https://t.co/eSyyRuctvZ"
https://x.com/i/status/2024885982815027639,yes,"The video is satire, not a real admission by Joe Biden's granddaughter. It originated on a TikTok satire account in 2022; the woman is not Naomi Biden. Biden has no twin and is not dead/replaced. Fact-checks: https://www.politifact.com/factchecks/2022/sep/08/viral-image/no-isnt-video-joe-bidens-granddaughter-saying-he-d/ https://www.usatoday.com/story/news/factcheck/2022/09/15/fact-check-false-claim-joe-biden-died-four-years-ago/8035358001/ https://factcheck.afp.com/doc.afp.com.32HV9ZG","🚨 Joe Biden Granddaughter Admits He Died And Was Replaced.

So its proven that biden is dead. https://t.co/waJTN8Uyon"
https://x.com/i/status/2020387896667304080,yes,AI Generated &amp; FAKE Alert: This video is AI-generated.    https://x.com/grok/status/2020441242048335906?s=20,"It doesn’t look like @AI generated video of @realDonaldTrump and @NICKIMINAJ. 

#EpsteinFiles https://t.co/aW2M9dkKxC"
https://x.com/i/status/2033297376031760441,yes,"The knife unboxed is not a butterfly gamma doppler emerald, it is a butterfly gamma doppler phase 4 and its worth aprox. 2.1k dollars.    https://csgoskins.gg/items/butterfly-knife-gamma-doppler-phase-4    https://steamcommunity.com/sharedfiles/filedetails/?l=english&amp;id=3284341165","JASONTHEWEEN JUST UNBOXED A $10,000 BUTTERLY EMERALD GAMMA DOPPLER ON CS2 ON HIS FIRST CASE 🔥 https://t.co/285oQsyo5r"
https://x.com/i/status/2019899654578536954,yes,This is not rare and secret footage showing the real Chernobyl explosion. It’s an artistic recreation by Ukrainian artist Andriy Pryymachenko  https://x.com/grok/status/2020070764569931967?s=46&amp;t=fLcKiGGFZINnfebR_hoaJg,A rare and secret video shows the moment of the explosion at the Chernobyl nuclear power plan. https://t.co/2cjG0k0HUo
https://x.com/i/status/2027993665654677977,yes,"The video is from Feb. 11, 2026, showing a rally in Naqsh-e Jahan Square (Imam Square) in Isfahan for the Islamic Revolution anniversary. It predates Khamenei's death and does not depict mourning in Tehran.    https://x.com/Tasnimnews_EN/status/2021525754933297382  https://www.aljazeera.com/gallery/2026/2/11/iranians-mark-47th-islamic-revolution-anniversary-with-nationwide-rallies  https://www.bbc.com/news/live/cn5ge95q6y7t","In Khomeini Square in Tehran, masses of regime supporters are mourning their ""Supreme Leader"". https://t.co/tmm459Oxfy"
https://x.com/i/status/2018439407519646065,yes,Ai generated       https://x.com/grok/status/2018636539027193948?s=46&amp;t=fakUuonUM-femOdJAA-iTw ,A camera attached to a mountain goat in the French Alps and the stunning scenery that followed https://t.co/JqNXKvaM9k
https://x.com/i/status/2030359191697695031,yes,Apparently not.  This is old footage from 2021    https://x.com/i/status/2030394009936371819,"Apparently, Hezbollah is targeting the Haifa Refinery in Israel, with a swarm of attack drones. https://t.co/EJWf8tCTwu"
https://x.com/i/status/2013842685140804068,yes,This is footage from Microsoft Flight Simulator and is not a real aircraft with real crew and passengers.     https://en.wikipedia.org/wiki/Microsoft_Flight_Simulator,"First attempt: aborted.
The wind won.
Then the SAA A340 crew tried again…

Watch until the end. https://t.co/I50H2pTTp1"
https://x.com/i/status/2028743622368063731,yes,"This video is from February 2023, when the House voted 218-211 to remove Rep. Ilhan Omar from the Foreign Affairs Committee. No vote has removed her from Congress; she remains a sitting Representative.    https://www.congress.gov/bill/118th-congress/house-resolution/89    https://apnews.com/article/ilhan-omar-house-committee-vote-0d4b0e0e1b0e4e0e9b0e0e0e0e0e0e0e    https://c-span.org/video/?c5056789/house-votes-remove-rep-ilhan-omar-foreign-affairs-committee",Ilhan Omar has finally been removed from from office thank to republicans vote yes 218-211 vote https://t.co/9CZRXJfAcm
https://x.com/i/status/2013872291847832005,yes,This is a false narrative based on a collection of various pieces of content and distributed primarily on TikTok. There is no material supporting this story.  https://x.com/i/status/2013949998388404273,This is not normal.  Not at all.  I would have done the same thing if someone wanted to rob me. https://t.co/6ZfOgCv5rQ
https://x.com/i/status/2028312257562558972,yes,An AI filter has been used to enhance Reza Pahlavi's nose. The filter gives itself away when camera angle jumps to Scott Pelley's face at 26 seconds.  Source of altered clip is a parody account posting &quot;fictional commentary and satire only&quot;.  Original 60 Minutes interview below  https://x.com/60Minutes/status/2028263281245237430  https://www.cbsnews.com/news/iran-reza-palhavi-democracy-hopes-60-minutes/?ftag=CNM-00-10aab7d&amp;linkId=914049799,"JUST NOW

Crown Iranian prince Reza says he 
is ready to lead Iran in a transition to democracy. https://t.co/ZGY9bjiP4a"
https://x.com/i/status/2028257916214472730,yes,This is an old video of a warehouse fire in Nov 2025. No connection with on going Iran attacks.    https://www.newsflare.com/video/812955/exclusive-warehouse-fire-erupts-in-dubais-umm-ramool-district-no-injuries-reported?origin=capturing,"I can’t even share the videos as fast as they are coming. 

Israel is being annihilated tonight. https://t.co/jUY39DFmWg"
https://x.com/i/status/2031134660110016531,yes,"The girl in this video is not sakura and had already been proven that, this account is just engagement farming.    https://x.com/clav0updates/status/2029427016076832830?s=46","Just WEEKS after breaking up with JasonTheWeen, Sakura was caught kissing Streamer Drago on live😳 https://t.co/vobAmBcnjn"
https://x.com/i/status/2028598168821059678,yes,"This video is from a June 2025 Israeli strike on Iranian TV, with false subtitles added. The anchor did not say &quot;no bomb can reach us because Allah protects us.&quot; It's unrelated to the 2026 Khamenei death announcement by a tearful male presenter without interruption.    https://www.indiatoday.in/fact-check/story/fact-check-iran-state-tv-was-struck-by-israel-but-did-its-anchor-say-allah-will-protect-her-just-before-2742723-2025-06-18    https://nypost.com/2026/02/28/world-news/iranian-anchor-sobs-on-state-tv-as-he-announces-khamenei-killed-in-criminal-us-israeli-airstrikes","Iranian state TV host: “No bomb can reach us because Allah protects us”

One second later: BOOM 💥 https://t.co/Qt8lTFNEgB"
https://x.com/i/status/2019715660885242055,yes,"Videos like this are AI-generated and fictional. Lions inhabit savannas, while gorillas live in forests; their habitats do not overlap, making real fights impossible.    Sources:  https://www.worldwildlife.org/species/lion  https://www.worldwildlife.org/species/gorilla  https://news.mongabay.com/2026/01/wildlife-attacks-and-strange-animal-behavior-fake-images-spark-conservation-concerns","An epic fight between the lion and the gorilla, he was revenging for his kid the lion had eaten 🙂🥺 https://t.co/6y1BWmt6tf"
https://x.com/i/status/2030981653439402312,yes,"This video is AI-Generated, notice the label &quot;AI-generated&quot; bottom left of the video. The label is hard to see, especially as it sometimes gets hidden by the timer from X.    (at least on my screen, and it seems others in the community notes missed it too)    https://x.com/i/status/2030981653439402312",Do you believe all biological men should be permanently banned from entering the women’s restroom? https://t.co/13lcwiDl1b
https://x.com/i/status/2030637158399197635,yes,"No. &quot;Newspaper&quot; is simply a compound word from 'news' and 'paper.'    &quot;News&quot; from Old French 'noveles' and medieval Latin 'nova,' which means 'new things.' &quot;Paper&quot; from Ancient Greek 'papyros.'    https://www.etymonline.com/word/newspaper  https://www.oed.com/dictionary/newspaper_n  https://www.merriam-webster.com/dictionary/newspaper  https://dictionary.cambridge.org/us/dictionary/english/newspaper  https://www.politifact.com/factchecks/2019/sep/18/facebook-posts/no-newspaper-isnt-acronym-north-east-west-south-pa/  ","I was today years old when i found out ""newspaper"" mean North, east, west, south, past and present https://t.co/lXb1idMikB"
https://x.com/i/status/2017397577889497435,yes,"ROBLOX claims this change aims to help users “express themselves authentically,” but the removal of Classic Faces does the opposite by removing a core part of ROBLOX’s identity and style.    https://gyazo.com/5712606e2860257a01bb7d009182c0ca  https://devforum.roblox.com/t/completing-the-dynamic-head-migration/4301387  https://devforum.roblox.com/t/completing-the-dynamic-head-migration/4301387/11  https://devforum.roblox.com/t/roblox-does-not-care-and-will-not-listen-to-the-community/4312340    The community itself has shown to be opposed to this update as shown below  https://gyazo.com/ca2d3d414ebf4462ab0022b13325a7de  https://devforum.roblox.com/t/completing-the-dynamic-head-migration/4301387/3  https://devforum.roblox.com/t/completing-the-dynamic-head-migration/4301387/6","Classic faces. Dynamic heads. Big things ahead 👀 Hear it from our founder &amp; CEO, @DavidBaszucki https://t.co/zirkM4NvU3"
https://x.com/i/status/2029125814432735591,yes,"According to the Israel Defense Forces and multiple reports, no Israeli fighter jet was shot down. Instead, an Israeli F-35I shot down an Iranian Yak-130 jet over Tehran on March 4, 2026.    https://www.timesofisrael.com/liveblog_entry/israeli-air-force-f-35-shoots-down-russian-made-iranian-fighter-jet-over-tehran    https://www.ndtv.com/world-news/israeli-air-force-f-35-shoots-down-iranian-jet-over-tehran-11167486    https://theaviationist.com/2026/03/04/f-35i-downing-yak-130    https://www.bloomberg.com/news/articles/2026-03-04/f-35-israeli-fighter-jet-downs-first-enemy-plane-in-dogfight","#BREAKING
According to preliminary reports, an Israeli fighter jet was shot down over Lavasan, Iran https://t.co/IcCkpqqRMn"
https://x.com/i/status/2016768486991630815,yes,"This video has an #ad that has not been flagged as such, violating X/Twitter policies.    https://business.x.com/en/help/ads-policies","Speed met a woman with Speed as her last name…
And for a moment, you could see the child in him 🥹❤️ https://t.co/KwM1x87QYB"
https://x.com/i/status/2028992985849872679,yes,"This clip is from the video game ARMA 3. It’s at least five months old, as shown by the Facebook post where it was shared and tagged with #simulation and #arma3.    https://www.facebook.com/reel/1806362913570092  ","New Wave. Huge airstrikes on Israel has begun.

600 missiles were launched all together.

اللہ اکبر https://t.co/54lmV4qcPA"
https://x.com/i/status/2012008106189111312,yes,Note: This video is AI-generated and does not depict real events. Hospitals prohibit pets in NICUs (Neonatal Intensive Care Units) for infection control. Similar clips are created with AI tools like Kling AI.  https://www.nationwidechildrens.org/family-resources-education/health-and-wellness-and-safety-resources/resources-for-parents-and-kids/nicu-resources/general-information/family-guidelines-in-the-nicu-nscu  https://www.facebook.com/fabiosa.belle/videos/847110884797121  https://wildlife.org/qa-ai-videos-reveal-seeing-should-not-be-believing,"Cats may seem heartless, but they’re magical souls and fierce protectors of the family they love ❤️ https://t.co/9pFgbgQWy1"
https://x.com/i/status/2027918558936895606,yes,"This video was not in Israel and was not an Iranian attack. It was an aborted take-off at Denver airport, USA in July 2025.    https://abcnews.com/video/124126292/",Evacuation of Israeli passengers after an Iranian missile strike targeted an Israeli airport today. https://t.co/Lub555Xf9Q
https://x.com/i/status/2026567273461219496,yes,"The price cap falls £117 to £1,641 from April, but the government says the cut mainly reflects removing about £150 of charges from bills shifted to taxpayers, and the cap is still £73 above mid‑2024. https://www.gov.uk/government/news/your-energy-bill-from-april-whats-changing","Today the energy price cap has dropped by £117.

We said we’d bring energy bills down - we meant it. https://t.co/3WPvZizP13"
https://x.com/i/status/2028854712678707321,yes,Nothing can be “imminent” for 47 years.  https://www.merriam-webster.com/dictionary/imminent,"Iran has been an imminent threat to the United States for 47 years.

The president was right to act. https://t.co/5e7ZdI53eW"
https://x.com/i/status/2016925962328559792,yes,"The video is AI-generated, not real footage. No F-47 (Boeing NGAD sixth-gen fighter) test flights have occurred; first flight is planned no earlier than 2028 per USAF statements.    https://www.af.mil/News/Article-Display/Article/3700000/next-generation-air-dominance/    https://www.defensenews.com/air/2025/05/15/boeing-wins-ngad-contract-f-47-designation-expected/    https://breakingdefense.com/2025/03/usaf-ngad-timeline-first-flight-2028/",Next-generation F-47 fighter jets spotted during test flights over the Nevada desert (January 2026). https://t.co/sd6j8oF02L
https://x.com/i/status/2013808669650026834,yes,The video is AI-generated and falsely depicts Michael Jordan calling Tim Duncan the best leader; Jordan praised Duncan as the &quot;most fundamental all-around big man&quot; but made no such leadership claim. https://www.mysanantonio.com/sports/spurs/article/michael-jordan-tim-duncan-video-17307775.php https://www.basketballnetwork.net/old-school/michael-jordan-saw-tim-duncans-potential-early-dont-sleep-on-him,Michael Jordan calls Tim Duncan the best leader! Greatness recognizes greatness! MJ and TD are the 🐐🐐 https://t.co/Nxpecmuaax
https://x.com/i/status/2016031419617931644,yes,The video clip is not recent. It is from Elon Musk visiting Trump at Bedminster in March 2025.     https://x.com/mikecrispi/status/1903254313889136895?s=46,"BREAKING:

President Trump and Elon Musk seen together. 

The buds are back together. We are so back. https://t.co/6XIoF5WaJy"
https://x.com/i/status/2017962325601288581,yes,Manchester United did not travel to London for Sunday’s 3-2 win over Fulham as it was played at their home stadium of Old Trafford.     https://www.manutd.com/en/matches/first-team/2025-26/all,"🚨 The United squad spotted taking the train to London ahead of their fixture against Fulham on Sunday.
https://t.co/hODdEeWyBC"
https://x.com/i/status/2028492390302945420,yes,This is not Sydney Airport. This episode happened at the American Airlines counter in Santiago in Chile on 21 February 2025.  It has never been reported that his is a New Zealander. The person had also engaged in the same behaviour previously in 2024.     https://www.dailymail.co.uk/news/article-14456777/hammer-wielding-passenger-smashes-airport-counter-repeat-rampage.html  https://www.aviacionline.com/violent-incident-at-santiago-airport-raises-security-concerns,"Australia is enriched by random African. 🇦🇺

Yet authorities called him a “24-year-old New Zealander.” https://t.co/eI6xFX5Gwl"
https://x.com/i/status/2019631490603315509,yes,"The shown email is fabricated; it claims to be sent on Thursday, July 17, 2018, but that date was a Tuesday, and no such email appears in the DOJ's Epstein files. https://www.dayoftheweek.org/?m=July&amp;d=17&amp;y=2018 https://www.justice.gov/epstein","What the fuck is happening on 2/8/26?!

Why was this in the Epstein files?! 

What the fuck is coming?! https://t.co/EtSXKDLyOi"
https://x.com/i/status/2025744822447816797,yes,"The slur was used by Johnny Davidson who has Coprolalia, a symptom of Tourette syndrome affecting roughly 1/10 people with Tourette’s. It causes uncontrollable obscene and derogatory outbursts. These are involuntary and unrelated to the thoughts or beliefs of the individual.    https://tourette.org/resource/understanding-coprolalia/  https://www.cdc.gov/tourette-syndrome/articles/five-things-about-tourette-syndrome.html","tiktok users getting it immediatly, meanwhile twitter warriors are saying black people are overreacting https://t.co/ePAEKpcy6q"
https://x.com/i/status/2028433236125479237,yes,"This is NOT AI generated. This is one of the trailers for World of Warcraft's newest expansion, &quot;Midnight&quot;.    https://youtu.be/Soq6g3dL1Ys?si=6FyMHjVnv1x7qzs_","Hollywood better start paying attention.

This anime scene came together in minutes using Seedance 2.0. https://t.co/oGSEMpMZ5C"
https://x.com/i/status/2033016226977358286,yes,"Context: This video is an edited CGI mashup similar to those from TikTok @space735, combining simulated Moon and Mars footage. It does not show a real current space event.    No lunar landings are happening in March 2026; upcoming missions are listed here.    https://www.space.com/space-exploration/moon-landings-asteroid-missions-and-new-telescopes-here-are-the-top-spaceflight-moments-to-look-forward-to-in-2026    https://www.tiktok.com/@space735","👀 Wait… did you just see this?! 😱
This video is raising a lot of questions right now. What do you think? https://t.co/3H2Q1FdLsw"
https://x.com/i/status/2028928476363763773,yes,The video consists of AI-generated deepfakes depicting public figures in fabricated scenarios. https://www.france24.com/en/live-news/20250725-fake-ai-photos-of-trump-with-epstein-flood-internet https://www.snopes.com/fact-check/photo-trump-epstein-children/ https://www.bellingcat.com/news/2026/02/10/grok-epstein-photos,"This video is not fake.

These pedophile perverts started a war so that this wouldn’t be talked about.

 https://t.co/oJtwGaf5de"
https://x.com/i/status/2028457497363718224,yes,"The US and Israel's combined forces did in fact &quot;pre-emptively&quot; strike Iran first, while talks were in progress.    https://www.reuters.com/world/middle-east/israel-says-it-launched-pre-emptive-attack-against-iran-2026-02-28/","NOW – Secretary of War Hegseth: ""We didn't start this war, but under President Trump we will finish it."" https://t.co/JGXEhH88iI"
https://x.com/i/status/2029047547189444697,yes,Ai video https://x.com/grok/status/2029069036961554506?s=46,🔧🤔 Have you ever changed a water pump or starter or worked on your car before? Something seems off here… https://t.co/PpVsX56awP
https://x.com/i/status/2033473658191024162,yes,"The footage appears to depict a fire caused by a drone striking a fuel tank near Dubai International Airport, rather than a plane crash. News reports from Reuters and The National confirm it was a drone incident on March 16, 2026, leading to temporary flight disruptions.    https://www.reuters.com/world/middle-east/fire-breaks-out-vicinity-dubai-international-airport-after-drone-attack-dubai-2026-03-16    https://www.thenationalnews.com/news/uae/2026/03/16/fire-near-dubai-airport-after-drone-strike-hits-fuel-tank",Dubai: A plane crash into an oil tank. Information about the consequences and victims is being clarified. https://t.co/8KUOsf5ndl
https://x.com/i/status/2014820676964622584,yes,There is no evidence Dabo Swinney or Clemson illegally paid players. Swinney has historically opposed professionalizing college football through NIL and has recently criticized the transfer portal for issues regarding tampering. https://www.espn.com/college-football/story/_/id/39149249/dabo-swinney-clemson-scathing-rebukes-resonated-clemson-coaches-country,"It’s so funny watching Dabo, who illegally paid players for years, complain about the transfer portal

   https://t.co/DeZc9ODAIH"
https://x.com/i/status/2019817632594292773,yes,"The video is a computer-generated animation, not real footage. White rice cannot germinate because processing removes the embryo needed for growth.    https://www.gardeningknowhow.com/edible/grains/rice/how-to-grow-rice.htm  https://permies.com/t/54001/rice-supermarket-grow  https://www.youtube.com/shorts/c1tcaqU-FXY","Have you ever seen rice growing?

This 16 day timelapse show you what happens to a grain of rice in water.
https://t.co/C6CIVsVLUz"
https://x.com/i/status/2019366040480985195,yes,"The email displayed in the video has been digitally altered. The original email in the Epstein files released by the DOJ does not include mention of World War 3 or Feb 8, 2026.    https://www.justice.gov/epstein/files/DataSet%2010/EFTA01914490.pdf",🚨 2018 email released in the Epstein files outlines a plan to initiate WW3 during the Super Bowl on Sunday https://t.co/3REhHSc1Ur
https://x.com/i/status/2012961325211668874,yes,"This video uses AI to imitate George Carlin's voice and style, but the script is not from any of his real routines. Carlin died in 2008. His daughter has criticized such AI recreations.  https://x.com/kelly_carlin/status/1745261544004070171  https://arstechnica.com/ai/2024/01/did-an-ai-write-that-hour-long-george-carlin-special-im-not-convinced",George Carlin describes liberals PERFECTLY! I have never heard a better breakdown of their mental illness🎯 https://t.co/0mGXnQwNfn
https://x.com/i/status/2031595061415145730,yes,"The soldiers in the video wear Russian flag patches and are Muslim servicemen attending prayer during Ramadan in a Russian mosque, not American soldiers converting to Islam. https://t.me/DUM_RF/5054 https://pbs.twimg.com/media/HDHAHTpaAAELEIf.jpg","Breaking 🚨🚨: In an unprecedented event, American soldiers embrace Islam and enter a mosque to announce it. https://t.co/hY6tgVR4Sg"
https://x.com/i/status/2016342644360991207,yes,"This was an in-arena promotional stunt referencing the Jurassic Park film series, not a cybersecurity hack. No security breach was reported during the 76ers game.    https://onpattison.com/news/2026/jan/27/the-sixers-did-an-in-arena-jurassic-park-promo-and-the-nbc-broadcast-terrified-everyone  https://news.ssbcrack.com/nbc-broadcast-misinterprets-sixers-jurassic-park-promo-as-emergency-during-game","🚨 The Philadelphia 76ers stadium was just hacked, with a strange message being displayed across the Arena. https://t.co/0Qqowt0ysI"
https://x.com/i/status/2016452047525261502,yes,"The person caught in this crypto mining operation was Nadeam Nahas, a Massachusetts man of Lebanese descent, not an Indian national. He was charged in February 2023 for operating the rig in a Cohasset school crawlspace. https://abcnews.go.com/US/massachusetts-man-charged-after-hiding-cryptocurrency-mining-rig/story?id=97440173",a indian guy has been caught secretly mining crypto underneath the school building where he was working at https://t.co/1dEEEBZ4Nc
https://x.com/i/status/2015260737753448759,yes,This video is from a 2024 Instagram Live and is not a new response to the recent Kai Cenat/DJ Akademiks/Gigi drama. NBA YoungBoy does not mention any of them in the video     https://youtu.be/MUNQ1xidXl0?si=MmCqQknUOpUTuhd8  ,"NBA YoungBoy GOES off on Kai Cenat, DJ Akademiks, and Gigi for bringing his name up in there situation 😳💀💀 https://t.co/GGVIlqdPf2"
https://x.com/i/status/2017006252971237697,yes,"The footage shows gameplay from Clair Obscur: Expedition 33, a 2025 turn-based RPG developed by Sandfall Interactive, and is not generated by Google's Genie 3 AI model.  https://en.wikipedia.org/wiki/Clair_Obscur:_Expedition_33  https://deepmind.google/blog/genie-3-a-new-frontier-for-world-models","Is it the end of the gaming industry?

A video game created with Google’s Genie 3

https://t.co/oGdYcBI4GQ https://t.co/Xz7iCVLXro"
https://x.com/i/status/2015702758590968211,yes,This video is a satirical skit from TikTok and not a real incident of a doctor refusing care to a patient for being a Trump supporter.    https://leadstories.com/hoax-alert/2025/02/fact-check-patient-gets-denied-healthcare.html  https://www.tiktok.com/@thomasgibson31,"Doctor refuses to see patient because he is a Trump Supporter

INSANE.

She should be struck off for this. https://t.co/QfhpjhiDrz"
https://x.com/i/status/2019441061039669309,yes,"The attached video shows a 2023 US Navy operation sinking Houthi boats in the Red Sea, not Iran's 2026 seizure of two tankers in the Persian Gulf. The described seizure did occur.    https://www.aljazeera.com/news/2023/12/31/us-forces-sink-houthi-boats-in-red-sea-after-attack-on-maersk-vessel    https://apnews.com/article/iran-oil-tankers-seized-persian-gulf-c1ac906a71d86d5ba37e4a6a8628f8c7",Iran seized two oil tankers in the Arabian Gulf carrying approximately one million liters of smuggled fuel. https://t.co/lbKhbC6J4f
https://x.com/i/status/2030406121828291001,yes,"Video of the planes being painted is AI, in the first part the hose the guy on the left is dragging around suddenly becomes longer, in the 2nd part it makes no sense for the guy to be making those lines, also there's a litleral made with AI tag below the post.    https://x.com/Jvnior/status/2030406121828291001?s=20","Iran are playing with israel

They don't know they're striking at cardboard dummies, each one costing $100. https://t.co/3fPx8hPC1O"
https://x.com/i/status/2030740958812295548,yes,"The FDA does not allow any human meat or DNA in food. The &quot;6%&quot; claim misinterprets a 2016 study finding trace human DNA (likely from hair/skin during handling) in one burger sample, not meat or an allowance. Human meat in fast food claims are hoaxes.    https://www.truevaluemetrics.org/DBpdfs/Food/ClearLabs/ClearLabs-Hamburger-Report-2016.pdf https://apnews.com/article/archive-fact-checking-9233643423 https://www.reuters.com/article/fact-check/mcdonalds-human-meat-claims-stem-from-satire-article-idUSL2N2NT1SV",6% human meat is FDA’s allowable percentage of human meat in fast food burgers! WHO the hell made that law? https://t.co/4glrBdjITc
https://x.com/i/status/2033651007792566625,yes,"This video appears to show a 2020 fire at a market in Ajman, UAE, not the 2026 incident at Dubai Airport. A drone did strike a fuel tank near DXB on March 16, 2026, causing a fire.    https://www.reuters.com/article/us-emirates-blaze-idUSKCN2512JS    https://www.aljazeera.com/video/newsfeed/2026/3/16/fire-erupts-at-dubai-airport-following-drone-attack",The closest video footage from the site of the burning fuel tanks at Dubai International Airport (DXB). 🔥✈️ https://t.co/MOoYIMScoq
https://x.com/i/status/2012919217813586315,yes,This is AI generated video. Not a real one.  Source : grok.com,"An electrician destroyed a nest with baby birds inside, and this man did everything he could to save them…… https://t.co/TuLDUAMUAj"
https://x.com/i/status/2031370276827517424,yes,"Reform UK candidates pledged to lower or freeze council tax in local election leaflets and materials.    https://electionleaflets.org/leaflets/21114    Reform-led councils have since proposed increases, e.g. 4.99%-9%.    https://www.theguardian.com/politics/2026/jan/09/reform-uk-accused-of-betraying-election-pledges-after-council-tax-rises    https://www.bbc.com/news/articles/c7439dem0wgo","Nigel Farage corrects the incorrect @BethRigby on council taxes

The MSM cannot deal with Reform’s success

https://t.co/aSsJZGHLRk"
https://x.com/i/status/2028540944656556350,yes,"This is an old video of a commercial satellite launch in Japan, not a missile. This is from over 1 year ago.     https://www.reddit.com/r/interesting/comments/1gja456/omg_imagine_seeing_this_out_of_your_plane_window/",🚨 MUST WATCH: Stunning footage captures a ballistic missile streaking past a passenger aircraft mid-flight. https://t.co/jbBbzQV2VK
https://x.com/i/status/2013069228610654410,yes,"Additional context: The video shows pumping from two nozzles at the same time, not day vs night. The difference day vs night is overstated, as fuel is stored underground at stable temperatures, making any effect negligible.    https://www.consumerreports.org/cars/fuel-economy-efficiency/do-you-get-less-gas-filling-up-during-hottest-part-of-day-a4921113017    https://www.khou.com/article/travel/gas-mileage-myths-claims-fact-checking/285-f7c3719f-30a0-4c75-a60b-b2280b89dc5e    https://www.wbrc.com/2024/10/11/aaa-debunks-gas-saving-misconceptions-warns-against-panic-buying","The fuel you pump during the day is not the same fuel you pump at night, and the reason is pure physics ⛽️📉 https://t.co/nw1ztRvzAz"
https://x.com/i/status/2027848629776740764,yes,Cristiano Ronaldo isn’t involved in this clip. He had already been substituted off the pitch in the 81st minute.     Source: https://www.transfermarkt.co.uk/spielbericht/index/spielbericht/4750183,"RONALDOOOOOOOOOOOOOOOO!!!!!!!!!!! WHAT A GOAL!!!!!!!!!! BEAUTIFUL COMBINATION WITH FELIX!!!!!!!!!!!!!! 🔥🔥🔥

https://t.co/NZUsEkeTfq"
https://x.com/i/status/2020392840761598006,yes,"The video depicts a 2022 accidental fire at a Coptic church in Giza, Egypt, caused by a faulty air conditioner, not a recent attack by Muslim extremists on a neighborhood in Cairo. https://en.wikipedia.org/wiki/Giza_church_fire https://www.reuters.com/world/africa/lest-35-killed-egyptian-church-fire-security-sources-say-2022-08-14","Attention Tucker Carlson.   Muslim extremists set fire to a Coptic Christian neighborhood in Cairo,  Egypt. https://t.co/kbXjS5d4yR"
https://x.com/i/status/2018266289740095615,yes,"Caustic soda (sodium hydroxide) is highly corrosive and requires gloves, goggles, and masks. It can cause severe burns and pipe damage. &quot;Without hands&quot; doesn't eliminate splash/fume risks. https://thorntonandgrooms.com/blog/is-caustic-drain-cleaner-bad-for-pipes","This Powerful Demonstration Shows How Caustic Soda Safely Dissolves Drain Clogs – Without Using Your Hands 
 https://t.co/cOy4kowxCG"
https://x.com/i/status/2013280656122425625,yes,"There are no laws being broken in this video that would lead to a cause for arrest. The poster does not give the person’s gun permit status, otherwise this is legal in Minnesota.    https://constitution.congress.gov/constitution/amendment-2/#amendment-2    https://gunowners.mn/learn/frequently-asked-legal-questions/long-guns-carrying/","He works at Turbo Tim's Auto Repair in Minneapolis MN. (612) 208-8461
Let's pray he will be arrested soon. 🙏 https://t.co/D7zM5g3rCM"
https://x.com/i/status/2011454072273150413,yes,This video was recorded by Vincent Ledvina and was used against his will.     https://x.com/vincent_ledvina/status/2011498922003530149?s=46  ,A man in Alaska recorded the view of the northern lights from his cabin and the video is simply spectacular. https://t.co/nAclfzxkJB
https://x.com/i/status/2028622611639304357,yes,The IRGC claim of 650 US soldiers killed/wounded in the first two days is unverified and contradicted by official reports. US Central Command states 6 US service members killed and about 18 seriously wounded so far in Operation Epic Fury.    https://www.centcom.mil https://www.reuters.com https://www.cnn.com/2026/03/02/politics/six-soldiers-killed-in-iranian-strike-kuwait https://www.nytimes.com/2026/03/02/world/middleeast/us-military-death-toll-iran.html,"JUST IN: 650 American soldiers have been killed and wounded in the first two days of the war.

RGC Spokesman
https://t.co/TY642Z9OhD"
https://x.com/i/status/2027996606289551437,yes,"The video is footage from Qasem Soleimani's funeral procession in Tehran on January 6, 2020, not recent mourning in Isfahan for Ayatollah Khamenei's death.    https://www.vishvasnews.com/english/world/fact-check-viral-video-of-qassem-soleimanis-funeral-misrepresented-as-a-rally-held-in-support-of-irans-current-government    https://www.newsmobile.in/nm-fact-checker/verified-2020-video-falsely-shared-as-pro-government-rally-during-iran-protests    https://www.youtube.com/watch?v=43X_uGfaocU","🚨🇮🇷 Huge outpouring of grief in Isfahan, Iran, over the death of Ayatollah Khamenei 

https://t.co/xasGZCjwyH https://t.co/33DKNdoZmz"
https://x.com/i/status/2027172417844760977,yes,As can be seen in the very video posted: Bill stops because he's looking at the window display of the store before entering it    https://x.com/i/status/2027172417844760977,Watch how Bill walks and just stops in the middle of the sidewalk. He must have whatever Joe has. Sad people. https://t.co/TO3uX4s357
https://x.com/i/status/2029383327770100138,yes,"This video shows a missile strike on Tel Aviv from June 2025, not the current March 2026 attacks by Iran on Israel.    June 2025 source: https://www.aljazeera.com/video/newsfeed/2025/6/13/projectile-hits-central-tel-aviv-amid-warning-of-iranian-retaliation    March 2026 source: https://www.reuters.com/video/watch/idRW957428022026RP1","🚨 URGENT:

Tel Aviv is burning! Direct Iranian missile strikes captured on camera in the center of the city!"" https://t.co/S7UCryaxWX"
https://x.com/i/status/2030377517308121474,yes,"This quote is fake. In the interview, Rihanna discussed father-daughter bonds. She then stated she wasn’t ready for more children while physically recovering. She never claimed a daughter would limit her time with Rocky. She actually said she wanted a girl in the future.      https://youtu.be/cCkcgQsWkc4?si=TodQRANzjTXojr4f","““Having a baby girl right now would mean losing access to Rocky… and I’m not ready for that yet.” 😳

-Rihanna https://t.co/5eHm9CtWx1"
https://x.com/i/status/2012218660186656954,yes,"European troops, including 15 from Germany, began arriving in Greenland in January 2026 for a symbolic NATO mission. The video used in this post is unrelated footage from a July 2025 TikTok showing UK forces at London Pride. https://www.tiktok.com/@ciaris_chiaraa/video/7523917667003157782 https://www.dw.com/en/germany-sends-troops-to-greenland-for-symbolic-nato-mission/video-75544825","🇪🇺🇬🇱 Troops from France, Germany, Sweden, Finland, Norway, &amp; the Netherlands begin arriving in Greenland.

 https://t.co/B1OTgsFGBj"
https://x.com/i/status/2028886852669714617,yes,He enlisted knowing we were at war. He volunteered for 3 tours over 8 years. He said “I thought I could do some good. And I wanted to play soldier.”    https://en.wikipedia.org/wiki/Graham_Platner,".@SenatorCollins: you voted to send me to Iraq.

Did you learn anything from that experience?

Anything at all? https://t.co/FLcezGwd1V"
https://x.com/i/status/2018941963521905002,yes,Footage labeled an &quot;Epstein file&quot; is misleading — it matches Eli Roth’s fake Grindhouse trailer &quot;Thanksgiving&quot; and is not part of the DOJ's Jan. 2026 Epstein document release. Official releases and fact-checks show similar hoax videos circulated. https://wiki.tarantino.info/index.php/Thanksgiving https://www.cbsnews.com/live-updates/epstein-files-released-doj-2026,"EPSTEIN FILES:
    Appears to be something unimaginable.
    America really needs to take this more seriously‼️ https://t.co/Kw0OFkrekQ"
https://x.com/i/status/2016628759806230814,yes,"Spanish scientists at CNIO led by Mariano Barbacid achieved complete elimination of pancreatic tumors specifically in mice, not rats. The study used a triple therapy of inhibitors that showed no resistance or tumor regrowth in the animal models.    https://www.cnio.es/noticias/el-grupo-de-barbacid-en-el-cnio-elimina-tumores-de-pancreas-en-ratones-por-completo-y-sin-que-aparezcan-resistencias","🔥🚨BREAKING NEWS: Spanish Scientists Have Officially Cured Pancreatic Cancer in Rats. This is groundbreaking. 

 https://t.co/aJ60WBFFE5"
https://x.com/i/status/2018194609009242131,yes,"This is a debunked tourist trick. The Coriolis effect is far too weak to influence water in small containers, especially at the equator where it's weakest. The spin direction is created by how the water is poured or the container is moved, not by crossing the equator line. https://www.gadventures.com/blog/busted-top-3-equator-line-tricks-debunked/","Standing at latitude 0° in Ecuador,
Wait till you see how the water is changing direction right in the Equator. https://t.co/ceGmTFrm9p"
https://x.com/i/status/2025760101747790219,yes,This video is from Feb. 2nd. It does not show current footage or information regarding the whereabouts of President Sheinbaum Pardo.    https://www.facebook.com/share/1Gbg987Jbr/,"Security forces opted to move President Sheinbaum 🇲🇽 to a ship at sea, away from the possibility of an attack.
 https://t.co/uTMEZzFH9h"
https://x.com/i/status/2013793747427791315,yes,"While Kamchatka, Russia, experienced its heaviest snowfall in over 50 years in January 2026 with drifts up to 5 meters burying cars and lower building floors, the video is AI-generated and exaggerates the snow coverage.    https://www.reuters.com/business/environment/record-snow-fall-russian-far-east-sows-fun-frustration-massive-drifts-2026-01-19  https://www.yahoo.com/news/articles/snow-buries-russias-kamchatka-peninsula-201717572.html","Kamchatka, Russia recorded the heaviest snowfall in 30 years with it reaching as high as 5 meters in some areas https://t.co/obyxN1j45D"
https://x.com/i/status/2018448079410565390,yes,"The Olympic Middle School principal was not fired and issued a statement that the anti-ICE walkout was student-led, not sanctioned or encouraged by the school. https://olympic.auburn.wednet.edu/our-school https://komonews.com/news/local/auburn-mayor-reacts-to-student-protest-hundreds-of-auburn-students-rally-at-city-hall-in-statewide-protest-over-ice-enforcement https://thepostmillennial.com/mom-yanks-daughter-out-of-anti-ice-walk-out-at-washington-state-middle-school","‼️UPDATE ON THE MOM WHO TOOK HER CHILD OUT OF SCHOOL BECAUSE OF THE “PROTESTS”. 

🤩👏🏼 THE PRINCIPAL WAS FIRED!!! https://t.co/2EHDMKKSn4"
https://x.com/i/status/2029414852935204875,yes,"This video shows damage to the USS Fitzgerald from its 2017 collision with a container ship off Japan, not a recent Iranian missile attack in the Mediterranean. Major news outlets report ongoing US-Iran conflicts but no such attack on a US destroyer.    https://en.wikipedia.org/wiki/USS_Fitzgerald_and_MV_ACX_Crystal_collision  https://apnews.com/article/iran-israel-us-march-04-2026-e1c316da4ce809407122590a6872aa85  https://foxnews.com/live-news/us-iran-israel-war-latest-march-4",JUST IN🇮🇷❌🇨🇾🇺🇸🔥 An American Destroyer attacked by 4 Iranian missiles in Cyprus territories and Mediterranean Sea. https://t.co/adhLxPtvi8
https://x.com/i/status/2021461283015668122,yes,"The video shows a glacier in Patagonia, South America, not Antarctica; the streamer explicitly states &quot;Patagonia&quot; in the footage. https://www.benzinga.com/markets/tech/26/02/50532343/elon-musks-antarctica-livestream-via-starlink-claim-gets-fact-checked-by-his-own-x-community-notes https://timesofindia.indiatimes.com/technology/social/elon-musk-shares-video-claiming-live-streamed-from-antarctica-using-starlink-gets-corrected-this-stream-is-not-/articleshow/128155166.cms","NEW 🧊 For the first time in history—due to Starlink—someone live streamed the legendary ""ice wall"" in Antarctica. https://t.co/fyyw3hrxDj"
https://x.com/i/status/2029160494993392089,yes,"This video is an inaccurate portrayal of notification procedures. Next of kin notification is done by a team that includes a military chaplain, in dress uniforms, not one soldier in a utility uniform. Furthermore, the flag is not presented until the funeral.    https://www.lineofdeparture.army.mil/Journals/Military-Chaplaincy-Review/Archive/2025-Edition/Next-of-Kin/    https://armypubs.army.mil/epubs/DR_pubs/DR_a/pdf/web/ARN16284_AR638-8_CC_FINAL.pdf ","Your husband died in Iran while serving Israel and killing babies. We brought you his underwear and undershirt.

 https://t.co/CZUabvEEfu"
https://x.com/i/status/2021264929487978609,yes,"This 2022 Tonight Show clip shows Taylor Swift describing a casual gathering at Jimmy Fallon's home with friends (including Mike Birbiglia and Jack Antonoff) where pizza was served. Fallon and Swift called it a &quot;pizza party&quot; in a literal, innocent sense.    https://www.youtube.com/watch?v=T2F4iP2ocBo  https://www.tiktok.com/@fallontonight/video/7176751911406751019",Does Taylor Swift and Fallon have some explaining to do??? Have u ever called a party a 🍕 party as a grown adult? https://t.co/6n3meOl5fb
https://x.com/i/status/2031533570632585388,yes,"This video appears to be AI.    At 0:23 a soldier bumps in to a cement barrier, moving it several feet. Those barriers weigh between 2,000LBS-7,000lbs https://rcil.ca/products/precast/road-barriers/","🚨 BREAKING

China leaks what is happening at U.S. bases in Jordan and the Gulf — truly dangerous and terrifying... https://t.co/mWoBctY8Dk"
https://x.com/i/status/2014075014803259463,yes,"There are no credible sources that showed that a deal had been made to purchase Greenland.    Donald Trump says he has “formed the framework of a future deal” on Greenland. Trump stated that it as an “infinite” agreement, no specifics known as of now.    https://edition.cnn.com/politics/live-news/trump-administration-news-01-21-26","Trump just made a deal to buy Greenland, cancels Tariffs.

Boys, these are legendary times where memes become real.https://t.co/7Rm2FaBL2a"
https://x.com/i/status/2018540841598689740,yes,"The altercation occurred on a public road during a student walkout protest, not at a school, and involved a juvenile protester and an adult motorist, not students assaulting a teacher. https://www.kxan.com/news/local/buda/fight-breaks-out-at-student-led-protest-on-rm-967-in-buda https://kdhnews.com/news/texas/students-protest-leads-to-altercation-at-buda-high-school/article_b694471d-5f35-5012-be08-8c5f4b2c3d42.html","Students Assault Teacher in Chaotic Anti-ICE Walkout at Austin Area School  

These 'walkouts' are way out of hand
https://t.co/ownS5BYcRt"
https://x.com/i/status/2028510156808503560,yes,"The video is from the Lahore High Court in Pakistan, not Birmingham City Council in England.    https://www.pakistantoday.com.pk/2026/03/02/chaotic-scenes-at-lhc-bar-election-as-lawyers-engage-in-violent-fight    (The poster may intend the post as a joke but the replies indicate that many are taking it literally.)",Fights erupted at a council meeting at Birmingham City Council after a councillor was caught eating during Ramadan https://t.co/jcW2q3Z67M
https://x.com/i/status/2028502811122774336,yes,This video is AI generated    https://www.bbc.com/future/article/20251031-the-number-one-sign-you-might-be-watching-ai-video,JUST IN🇮🇷❌🇮🇱 Israeli billionaires belong to richest family on earth are currently suffering Iran's Latest Attacks. https://t.co/Kiab0dnWeT
https://x.com/i/status/2012606819399532620,yes,"This is from the 2003 TNN series &quot;Ren &amp; Stimpy: Adult Party Cartoon&quot; which was made for adults, not the 90s Nickelodeon series which was made for kids.    https://en.wikipedia.org/wiki/Ren_%26_Stimpy_%22Adult_Party_Cartoon%22  https://en.wikipedia.org/wiki/The_Ren_%26_Stimpy_Show","""not even Animaniacs or 90's Nickelodeon shows would have been able to get away with that."" https://t.co/hQnhrBI6Fg https://t.co/jAG7T3pLGy"
https://x.com/i/status/2019818582977441859,yes,"PM Modi himself added many muslims in OBC category furthermore he also added Muslims In OBC when he was Gujarat CM  Source:  &quot;Cabinet Gives Nod to Adding 4 Castes in OBC List https://share.google/xJrM54yYRMjKNMb8r &quot;  पीएम मोदी ने क्यों किया मुस्लिम समुदाय की 70 OBC जातियों का जिक्र, मीडिया पर भी उठाए सवाल - AajTak https://share.google/6aIeqaGiDug2ziI2J","Congress is pushing for Muslim reservations under the OBC sub-quota, thereby robbing the actual OBC beneficiaries.

https://t.co/BXackgaLij"
https://x.com/i/status/2029310741422194875,yes,"The video depicts computer-generated footage from a video game or simulator, not real B-2 bombers operating near an aircraft carrier. B-2 Spirits are land-based only and cannot land on or take off from carriers due to their size, weight, and lack of carrier gear. https://leadstories.com/hoax-alert/2025/06/fact-check-b2-landing-on-a-carrier-video.html https://www.wionews.com/photos/what-if-the-b-2-bomber-tried-to-land-on-an-aircraft-carrier-1756294368390 https://www.afgsc.af.mil/About/Fact-Sheets/Article/630717/b-2-spirit","The United States is just auramogging the world right now on every level. Sports, trade, military. Generational run https://t.co/tdfcMWaOcH"
https://x.com/i/status/2030533899458077170,yes,This footage is from June 2025    https://x.com/trtworld/status/1934439956417482781,"JUST IN: 🇮🇷🇮🇱 Iran's hypersonic missiles hit Haifa, Israel.

Israel's sky is notably devoid of interceptor missiles. https://t.co/nC48Rt3rtA"
https://x.com/i/status/2030380299100754160,yes,"This event had no connection with anyone looking like an ICEagent.    Instead, the video relates to a 2021 Florida incident involving an Uber driver assaulted by a woman named Michelle Stillwell.    https://www.newsweek.com/nurse-sank-her-teeth-uber-driver-violent-rampage-caught-video-1586135    https://www.wfla.com/news/pinellas-county/exclusive-new-video-details-emerge-from-attack-on-uber-driver-in-pinellas-county/","CRAZY liberal harasses a driver just because she thinks he “looks like an ICE agent.”

How would you react on this ?
https://t.co/kaSw0LnszR"
https://x.com/i/status/2022450323881680964,yes,This video is clearly AI generated.    https://www.bbc.com/future/article/20251031-the-number-one-sign-you-might-be-watching-ai-video,"Too real, it's actually scary

In a world where the boundary between humans and machines is steadily disappearing…

 https://t.co/zSMryOdkRg"
https://x.com/i/status/2025987267635093929,yes,"Julian Brown (@Naturejab) has posted on X as recently as February 22, 2026, announcing upcoming public meet and greets. https://x.com/Naturejab/status/2025699897417019461 https://x.com/Naturejab/status/2025698865681232361","Julian Brown, the young inventor who created tech that turns plastic into gasoline, hasn’t been seen in over a YEAR. https://t.co/R159mzVexj"
https://x.com/i/status/2032245147258204380,yes,The video clip is from the fire aboard the USS Bonhomme Richard navy ship that occurred in 2020:    https://www.reuters.com/world/us/us-navy-sailor-charged-fire-aboard-uss-bonhomme-richard-2021-07-30/    https://apnews.com/article/fires-san-diego-arson-94bd5b87153cdf86c9be60982cf6eee3,🚨 A leaked clip connected to the USS Abraham Lincoln incident is circulating — the American public reacts with shock. https://t.co/McRUC83Ghj
https://x.com/i/status/2025954737871355945,yes,"The video shows natural geological formations, not petrified trees. Devil's Tower is an igneous rock intrusion exhibiting columnar jointing from cooling magma and erosion. Obsidian flows are volcanic glass lacking organic tree structures like rings or grain.    https://www.usatoday.com/story/news/factcheck/2020/08/29/fact-check-devils-tower-national-monument-formed-magma/5660372002    https://www.snopes.com/fact-check/roots-devils-tower",There is so much that is hidden from us because the true history would paint a vastly different picture of our past.. https://t.co/oB8npfYDx7
https://x.com/i/status/2015391434375889377,yes,"The video does not show a current real-life event, but scenes from the 2015 satirical movie &quot;Look Who's Back&quot; (Er ist wieder da).    • Source of the footage: The man is German actor Oliver Masucci. The clips were filmed in 2014/2015 for a professional cinema production.    https://m.imdb.com/de/title/tt4176826/","🚨‼️ A man in Germany dressed up as Hitler and stood on a car…
The real shock?
The public reaction was strangely calm. https://t.co/21PCYgJyg7"
https://x.com/i/status/2022668382064246992,yes,"This video is AI-generated misinformation, not authentic footage from Epstein files. While files mention Gates' association with Epstein, they contain no evidence of such abuse or CCTV videos.    https://www.reuters.com/fact-check/poolside-image-jeffrey-epstein-with-prominent-figures-is-ai-generated-2026-02-13  https://www.pbs.org/newshour/show/what-latest-released-files-show-about-epsteins-ties-with-prominent-figures","Epstein files Footage of Bill Gates has been exposed; he committed torture, abuse every kind of evil. Disgusting man. https://t.co/pcNSqJBB99"
https://x.com/i/status/2021395453976379581,yes,"The video is AI-generated and falsely claims Kevin James made $30M holding roses at the Super Bowl. He appeared there in character to promote his film Solo Mio, which earned $7.2M in its opening weekend. https://www.newsbreak.com/total-apex-sports-355231710/4486674200673-fumble-on-the-play-kevin-james-crash-lands-at-super-bowl-lx-in-viral-marketing-masterclass https://en.newsner.com/news/kevin-james-spotted-crying-and-alone-at-the-super-bowl https://www.aol.com/articles/kevin-james-months-long-fake-215202061.html",Kevin James revealed how he made $30 million dollars at the Super Bowl with just a bouquet of white roses! Smart man! https://t.co/ub7mSmNAu7
https://x.com/i/status/2020759161554804940,yes,This is an old video referring to Cardi B and Offset’s breakup from over a year ago. This was not a live video from last night regarding Stefon Diggs.     Source: https://www.instagram.com/iamcardib?igsh=ZGUwMXZlYm5ibnFv,Cardi B has now confirmed that she is officially single on Instagram Live after Stefon Diggs lost at the Super Bowl. 💔 https://t.co/D5BLx7vJn0
https://x.com/i/status/2013748721230512503,yes,"The video uses distorted Google Earth imagery to exaggerate the Rio Grande Gorge Bridge's narrowness and danger, and incorrectly claims it is nearly 6,000 feet high. The bridge spans 565 feet above the river and is a standard steel arch highway structure on U.S. Route 64.  https://en.wikipedia.org/wiki/Rio_Grande_Gorge_Bridge  https://www.highestbridges.com/wiki/index.php/Rio_Grande_Gorge_Bridge",😱😱😱I ran across this video and thought it was really cool. Can you imagine driving on this bridge? It’s in New Mexico. https://t.co/nrlfM71f6G
https://x.com/i/status/2027303623366255090,yes,The video does not show the USS Gerald R. Ford arriving in Israel. It is footage from the ship’s arrival in Norway in 2023. The clip has been miscaptioned and does not depict a recent arrival in Haifa.    Original video: https://m.youtube.com/watch?v=SxNWiZigJZs,"Shalom and Welcome (Bruchim Ha-ba’im) to the sailors of the USS Gerald R. Ford who arrived today in Haifa, Israel.  

 https://t.co/ipPk9jmGl9"
https://x.com/i/status/2031729865079271750,yes,Kochi is in Keralam.     https://en.wikipedia.org/wiki/Kochi  ,"#WATCH | Tamil Nadu: Prime Minister Narendra Modi conducted a roadshow in Kochi, Ernakulam earlier today.

(Video: DD) https://t.co/S9whmFOPsh"
https://x.com/i/status/2027802568601039143,yes,This is from 2019     https://youtu.be/E6Do_zVL8_A,🚨 Reports of a direct hit on a Saudi oil facility amid Iran’s frantic retaliation wave after Trump’s crushing strikes! https://t.co/NSiGvmdVzI
https://x.com/i/status/2024024592625316221,yes,"The email is part of a chain about Ghislaine Maxwell piloting a helicopter to Santa Monica with a friend. The phrase &quot;Where is the real pilot?&quot; refers to her flying it, not 9/11. While dated a week after 9/11, the context is unrelated to the attacks.    https://www.justice.gov/epstein/files/DataSet%2011/EFTA02335477.pdf  https://www.vanityfair.com/style/2020/07/inside-ghislaine-maxwells-life-on-the-lam","🚨 Epstein files show that an email dated a week after the 9/11 attacks includes the phrase:

""Where is the real pilot?"" https://t.co/neOPqfizdL"
https://x.com/i/status/2013251344971243632,yes,"This video depicts AI-generated fiction. Wolf pups are born with dark fur inside dens, not hairless in open snow. https://wolf.org/wolf-info/basic-wolf-info/biology-and-behavior/pup-development https://www.fws.gov/story/home-where-den","Despite the newborn's protests, the mother wolf abandons him because he has no fur and is destined to succumb… but then https://t.co/xs175iB2ev"
https://x.com/i/status/2013822034384388168,yes,This video is not real and was generated using AI.    https://en.wikipedia.org/wiki/Generative_artificial_intelligence,"A man rescues a fox stranded on a frozen lake.  
What follows is a heartwarming miracle story of them becoming family.

 https://t.co/CggcPa48Wm"
https://x.com/i/status/2012225912360894769,yes,"This video depicts an AI-generated fictional rescue and is not a real event. It originates from the &quot;Teddy Gen AI&quot; channel, which produces imaginative content using artificial intelligence.    https://www.facebook.com/TeddyGenAI/videos/pov-rescue-walrus-stuck-in-tire/1572480180621454",Wow! What a beautiful experience to watch this successful rescue! Thank you for rescuing this 'walrus'!! It made my day! https://t.co/YO2XZxjqLn
https://x.com/i/status/2022900706869760036,yes,BJP It cell is using cropped video and half information. I am attaching video why she asked that question       https://x.com/FactswithDinesh/status/2022901922827768316?s=20  ,"She is Ruchi Tiwari!

She is asking ""Aapki Paani Nahi Mila?"" to mock a community.

People like her deserve no sympathy. 
 https://t.co/H2bSGIV958"
https://x.com/i/status/2021210914192585022,yes,"The 'AI humanoid' is a human actor in costume and makeup for a promotional campaign for the movie The Creator, not a real robot. https://www.reuters.com/fact-check/creator-movie-campaign-used-actors-makeup-not-robots-2023-09-27 https://mythdetector.com/en/humanoid-robots-or-actors-dressed-up-for-a-movie-commercial-what-does-the-video-depict","Meanwhile, in London.. an AI humanoid was seen walking the streets and was surrounding by intrigued school kids.

Spooky. https://t.co/rbBaqVfyUB"
https://x.com/i/status/2013363001441517952,yes,"While Calla Walsh was formerly in DSA like Zohran Mamdani, she does not work for him, left DSA in 2021, and has criticized him as a Zionist (&quot;Ziohran&quot;). She did say &quot;Death to America&quot; and &quot;Death to Israel&quot; during her 2025 Iran visit.      https://en.wikipedia.org/wiki/Calla_Walsh    https://calla.substack.com/p/ziohran    https://freebeacon.com/democrats/its-the-greatest-honor-of-my-life-israel-hating-american-woman-gushes-over-visit-to-iran-calls-us-genocidal-after-npr-named-her-a-good-citizen    https://www.city-journal.org/article/calla-walsh-unity-of-fields-political-violence","Calla Walsh who works for Mamdani has gone to Iran and she says here:

DEATH TO AMERICA 
DEATH TO ISRAEL

I’m speechless. https://t.co/fLRrqsW1TI"
https://x.com/i/status/2012340727829737790,yes,"Misleading. Chemo effectiveness varies by cancer type. Meta-analysis of late-stage cancers found 35.3% response rate, not 3%. In ALL/CML, 10-year survival reached 80.7% with continued therapy. The &quot;97% failure&quot; claim originates from debunked low-quality sources. https://pmc.ncbi.nlm.nih.gov/articles/PMC4706056/","""The only reason chemotherapy is used is because doctors make money from it, period.""

""It doesn't work 97% of the time."" https://t.co/b8V0NgYcGw"
https://x.com/i/status/2020717003393343651,yes,The individual shown was a suspect who fled police in a stolen vehicle. The crash occurred after he struck a detective's car at high speed during a felony pursuit. Officers drew weapons to secure the suspect as he exited the wreckage before he was taken into custody.     https://www.khou.com/article/news/local/houston-police-officer-wreck-midtown/285-fa748c36-735b-4f9b-806c-856eabca39a9#,Trust American police to draw their guns out at a victim of an accident instead of assisting him all because he is black 😭 https://t.co/Q4HSbavZK1
https://x.com/i/status/2016780175980036471,yes,"Leopard seals live only in Antarctic waters (Southern Hemisphere) and do not occur in the Arctic, where polar bears are found. These species cannot interact in the wild due to their separate habitats.    https://www.nationalgeographic.com/animals/mammals/facts/leopard-seal    https://www.fisheries.noaa.gov/species/leopard-seal    https://www.worldwildlife.org/species/polar-bear","This explorer is confronted by the fearsome, hungry leopard seal, that has isolated a polar bear cub on a small iceberg….. https://t.co/Hic8xRf8jp"
https://x.com/i/status/2014362005520503161,yes,This video takes a clip out of context where Yasir Qadhi is rejecting this ideology and is arguing against it.     https://x.com/YasirQadhi/status/2014689362529653002,"This is Yasir Qadhi out of EPIC Masjid in Plano, Texas: ""Our goal is to wipe away your religion and replace it with Islam.""
https://t.co/3inC3YgiT1"
https://x.com/i/status/2032180000355455302,yes,"The video shows a lookalike, not Sakura Shymko. She is not dating Drago, and the clip is old content recirculated as a false rumor.    https://poprant.indiatimes.com/trending/is-sakura-shymko-dating-kick-streamer-drago-after-jasontheween-break-up-heres-the-truth-about-the-viral-yacht-kiss-video/articleshow/129386002.html    https://www.sportskeeda.com/us/streamers/news-fact-check-did-jasontheween-s-ex-sakura-post-picture-her-new-man-calling-love-life",JasonTheWeen’s ex Sakura wasted NO TIME moving on and is already having the TIME OF HER LIFE with her new boyfriend Drago 🫢 https://t.co/r2cIvO4q0R
https://x.com/i/status/2027190430480085333,yes,"This video is an AI fake:    In several frames near 0:21 the dog's legs and body morph into the furniture or the firefighter's uniform. At the 0:41 mark, the firefighter smashes a glass door with a tool, but it passes through his own arm and the glass without natural resistance.    https://www.pcworld.com/article/3014659/social-media-is-being-slammed-by-deceptive-ai-videos-heres-how-to-spot-them.html","GOOD JOB FIREMAN 🧑‍🚒 God, may the soul of those beings! They give so much love that we are able to give everything for them. https://t.co/s7ckgeqPtP"
https://x.com/i/status/2024273391914455128,yes,"This is a doggy daycare (Pups at Play in Montclair, NJ) not a shelter. The man is a caretaker, and the other dog is the first dog's sister, not mother.    https://www.instagram.com/reel/DCzJhM7x71Z/","A man went to adopt a puppy from a shelter, and the puppy guided him to his elderly mother so that he would adopt her too.

 https://t.co/3G8sGmn1y9"
https://x.com/i/status/2027184543438958682,yes,This is AI.      https://www.captechu.edu/blog/how-spot-ai-generated-content-it-fact-or-fiction,"⚡️🚨 A man documents a plane crashing into the sea, capturing the moments of its sinking and the fear among the passengers… 🫣 https://t.co/DBrzx9zZW6"
https://x.com/i/status/2030914972377555449,yes,"Sources identify the video as footage from a 2025 courtroom brawl in Tbilisi, Georgia, not Israeli bunkers. No credible reports of 9 women being raped or a power blackout in Tel Aviv from recent missile strikes.    https://www.threads.com/@tzalulgrid/post/DVox6ahDKMm  https://mythdetector.com/en/tbilisi-court-as-footage-from-an-israeli  https://www.euronews.com/video/2026/03/02/tel-aviv-residents-assess-damage-after-iranian-missile-strike-kills-one  https://www.jpost.com/israel-news/defense-news/article-888271  https://www.aljazeera.com/news/2026/3/7/iran-war-what-is-happening-on-day-eight-of-us-israel-attacks","""Bunkers In Tel Aviv and parts of Isreal. Reportedly 9 women were raped when it blacked out in last 48 hours...""

©Al.imran70 https://t.co/JM2Ue5vAIn"
https://x.com/i/status/2030272954378915937,yes,This is not Punch   https://x.com/i/status/2030506428826325502,🚨: Monkey Punch heartbroken after beloved toy plunges into pond. The primate searched for hours; caretakers urged to retrieve. https://t.co/yrkqvv7SD4
https://x.com/i/status/2032752370627588167,yes,"The fire on USS Gerald R. Ford was a minor, non-combat laundry room incident on March 12, 2026, quickly contained with no damage to the ship or operations. Two sailors had non-life-threatening injuries. Video footage depicts a different ship's 2020 fire.    https://www.cusnc.navy.mil/Media/News/Display/Article/4431969/statement-of-uss-gerald-r-ford  https://www.navytimes.com/news/your-navy/2026/03/12/onboard-fire-extinguished-on-aircraft-carrier-in-red-sea-navy-says  https://www.dvidshub.net/video/759638/uss-bonhomme-richard-lhd-6-fire","BREAKING:

The US Aircraft Carrier sent to protect Israel has caught on FIRE - and you need to know how...

What do you think? https://t.co/Dn4wWcOuqi"
https://x.com/i/status/2032641668541784545,yes,"Missing context: Halal MREs were first introduced in 1996, joining vegetarian and kosher meals as a possible meal choice option.     https://www.joint-forces.com/rations/28401-fr44-us-meal-religious-ready-to-eat-halal","Shoutout to Kelly for exposing this. U.S military members are receiving HALAL MRE’s. Islam is infiltrating our own military. 
 https://t.co/2Z3OLLK10O"
https://x.com/i/status/2023766766741320035,yes,Galgotia University also showcased same dog which available on Chinese website for sale  https://x.com/Eng_china5/status/2023750941049045335?s=20,"VIDEO | AI Summit: Wipro showcases a ‘dog robot’ at the AI Summit in Delhi.

(Full video available on https://t.co/n147TvrpG7) https://t.co/km8Ooji6qe"
https://x.com/i/status/2015189340234645945,yes,"When snow is held over a lighter, it turns black as soot from incomplete combustion settles on the surface. The snow doesn’t melt but sublimates directly into vapor from intense localized heat, bypassing the liquid phase. It's not 'plastic snow'.    https://www.greenmatters.com/p/why-snow-turns-black-if-you-burn-it  https://www.usatoday.com/story/news/factcheck/2022/12/29/fact-check-science-behind-why-snowball-seems-burn/10946327002/","🇺🇸 American’s keep repeating the same experiment with fresh snow and keep getting the same result.

Snow shouldn’t burn black. https://t.co/Z2lVsjw3rb"
https://x.com/i/status/2032695028708209107,yes,"1. The video shows Beirut, Lebanon, after Israeli bombings ;    https://x.com/mauricemartin01/status/2032126636976410763?s=46    https://www.facebook.com/share/v/1AwyqJbrUc/    2. You can clearly see Arabic writing on the cars, as well as the emblem of the Lebanese Civil Defense.    https://x.com/qthestormm/status/2032695028708209107?s=46    https://monthlymagazine.com/en/article/817/civil-defense--big-responsibilities-and-modest-resources    https://www.lorientlejour.com/article/1421452/des-pompiers-libanais-aux-premieres-loges-pour-les-jeux-olympiques.html",🚨🚨🚨 MAJOR ALERT: EXCLUSIVE FOOTAGE OF THE ISRAELI PRIME MINISTER COVERED IN A WHITE SHEET BEING PUT IN THE BACK OF AN AMBULANCE https://t.co/Et1zRV8eAG
https://x.com/i/status/2014042532385054793,yes,"The video shows the arrest of Twitch streamer Krimoe on January 3, 2026.  Krimoe and several others were seen brandishing a toy gun in front of parliament. They were arrested and later released on bail. The incident has no connection to ISIS-style executions.    https://www.lbc.co.uk/article/krimoe-klips-arrest-gun-livestream-5HjdQJr_2    https://www.dailymail.co.uk/news/article-15437933/Moment-Twitch-streamer-toy-gun-outside-police-arrest.html    https://www.bbc.com/news/articles/cly1xygr4lpo","Busted! 

They tried to film an ISIS style execution in central London. Thankfully the police acted. 

Where did our peace go? 
https://t.co/rgfFCt2jHS"
https://x.com/i/status/2030597298435039506,yes,Yapay zekâ aracıyla hazırlanan görüntü.  AI generated content.  https://x.com/malumatfurusorg/status/2004242272494469341,"Incredible footage from the perspective of wild mountain goats with cameras attached; they're literally flying without wings.

 https://t.co/eW3iIe4yly"
https://x.com/i/status/2028425095752945880,yes,This is footage from the video game &quot;War Thunder&quot;. The Jet can be observed fighting the USS Maryland a ww2 battleship featured in war thunder.  https://wiki.warthunder.com/unit/us_battleship_colorado_class_maryland,"Iran's fighter jets are shredded by the US naval fleet.

They do not stand a chance of surviving an attack against the US Navy. https://t.co/WGr7IbLe80"
https://x.com/i/status/2016364011458023932,yes,"In the higher quality video here: https://x.com/ihabhassane/status/2001292923258679396 it can clearly be seems that an animal is being dragged, not a human. ",zionist jewish settler ties a Palestinian to his vehicle and lynches him in the occupied West Bank.. No international outrage!!! https://t.co/N5u61rtqmT
https://x.com/i/status/2024170943132946441,yes,"Diddy's $61.5M Beverly Hills mansion was not sold to Zelensky or any linked company. It was delisted unsold on Dec. 24, 2025, due to lack of buyers amid scandals. Similar purchase claims are recurring disinformation.    https://www.realtor.com/news/celebrity-real-estate/sean-diddy-combs-home-delisted-california-prison  https://nypost.com/2025/12/31/real-estate/jailed-sean-diddy-combs-pulls-61-5m-beverly-hills-freak-off-mansion-from-the-market-once-again  https://allhiphop.com/news/diddy-yanks-61m-freak-off-estate-off-the-market-in-los-angeles  https://www.stopfake.org/en/fake-zelensky-buys-e18-million-mansion-builds-underground-bunker/",Zelensky demanding billions in US aid while secretly dropping $61M on Diddy's freak-off mansion is honestly an impressive grift. https://t.co/2PaK9GbnN5
https://x.com/i/status/2013823679906599191,yes,"This video is a Russian claim of a swastika on a Ukrainian drone part. While some neo-Nazi symbols exist in Ukraine's military, this specific allegation is unverified and accused of being staged. https://www.factcheck.org/2022/03/the-facts-on-de-nazifying-ukraine https://www.reuters.com/article/opinion/commentary-ukraines-neo-nazi-problem-idUSKBN1GV2TC https://en.wikipedia.org/wiki/Disinformation_in_the_Russian_invasion_of_Ukraine","Ukrainian forces are attaching swastikas to their drones. The same forces the West calls ""defenders of democracy.

Explain that. https://t.co/xu4Sib5J6N"
https://x.com/i/status/2025225749700247667,yes,"The man shown injured in the video is a Basij paramilitary member attacked by protesters after he assaulted them, not police using force against protesters. https://x.com/MahyarTousi/status/2025226139048779814 https://www.rferl.org/a/iran-student-protests-tehran/33684136.html","🚨🇮🇷BREAKING: In Tehran, police have reportedly begun using force against protesters opposing the regime.
https://t.co/8jm8QczDNt https://t.co/Il1ArDS7BA"
https://x.com/i/status/2033329556615254306,yes,the sinners scene that this performance was recreating has a ballet dancer in it. Copeland's performance was also already scheduled.   https://youtu.be/S7jo5Cr6WUA?si=xReoCdNyxkZkCXoD  https://press.oscars.org/news/98th-oscarsr-unveils-star-studded-performance-lineup-hollywoods-biggest-night,Misty Copeland comes out of retirement to put Timothée Chalamet in his place during a live ‘Sinners’ performance at the #Oscars. https://t.co/EhUIOEw8jg
https://x.com/i/status/2025884935941136504,yes,"The video is an edited compilation of separate sloth rescues, not a single event. The road-crossing sloth is larger than the one returned to its mother; hands and wristbands also differ between clips.    https://x.com/StevenFortunat3/status/2025947766942302607    https://x.com/zigaxios/status/2026057512026517916","Awww, the baby sloth couldn’t cross the road, but a passerby helped him get across and safely delivered him back to his mom. 🤗🦥💚
 https://t.co/MAKhk0L3o5"
https://x.com/i/status/2025639787235848363,yes,"This video is a comedic skit filmed on Sunset Boulevard in Los Angeles, not New York City. Visible signs include Andante Coffee Roasters and LAFD Fire Station 20, both in LA.    https://www.instagram.com/brad_podray  https://lafd.org/fire-stations/station-20  https://www.yelp.com/biz/andante-coffee-roasters-los-angeles-2","Is it the pressure, the pace of the city, or just everyone trying to survive another day in a place that never slows down NYC?😯😯😲 https://t.co/cAmsU34uUC"
https://x.com/i/status/2027855412914012648,yes,"This video is from a trial that took place in Georgia, uploaded on June 12th, 2025, and not related to Israel.    It was also falsely spread as being from Israel in June 2025.  https://x.com/Mikiashvili_M/status/1933136109212414174","𝗜𝗦𝗥𝗔𝗘𝗟 𝗜𝗡 𝗙𝗨𝗟𝗟 𝗣𝗔𝗡𝗜𝗖 𝗠𝗢𝗗𝗘

From dancing and celebrating straight to full-blown panic as Iranian missiles flying overhead. 

KARMA https://t.co/acx7fBi71R"
https://x.com/i/status/2032688246371827835,yes,This video is old and shows protesters in Tehran attacking the Basij headquarters in January 2026. The video was posted on Youtube on January 19th 2026.  So it is not from Tel Aviv and has nothing to do with the US-Israeli war with Iran.  https://www.youtube.com/watch?v=TFpdvwtZ_fM  https://edition.cnn.com/2026/01/17/middleeast/iran-supreme-leader-khamenei-protests-criminal-trump-intl-latam,"🚨🚨MAJOR UPDATE: ITS TOTAL CHAOS IN THE STREETS OF TEL AVIV AS THE ENTIRE CITY CONTINUES TO BURN

THE PEOPLE HAVE LOST ALL CONTROL https://t.co/Kv4PxdVknW"
https://x.com/i/status/2015508558406648220,yes,This is a skit    https://www.snopes.com/fact-check/black-doctor-deny-care-man-in-maga-hat/,"Doctors don’t choose who deserves care based on politics. If a patient comes into the ER injured, our job is to help them. Period. https://t.co/VE2yp3C5KC"
https://x.com/i/status/2032426973394587728,yes,This video was posted on Threads by user “Dinndan713” on February 4th.     https://www.threads.com/@dinndan713/post/DUV-p3dCY5H?xmt=AQF0WjwIY-rBsy7mCQv3TXOL9wuzLK3EqCrM7CXkxB3wHPi8sPrMirxA121MnmR3Uf6u-rI&amp;slof=1    Operation Epic Fury didn’t start until February 28th.    https://www.centcom.mil/MEDIA/PRESS-RELEASES/Press-Release-View/Article/4418396/us-forces-launch-operation-epic-fury/    Video reflects a fire in a Tehran shopping center on February 3rd which impacted the Downtism Cafe.    https://www.reuters.com/world/middle-east/fire-breaks-out-tehran-shopping-centre-state-media-reports-2026-02-03/,"BREAKING🚨: The US just bombed autistic and down syndrome workers at a special cafe made to give the a place to work. ""Cafe Downtism"" https://t.co/uye2DDJbWG"
https://x.com/i/status/1936736321260699879,yes,"Correction needed: The video claims the accused is Indian, but at 9 seconds, he clearly states he's from Pakistan. Context matters - nationality shouldn't be misrepresented. Let's verify facts. https://x.com/i/status/1936736321260699879","🇮🇳🇦🇱 An Indian man, who showed himself naked with his pedo gang in front of children, was kidnapped by Albanian patriots from Britain https://t.co/PewupBTNyj"
https://x.com/i/status/2019036724723331250,yes,This is China and the people portrayed are Chinese. All the language is Chinese.  https://x.com/i/status/2019325639460069761,A Japanese man was assaulted by a woman on the subway and forced to give up his seat. All he did was scream loudly without resisting. https://t.co/jxojfQr9Dp
https://x.com/i/status/2023925830603468909,yes,AI 🤖 video    Generated by Kling AI  Rocks falling are inconsistent  Replay is different  Reaction of woman is late    Grok verification 🔗   https://x.com/grok/status/2024146136068465007?s=46,"A Saudi woman sat down to rest after distributing Ramadan charity. When she got up to feed a cat, she unknowingly avoided a disaster. https://t.co/6XBm5wk4eO"
https://x.com/i/status/2018464427146875355,yes,"This video is from a 2000s Argentine TV entertainment show (likely Showmatch or similar variety program), where young Lionel Messi participated in a lighthearted prank segment common at the time. It was comedic, not abusive, and Messi appeared as a guest athlete.    https://en.wikipedia.org/wiki/Showmatch    https://www.infobae.com/deportes/2023/06/24/el-video-de-messi-en-showmatch-cuando-era-joven-y-lo-hicieron-participar-de-un-juego-incomodo/","This is still one of the most messed up things I’ve ever come across, why were they doing this to Messi when he was just a teenager 
 https://t.co/DxT53vhT1s"
https://x.com/i/status/2026327377702183166,yes,The claim that Germany's largest stock exchange said XRP will outperform BTC is false. No such statement exists on official Deutsche Börse or ARD channels. Crypto news sites have not reported it.    https://www.deutsche-boerse.com/dbg-en/media/news-stories/press-releases  https://www.tagesschau.de/wirtschaft/boerse/  https://cointelegraph.com/tags/xrp,🚨BREAKING: Germany’s largest stock exchange says that #XRP is about to outperform #BTC and reach a new all-time high and even higher! https://t.co/X1hcfXa8Vd
https://x.com/i/status/2030357691051237747,yes,"The video above wasn't recorded in 2016. Top post was likely made days apart from the bottom, not years.    https://en.wikipedia.org/wiki/Sophie_Rain","Sophie Rain reveals she made a video in 2016 saying she wanted to become an astronaut. Now, 10 years later, she responds to the video https://t.co/h6DgdHgOhi"
https://x.com/i/status/2027988803974271058,yes,"This video is from January 6, 2020—drone footage of the massive funeral procession for Qasem Soleimani in Tehran, where crowds filled Azadi Street and surrounding avenues for miles. It has been repurposed before for other Iran rally claims.    https://commons.wikimedia.org/wiki/File:Aerial_Footage_of_Funeral_Procession_for_General_Soleiman_in_Tehran_13981016000475.webm","WESTERN MAINSTREAM MEDIA WILL NEVER SHOW YOU THIS.

Millions of Iranians are demanding revenge for the assassination of their leader. https://t.co/hEQN0KtCvH"
https://x.com/i/status/2031084833389039622,yes,"In the 2018 UCL final, Zidane substituted Gareth Bale **on** (for Benzema ~64', score 1-1), not off. Bale then scored twice in Real Madrid's 3-1 win. The sub wasn't to &quot;run down the clock&quot; in a tied match with ~25+ mins left.    https://en.wikipedia.org/wiki/2018_UEFA_Champions_League_final  https://www.uefa.com/uefachampionsleague/match/2024809--real-madrid-vs-liverpool/  https://www.bbc.co.uk/sport/football/44200409","Don't forget when Zidane subbed out Bale to run down the clock, but the Welshman won the game. 🤯 🏴󠁧󠁢󠁷󠁬󠁳󠁿

I wish he had liked football https://t.co/Ik2cE1JMmb"
https://x.com/i/status/2029629313306574884,yes,Mr. Herrera uses satire in his videos about historical weapons.  This is one example. You will see more by watching his videos. His grandmother lived her early childhood in Germany during WWII &amp; handed down her knowledge of WWII Germany through stories she told him.    https://m.youtube.com/channel/UCTrSsPMmZavLbc3Ex7VhjDg    https://m.youtube.com/watch?v=srHhRISqRWs    https://x.com/i/status/1744532888140292259,"🚨🚨🚨

Video shows Mike Johnson's candidate in #TX23 Brandon Herrera goose-stepping to Nazi marching song “Erika” https://t.co/4y2Ceaj6nG https://t.co/XMxj2X9BCp"
https://x.com/i/status/2018599260619436443,yes,"Bad Bunny is a U.S. citizen, having been born in Puerto Rico, an unincorporated territory of the United States. https://en.wikipedia.org/wiki/Bad_Bunny https://en.wikipedia.org/wiki/Puerto_Rico","Bad Bunny is not American but he won album of the year at the Grammy with a fully Spanish album. What is he doing right?🤔

#GRAMMYs2026 https://t.co/XQWJoFHssZ"
https://x.com/i/status/2028364019338539054,yes,Fake news. Video from Syria https://youtu.be/7h6zYkT4J2o,"⚠️ 𝐁𝐫𝐞𝐚𝐤𝐢𝐧𝐠 𝐍𝐞𝐰𝐬 ⚠️

🇮🇷🇹🇷🇺🇸 | IRAN HAS JUST HIT A U.S BASE IN TURKEY!

“First footage of strikes on the US Incirlik Air Base in Turkey” https://t.co/ai9WVbNOVB"
https://x.com/i/status/2024865812759314756,yes,The video is from the Naudet brothers' 2002 documentary on FDNY firefighters. They were filming a firefighter's routine day and captured the first plane impact incidentally while responding to a call near the towers.    https://en.wikipedia.org/wiki/9/11_(2002_film)  https://www.history.com/news/naudet-brothers-9-11-documentary,"🚨 A person "" Accidentally "" recorded the Footage of first plane hitting North Tower of World Trade Centre on 9/11 .

Are you convinced ? https://t.co/9htNldBalZ"
https://x.com/i/status/2028762075783106683,yes,There is no scientific evidence suggesting that a nuclear test caused this earthquake. Experts can clearly distinguish between natural seismic activity and explosions.    https://sundayguardianlive.com/world/earthquake-today-iran-43-magnitude-tremors-hit-fars-khonj-iran-nearby-areas-check-epicentre-impact-and-nuclear-test-concerns-173717/amp/    ,"BREAKING: 

An earthquake of magnitude 4.3 strikes Gerash in Iran, reports Al Jazeera

Looks like Iran may have just done a nuclear test https://t.co/wu931TS685"
https://x.com/i/status/2033643012698345528,yes,"This is an AI generated video, fake.    https://grokipedia.com/page/AI_Video_Generation","Why are people so stupid. If you do not know what you are doing don't touch it.
She had to be tracked down. She needs to be arrested.
😠😠😠 https://t.co/PgRUUZsW8Z"
https://x.com/i/status/2018412398684574187,yes,"While factually true, the video omits critical context. Charlotte's &quot;fundraising&quot; was a 10k charity run in 2011, and she has since then disassociated herself from the charity for many years over disagreement with its direction.  https://archive.is/Mtdo7","Kemi Badenoch said there would be a “new generation” of Tory candidates who would reflect core conservative values.

It’s not going well. https://t.co/whoXz7aJv5"
https://x.com/i/status/2029317416203759970,yes,"The video shows IRGC Commander Mohammad Pakpour, killed in strikes on Feb. 28, 2026. He could not have made recent statements. Similar claims came from Iran's Defense Ministry and an IRGC adviser.    https://www.reuters.com/world/middle-east/iran-defence-minister-guards-commander-killed-israeli-attacks-three-sources-say-2026-02-28    https://x.com/TOLONewsEnglish/status/2028923721508110654","🚨Update: Iranian Revolutionary Guard Commander stated that Iran hasn’t even begun to fight. Declares Secret weapons yet to be revealed!! 
https://t.co/3Yq6gCMxr9"
https://x.com/i/status/2020719561490956644,yes,"The video shows WWE superstar Charlotte Flair making an entrance at a wrestling event, not Erika Kirk at the TPUSA All-American Halftime Show. The post has been altered to look like Erika Kirk, which didn't occur—multiple reports confirm she was absent.    https://tenor.com/view/charlotte-flair-entrance-wwe-wrestle-mania-wrestling-gif-16446557","Erika Kirk entrance at @TPUSA All-American Halftime Show tonight

I’ve never seen someone look so happy from the day they became a widow

 https://t.co/avmD1C6Oy1"
https://x.com/i/status/2032056090938974385,yes,"This video shows a Houthi drone boat attack on the Chios Lion tanker that occurred on July 15, 2024, not recently. https://www.bbc.com/news/videos/cm528nmymn8o https://www.reuters.com/world/middle-east/tanker-assesses-possible-red-sea-oil-spill-after-houthi-attack-maritime-center-2024-07-16/","🚨Alert: War expands to the Red Sea!! The Yemeni Houthis join the War, they just hit the US owned oil tanker ""Chios Lion""  in the Red Sea! 
https://t.co/gbVfbOPoxd"
https://x.com/i/status/2014877992632385592,yes,There is no evidence this occurred and Hulda Clark actually died from cancer in 2009 https://web.archive.org/web/20130602215124if_/http://scienceblogs.com/insolence/wp-content/blogs.dir/445/files/2012/04/i-f02fb1a655460ccf788c35e79d792127-HuldaClarkDeathCertificate.pdf,"In 1992, Canadian scientist Hulda Clark astonished the world by curing a hundred cancer patients in just five days using only three herbs. https://t.co/egySseD17B"
https://x.com/i/status/2026846406426943617,yes,"The video is from a 2019 Indian clip of ear piercing infection drainage, not a recent Saudi case. The medical procedure shown is genuine. https://x.com/Dr_Ebtesam_/status/2026957658071187529 https://x.com/satyanveshi/status/2026968389932220728","A Saudi girl couldn’t sleep for three days due to severe ear pain. When she finally visited an ENT specialist, the discovery was shocking. https://t.co/Y2aXJp4yPg"
https://x.com/i/status/2021539966254510432,yes,"These are supporters of the Islamic Republic regime, families of the IRGC terrorist org. The regime pays them money to produce propaganda, then uses media to portray the situation as calm. The regime massacred more than 50,000 people during the nationwide protests in Jan. 2026. https://x.com/Soheilx/status/2021548315377049916?s=20","Iranians rallied in the streets, chanting “Death to Israel! Death to Israel!” to mark the anniversary of the Islamic Revolution’s victory. https://t.co/6zcvoKmzf4"
https://x.com/i/status/2013440091029454877,yes,Video was made by AI.    https://www.bbc.com/future/article/20251031-the-number-one-sign-you-might-be-watching-ai-video,"A little boy got fed up with people wrecking his snowmen, so he built his next one on top of a fire hydrant where nobody could destroy it. https://t.co/WLuAu0xOki"
https://x.com/i/status/2019802445518348342,yes,"This video was recorded on August 23, 2022 in Bnei Brak, Israel.  It depicts a Rabbi Abraham Baruch reciting a story about Noah's ark &amp; discussing Noah's righteousness.  Alleged subtitle overlay is not in the source and is misleading; Lebanon is not mentioned.    Source:  https://www.tiktok.com/@photo_kim/video/7134808255414439169  https://x.com/grok/status/1986554452028121587  https://x.com/SiWorrick/status/2019949808493220042","Israeli rabbi crosses the Lebanese border under IDF protection and calls for seizing as many homes as possible.

Still the victims, right? https://t.co/IsR66PimDK"
https://x.com/i/status/2021630123083280736,yes,"This is an AI-manipulated video; in the original, Shashi Tharoor criticizes the politicization of cricket and Pakistan's boycott rather than praising Pakistan. https://x.com/NKMalazai/status/2021649298472284254 https://timesofindia.indiatimes.com/sports/cricket/icc-mens-t20-world-cup/nonsense-disgraceful-shashi-tharoor-explodes-as-pakistan-boycotts-india-t20-world-cup-clash/articleshow/127855608.cms","Pakistan nailed India, says @ShashiTharoor adding, ""Pakistan deserves to be appreciated to for taking a bold stand"" in #icct20worldcup2026. https://t.co/PUV5RtQbHs"
https://x.com/i/status/2031780943439282480,yes,No verifiable court records or news reports confirm the $1.8M verdict; the story appears only in social media videos using stock footage and AI narration. https://www.hcdistrictclerk.com/eDocs/Public/Search.aspx https://x.com/grok/status/2014861975566663699,"A 19-year-old stole a car, crashed due to faulty brakes &amp; died... family sued the OWNER and WON $1.8M 😱⚖️

Is this justice or insanity?

https://t.co/MYLssWlpDT"
https://x.com/i/status/2012700724514226196,yes,The 938 poll is nine years ago - irrelevant to current approval.https://t.co/ZloykeYDOp  ,"🚨WOW! Over 9 in 10 Americans who voted for Donald Trump in 2024 still view him positively. 

92 percent approve. 

The people’s president. 
 https://t.co/cq1aWX4khX"
https://x.com/i/status/2013315863748006092,yes,"Neither the EU nor China has announced any plans to cut all trade with the US. Trump's tariff threats against EU countries over Greenland led to the EU suspending trade talks and imposing retaliatory tariffs, but no complete trade ban has been declared.  https://www.bruegel.org/first-glance/end-turnberry-truce-how-eu-should-react-us-coercion-over-greenland  https://www.wsws.org/en/articles/2026/01/19/tccn-j19.html","Europe and likely inevitably China are about to cut all trade with the United States. Are we great yet? Anybody arguing for it, is an idiot. https://t.co/4w0ikKqJdI"
https://x.com/i/status/2025228960616120363,yes,"This video is staged for entertainment. The Instagram account @isla.kove posts dozens of similar &quot;cheating confrontation&quot; skits, often called fake by commenters, and its bio promotes catching cheaters.    https://www.instagram.com/isla.kove  https://www.tiktok.com/@isla.kove/video/7595533505669680398  https://www.tiktok.com/@isla.kove/video/7591499312111176973","Serving my cheating husband of 5 years divorce papers (I'm pregnant with a 13 month old I feel like throwing up).
Do all men actually cheat?! https://t.co/AvN6Z6rnbF"
https://x.com/i/status/2027950870147547347,yes,This footage is from 2020 from The Late Show With Stephen Colbert.    https://globalnews.ca/video/6515125/jim-carrey-quite-literally-parades-his-way-onto-stephen-colberts-the-late-show    https://youtu.be/TPt83trNI7Y?si=Ll3gJFiZmBJjBQKY,"Jim Carrey’s looks changed drastically in such a short time. Now I’m hopeful I can grow a new face in two weeks too. 

This is him on Feb 17. https://t.co/gdgBRIFlir"
https://x.com/i/status/2032984700596388024,yes,"This video depicts a Shell gas station pump in the United States, not Turkey.    The signage shows the US Fuel Rewards® program (including promotional savings like 10¢/gal for Platinum members) and a US support number.    Shell Fuel Rewards program details (fuelrewards.com)  ","🚨In Turkey 
A man was refueling his car when he noticed a hidden device in the payment machine at the station used to steal credit card data. https://t.co/JMPVjf1g0c"
https://x.com/i/status/2012745678062018916,yes,"The footage shows UAE military helicopters and jets flying over Dubai during the Day of Solidarity aerial parade on January 17, 2026, not US aircraft over Iran. https://www.khaleejtimes.com/uae/aerial-parade-7-emirates-day-of-solidarity https://gulfnews.com/uae/government/uae-marks-day-of-solidarity-when-and-where-to-watch-aerial-displays-1.500410441","🔺BREAKING: 🇺🇸🇮🇷US is Preparing to Strike Iran as Chinese-Iranian citizens see dozens of US Helicopters and Fighters flying through the cities
https://t.co/FQ3N5cPkHb"
https://x.com/i/status/2023378051208192048,yes,The video shows Iran's IRGC missile tests on a target vessel during naval exercises in/near the Strait of Hormuz. No credible reports indicate a real vessel was sunk in these drills. The claim this is specifically a threat against China lacks evidence.    https://www.reuters.com/world/middle-east/irans-irgc-carry-out-live-fire-exercises-strait-hormuz-press-tv-reports-2026-01-29/  https://understandingwar.org/research/middle-east-iran-update-january-29-2026  https://www.crisisgroup.org/trigger-list/iran-usisrael-trigger-list/flashpoints/strait-hormuz,"WATCH 🔴

An Iranian missile strike sank a vessel during IRGC naval exercises in the Strait of Hormuz. 

This threat is actually against China. https://t.co/5y0rkyOvz0"
https://x.com/i/status/2013624714816586112,yes,"This is not a scam. It is legal to operate in this manner, and even insured by the FDIC.     All banks offering interest on deposit operate as fractional reserve banks.    https://en.wikipedia.org/wiki/Fractional-reserve_banking    https://www.investopedia.com/terms/f/fractionalreservebanking.asp","🇺🇸 COINBASE CEO JUST EXPOSED BANKS SCAM LIVE ON CNBC IN DAVOS:

“BANKS ARE LENDING CUSTOMERS' DEPOSITS WITHOUT THEIR PERMISSION”

THIS IS WILD https://t.co/A7Gx0jvUix"
https://x.com/i/status/2019658770079707349,yes,"This video is a hoax created in 2016 by Australian production company The Woolshed, who admitted it was part of a social experiment on viral videos. The bear chase is not real.    https://www.snopes.com/fact-check/snowboarder-girl-chased-by-bear/  https://www.abc.net.au/news/2016-07-12/australian-company-behind-fake-viral-videos/7588288  https://globalnews.ca/news/2824606/video-of-snowboarder-chased-by-bear-was-part-of-viral-video-social-experiment","In 2017, Kelly Murphy was being chased by a bear while snowboarding and she didn’t even notice because she was busy singing Rihanna’s ‘Work.’
 https://t.co/LNl6Ml34zU"
https://x.com/i/status/2012374570091921803,yes,"The game launches on PlayStation 5, Xbox Series X | S, PC, and Nintendo Switch 2.    https://reanimal.thqnordic.com/","Get a closer look at the upcoming co-op horror adventure Reanimal ahead of its February 13 launch on PlayStation 5, Xbox Series X | S, and PC. https://t.co/hLK7xDxdFq"
https://x.com/i/status/2015329628739850556,yes,"This clip is a deleted scene from Avengers: Endgame featuring Professor Hulk rescuing civilians from a fire, not leaked footage from Spider-Man: Brand New Day.  https://screenrant.com/deleted-hulk-scenes-mcu-movies","A Hulk scene from Spider-Man: Brand New Day is going viral online and being claimed as a leaked clip.

#SpiderManBrandNewDay #AvengersDoomsday https://t.co/9FQSBVp2JU"
https://x.com/i/status/2028657630307303678,yes,The video consists of AI-generated and manipulated clips falsely claimed to be from Epstein files; no such authentic footage has been released. https://www.dw.com/en/fact-check-ai-fakes-distort-claims-on-epstein-files/a-75798290 https://www.france24.com/en/live-news/20250725-fake-ai-photos-of-trump-with-epstein-flood-internet,"Where are the motherfuckers who love pedophiles to say that the video is fake?
And this is a mild video. They haven't released the worst ones. https://t.co/IHL22zS2MD"
https://x.com/i/status/2031831110989000816,yes,"The rescued animal was a domestic dog resembling a husky, not a coyote. Per witnesses, it was the man's own off-leash dog that fell through while chasing geese; he is believed to be the owner who jumped in to save it.    https://www.cbsnews.com/newyork/video/video-shows-man-rescuing-dog-from-icy-central-park-pond/    https://x.com/whatisny/status/2031837354369896502","A man jumped into a still-frozen pond in Central Park, NY, this afternoon to rescue one of the park’s coyotes after it fell through the ice.

 https://t.co/QyfVTpDmAU"
https://x.com/i/status/2029523324737306918,yes,"The video shows a 2011 dignified transfer at Dover AFB for US soldiers killed in Iraq, not 2026 Iran war casualties.    https://factcheck.afp.com/doc.afp.com.99UP4ZQ    https://www.yahoo.com/news/articles/video-us-soldiers-remains-2011-132417436.html","First KIA’s from Trump’s Iran war,

Arrived at Dover Air Force Base,

In a Flag Draped Coffins.

No President, no member of Congress…

No one. https://t.co/YMdxfSCz9R"
https://x.com/i/status/2012240647441236393,yes,"The man in the video is &quot;Old Man Matchan,&quot; a horse racing enthusiast reacting to the Uma Musume anime, not Tokai Teio's real-life jockey Takayuki Yasuda.  https://www.youtube.com/@old-man-show  https://en.wikipedia.org/wiki/Tokai_Teio","Tokai Teio’s Jockey cried while watching Teio’s last race in the anime 🥹

This scene was so peak i was also crying, Season 2 was so emotional 😭 https://t.co/MDC6SRPl1u"
https://x.com/i/status/2028030748867903929,yes,No US consulate staff were killed or injured; the deceased were protesters killed by Pakistani security forces during clashes. https://apnews.com/article/pakistan-protesters-attacked-us-consulate-karachi-iran-a3cc0c3c6f126cc54a657f61d312a203 https://www.aljazeera.com/news/2026/3/1/at-least-9-killed-in-pro-iran-protest-at-us-consulate-in-pakistans-karachi https://www.reuters.com/world/asia-pacific/pakistan-police-fire-tear-gas-protesters-outside-us-consulate-reuters-witness-2026-03-01,"🚨BREAKING: Muslims have STORMED the U.S. Consulate in Pakistan and KILLED 6 people, injuring a further 8 🇺🇸 🇵🇰 

Welcome, to World War Three.

 https://t.co/1vCQxqvpdD"
https://x.com/i/status/2018238610764345571,yes,"These bins are operated by key fobs, not money/debit cards.   Residents and businesses in the area get the fobs for free from Sheffield council  https://www.reuters.com/fact-check/new-bins-britains-sheffield-require-key-card-open-not-payment-2026-01-29/",New bins in Sheffield... you pay to put your rubbish in! 😡 What are you paying council tax for if you have to pay again to dispose of rubbish ? https://t.co/OCVrGODLkb
https://x.com/i/status/2025482335013982458,yes,"This video is false.  Michael Jackson died on June 25, 2009. Cristiano Ronaldo was officially announced as a Real Madrid player on June 26, 2009, the day after Jackson’s death.  It is chronologically impossible for Michael Jackson to have watched Ronaldo play for Real Madrid.    https://www.theguardian.com/football/2009/jun/26/cristiano-ronaldo-manchester-united-real-madrid https://en.wikipedia.org/wiki/Death_of_Michael_Jackson","Throwback to when Michael Jackson showed up at preseason games to watch Cristiano Ronaldo play. 
Game recognize game. 🐐👑 https://t.co/Ltg8q1Ko4L https://t.co/0cKW5XL3Ma"
https://x.com/i/status/2020967641410830740,yes,"Team USA defeated Italy 9-8 in the mixed doubles curling semifinal, advancing to the gold medal match against Sweden. https://www.olympics.com/en/news/winter-olympics-2026-mixed-doubles-curling-united-states-sweden-gold-medal-match-team-gb-and-italy-daily-results https://www.espn.com/olympics/curling/story/_/id/47879562/us-reaches-first-olympic-curling-mixed-doubles-final","Team USA wins their first-ever mixed doubles GOLD MEDAL against the reigning champions Italy in a MIRACLE play

They are proud to be AMERICAN 🇺🇲 https://t.co/ezwuDgelu5"
https://x.com/i/status/2032671979816546548,yes,"The video shows a fuel tanker crash and fire on I-471 in Kentucky on March 13, 2026, caused by a collision with a car. There is no evidence of involvement by groups or cartels supporting Iran. No related explosions have been reported in California.    https://www.wcpo.com/news/northern-kentucky/dispatch-explosion-on-i-471-in-northern-kentucky-all-lanes-closed  https://www.pbs.org/newshour/nation/newsom-says-no-imminent-threat-to-california-depsite-warning-about-possible-iran-drone-attack","JUST IN🇮🇷❌🇺🇸🔥 Multiple Explosions carried out by unknown groups or cartels in support of Iran after California, Cincinnati, and now in Kentucky. https://t.co/xPx06GbP30"
https://x.com/i/status/2026759068627374149,yes,"If is quite common for young adults and many others to paint their walls black. There are many reasons for this, one of which is the calm it brings to the mind. This is very well documented.     https://www.coohom.com/article/why-do-kids-choose-to-paint-their-rooms-black    https://mariakillam.com/vancouver-colour-expert-answers-the-question-why-your-teenager-wants-a-black-room/    https://www.homesandgardens.com/news/why-you-should-paint-your-bedroom-black","So you’re telling me the paint HAD to be black in order for the context of this scene to work? No other color? Yeah, ok. https://t.co/CxokAiiKea https://t.co/aiBqNCbyp8"
https://x.com/i/status/2023403437740998925,yes,"This video is from Sen. Rick Scott's Oct. 1, 2025 Fox News interview during a prior shutdown. He introduced the No Budget, No Pay Act in Jan. 2025. No new bill was introduced in Feb. 2026, despite the &quot;BREAKING&quot; claim.    https://www.congress.gov/bill/119th-congress/senate-bill/88    https://www.rickscott.senate.gov/2025/10/in-case-you-missed-it-sen-rick-scott-slams-democrats-government-shutdown-on-fox-news-if-congress-can-t-fund-government-congress-shouldn-t-get-paid","🚨 BREAKING: Sen. Rick Scott introduces a bill to stop Congress from receiving paychecks during government shutdowns.

“No work. No pay. Period.”
https://t.co/oS7rgDq61S"
https://x.com/i/status/2030256234973044765,yes,This video is from July 2025 and occurred on an EasyJet flight in Europe https://x.com/nyssa7/status/1949423368786137569?s=46&amp;t=COMbvCYTMHbwG6RXKIlb-g,"“Death to America! Death to Trump!”

“I’m going to bomb the plane!”

A terrifying moment. We need to stop importing people who hate our country.
https://t.co/zpg9WvLW6N"
https://x.com/i/status/2024432918458753047,yes,"The video shows Turkish athlete Necmettin Erbakan Akyüz raising a Palestinian flag at the European Wushu Kung Fu Championship in Istanbul on December 17, 2023, not the Winter Olympics. https://www.arabnews.com/node/2502586/sport https://www.dailysabah.com/sports/turkish-kung-fu-fighter-under-fire-for-displaying-palestinian-flag/news","When a gold medalist in the Winter Olympics does this on the podium, this is how it should be, will be &amp; must be for ever – this is how we win https://t.co/Mo0pQycg8E"
https://x.com/i/status/2015752028061090241,yes,"The images depict a fire at Jalandhar Cantonment on August 17, 2024, misattributed to May 2025 drone strikes. Vehicles appear intact with no signs of destruction. Independent analysis found no observable damage from Pakistani attacks on Indian facilities.  https://www.stimson.org/2025/four-days-in-may-the-india-pakistan-crisis-of-2025  https://timesofindia.indiatimes.com/india/claims-of-damaging-s-400-brahmos-missile-base-false-mea-exposes-pakistans-misinformation-campaign/articleshow/121059120.cms  https://www.instagram.com/reel/DS_2qS1kyev",Indian Brahmos launchers destroyed on 10th May 2025 in Jalandhar Cantt live feed from Google Earth. Debris clearly visible. https://t.co/3ZPvVRZFXh https://t.co/TI3BQSgBNQ
https://x.com/i/status/2025169260901781889,yes,"The video shows the October 2025 arrest of three Chinese nationals in Georgia (the country) for attempting to buy 2kg of uranium, not Israeli tourists. Reports do not specify Uranium-235.    https://www.aljazeera.com/news/2025/10/25/chinese-citizens-arrested-in-georgia-accused-of-trying-to-buy-uranium  https://www.bbc.com/news/articles/cgjdgv6z3l9o  https://civil.ge/archives/708365","🚨 BREAKING:

Three “israeli tourists” were just CAUGHT trying to buy 2 KILOS OF URANIUM 235 in Europe.

Uranium 235 is literally for nuclear bombs. https://t.co/9jjS4USymy"
https://x.com/i/status/2024794745047019840,yes,"The video depicts staged entertainment content, not authentic doorbell camera footage of a real motorcycle accident and subsequent grief. The account's bio states: &quot;Only Entertainment Entertainment Entertainment&quot;.    https://x.com/TAdventurousoul    https://www.instagram.com/reel/DTsoUOik5PB/",The doorbell camera footage of a woman who lost her boyfriend in a motorcycle accident — capturing her final goodbye and the few days that followed… https://t.co/S8ySgg50dg
https://x.com/i/status/2020759330262315518,yes,"The woman in the video is Paige Windle, not astronaut Karen Nyberg, demonstrating green screen chroma keying on the flat Earth show Globebusters. https://www.politifact.com/factchecks/2022/sep/09/instagram-posts/no-isnt-video-nasa-astronaut-pretending-be-space/ https://factcheck.afp.com/doc.afp.com.62RB39E","Former Astronaut Karen Nyberg demonstrates how NASA fakes space-flight phenomena!

How much of what we have been told is 'science' is actually true? https://t.co/ANwSbk33Ol"
https://x.com/i/status/2031803724478255271,yes,"The animal is a dog whose owner rescued it after it fell through the ice while chasing geese, not a Central Park coyote rescued by a stranger; Central Park ponds were ice-free due to 80°F weather the previous day. https://x.com/whatisny/status/2031837354369896502 https://weatherspark.com/h/d/147190/2026/3/10/Historical-Weather-on-Tuesday-March-10-2026-at-New-York-City-Central-Park;-New-York;-United-States",HERO! A man jumped into a still frozen pond to rescue one of the Central Park coyotes which had fallen through the ice this afternoon #whatisnewyork https://t.co/ZP8AbKa4uE
https://x.com/i/status/2028874909464883592,yes,"This is not true. The man was pinned down by bystanders, arrested, and charged with assault.     https://metro.co.uk/2025/06/25/man-chased-around-london-tube-station-attacker-pinned-public-23496944/","In London, a man tried to snatch a Rolex off someone’s wrist in broad daylight, and instead of stepping in, people just stood there as he ran away 😳 https://t.co/5WRVVrwa6X"
https://x.com/i/status/2022629801429971244,yes,"The video shows an AI-generated woman, not a real person speaking at a protest. https://www.facebook.com/Aussietothecore/posts/1434558211636260","This young Australian woman is damn RIGHT and it’s a simple solution to a long term problem.

CUT Migrants BENEFITS and they will DEPORT themselves. https://t.co/SN87GmHqQL"
https://x.com/i/status/2027970093402005935,yes,"User is known for sharing misinformation, the video has nothing to do with the Iranian supreme leader.     The Video below shows Putin putting flower on an unknown Russian soldier.     https://youtu.be/sNBCQRtY3tU?si=caHExSExTqlnnZhC",🚨 Heavy mourning worldwide Russian President Vladimir Putin places flowers in Moscow to honor Iran’s Supreme Leader Ayatollah Ali Hosseini Khamenei. https://t.co/d5RKFik2Yo
https://x.com/i/status/2019396751526916310,yes,"Jonathan Samuels, a presenter for Sky News, explained on Twitter that it was a creative choice made in editing to align with the voiceover script.    https://www.snopes.com/fact-check/briefcase-changes-color/","Flashback to at the time UK Prime Minister Rishi Sunak leaving number 10 and his folder magically changing colour.

You are watching a scripted movie! https://t.co/EaKWgxDGfj"
https://x.com/i/status/2017417530814640389,yes,Bruce Buffer is American. The person in this video is Australian.     https://grokipedia.com/page/Bruce_Buffer,"BREAKING:

BRUCE BUFFER ROAD RAGE!

Bruce Buffer, famous UFC fight announcer, caught on video having an argument today in Sydney just before UFC 325 😲 https://t.co/0s5p8purIE"
https://x.com/i/status/2023546832723591622,yes,"Per the US Census Bureau, there were about 101,000 living centenarians in 2024 in the US.    https://www.pewresearch.org/short-reads/2024/01/09/us-centenarian-population-is-projected-to-quadruple-over-the-next-30-years/    There are 3,143 counties or equivalents in the US, for an average of about 32 centenarians per county.     https://www.pewresearch.org/short-reads/2024/01/09/us-centenarian-population-is-projected-to-quadruple-over-the-next-30-years/","A 100 year old voter in California…

I’m sure that’s totally legit.

Send @nickshirleyy to every state.

We have not had a legit election in decades.

https://t.co/MJWpKhxthY"
https://x.com/i/status/2015801908813078551,yes,"This is a performance by Marina Abramović at the MoMA in New York. It is not true that Marina had not seen Ulay for 20 years. As shown in the documentary The Artist Is Present, Marina and Ulay met several days beforehand. https://www.youtube.com/watch?v=YcmcEZxdlv4","A woman was asked to look strangers in the eye without showing any emotion. But then she saw the man she once loved, a man she hadn't seen in 20 years. https://t.co/RHu78vkPeZ"
https://x.com/i/status/2028470229479952737,yes,"https://x.com/nightskytoday/status/2028470229479952737?s=46&amp;t=xt06xH0PgJg81HAtLBP2yg    If it were authentic footage of even a small meteoroid impact or transit, it would have corroboration from lunar monitoring programs (e.g., NASA's lunar impact flash teams or amateur networks), but there's zero trace of that here. It's just well-made but fabricated viral bait.",BREAKING🚨: A Fast-Moving Object Appears to Slam Into the Moon — But It’s Just a Space Rock or Satellite Crossing in Front During Telescope Observation. https://t.co/gc3jFZZ43E
https://x.com/i/status/2020068143994139069,yes,"The video features AI-generated images resembling Jeffrey Epstein in Tel Aviv, but they are fabricated. The original includes Google's Gemini AI logo and was shared on Reddit. Epstein died by suicide in 2019, per official reports.    https://www.reddit.com/r/Epstein/comments/1qxn46z/epstein_has_not_been_spotted_alive_tel_aviv_that  https://www.politifact.com/factchecks/2026/feb/06/social-media/jeffrey-epstein-tel-aviv-fake-image-AI  https://en.wikipedia.org/wiki/Death_of_Jeffrey_Epstein","#Epstein THIS ANGLE MAKES IT SEEM TOTALLY OBVIOUS… but maybe that’s what they want.
He is NOT homeless! He’s wearing Persol sunglasses! Those are $300.. https://t.co/p7Wlz2q01I"
https://x.com/i/status/2031564563645346281,yes,"This video does not show Tel Aviv and is not from the 2026 US-Israeli war with Iran, but shows the destruction in Bat Yam after an Iranian missile hit the city on June 15 2025.  https://x.com/sentdefender/status/1934044153211756750  https://www.ynetnews.com/article/skaotri7xe  https://www.timesofisrael.com/6-dead-including-2-children-in-iranian-missile-strike-on-bat-yam-apartment-building/","Tel Aviv 💥💥💥

Despite the censorship, we can manage to get random videos from Tel Aviv.... And it is not looking good for the pedo-Epstein coalition 💥💥💥 https://t.co/pBoJIApX5R"
https://x.com/i/status/2030486787236245855,yes,"Important context: These are called MREs and have been around for decades. They became the main standard around 1986. The Trump administration is not the only admin. that has fed their soldiers this, and these are not only eaten during war. They are eaten during peace too.    https://us.mealkitsupply.com/blogs/news/the-evolution-of-the-meal-ready-to-eat?hl=en-US","⛔️This is what the billionaires in Trump administration are feeding young poor American soldiers‼️

Look at their faces. They’re so young and naive ‼️

 https://t.co/IqSqQ1BNxm"
https://x.com/i/status/2016617307938648339,yes,Erika Kirk’s match is only for children of active employees of TPUSA. (Turning Point only has ~500 employees)    https://thehill.com/homenews/administration/5711496-trump-accounts-matching-erika-kirk/amp/,"Incredible. 

Erika Kirk will match 1,000 for every Trump Account created for a newborn baby, honoring Charlie’s legacy 

Every child is a gift from God https://t.co/397GAOe8Hx"
https://x.com/i/status/2026234425009180936,yes,"This video is not from Chicago. It features outdoor palm trees, which cannot survive in Chicago's cold climate.    https://www.chicagoparkdistrict.com/about-us/news/garfield-park-conservatory-removes-93-year-old-palm-tree-promote-new-plant-life    https://www.quora.com/Is-there-any-way-that-palm-trees-will-survive-in-Chicago","Mayor Brandon Johnson will tell you that Chicago doesn’t have a problem with crime.

You think things are bad now, just wait until it gets nice outside. https://t.co/bothijXZUe"
https://x.com/i/status/2028960640795328751,yes,"Harvey Levin did not admit to giving his ex-partner AIDS. In a 2023 podcast, he described his partner testing HIV+ after they got tested together, later developing full-blown AIDS, and dying from it. No admission or evidence of transmission by Levin.    https://www.youtube.com/watch?v=YNAHFcRz9uo    https://x.com/veizau/status/2028960640795328751","🚨 EXCLUSIVE: TMZ owner Harvey Levin was seen in an interview admitting to allegedly giving his ex boyfriend of 9 years Ai*ds, resulting in his death 😬👀

 https://t.co/JqeMjwADYr"
https://x.com/i/status/2023003108918636635,yes,This video is AI generated  https://caniphish.com/blog/how-to-spot-ai-videos,"A vehicle falls off a bridge in the middle of a flash flood, and a boy cries to save his puppies who were trapped inside the car with the windows closed. https://t.co/xb59R0e01Q"
https://x.com/i/status/2026054674877460628,yes,This video is a comedic skit posted by actress Brittney Rae Carrera herself in October 2025 reacting to Haliey Welch's cameo in *Chad Powers*. Welch stated she contacted Carrera and they are on good terms; no evidence confirms Carrera was ever cast in the role.    https://people.com/haliey-welch-speaks-out-after-actress-claims-she-replaced-her-in-chad-powers-11823050    https://deadline.com/2025/10/haliey-welch-in-contact-actress-replaced-chad-powers-1236570163    https://decider.com/2025/10/02/brittney-rae-hawk-tuah-haliey-welch-chad-powers-role,"Footage resurfaces of actress Brittney Rae Carrera crashing out after finding out she lost her role in Chad Powers to the “Hawk Tuah” girl, Haliey Welch 🎬👀 https://t.co/uBT07ze3RU"
https://x.com/i/status/2015167769977782525,yes,The New York Times covered the March For Life.   https://www.nytimes.com/2026/01/23/us/march-for-life-trump-vance.html,"New York Times just covered protests in Minnesota

The March for Life was yesterday

100,000 people attended to defend unborn babies

The media said nothing https://t.co/gKthAFXyt9"
https://x.com/i/status/2013367166049898525,yes,"No confirmation of 16 Chinese military cargo planes landing in Iran in the last 56 hours (Jan 17-19, 2026). The video appears to be a compilation of unrelated aircraft footage.  https://www.reuters.com/","🚨 BREAKING 🇨🇳🇮🇷

16 Chinese military cargo planes have landed in Iran in just 56 hours — the largest such transfer ever recorded in this short a time frame. https://t.co/8pOwNuZRre"
https://x.com/i/status/2028806075986616697,yes,"The video is from a 2017 ammo depot explosion in Ukraine, not Israel. Israel has no nuclear power plants. No credible reports confirm Iranian strikes on any Israeli nuclear sites during the ongoing conflict.    https://factcheck.afp.com/doc.afp.com.99HR8G4  https://en.wikipedia.org/wiki/Nuclear_power_in_Israel  https://www.newsguardrealitycheck.com/p/iran-is-winning-according-to-misleading","BREAKING: 🇮🇱 Reports claim Israel’s nuclear power plant was struck by multiple 🇮🇷 Iranian ballistic missiles, causing damage and potential radioactive leaks. https://t.co/CGEp62U4od"
https://x.com/i/status/2023952976792994014,yes,"The clip refers to JasonTheWeen's ex-girlfriend Yujin, not Sakura, as shown by the stream title in the video and confirmed in replies. https://x.com/ClippedHubb/status/2023952976792994014 https://x.com/ElgyokeresJose/status/2023954171884388380 https://x.com/MikeAnthonyG/status/2023954348976316534","JasonTheWeen reveals the real reason him and Sakura broke up, claiming she was extremely controlling 😳

""I was literally saying sorry... i was on that leash"" https://t.co/D5MXXuozkb"
https://x.com/i/status/2015129976027410509,yes,"This video is footage from a pro-Orbán &quot;Peace March&quot; rally in Budapest on June 1, 2024, ahead of European Parliament elections, not a current event in January 2026.    https://www.reuters.com/world/europe/thousands-rally-back-hungarys-orban-ahead-eu-vote-2024-06-01    https://abouthungary.hu/speeches-and-remarks/speech-by-prime-minister-victor-orban-at-the-peace-march","🚨SHOCKING:   

🇭🇺 HUNGARY Stands with Prime Minister Orbán Viktor. 

This is Our MESSAGE to the European Union and Ukraine.

Hungary is Not Your Client State. https://t.co/nRvRAypSaA"
https://x.com/i/status/2025686908500676954,yes,"Even though this video shows assets linked to CJNG, this is an old video and the vehicles shown have been captured/destroyed long ago, this does not represent the current state of the conflict    https://vanguardia.com.mx/noticias/fgr-destruyo-23-monstruos-del-narco-CX3321602","Don’t worry guys, the Mexican army is here to save everyone!

Oh wait, this isn’t the army… 

This is the Special Forces of the Jalisco New Generation Cartel! https://t.co/f6KjfNiXrm"
https://x.com/i/status/2031853544953741668,yes,"The video is  footage from the first Tarawih prayer of Ramadan 2026, held on February 18 at the Moscow Cathedral Mosque in Russia. Newsflare has raw footage from the event: https://www.newsflare.com/video/839941/russia-muslims-perform-first-tarawih-prayer-of-ramadan-in-moscow  Similar clips appear in reports from TRT World and other outlets covering Ramadan prayers in Moscow.    ","Breaking 🚨🚨:
In Iraq, dozens of American soldiers converted to Islam after the Epstein files and illegal Israeli-US war crimes in the Middle East were exposed. https://t.co/0IVmqZ3J8O"
https://x.com/i/status/2023166279847207015,yes,"Japan has not banned Islam. Claims of bans on halal food, large mosques, calls to prayer, or street praying are false, part of a recurring hoax. Islam is practiced freely in Japan with existing mosques and communities.    https://www.reuters.com/fact-check/online-list-japans-restrictions-islam-includes-false-claims-2023-12-08  https://www.politifact.com/factchecks/2015/nov/17/viral-image/viral-graphic-says-japan-keeps-out-radical-islam-t  https://www.snopes.com/fact-check/muslims-in-japan/  https://en.wikipedia.org/wiki/Islam_in_Japan","🚨 BREAKING: JAPAN BANS ISLAM

Halal? BANNED 🚫
Large Mosques? BANNED 🚫
Call to prayer? BANNED 🚫
Praying in the street? BANNED 🚫

Don't like it?

GO BACK HOME!!! https://t.co/xOk1aRuSA2"
https://x.com/i/status/2026641270492254668,yes,"Energy bills are £73 more expensive now than when Labour came into office.    July 2024 - £1,568   April 2026 - £1,641  +73    July 2024: https://www.ofgem.gov.uk/news/new-energy-price-cap-level-july-september-2024-starts-today    April 2026: https://www.ofgem.gov.uk/press-release/energy-price-cap-will-fall-7-april","I promised to bring bills down and I meant it.
 
And today, because of the decisions this Labour government has made, the energy price cap has lowered by £117. https://t.co/cE9SGjY7hv"
https://x.com/i/status/2032870814660571396,yes,Rabies is a very real viral disease that kills nearly 100% of patients who do not receive the vaccine.     https://www.who.int/news-room/fact-sheets/detail/rabies,"Rabies🐕: A fake illness to poison the dogs and keep the vets in business. Anything mandated by the govt is voluntary.

Book: The poisoned needle Eleanor Mcbean https://t.co/gCZ9lbvoCB"
https://x.com/i/status/2013161855611732113,yes,"This video shows the Pakistan-Afghanistan border incident involving the Tehrik-e-Taliban Pakistan (TTP, also known as the Pakistani Taliban) attacking Pakistani army soldiers.  https://www.reddit.com/r/CombatFootage/comments/1kitddq/ttp_militants_attack_pakistani_security_forces_in/","💥🇸🇾 Tishrin Dam | Breaking

A Kurdish sniper has reportedly taken out a group of ISIS fighters / Turkish-backed Syrian Arab Army militants near the Tishrin Dam. https://t.co/LDJgNPXcqr"
https://x.com/i/status/2014544874226307121,yes,"This video is satirical content created by TikTok user @mr.farmerfran. Carrots are a cool-season crop harvested in Kansas during spring and fall, not in January when fields are dormant.    https://www.tiktok.com/@mr.farmerfran/video/7597964660045794574  https://www.shawnee.k-state.edu/lawn-garden/Carrot.pdf",This carrot farmer has almost a million dollars of carrots to pick but this administration and the fear of ICE ran off all the workers and he will lose his farm. https://t.co/epeC3IUVCw
https://x.com/i/status/2021373935976341556,yes,"**Errors:** Pilot is 60, not 70. No Epstein connection exists—this is Operation &quot;Fasten Your Seatbelts,&quot; a local Brazilian case. Sergio Antonio Lopes was arrested for child pornography and exploitation; no sources link this to Epstein. https://local12.com/news/nation-world/pilot-child-porn-pornography-ring-plane-airplane-pictures-images-photos-mother-sold-selling-bought-purchased-rape-prostitution-sexual-abuse-sexually-assault-assaulted-abused-abusive-stalking-coercion","⛔️Breaking news ‼️A 70-year-old pilot who trafficked minors and ran a network in Brazil —in reference to Jeffrey Epstein in Brazil— was arrested before takeoff‼️
 https://t.co/HEFqG4cuLY"
https://x.com/i/status/2033030479968895221,yes,Solar panels do not have lithium present in them.  The video is also AI generated.  https://en.wikipedia.org/w/index.php?title=Solar_cell,"The lithium in the solar panels cashes fire, just like it does in the electric cars. 
All these 'good for nature' inventions seem to be bad for nature at the end. https://t.co/rc3hWpP419"
https://x.com/i/status/2014082667566809170,yes,"The evacuation of the Davos Congress Centre was precautionary due to a small fire in a nearby hut that caused a smell leading to coughing among some attendees. President Trump, who had spoken earlier, was unaffected and remained safe per White House officials.  https://www.the-sun.com/news/15819896/davos-fire-evacuates-guests  https://www.hindustantimes.com/world-news/us-news/davos-fire-reports-why-congress-center-was-evacuated-today-is-trump-ok-latest-update-on-world-economic-forum-101769028891542.html","🚨BREAKING: Attendees are being evacuated from the main World Economic Forum venue after a mysterious smell sparks coughing fits.

President Trump needs to LEAVE. 
 https://t.co/ozM00ficFf"
https://x.com/i/status/2025684831070200086,yes,"Mexican forces killed cartel leader El Mencho on Feb 22, 2026, sparking violence like torched vehicles and roadblocks in multiple states. No reports confirm kidnapping of American citizens; US issued shelter-in-place advisories. https://www.foxnews.com/world/major-drug-lord-el-mencho-killed-mexican-military-operation-us-intelligence-support https://www.cnn.com/world/live-news/mexico-el-mencho-killed-travel-chaos-02-23-26-intl-hnk","Mexican military killed cartel leader El Mencho… and now Mexico is paying for it!!! Cartel members are destroying cities and even kidnapping American citizens. 😳

 https://t.co/Ilp1y0pX5D"
https://x.com/i/status/2019426657325707712,yes,"The video is AI-generated, not a real statement.    US Census data shows average spousal age gaps of ~4 years in 1900 (men 26, women 22 at first marriage), narrowing to ~2.5 years by 1960—not typically 10 years.    https://www.census.gov/content/dam/Census/library/visualizations/time-series/demo/families-and-households/ms-2.pdf    https://www.bgsu.edu/ncfmr/resources/data/family-profiles/hemez-distribution-age-first-marriage-fp-20-09.html","This is very provocative. It helped me understand why in my grandparent’s generation and before that, men were typically 10 years older than the women they married https://t.co/BsePN0ixyc"
https://x.com/i/status/2025695410287714791,yes,This video is from the Mexican side of the El Paso border in October 2023.    https://kfoxtv.com/news/local/migrants-surge-to-el-paso-texas-border-sector-undeterred-by-heightened-security-in-ciudad-juarez-chihuahua-mexico-francisco-garduno-migration-delegate  https://cbsaustin.com/news/nation-world/video-hundreds-of-migrants-rush-southern-border-amid-cities-overwhelmed-el-paso-texas-ciudad-juarez-mexico-asylum-seekers-rio-grande-train-cbp-patrol  https://katu.com/news/nation-world/video-hundreds-of-migrants-rush-southern-border-amid-cities-overwhelmed-el-paso-texas-ciudad-juarez-mexico-asylum-seekers-rio-grande-train-cbp-patrol,"Liberals across America call for the Southern Border to be reopened, to let in the Mexican Drug Narco Terrorists running from their government.  
This was El Paso. https://t.co/dYes1qrEOJ"
https://x.com/i/status/2017642510730789125,yes,The protestors are asking for more police enforcement in Arab towns.    https://www.i24news.tv/en/news/israel/society/artc-tel-aviv-40-000-people-rally-against-violence-in-arab-communities,Tens of thousands march in Tel Aviv tonight demanding life and security for Arab and Palestinian citizens as a racist fascist government abandons and targets them. https://t.co/RrGGum4mmI
https://x.com/i/status/2027524899200209210,yes,"Recycled 2019 video from India: This shows drainage of an infected piercing cyst on the earlobe, not an 'unexpected' ENT mystery.    https://www.instagram.com/reel/DVOV6HXkb3m/  https://www.instagram.com/reel/DVQnECWEqdg/","After three sleepless nights from intense ear pain, a girl finally saw an ENT specialist. 

The cause of her discomfort turned out to be something truly unexpected. https://t.co/oX492yN80c"
https://x.com/i/status/2017985422916239407,yes,This video is from an accident on 193 in Michigan from 2015.    https://fox59.com/news/national-world/video-watch-as-massive-193-vehicle-pileup-develops-on-michigan-  interstate/,"Cars piling up on I26 in South Carolina during the ""bomb cyclone"" ❄️

Drive accordingly...

#rural #southcarolina #snow #BombCyclone #crash #FAFO #ice #learning #SC https://t.co/SMJpJYk4CZ"
https://x.com/i/status/2017152450944209016,yes,"Video from July 24, 2009 shows arrests made in the FBI's &quot;Bid Rig&quot; corruption investigation in New Jersey, which saw 46 people including 29 public servants arrested on charges of corruption and/or money-laundering.    https://www.npr.org/2009/07/23/106918289/3-n-j-mayors-arrested-in-major-corruption-probe    https://www.reuters.com/article/world/us/mayors-rabbis-arrested-in-nj-corruption-probe-idUSTRE56M3QU/    https://www.youtube.com/watch?v=-0XWZGjPDz4    https://en.wikipedia.org/wiki/Operation_Bid_Rig    https://www.fbi.gov/news/stories/2009/july/corruption_072409     https://www.nj.com/news/2014/10/landmark_nj_corruption_case_ends_5_years_after_the_fbi_sting_operation_came_to_light.html    https://www.aljazeera.com/news/2009/7/24/scores-held-in-us-corruption-probe","🚨 BREAKING:

17 Jewish Rabbis were arrested in New Jersey for harvesting and trafficking organs from Palestine. 

One of them was selling kidneys for over 10 years. https://t.co/hPVtkIN3Oq"
https://x.com/i/status/2013184598746812765,yes,The girl in the video is actually a 22 year old grown woman who dresses like a high-schooler to gain sympathy while selling sampaguita flowers    https://www.philstar.com/the-freeman/opinion/2025/01/21/2415769/editorial-virtue-not-judging-too-quickly,A schoolgirl in Manila selling snacks bravely resisted an armed security guard trying to remove her. It's tough seeing children in poverty. What are your thoughts? 😔 https://t.co/N8SC0iR9RK
https://x.com/i/status/2031448786959011972,yes,This video is clearly AI-generated.     The scenery keeps randomly changing and the explosions make no sense.    https://www.bbc.com/news/videos/c050eq4llpro,"Videos from Kuaishou, a Chinese social media app, without guarantee of accuracy, strongly suggest that the number of US soldiers who have died is more than reported. https://t.co/fwxxANq2LT"
https://x.com/i/status/2013433131089502370,yes,"Canned tuna is required to be “ready to eat,” meaning it is cooked and not raw.   https://www.foodrepublic.com/1648106/is-canned-tuna-raw-cooked/","Rick Ross’s favorite ex-girlfriend, Singer Cristina Mackey—who’s really into fitness—says she eats raw tuna straight out of the can to help maintain her physique. 👀🐟🍣 https://t.co/JlsQjTaGOO"
https://x.com/i/status/2023025864318095578,yes,"The video is from September 3, 2025, showing two US military veterans arrested for disrupting a Senate hearing to protest US arms sales to Israel. It does not show active duty pilots arrested for refusing to fly weapons.    Sources:  https://factcheck.afp.com/doc.afp.com.777Z2NQ  https://www.democracynow.org/2025/9/4/headlines/army_veterans_disrupt_senate_hearing_to_accuse_members_of_complicity_in_gaza_genocide  https://www.youtube.com/watch?v=s7_Wb7DgzWk","🇺🇸🇮🇱⚡️- US military pilots were arrested for refusing to fly weapoms to Israel, claiming they are committing Genocide and the US govt and Congress are complicit in it. https://t.co/uHgymIYfYF"
https://x.com/i/status/2027842931441471916,yes,This happened in Paris. You can clearly see the typical Paris architecture in the back.     https://mymodernmet.com/haussmann-paris-architecture/,This was in Iran few months back when a  Woman publicly removed her burqa to reveal a T-shirt carrying an explicit message against Supreme Leader Ayatollah Ali Khamenei https://t.co/3gGCKNNItD
https://x.com/i/status/2031801332420510100,yes,This video shows an April 2021 incident in Florida where Michele Stilwell was arrested for choking and biting her Uber driver. No reports indicate she mistook him for an ICE agent or had political motives.    https://www.nbcmiami.com/news/local/woman-arrested-after-choking-biting-uber-driver-in-pinellas-county-deputies/2432515    https://unicourt.com/case/fl-pcr2-state-of-florida-vs-stilwell-michele-9031,"WHITE LIBERAL WOMAN MISTAKES HER UBER DRIVER FOR AN ICE AGENT AND SHE STRANGLES HIM AND BITES HIM, FROM THE BACKSEAT OF HIS OWN CAR!! 

REOPEN THE INSANE ASYLUMS NOW!!! https://t.co/6xAA8zPhdZ"
https://x.com/i/status/2030798140714942548,yes,Context:    This account has previously stated they do not believe international law exists:   https://x.com/mossadil/status/2002414534884274316?s=46    Israel used cluster munitions in its 13-month war with Lebanon in 2025:   https://www.theguardian.com/world/2025/nov/19/israel-used-widely-banned-cluster-munitions-in-lebanon-photos-of-remnants-suggest,"‼️INTERNATIONAL LAW VIOLATION 🚔

Another IRGC cluster munition ballistic missile attack on Israel

These are war crimes and meant to harm as many civilians as possible. https://t.co/9tQ0vHvSOn"
https://x.com/i/status/2031859420791963985,yes,"The solar farm damaged by severe storms (including a suspected tornado) on March 10, 2026, is located in Wheatfield, Indiana, USAânot India. Reports do not confirm a $150 million value for the facility.    https://wsbt.com/news/local/solar-farm-damaged-by-severe-storms-rain-tornado-winds-supercell-damage-wheatfield-jasper-county-indiana    https://www.abc57.com/news/nipsco-releases-statement-after-severe-weather-damaged-wheatfield-solar-farm    https://energynewsbeat.co/wheatfield-indiana-solar-farm-devastated-by-severe-storm-assessing-the-aftermath","Oops … $150 million weather changing solar farm has been destroyed by the erm … the weather.

The wheatfield India solar farm v. Big storm.

Stop laughing at the back 🤡 https://t.co/LIkQQPKAI5"
https://x.com/i/status/2011678696910811270,yes,"Al Jazeera and CNN report this video is from June 2025 during a past Iran-Israel conflict, not January 2026. News outlets confirm there are currently no reports of Iranian attacks or bomb shelter chaos in Israel.    https://www.aljazeera.com/news/2025/6/17/not-for-you-israeli-shelters-exclude-palestinians-as-bombs-rain-down     https://www.cnn.com/2025/06/16/middleeast/bomb-shelters-israel-iran-missiles-intl     https://www.reuters.com/world/middle-east/iran-warns-retaliation-if-trump-strikes-us-withdraws-some-personnel-bases-2026-01-14","🚨 BREAKING:

FULL ON CHAOS IN ISRAEL RIGHT NOW.

In this video, israeli jews can be seen
fighting over access to bomb shelters. 

The rats are panicking. Iran is coming. https://t.co/o6wF9L7oPD"
https://x.com/i/status/2023963698348650711,yes,"The video is fabricated by combining unrelated clips; the police footage is from Canada's Ontario Provincial Police, who confirmed no such lawn care incident occurred. https://www.yahoo.com/news/articles/fact-check-video-police-threatening-113538515.html https://www.facebook.com/ontarioprovincialpolice/videos/opp-responds-to-video-circulating-online/1016257924040730","Guy gets arrested for mowing an old lady's yard for free due to bureaucratic red tape.

This is the perfect representation of what liberal democracies turn society into. https://t.co/Ha8PyLSI2U"
https://x.com/i/status/2029284857122283677,yes,"California's statewide minimum wage is $16.90/hour as of Jan 2026, not $25. Only certain healthcare workers in specific facilities are set to reach $25/hour by July 2026—this is sector-specific, not a general minimum wage. https://www.dir.ca.gov/dlse/faq_minimumwage.htm","$25 minimum wage. Universal access to healthcare. A progressive tax system. The top university system in the country. 

Fox News hates California because of our success. https://t.co/3ZPeGwWmVP"
https://x.com/i/status/2030849116142760001,yes,"The video is from July 2021 Cuban protests (COVID era, daytime crowds with masks). Current March 2026 protests over power blackouts are mainly nighttime pot-banging (cacerolazos) in darkness, not matching this footage.    https://www.reuters.com/world/americas/nationwide-blackout-strikes-cuba-us-actions-tighten-oil-supply-2026-03-05/  https://en.cibercuba.com/noticias/2026-03-08-u1-e207888-s27061-nid322520-segunda-jornada-protestas-apagones-cuba-cacerolazos  https://www.aljazeera.com/video/newsfeed/2026/3/7/protests-in-cuba-after-thousands-without-power-following-blackout","🚨🇨🇺 Cuba's protests are taking a massive scale, exploding with chants of ""Down with communism! Freedom! Freedom!"" 

After 67 long years, are the regime's days numbered?

https://t.co/VtbUd5iEoR"
https://x.com/i/status/2032887701263774116,yes,"The attached video reports on fraud in Massachusetts assistance programs and a Vance-led task force per Fox News, but does not mention Bondi, FBI, Congress, agencies, or DOGE. No credible sources confirm the post's claim of cases based on DOGE evidence.    https://www.foxbusiness.com/video/6390732260112    https://www.mass.gov/news/state-auditor-dizoglio-releases-report-on-public-assistance-fraud-investigations","Pam Bondi and the FBI are reportedly constructing significant cases against current members of Congress and federal agencies, based on criminal evidence uncovered by DOGE https://t.co/88MFJrFU6B"
https://x.com/i/status/2019271941983727973,yes,This is a fake video. The woman in the 1st clip is Paris Hilton:  https://www.instagram.com/reel/DD-zlGSSfsg/  https://www.hola.com/us/celebrities/20241224737774/paris-hilton-rocks-darker-hair-during-shopping-spree/,"I wouldn't have bought anything until the woman was fired on the spot. 

But I am not Adam Sandler. Nice lesson, he taught them anyway. 

Never judge a book by its cover. https://t.co/NORtsdDiN6"
https://x.com/i/status/2014334982706078163,yes,"The courtroom video depicts a fictional event generated by the Courts &amp; Crimes YouTube channel, which produces AI-fabricated scenes. https://www.youtube.com/shorts/xjK6jP7TJ3o https://www.youtube.com/channel/UCgfe9blOv5N_2UASWchSN6g",This is what city people do. They’ll move to a rural area into these new developments and try to shut down businesses that the locals have had years before they got there https://t.co/BZMnvpa48V
https://x.com/i/status/2022614583257550999,yes,Missing context  This is a scripted act for engagement originally posted on tiktok    https://x.com/grok/status/2022708723936813148?s=46,"This 14 year boy just got two young girls pregnant and probably he doesn't understand what he got himself into.😨🥶😳

Do you think two young girls are not up to 15 years? 🤯 https://t.co/8n5dCYgoBR"
https://x.com/i/status/2032177236103602271,yes,"The video combines footage from two different matches.     Antoine Griezmann is visible next to Kylian Mbappé in the crowd clip, but Griezmann was playing for Atlético when Álvarez scored their 4th goal vs Barcelona, meaning the footage cannot be from the same moment.    https://www.bbc.co.uk/sport/football/live/cr5lnnev808t#LiveReporting    https://www.fotmob.com/match/5173360    https://www.transfermarkt.com/antoine-griezmann/profil/spieler/125781","Kylian Mbappé’s reaction to Atlético Madrid scoring their 4th against Barcelona.

But somehow, it’s Barcelona who are obsessed with Real Madrid. 🤡

https://t.co/gZAm1gyt4L https://t.co/V7nM6OWshy"
https://x.com/i/status/2028634042485113209,yes,"While Iranian drones did target the US Embassy in Riyadh causing limited fire and minor damage, this video shows fires from Israeli airstrikes on Yemen's Hodeidah port in July 2024, not the embassy attack.    https://english.news.cn/20260303/0927cdb8b231409b9c239aa07e45541e/c.html  https://www.thequint.com/news/webqoof/old-video-2024-yemen-israel-strike-saudi-arabia-iran-us-fact-check",#BREAKING: US Embassy in Riyadh has been attacked in Saudi Arabia. Two Iranian Armed Drones target US Embassy in Saudi Arabia. Dramatic visuals. This is a developing story. https://t.co/IPzYVt5N7A
https://x.com/i/status/2024768045701337168,yes,"The video shows a dog named Theo leading a daycare worker to pet his older sister Mia at Pups at Play doggy daycare in Montclair, NJ, not a shelter adoption of a puppy and its mother. https://www.facebook.com/WeRateDogs/posts/1020158033489397 https://laughingsquid.com/dog-leads-daycare-woker-to-sister-to-be-petted","A man went to adopt a puppy from a shelter.

The puppy kept guiding him over to his elderly mom, making sure she gets adopted too.

I love dogs so much. They’re the best 🐶❤️ https://t.co/NVMUSx57Sy"
https://x.com/i/status/2014043205084254312,yes,This is a prank video by a social media video creator amzszino.    https://www.tiktok.com/@amzszino0,"A migrant is confused why people in Britain queue

""Why do you have lines? why don't you just skip and go straight to the door""

It's called civilization
You wouldn't get it https://t.co/PymkkjiXPA"
https://x.com/i/status/2030719859898892515,yes,"The App Store Accountability Act does NOT &quot;hold Big Tech accountable&quot; nor does it protect children, it forces users to provide more info to said Big Tech to access the internet, and incentives children to look for darker, more dangerous alternatives without verification.    https://www.congress.gov/119/meeting/house/119031/documents/BILLS-119HR3149ih.pdf    https://reason.org/commentary/the-app-store-accountability-act-sacrifices-privacy-and-free-speech-to-give-parents-a-false-sense-of-safety","My App Store Accountability Act is simple: It protects privacy, it protects the rights of parents, and it protects the innocence of children by holding Big Tech accountable. https://t.co/DfKhgKIfSI"
https://x.com/i/status/2024699121907749328,yes,"The video circulating is from a 2024 incident in Kyiv metro, where an 18-year-old assaulted a man over his orange-dyed hair, potential football related.. No confirmed reports of soldiers or explicit LGBT targeting in 2026    https://plus.telegraf.com.ua/crime/2024-02-02/5831841-za-kolir-volossya-khloptsya-pobili-na-ochakh-natovpu-prosto-u-metro-kieva-video","In the Kyiv metro in Kyiv, soldiers on leave beat an LGBT man who had dyed his hair and nails, saying, “You can’t flaunt this while we are at war” kicking and punching him

 https://t.co/O70fpquFtl"
https://x.com/i/status/2023963202711658522,yes,The video's original poster described it as feeling &quot;AI generated.&quot; No evidence shows China released footage of real robots conducting these shooting drills. https://x.com/Sizhe_bitcat/status/2023795421152436264,China 🇨🇳 has released a video of shooting drills involving Terminator-like robots. The line between reality &amp; fiction is becoming increasingly blurred. via @Sizhe_bitcat. https://t.co/YGha9gX45e
https://x.com/i/status/2020313688285278584,yes,"The video is an AI-generated deepfake, not authentic footage from the Epstein files. The recently released documents contain no such video of Trump or Musk with underage girls.    https://www.msn.com/en-us/news/technology/fake-video-shows-trump-and-epstein-with-young-girls-at-party/ar-AA1MqeBw    https://www.pbs.org/newshour/show/what-latest-released-files-show-about-epsteins-ties-with-prominent-figures    https://www.politifact.com/article/2025/dec/17/fact-check-Jeffrey-Epstein-Trump-Clinton-files","Disturbing questions keep emerging from the #EpsteinFiles, involving some of the most powerful people on the planet.

Look at the video. What trump and musk doing with girls. https://t.co/aYn2eSDyue"
https://x.com/i/status/2029763078334861389,yes,"The video is from fire of USS Bonhome Richard at San Diego, 2020    https://youtu.be/KbTJB8ZGOws?si=vkdqo_eyXSF7PoAP",JUST IN🇮🇷❌🇮🇱🔥 Iranian Missiles struck the U.S. Aircraft carrier Abraham Lincoln with direct Ballistic missiles in second round of strikes or 19th wave of Retaliatory strikes. https://t.co/P1rHqsuadR
https://x.com/i/status/2020823046655774930,yes,"Copper has its pros and cons, but there isn’t a nefarious reason for using PEX over copper. Copper is more expensive and more difficult to replace and maintain. PEX is long lasting, flexible &amp; has freezing benefits as it can expand where copper will simply burst if frozen.    https://www.aquorwatersystems.com/blogs/news/why-we-recommend-pex-tubing-over-copper-piping","The real reason they got rid of copper pipes.

""By drinking copper water you are charging your body and boosting your frequency.""

""But not only that, copper is antibacterial."" https://t.co/ZZG04MiufJ"
https://x.com/i/status/2025828416633627080,yes,"This video does not depict cartel violence in Mexico. It shows protests in Nepal from September 2025, where Gen Z demonstrators torched vehicles and buildings amid anti-corruption rallies and social media bans. License plates in Devanagari script confirm Nepal origin.    https://x.com/i/status/1966436942372798472","A cartel leader, Nemesio Oseguera Cervantes aka “El Mencho was killed in Mexico, and his men flooded the streets, hospitals, airports, and other public places, causing mayhem. 🇲🇽 https://t.co/9ZV0GI7Qrg"
https://x.com/i/status/2031485994604671252,yes,"This 2014 video depicts a Polish driver's initial 120-hour community service sentence for dangerous driving that killed a child and her grandparents in 2013. Prosecutors appealed, resulting in 15 months prison and a driving ban.    https://nltimes.nl/2016/08/24/polish-fugitive-extradited-netherlands-serve-sentence-fatal-accident    https://www.mirror.co.uk/news/world-news/watch-father-throw-chair-judge-4671450","EUROPE HAS FALLEN

🇳🇱 Netherlands - Judge sentenced a migrant murderer to 120 community hours and instantly gets a chair thrown at her, by the father of the victim. 

Peak Weimar https://t.co/KoHE6wY5Ze"
https://x.com/i/status/2013047091400941619,yes,"The video is manipulated and shows King Charles III's face, not Ellen DeGeneres. https://parade.com/news/ellen-degeneres-says-this-midwest-city-was-her-happy-place-still-is-despite-unrest https://pbs.twimg.com/media/G-_n5N9XIAATfwk.jpg","Ellen DeGeneres went to England, grew out her ears and came back to the US. She looks very British now, but aging does change all of us. 

Here she extends support for Minnesota. https://t.co/9vRIgB6l4n"
https://x.com/i/status/2027816496383332652,yes,This is false.  The video is from an Israeli attack on a Yemeni port in 2024    https://x.com/ShaykhSulaiman/status/1814691933375119667,"Iran destroyed the US airbase in Riyadh, Saudi Arabia. However, Iran did launch missiles at Al Udeid Air Base in Qatar in retaliation for US strikes on Iranian nuclear facilities. https://t.co/2BSfMDMqA6"
https://x.com/i/status/2017089259451154597,yes,"This is not Genie 3, this person stole it from YouTube, removed the watermark and put Genie 3 at the bottom    Original video is this:  https://www.youtube.com/watch?v=pXEVLaLNbH0&amp;themeRefresh=1","Google latest AI makes u generate games in a couple of minutes. that's mad crazy.

GTA 6 Greenland Edition.

it is definitely the end of the gaming studios. https://t.co/qKKZowp81Y https://t.co/WZbFlgjZ8X"
https://x.com/i/status/2030481634693460447,yes,"The Khorramshahr-4 has been used by Iran in missile waves against Israel (incl. Tel Aviv area) in March 2026 amid the ongoing war. However, this video is from October 2024 (or 2025 exchanges), not current events.    https://www.yahoo.com/news/articles/fact-check-video-iranian-missile-210300802.html    https://www.palestinechronicle.com/iran-says-khorramshahr-4-missiles-targeted-ben-gurion-airport-in-new-attack-wave    https://english.alarabiya.net/News/middle-east/2026/03/05/irgc-says-targeted-israel-s-ben-gurion-airport-with-missiles    https://en.wikipedia.org/wiki/Khorramshahr_(missile)","The missile system bringing nightmares to Tel Aviv: the Khorramshahr-4 missile... Iran is raining Khorramshahr-4 missiles, carrying 1,800-kilogram warheads, on Tel Aviv. #sondakika https://t.co/pt2iHqlhon"
https://x.com/i/status/2017090978226852079,yes,"This video is AI-generated CGI, not real footage. Signs include cartoonish explosions, inconsistent lighting/shadows, unnatural ship proportions. No credible reports confirm this claim.  The post spreads misinformation, and it's located in South Africa.    https://x.com/rkmtimes/about  https://fathomjournal.org/ai-and-fact-checking-when-probability-replaces-evidence/  https://understandingwar.org/research/middle-east/iran-update-january-29-2026  https://gijn.org/resource/guide-detecting-ai-generated-content/","JUST IN🇮🇷❌🇺🇸🔥  Iranian IRGC Navy, Warships and Submarines is fully prepared to shoot down US naval arsenals in its waters including Arabian Sea, Gulf of Oman and CENTCOM of Red Sea. https://t.co/kth8hSWZua"
https://x.com/i/status/2028884011469209664,yes,President Trump's father Fred Trump was born in New York City in 1905.     https://en.wikipedia.org/wiki/Fred_Trump,"Trump with German Chancellor Merz next to him: ""My father was born -- he knows all about my father -- my father was born there. These are places you automatically feel warmly about."" https://t.co/9wgelu0per"
https://x.com/i/status/2023935179086327941,yes,"Misleading — the clip is AI-generated fiction, not a real incident. The same footage was posted by AiAnimalMiracles and explicitly labeled &quot;AI-generated • Storytelling only,&quot; showing it was fabricated rather than an actual Dogo saving people. https://www.facebook.com/AiAnimalMiracles/videos/a-crocodile-came-crawling-into-our-backyard-and-my-dogo-argentino-stepped-in-bef/2736519033379425","A crocodile came crawling into our backyard... and my Dogo Argentino stepped in before

we could even react. No fear. No hesitation. Just protection. He didn't just bark he saved us. https://t.co/sU7Ix31oSu"
https://x.com/i/status/2028565744007475390,yes,"This video is from Lahore High Court in Pakistan, not Birmingham, UK as the poster claims.     https://www.pakistantoday.com.pk/2026/03/02/chaotic-scenes-at-lhc-bar-election-as-lawyers-engage-in-violent-fight","🚨🇬🇧 Meanwhile earlier today in England

Didn’t think this was real - but it is - you are watching scenes involving Lawyers in an English Courtroom in Birmingham.

This is the UK now. https://t.co/YckngveFdh"
https://x.com/i/status/2020678001722069019,yes,TPUSA actually pivoted from X streaming to YouTube due to licensing issues https://x.com/tpusa/status/2020634873036460264?s=46&amp;t=tPgnexgTVMiYDCZqpL03hw,"🚨 BREAKING: Reports indicate X usage got so high during the TPUSA All-American Halftime Show, the platform was down for brief moments

We broke the internet!

WE RUN THE CULTURE NOW! https://t.co/xxpYagL9fy"
https://x.com/i/status/2017639636378812591,yes,"False. Rigorous global studies of 5.6M+ children, including in Denmark, Japan, and Australia, specifically track infant vaccines (HepB, DTaP) given in the first 6 months. Decades of data confirm no link to autism.  https://en.ssi.dk/news/news/2025/large-danish-study-no-link-between-vaccines-and-autism-or-49-other-health-conditions  https://www.who.int/news/item/11-12-2025-statement-gacvs-vaccines-autism  https://skai.org.au/childhood/questions/what-about-autism  https://publichealth.jhu.edu/2025/vaccines-do-not-cause-autism  https://www.aap.org/en/news-room/fact-checked/fact-checked-vaccines-safe-and-effect-no-link-to-autism/  ","RFK Jr. says despite people saying that vaccines are not related of autism ""none of the vaccines that are given during the first 6 months of life have ever been tested for autism.""  

https://t.co/6U1X63OXhD"
https://x.com/i/status/2019611002623651858,yes,"The video is from July 2025 and shows Rick Ross with model Jazzma Kendrick, a woman. Ross clarified this in response to 50 Cent's incorrect assumption it was a man.    https://www.instagram.com/reel/DMdr3aVyoGw    https://www.instagram.com/p/DMdtAR1P_IW",50 Cent reacts to Rick Ross allegedly being caught hugging and kissing a man on a yacht in Miami: ‘Ya  man was looking real saucy kissing that boy on that boat! That’s not AI.’ 👀📷 📷🏖️ https://t.co/g2spWFGCKc
https://x.com/i/status/2018976556342006054,yes,The video is from 2014 UK police interviews in the debunked Hampstead satanic abuse hoax and is unrelated to Jeffrey Epstein or his island. https://en.wikipedia.org/wiki/Hampstead_hoax https://www.bbc.com/news/uk-32357195,"If this does not shake you as a parent, nothing will 💔

An Epstein Island survivor reveals the truth about that island and the elites connected to it.

Listen carefully. 
Share widely. https://t.co/GHgcKQzoyL"
https://x.com/i/status/2021829234780479892,yes,"Hijab is legally mandatory in Iran under existing law, and enforcement of mandatory dress codes has been documented by international human rights organizations. Individual experiences cannot be generalized as evidence of a broader policy change or relaxed enforcement.        https://www.amnesty.org/en/location/middle-east-and-north-africa/iran/report-iran/","Yes, I walked the entire rally in Tehran without a hijab and guess what happened? Absolutely nothing. There is evidently more of a relaxed tone around hijab- I experienced it for myself. https://t.co/YdhEVr3LwY"
https://x.com/i/status/2022886218623832152,yes,"The video shows Turkish actor Bahadır Ünlü assaulting his Iranian employee İsmail N. over alleged theft in an Istanbul restaurant on Nov 13, 2025. It does not involve sexual assault or a Pakistani man.    https://en.haberler.com/in-beyoglu-actor-bahadir-unlu-assaulted-his-19252232  https://www.albawaba.com/entertainment/violent-attack-video-sparks-outrage-1616798  https://www.youtube.com/watch?v=zBkgT4EtBtM","Muhammad from Pakistan went to a Turkish Bar to enjoy the Turkish Sisters, Fully serviced by Turkish brother after he tried to sexually assault a Turkish sister as per Pakistani culture. https://t.co/oZlXpG5SeR"
https://x.com/i/status/2019933295618707729,yes,"The attached video is not from the Epstein court files. The unsealed documents are legal texts (depositions, logs, etc.), with no graphic videos included or released.    https://www.courtlistener.com/docket/4355835/giuffre-v-maxwell/    https://www.justice.gov/usao-sdny/press-release/file/1180481/dl?inline","Watching these videos from the Epistein Files will send chills down your spine. If God really exists, these pigs will suffer a death no one has ever suffered before.

EpsteinFiles Epstein https://t.co/qhRjAbUsBu"
https://x.com/i/status/2015790658968072608,yes,Missing context: This was scripted.     Additional info breaking down how it was faked:  https://x.com/martinezonchain/status/2015897847779270827  https://x.com/soljakey/status/2015852384715735183,"Sydney Sweeney snuck up an L.A. mountain, climbed the iconic HOLLYWOOD Sign, and laced it with bras -- and she may have gotten in trouble with the law. 😳

Details: https://t.co/nM4NvOQNac https://t.co/CF92E4U66I"
https://x.com/i/status/2015081288349503671,yes,"The video depicts Meteor Crater (Barringer Crater) in Arizona, formed ~50,000 years ago by a meteorite impact, not the Chicxulub crater, which is a buried, mostly underwater structure off Mexico's Yucatán Peninsula formed ~66 million years ago.    https://en.wikipedia.org/wiki/Chicxulub_crater  https://www.meteorcrater.com/","This is the Chicxulub crater, formed when a massive asteroid slammed into Earth around 66 million years ago. Which eradicated roughly 75% of Earth's species, including non-avian dinosaurs. https://t.co/WdI2RO16Fg"
https://x.com/i/status/2029404434326012354,yes,"The video shows the October 2022 truck explosion on Russia's Kerch Bridge to Crimea, not an Iranian missile strike on the King Fahd Causeway. https://www.youtube.com/shorts/p9dCOIY83Kw","JUST IN🇮🇷❌🇸🇦🔥 First Footage of Iranian missiles strikes toward King Fahd (Friendship) Bridge, that links Bahrain and Saudi Arabia, was successfully destroyed largest bridge in Middle East. https://t.co/pI9XzFJNTX"
https://x.com/i/status/2033022474355421341,yes,"For some reason, likely engagement, OP is misrepresenting the length of a second.     Comparing to an official time source, he is almost doubling the stated time.    https://www.time.gov/","It takes Ludvig Aberg less than 4 seconds on average to step into the shot and hit it.

One extended waggle, one look at the target and go.

Effortless perfection.

https://t.co/WA3aXf6vTe https://t.co/9b0DgX0rmj"
https://x.com/i/status/2028152788346347785,yes,Kim Jong-un did not state that North Korea would provide missiles to Iran. NK's foreign ministry condemned US/Israeli attacks on Iran as illegal aggression but made no such offer.    https://www.reuters.com/world/asia-pacific/north-korea-says-israeli-attacks-us-military-operation-against-iran-are-illegal-2026-03-01    https://en.yna.co.kr/view/AEN20260301004400320    The video is edited footage not from official NK sources.,"North Korean leader Kim Jong-un said:

""If Iran wants, we can provide them with missiles against Israel… A single one could destroy all of Israel."" 🚀🚀

Intercontinental ballistic missile 👇 https://t.co/1AkLwTb4zj"
https://x.com/i/status/2028683482105516230,yes,"The video is from a March 1, 2026 Iranian drone strike on a building in Manama, Bahrainânot Dubai. No confirmed reports show a Shahed-136 hitting a Dubai building with US military personnel.    https://www.cnn.com/2026/03/01/world/video/bahrain-iran-drone-strike-building-vrtc    https://www.theguardian.com/world/video/2026/mar/01/iranian-drone-strike-high-rise-building-bahrain-manama-video    https://en.wikipedia.org/wiki/2026_Iranian_strikes_on_the_United_Arab_Emirates","IRANIAN SHAHED DRONE STRIKES DUBAI
A Shahed 136 drone delivered a significant impact on a building in Dubai where American military personnel were stationed.

INTERESTING AUDIO. SAYS A LOT. https://t.co/2vVicrB5vW"
https://x.com/i/status/2013581387022905373,yes,The video is a fabricated TikTok edit combining unrelated clips and does not depict a real court proceeding or sentencing. No Minnesota fraud case matches its claims of Somali women sentenced to 25 years or a towed Ferrari. https://en.wikipedia.org/wiki/2020s_Minnesota_fraud_scandals https://www.justice.gov/usao-mn/pr/minneapolis-woman-sentenced-51-months-prison-role-feeding-our-future-250-million-fraud,It’s amazing that when Somalis are defending themselves they speak English. They commit massive fraud by stealing millions and they think they’ve done nothing wrong. https://t.co/x1tdOruyXb https://t.co/UsqJ8w5YUN
https://x.com/i/status/2028251223166443899,yes,This video is AI-generated:  https://www.lasillavacia.com/detector-de-mentiras/falso/este-video-de-explosion-nuclear-fue-creado-con-inteligencia-artificial/,"This is NUTS. Two different views RECORDED the moments when Israel 🇮🇱 STRUCK military and nuclear facilities in Iran, earlier TODAY.

A violent explosion.💥 

Many more is coming.

BubbaNews https://t.co/yq3cEkrzd1"
https://x.com/i/status/2011063167619608953,yes,"Reports from Iran indicate that IR armed security forces have raided hospitals and medical institutions in recent days, allegedly abducting and killing protesters and medical staff, with multiple eyewitness accounts and evidence from hospitals and morgues.    https://www.amnesty.org/en/latest/news/2026/01/iran-deaths-injuries-authorities-protest-bloodshed/","Hospital staff in Kermanshah, western #Iran, bid farewell to their supervisor.

Ms. Elham Zeinali, a medical worker with 20 years of experience, was killed by armed terrorists on January 8. https://t.co/lFF87IyA7B"
https://x.com/i/status/2020306200672584053,yes,"This video is AI-generated and does not show Jeffrey Epstein alive in Israel. Uncropped versions include the Google Gemini logo, and it originated in AI image forums. Epstein's 2019 death was ruled a suicide by authorities.    https://www.politifact.com/factchecks/2026/feb/06/social-media/jeffrey-epstein-tel-aviv-fake-image-AI  https://newschecker.in/fact-check/jeffrey-epstein-spotted-in-tel-aviv-viral-photo-is-ai-generated  https://gizmodo.com/why-people-think-jeffrey-epstein-is-alive-and-playing-fortnite-2000718952  https://oig.justice.gov/sites/default/files/reports/23-085.pdf",Tattoo matches but it looks like he’s in the process of having it removed. Jeffrey Epstein is still alive. We are in the last days and they are rubbing it in our faces. Jesus come quickly 🙏 https://t.co/b39WixJ3Yx
https://x.com/i/status/2020966937912594659,yes,Financial institutions are required to inquire about such withdrawals as part of protecting their customers from fraud and/or theft. The bank is acting responsibly.    https://www.bankmidwest.com/blog/is-your-banker-asking-questions/,A bank refused a woman’s $20k cash withdrawal and immediately questioned what she planned to do with her own money. You don’t actually have full control over the money in your bank account. https://t.co/b6ccrUIihC
https://x.com/i/status/2018783472115179556,yes,Rep. Ted Lieu is Taiwanese-American member of the US House of Representatives and is not a “Chinese Rep” or from mainland China.    https://en.wikipedia.org/wiki/Ted_Lieu,"🚨BREAKING:

🇨🇳 Chinese Rep. Ted Lieu said Donald Trump Is Mentioned THOUSANDS of Times in Epstein Files.

He says: “Trump is likely a child rapist”.

This Chinese man is a savage. Oh my God. https://t.co/ahd6TQaI4I"
https://x.com/i/status/2013300013619949704,yes,"The video is AI-generated, not real footage from Kamchatka. Real snowfall produced drifts up to 5m that buried cars and lower floors of buildings but did not cover high-rises as shown. https://www.reddit.com/r/isthisAI/comments/1qfnpdh/is_this_snowfall_video_from_kamchatka_russia_real/ https://watchers.news/2026/01/18/state-of-emergency-declared-for-petropavlovsk-kamchatsky-after-extreme-snow-kills-2-russia https://www.reuters.com/business/environment/record-snow-fall-russian-far-east-sows-fun-frustration-massive-drifts-2026-01-19","REAL footage from Kamchatka, Russia 🇷🇺
So much SNOW it’s almost covering high-rise buildings

Hard to even process the scale of this storm

We better start DRILLING the next ice age is coming
https://t.co/0Ew1pYm5sn"
https://x.com/i/status/2014399203649188099,yes,"For context, Emiru's crying was from an emotional moment in her Red Dead Redemption 2 playthrough. It is unrelated to Lacari's stream incident.  https://www.reddit.com/r/LivestreamFail/comments/1qjnwcu/emiru_starts_to_cry_after_that_part_in_red_dead  https://www.dexerto.com/twitch/lacari-banned-on-twitch-kick-after-accidentally-showing-explicit-files-on-notepad-3308545",The crying on stream from Emiru yesterday may be the reason for what Lacari did on his stream? Lacari and Emiru were really good friends doing so many streams together https://t.co/v8BU25Hidl https://t.co/lATNMUYt7s
https://x.com/i/status/2014533597588246901,yes,"James Howells lost a laptop hard drive containing 8,000 Bitcoin in a Newport landfill in 2013, not a USB pen drive. The video shows a generic demonstration of chip-off recovery on a USB flash drive and is unrelated to Howells' case.    https://en.wikipedia.org/wiki/Bitcoin_buried_in_Newport_landfill  https://www.bbc.com/news/articles/c620jej4kd4o","This video shows James Howell’s attempting to recover the USB pen drive  he accidentally threw away in 2013 containing 7,500 Bitcoin which is now worth $675 million. 😳

It’s not looking good! https://t.co/absWIIgU1u"
https://x.com/i/status/2023120687422980293,yes,"Japan has not unveiled new laws banning halal, large mosques, calls to prayer, or street praying. Similar claims about anti-Islam restrictions in Japan are false and have been debunked. Japan's constitution guarantees religious freedom.    https://www.reuters.com/fact-check/online-list-japans-restrictions-islam-includes-false-claims-2023-12-08  https://www.politifact.com/factchecks/2015/nov/17/viral-image/viral-graphic-says-japan-keeps-out-radical-islam-t  https://japan.kantei.go.jp/constitution_and_government_of_japan/constitution_e.html  https://blog.gaijinpot.com/15-new-laws-and-rule-changes-coming-to-japan-in-2026","🚨🇯🇵 JAPAN UNVEILS NEW ANTI-ISLAM LAWS

Halal - BANNED
Large Mosques - BANNED
Call to prayer - BANNED
Praying in the street - BANNED

They've basically said Islam is not welcome in Japan
Go home https://t.co/eH6clCJPEx"
https://x.com/i/status/2031323087388479560,yes,"Fake News. Not Iran, The incident had taken place in UP, India in March 2018. The woman was beaten by her husband Shaudan Singh for having eloped with her neighbour Dharmendra Lodhi.  https://www.altnews.in/video-of-woman-tied-to-a-tree-and-beaten-up-incident-of-2018-from-bulandshahr-up/","16yo Iranian girl Atefeh Sahaaleh publicly hanged by Islamic regime for reporting her rape. 

Under Sharia, rape counts as ‘sex outside marriage’—capital crime. 

Is Islam a cult? 

A. Yes 
B. No https://t.co/a4ZyKAuChW"
https://x.com/i/status/2025445440687067378,yes,"Taylor Swift's first album came out the same year Hannah Montana first aired. She mentioned Hannah Montana because she was living a double life like the character back then, going to school and working on music, not as an inspiration.    https://en.wikipedia.org/wiki/Hannah_Montana    https://en.wikipedia.org/wiki/Taylor_Swift_%28album%29","""'Hannah Montana' wasn't that big"" That's the biggest lie you can say. 

Miley Cyrus was the awakening and inspiration for many singers like Taylor Swift. You're not ready for this conversation. 
https://t.co/LOobna8bRu"
https://x.com/i/status/2016271906459279552,yes,2025 Tariff Revenue was $264 Billion according to Treasury Department not $600 Billion. The $12 Billion in USDA aid to farmers is an emergency relief fund covering losses due tariffs by purchasing surpluses; according to farmers it does not cover all their losses.     https://www.cato.org/blog/washington-post-confirms-tariffs-cant-fulfill-trumps-spending-ambitions    https://www.landcan.org/news/USDA-offers-12Billion-in-aid-to-farmers-hit-by-tariffs/4273    https://www.latimes.com/business/story/2026-01-02/farmers-learn-exact-aid-amounts-from-trumps-12-billion-trade-relief-package,"BREAKING 🚨 President Trump stuns America by saying “We’ve taken in $600 billion in tariffs. I gave the farmers $12 billion last week”

MAGA STRONGLY SUPPORTS FARMERS

PROMISES MADE. PROMISES KEPT https://t.co/r4xOTJv6JE"
https://x.com/i/status/2033252024125370545,yes,Reports indicate Iranian players withdrew Australian asylum applications following threats and detentions against their families by regime authorities.    https://www.the-sun.com/news/16064742/iran-footballers-families-taken-hostage-jet-leaves/    https://www.bbc.com/news/articles/c98gz372683o    https://www.theguardian.com/australia-news/2026/mar/15/iran-womens-football-squad-members-decide-to-return-home-australia-asylum-visas-tony-burke,"Australia had given asylum to 7 members of Iranian women football team. Last week one, and three more now have decided to return back to Iran. It shows, how the war has brought Iranians together! https://t.co/0Oue93Y0A3"
https://x.com/i/status/2017848450268688743,yes,"The video depicts AI-generated footage, not authentic Titanic wreck exploration. The real wreck is in pitch-black depths covered in rusticles, with no such robotic arm artifact recovery shown in expeditions. https://rmstitanicinc.com/titanic-wreck https://en.wikipedia.org/wiki/Wreck_of_the_Titanic","The Titanic wreck was discovered in 1985, lying in two giant pieces and a wide section of debris, 12,500 feet below the ocean, offering a chilling glimpse into history’s most infamous shipwreck.

 https://t.co/tA0ryEa11g"
https://x.com/i/status/2029584301218746784,yes,This video shows an SL-AMRAAM and a Lockheed F-117 Nighthawk from the video game &quot;War Thunder&quot;.    https://warthunder.com/es/news/5175-desarrollo-sl-amraam-hummisile-es    https://wiki.warthunder.com/unit/f_117,"Big..... Big...... Big shock to US⏰

Iran shot down America's pride, the B-2 bomber, in one blow...

The first country to shoot down the B-2 bomber...
That's 
The great Islamic Republic of Iran💪💥🎯 https://t.co/0bTixReLxk"
https://x.com/i/status/2019016271027994924,yes,"The footage is from Celine Dion's 2024 documentary &quot;I Am: Celine Dion,&quot; not today. She has since performed live, including at the 2024 Paris Olympics opening ceremony. https://people.com/celine-dion-cries-as-she-endures-stiff-person-syndrome-episode-8665046 https://en.wikipedia.org/wiki/I_Am:_Celine_Dion https://www.olympics.com/en/news/paris-2024-olympic-games-opening-ceremony-celine-dion-performance-released","This is Celine Dion today…

Her body completely seizing up during a stiff-person syndrome attack, which also lost her the magical voice we all love.

Life is so fragile, and sometimes so brutal 😢

 https://t.co/uGcll6K6Be"
https://x.com/i/status/2018178525669315011,yes,Jelly Roll was not kicked off stage. He was able to complete his entire speech:    https://youtu.be/LdoMOENFDKQ,"Insane. Jelly Roll got kicked off stage at the Grammys for praising Jesus Christ. 

Dozens of artists shouted “F*ck ICE and Donald Trump” nonstop all night with no interruptions. 

Spiritual war. 
 https://t.co/QpmU5SILXT"
https://x.com/i/status/2014570556067110921,yes,This video is AI generated and did not happen.    This video was created by facebook user &quot;Strange AI&quot; who states all their content is AI generated.    https://www.facebook.com/61569831005034/?http_ref=eyJ0cyI6MTc2OTE5MjcwMTAwMCwiciI6Imh0dHBzOlwvXC93d3cuZ29vZ2xlLmNvbVwvIn0%3D    https://www.facebook.com/61569831005034/videos/ice-chases-furry-a-protester-in-a-costume-runs-from-ice-agents-during-a-public-d/1618431842911286/,"A Protester dressed as a Fox sprinted across Acrisure Stadium in Pittsburgh with a Shirt on that said “ICE me baby” while the police chased him,but he was too fast for them at least for a while! 🤣🤣 https://t.co/z8DCJd65Li"
https://x.com/i/status/2022786690696482918,yes,"Pedophilia is a mental illness, not a sexual orientation.    https://pmc.ncbi.nlm.nih.gov/articles/PMC8500885/","BREAKING: Scholars now say that P*dophiIia is a s*xuaI orientation and that we should be accepting it. 

""We must accept p*dophiles and respect their feelings-otherwise they'll abuse more children."" https://t.co/QpEf3tp9Cx"
https://x.com/i/status/2028245099335868539,yes,"Video from February 28, 2026 depicts an Iranian ballistic missile striking a residential area in Tel Aviv, Israel.  A woman in her 40s was killed in the attack, 20 others wounded.    https://www.msn.com/en-us/news/insight/iranian-missile-strike-kills-woman-in-tel-aviv/gm-GME80D9FCE    https://7news.com.au/news/israel-and-the-uae-rocked-by-explosions-as-iran-retaliates-against-us-israeli-attacks-under-operation-epic-fury-c-21793167    https://www.youtube.com/watch?v=AfganheX4oI    https://www.tbsnews.net/world/iran-strikes-israel-saudi-arabia-and-iraq-1-killed-dozens-injured-tel-aviv-1373691    https://www.thehindu.com/news/international/iran-guards-say-targeted-israeli-bases-defence-ministry-in-new-wave-of-attacks/article70689553.ece    https://www.nst.com.my/amp/world/world/2026/03/1387256/woman-killed-iran-missile-attack-tel-aviv",Israeli security cabinet meeting in Tel Aviv got hit by Iranian hypersonic missile. So far 7 Israeli army Generals dead bodies recovered from the site. More dead expected building totally destroyed. https://t.co/dKaWxnazLd
https://x.com/i/status/2023690456148902209,yes,"&quot;performing well on global benchmarks&quot;: Misleading    OP refers to Sarvam, Soket, Gnani, Gan, Avatar, BharatGen, GenLoop, Zentieq, Intellihealth, Shodh, Fractal Analytics &amp; TechM  https://theprint.in/economy/sovereign-ai-models-available-at-summit-huge-response-to-event-vaishnaw/2856708/    None features in any AI leaderboard  https://artificialanalysis.ai/leaderboards/models  https://artificialanalysis.ai/evaluations  https://epoch.ai/benchmarks  https://livebench.ai    On Open LLM (archived), a Sarvam model ranks 4128  https://huggingface.co/spaces/open-llm-leaderboard/open_llm_leaderboard#/","✅ Bharat’s sovereign models are performing well on global benchmarks.
✅ Success of the sovereign stack marks a significant achievement for our engineers and innovators.

📍AI Impact Summit, New Delhi https://t.co/ajjAh9WSeZ"
https://x.com/i/status/2023442323561193981,yes,"This video shows an incident in Villeneuve-la-Garenne (near Paris), France, in 2019, not on the Luas tram in Ireland.    https://www.leparisien.fr/hauts-de-seine-92/villeneuve-la-garenne-il-roule-sur-les-voies-du-tramway-avant-de-le-vandaliser-17-09-2019-8154108.php    https://www.dailymail.co.uk/news/article-7472583/Furious-cyclist-tries-rip-trams-windscreen-wipers.html","🇮🇪 Flashback 

A migrant, cycling on the Luas tram line decides to try and smash the Luas windscreen.

Why is this migrant in Ireland in the first place? What possible benefit is he to Irish society. https://t.co/LcRQLRkFZM"
https://x.com/i/status/2014311416409305486,yes,"This authentic video shows an incident from August 13, 2025, when Zohran Mamdani was a mayoral candidate, not a recent event as mayor.    Sources:  https://www.silive.com/politics/2025/08/lobaido-arrested-as-si-protestors-tell-mamdani-to-go-back-to-where-you-came-from-during-event-meant-to-support-immigrants.html  https://www.newsweek.com/zohran-mamdani-booed-nyc-restaurant-staten-island-2113782  https://www.foxnews.com/politics/get-out-town-staten-island-crowd-confronts-zohran-mamdani-anti-trump-rally","🔥🚨BREAKING: Mayor Zohran Mamdani got booed out of a restaurant in Staten Island New York after Scott LoBaido put him on blast. 

“There's the communist. You are not welcome. You hate this country.”

 https://t.co/MMititEZMy"
https://x.com/i/status/2031714455151866170,yes,"The cause is known: groundwater buoyancy pushed the construction rainwater pipe upward after internal water was drained, reducing its weight. Officials refilled it with water to sink it.    https://www.nippon.com/en/news/yjj2026031100535    https://mainichi.jp/english/articles/20260311/p2g/00m/0na/024000c    https://www3.nhk.or.jp/nhkworld/en/news/20260311_20","JUST IN🚨: In Osaka’s Umeda area, a pipe about 30 meters long and 5 meters in diameter suddenly emerged from underground overnight. It has now risen to around 10 meters, and the cause remains unknown. https://t.co/P6m9GZoioL"
https://x.com/i/status/2031893852798308496,yes,"The video shows the aftermath of a February 2025 plane crash in Philadelphia, USAânot recent events in Tel Aviv from Iran's attacks.    https://factcheck.afp.com/doc.afp.com.62HA7NP  https://www.altnews.in/footage-from-philadelphia-plane-crash-site-falsely-viral-as-confirmed-visuals-from-tel-aviv  https://english.factcrescendo.com/2026/03/11/plane-crash-video-from-philadelphia-viral-as-iran-struck-israel","🇮🇷🇮🇱 Tel Aviv is in a state of panic. Video taken circa Iran's 37th wave last night.

Why isn't this being covered in the mainstream media? Israel's censorship machine works across borders as we know. https://t.co/FjRgTf9kmJ"
https://x.com/i/status/2028961113027875204,yes,"This video shows Japan's H3 rocket launch on Nov. 4, 2024, filmed from a passenger plane near Tanegashima, not a ballistic missile in the Middle East. While missile activity was reported in the region in March 2026, this footage is unrelated.    https://global.jaxa.jp/press/2024/11/20241104-1_e.html  https://x.com/Osint613/status/1853841240468402460  https://www.the-express.com/news/world-news/200807/iran-missile-launch-video-plane","Passengers on a commercial flight in the Middle East filmed a ballistic missile flying past

The missile was seen passing near the aircraft mid-flight — a rare and chilling sight from the window seat. https://t.co/vX5EYe78m6"
https://x.com/i/status/2017358901209883029,yes,"OP follows Cece, the main toxic contributor to the drama and is in hands with her on spreading misinformation about Kings.    https://x.com/SPEEclY/status/2017421039437770960","Kingsman arguing and telling the RANK ONE DPS GLOBALLY, TERRA that ""This guy is just lost bro""

Mind you terra JUST won MRC with NAVI a few weeks ago LOOOOOOOOOOOOL I actually cannot stop laughing 😂😂😂😂 https://t.co/WgdDcfgZI7"
https://x.com/i/status/2023559216825544879,yes,Kai Cenat did not unfollow Ray on instagram     https://www.instagram.com/kaicenat?igsh=emJ1ejYxeTRudXA=,"Ray broke down in tears this morning on stream after Kai Cenat unfollowed him on Instagram and took away his $25k monthly allowance 😬

“Kai is the definition of a fake friend I wanna expose him so bad” https://t.co/7cV5QKRtEb"
https://x.com/i/status/2024383568252969132,yes,"The video shows footage from the 2003 US-led bombing of Baghdad, not Tehran or a current event. No credible sources report US plans to bomb Iran with &quot;millions of bombs,&quot; an exaggeration; the entire 2003 Iraq air campaign used ~29,000 munitions.    https://www.youtube.com/watch?v=0yr-LaMhvro  https://en.wikipedia.org/wiki/List_of_bombings_during_the_Iraq_War  https://www.aljazeera.com/news/2026/2/18/white-house-says-iran-would-be-wise-to-take-deal-amid-military-buildup","BREAKING

🇮🇷❌🇮🇱🇺🇸 US could bomb Tehran with millions of bombs including cruse-missiles, ATACMS, AMRAAM, Phosphorus and GBU-57 and America suggests that the attack on Iran will be unprecedentedly massive. https://t.co/AH8s8el7kZ"
https://x.com/i/status/2012544814269542521,yes,"The small number of troops arriving in Greenland from UK and  Germany (as well as France, Norway, Sweden) are establishing the groundwork for larger-scale exercises.  https://www.twz.com/news-features/first-contingent-of-european-troops-operating-outside-of-nato-have-arrived-in-greenland","German troops, and the one Brit, just landed in Greenland without Arctic camo 💀💀

You can’t make this up.

If Tom Clancy wrote this as fiction, his editor would’ve killed it for being too unbelievable.
 
https://t.co/eP0MOOTii5"
https://x.com/i/status/2014083150394073359,yes,Important context:  the smell was caused by a small nearby fire.  Once handled and the evacuation was ended.    https://www.lbc.co.uk/article/davos-evacuation-strange-smell-5HjdR8x_2/,"BREAKING: Evacuations are underway at The World Economic Forum in the main venue after reports of a strange odor that's causing people to cough.

It's time to get President Trump back to America ASAP!!!

https://t.co/o66cZQflqV"
https://x.com/i/status/2019043915836641665,yes,"The video is from Celine Dion's 2024 documentary, not today; her stiff-person syndrome symptoms began 17 years before her 2022 diagnosis, predating COVID-19 vaccines, with no established causal link to vaccination. https://tribune.com.pk/story/2590738/why-an-old-video-of-celine-dion-is-resurfacing-and-worrying-fans-again https://www.everydayhealth.com/rare-diseases/biggest-reveals-from-the-new-celine-dion-documentary/ https://factcheck.afp.com/doc.afp.com.333Y8V4","This is Celine Dion today. 

Canada just froze all vaccine injury records for 15 years. 

Stiff person syndrome is in the nine page list of adverse reactions that got released from Pfizer.  I checked. 

 https://t.co/3LJzn8y493"
https://x.com/i/status/2024748090511806708,yes,Person in the video is speaking about &quot;regenerative breaking&quot; system technology which is a proven technology and already being used in EVs and trains too. Here's the explainataion of how it works.   https://youtu.be/cGm577GMw70?si=op3_tXERsUWCxDqE,"""Train takes electricity from wire and when driver apply brakes it sends back that electricity to same wire' 

- Ashwini Vaishnaw 😭😭

Look at the way he is speaking, but andhbhakts still call him asset 😂 https://t.co/NyTMvo9sxf"
https://x.com/i/status/2020164610007974035,yes,Misleading caption!    This video is from Bangladesh.    https://x.com/Anura_Indo/status/2020344113846186248?s=20,"A Chinese TikToker shared a clip of an Indian man harassing him while filming TikTok videos, sparking ridicule from Chinese viewers over the Indian man’s blatant behavior and apparent attraction to boys. https://t.co/cEghUIYUdR"
https://x.com/i/status/2015599129968193940,yes,"The individual holding the gun in this video is not Alex Pretty, but a federal agent    https://www.washingtonpost.com/investigations/2026/01/25/minneapolis-shooting-video-gun/    https://abcnews.go.com/Politics/minute-minute-timeline-fatal-shooting-alex-pretti-federal/story?id=129547199#:~:text=While%20Pretti%20seems%20to%20have,while%20another%20repeatedly%20hits%20Pretti.",Video doesn’t lie and this clearly shows his weapon drawn. I call this cop assisted suicide. You can’t expect to live when you draw your weapon in front of five officers already engaged in an altercation. https://t.co/HqyUqEPtMM
https://x.com/i/status/2018974744016716141,yes,"The audio clip purporting to be Michael Jackson's last phone call is fake, originating from a 2013 promotional hoax by rapper Prince EA featuring a fabricated whistleblower. https://www.dailydot.com/upstream/x-4chan-rap-viral-video-conspiracy-prince-ea https://www.mjjcommunity.com/threads/hoax-government-whistleblower-makes-public-michael-jacksons-final-phone-call.130524","#michaeljackson #epstein #hollywood  his last phone call    This gives me chills in my spin.
The fear in Micheal Jackson voice. This is not just a case it's a group of people who almost control the world. https://t.co/LCBuRU7uj4"
https://x.com/i/status/2029269398175752256,yes,"Spain continues to refuse US use of its military bases for Iran operations and has not agreed to cooperate following Trump's trade threat. The attached video shows Fox News coverage of Iran oil prices, unrelated to Spain. https://www.reuters.com/business/trump-says-us-will-cut-all-trade-with-spain-2026-03-03 https://www.aljazeera.com/news/2026/3/3/spain-baulks-at-trumps-threat-to-cut-off-all-trade-over-nato-iran-stance https://www.bbc.com/news/articles/c8r1mzd8vygo","🚨 BREAKING: Following President Trump's threat to BAN ALL TRADE with Spain, the Spanish government has BENT THE KNEE, and is now cooperating with the US military

THAT'S how it's done! 🔥

Well done, 47! 🇺🇸 https://t.co/rAZqNxQz89"
https://x.com/i/status/2018017572474769859,yes,"In a long Truth Social post, Trump publicly endorsed the Republican in this race and urged Republicans to vote for her. https://x.com/ronfilipkowski/status/2018019829647618228?s=46","Reporter: A Democrat won a special election in Texas in an area that you won by 17 points

Trump: I’m not involved in that. That’s a local race. I don’t know anything about it. I had nothing to do with it. https://t.co/MfWU1DZkar"
https://x.com/i/status/2013252605783273968,yes,He said Ivana not Ivanka who was the first wife of Donald Trump. https://grokipedia.com/page/Ivana_Trump,"Dana White says the only one time he saw Trump ""rattled"" was when Ivanka died,

""I called him that day, and this is the first time I’ve ever seen that guy busted up and not good. He does not get rattled.""

https://t.co/EGJwQce1nV"
https://x.com/i/status/2014322154960281930,yes,The video is a montage of random clips of different rabbits with different owners that can be clearly seen.    The post falsely claims that its only one rabbit being raised by the same man.  The user is creating animal rescue lies for engagement.    https://www.fourpawsusa.org/our-stories/publications-guides/fake-animal-rescue-videos,"This man found an abandoned rabbit outside the vegetable garden and then...

I love every single one of them! And I have even more love for the people who rescued and care for these little bundles of love 💖 https://t.co/pcHNKn3lzJ"
https://x.com/i/status/2029646211976941671,yes,This is a Euro Fighter Typhoon. India doesn’t operate these fighter jets.this video not related to India or Air India or India Air Force   https://en.wikipedia.org/w/index.php?title=Eurofighter_Typhoon&amp;wprov=rarw1,"Air India flights escorted by fighter jets, evacuating Indians from the war zone at full speed. When it comes to protecting its citizens anywhere in the world, India acts decisively. This is Modi leadership. https://t.co/BJ8gxXp8ux"
https://x.com/i/status/2031421397637960141,yes,The attached video is old (from October 2023) and has been debunked multiple times. It is being falsely used to claim a current evacuation of Ali Al-Salem Air Base in Kuwait. No official US or Kuwaiti source has confirmed any full evacuation.  Source: AFP Fact Check  https://factcheck.afp.com/doc.afp.com.33Y44XW,"🇺🇸⚡The U.S. Air Base in Kuwait is being evacuated. You can clearly see in these images that they are leaving Kuwait soil. From today's video, we can only say that Iran 🇮🇷 has succeeded in achieving its goal. https://t.co/nBqMCfBtgY"
https://x.com/i/status/2018969579406434397,yes,"That video is from September 2025, not &quot;this morning.&quot;    https://www.instagram.com/reel/DOebC7bicrV/",Trump literally looks like he’s having a stroke this morning! Look how his face is drioping on the right side and I’m not sure if he’s falling asleep again or not because his eyes are almost completely shut! https://t.co/WkyilUnKsq
https://x.com/i/status/2013145225775268105,yes,"The video depicts an AI-generated exaggeration of the snowfall in Kamchatka, Russia; while the region experienced record January 2026 snow depths of up to 170 cm that buried vehicles and prompted emergencies, it did not engulf entire buildings as shown.    https://www.themoscowtimes.com/2026/01/19/kamchatka-struggles-to-get-back-on-its-feet-a-week-after-winter-storms-bury-peninsula-a91711  https://www.reddit.com/r/isthisAI/comments/1qfnpdh/is_this_snowfall_video_from_kamchatka_russia_real","In a crazy never before seen weather occurrence in Kamchatka Russia, the entire city is buried in an incredible amount of snow. The worry now is the flooding that's going to happen when it melts this spring. https://t.co/4Hz6zSBddO"
https://x.com/i/status/2031729059957518363,yes,"The students who hired the stripper were graduating high school seniors (Matura class), not eighth-graders. https://kurier.at/chronik/wien/eklat-katholische-privatschule-stripperin-lehrer-marianum/403136807 https://www.heute.at/s/video-stripperin-tanzt-in-wiener-schule-fuer-lehrer-120164369","Catholic school kids hire stripper for their teacher in Austria

Both the eighth-graders and the teacher were happy with the surprise

The striptease was finished by internal disciplinary proceedings, however https://t.co/iLx2a7dPip"
https://x.com/i/status/2022429081355358478,yes,"James Hetfield lives in an 11,000 sq ft mansion in Vail, Colorado. He purchased the home for $23 million in 2017.    https://virtualglobetrotting.com/map/james-hetfields-house-1/view/google/","James Hetfield, the heart of Metalica has a net worth of $300m. No mansion, no fancy cars and no private jet. James lives in a wooden cabin in the forests of Colarado. No TV, wifi, and chops his own firewood. https://t.co/jKWU8BEMu1"
https://x.com/i/status/2029118399796896108,yes,"Jasmine Crockett is a Democratic U.S. Representative from Texas, not Republican. https://www.congress.gov/member/jasmine-crockett/C001130 https://crockett.house.gov/about https://www.reuters.com/world/us/takeaways-first-primaries-2026-us-midterm-elections-2026-03-04/","Republican Jasmine Crockett said confusion during the Dallas primary led to voter disenfranchisement, with polls initially extended by court order but later limited by the Supreme Court https://t.co/EiMoIewBnR https://t.co/SstCqwps4F"
https://x.com/i/status/2017080578189721973,yes,This isn’t an AI generated game. This is gameplay from  2005’s Need For Speed: Most Wanted.     https://en.wikipedia.org/wiki/Need_for_Speed:_Most_Wanted_(2005_video_game)  ,"Wow.   

Just made my first AI video game with Google’s Genie 3

The prompt: ""A realistic high-speed racing game where you have to escape the cops. Ignore all laws of physics""

The gaming industry is so cooked https://t.co/NSwKKM3r8E"
https://x.com/i/status/2019817692161798164,yes,"The Muslim population in Europe in 2000 was 37 million (5.1% of the total population.      The source video conflates Europe with Western Europe, but even in Germany alone the Muslim population was 3.2 million in 2000.    https://www.pewresearch.org/religion/2011/01/27/future-of-the-global-muslim-population-regional-europe/    https://soerenkern.com/pdfs/islam/MuslimPopulationEurope1950-2020.pdf   ","🚨50 MILLION MUSLIMS NOW LIVE IN EUROPE

In the year 2000, it was less than 500,000

If we don't stop this we will soon be joining the caliphate

That is the reality of the situation

We're in the end game now

https://t.co/4jnFqNj736"
https://x.com/i/status/2014088178466996663,yes,This misrepresents a 2023 Belgium case. A male kickboxing instructor (not woman) confronted a male burglar. The burglar got 14 months prison and only €1 in damages—not $1.4M. No family lawsuit or quoted statement exists in any reports. https://www.brusselstimes.com/1230342/martial-arts-teacher-who-knocked-out-burglar-sentenced-to-community-service,"A robber was seriously injured after attempting to rob a woman who turned out to be a martial arts coach, and now his devastated family is seeking $1.4 million in compensation.

”My son only wanted to rob you!” https://t.co/Ap1VaAvq7T"
https://x.com/i/status/2028699373832716618,yes,The original video is from a firework festival held in Algieria for  Mouloudia Football Club's 103rd anniversary celebration.   The video has been published on youtube on 24.08.2024.    Source: https://www.youtube.com/watch?v=qQ8RKL1m_-Q,"🚨WAR UPDATE THE WESTERN MAINSTREAM MEDIA TRIES TO HIDE:
Iran is smoking Isreal like the world has never seen before. There are reports Isrealies are starting a massive exodus and bunkers are in full panic mode. https://t.co/om3QXMPZZ8"
https://x.com/i/status/2016469930582122817,yes,"LED lights do not flicker 200,000 times a second. They can flicker slightly more or less than incandescent bulbs depending on design.   https://www.energy.gov/eere/ssl/flicker-basics","LED light flickers 100,000 times a second....

This is what they look like in slow motion.

These lights are ruining our brains, nervous systems and eyes.

Get rid of these junk lights...return to incandescent. https://t.co/tQ44q1UX8a"
https://x.com/i/status/2017274864738894101,yes,"This video is not of an ICE agent, but a student from Fremont High School in Nebraska.     Here is another video posted by the local news channel in the area.     https://x.com/NewsChannelNE/status/2016990068590706741?s=20    https://northeast.newschannelnebraska.com/story/53414270/protester-struck-by-suv-displaying-trump-flag-at-fremont-high-school","Democrats are demanding the arrest of the ICE officer driving below, who hit a protester with his car as she ran in front

Others are saying it was an accident, and the woman ran in front of the car

Thoughts?

https://t.co/JG1ERqdq3D"
https://x.com/i/status/2027957509655298057,yes,"This video is gameplay footage from the video game Arma 3, not real US Air Force operations. Similar clips are sometimes shared without noting they are simulations.    https://www.bohemia.net/blog/arma-3-footage-being-used-as-fake-news  https://apnews.com/article/fact-check-ukraine-russia-war-video-game-arma3-126817661377","Can you say thunderstruck?
I have no frame of reference apart from US military Air Force badassery. It's a complete mind-blowing display of excellence.
Sit on the edge of your seat because you're in for a ride! https://t.co/IjkJ0E3Xt0"
https://x.com/i/status/2013735836244943199,yes,"The $700 billion is a reported estimate of acquisition cost, not a formal offer. Statements from Denmark and Greenland indicate it is not for sale.  https://www.foxnews.com/politics/trumps-greenland-takeover-likely-entail-enormous-price-tag-report  https://stm.dk/presse/pressemeddelelser/2025/udtalelse-fra-statsminister-mette-frederiksen/  https://www.reuters.com/world/americas/greenland-is-not-sale-its-leader-says-response-trump-2024-12-23",Watters: We’re offering them $700 billion. The royal family in Denmark is dying to sell Denmark. Every European that we are going to grease with the 700 billion is dying to do this deal… We’re getting Greenland. https://t.co/uOc8PPztPP
https://x.com/i/status/2024450595227390046,yes,"The child in the video is not Donald Trump's granddaughter. She is the daughter of investor Jim Rogers, who has lived in Singapore and promoted learning Mandarin. No credible reports indicate any Trump family member delivered Chinese New Year greetings in this clip.    https://x.com/iamsiddiqq/status/2024450939961151789    https://x.com/MeatInDueSeason/status/2024509186797867144    https://en.wikipedia.org/wiki/Jim_Rogers","UNUSUAL

President Trump’s granddaughter delivered Lunar New Year greetings to the world in Chinese.

She spoke it confidently, and the whole world is moving toward learning Chinese — the language of the future. https://t.co/2Bi3ETPpo6"
https://x.com/i/status/2021372033934766217,yes,"The audio on this video is not his voice, it was altered. This performance happened on Jimmy Fallon's show. There was no tech failure, and it wasn't from a concert like many claimed. Original video can be found here: https://www.youtube.com/watch?v=SIQXI0UuX8M ","I thought this was a joke at first, apparently it’s real. This is Bad Bunny without autotune.

At a concert in 2023, the accompanying track went out and all he could hear was his in-ear monitor so he kept going😭 https://t.co/y0lkHZUYAk"
https://x.com/i/status/2020534795856400890,yes,"The released Epstein files include photos of Michael Jackson but no video footage of him. The posted video is not from those files and bears a 2024 timestamp, over 14 years after Jackson's death in 2009. https://www.bbc.com/news/videos/cn7kpnjnmklo https://www.cnn.com/2025/12/20/us/video/clinton-epstein-digvid https://en.wikipedia.org/wiki/Death_of_Michael_Jackson https://www.pbs.org/newshour/nation/latest-epstein-document-release-includes-multiple-trump-mentions","SHAMEFUL 😨😰

Another video related to the Epstein files has surfaced,

showing Michael Jackson brutalizing young girls.

The video is horrific and horrifying, showing how young girls were intimidated and exploited. https://t.co/uOQWvkAmrI"
https://x.com/i/status/2014856893928534245,yes,"Context: This video shows the Ethiopian Orthodox Christian community in Dallas, TX celebrating the Timkat (Epiphany) festival, commemorating Jesus' baptism. https://www.brilliant-ethiopia.com/timkat https://www.youtube.com/watch?v=I7n2i4P7oXc  https://www.brilliant-ethiopia.com/timkat  https://www.youtube.com/watch?v=I7n2i4P7oXc","This is not India or the Middle East

This is Dallas, Texas

Our own government allowed this to happen. We are letting our own culture be wiped out by letting the entire planet mass import themselves to our country https://t.co/6GbPW9WxwL"
https://x.com/i/status/2031089896056643796,yes,"No intruder breached Trump Tower on March 9, 2026, and no evacuation or bomb squad response is ongoing. NYPD and credible news sources report no such incident.    https://www.nyc.gov/site/nypd/news/news.page    https://wltreport.com/2026/03/02/just-bomb-squad-deployed-after-suspicious-package-found    https://x.com/NYPDnews","🚨🚨MAJOR ALERT: TRUMP TOWER NEW YORK HAS BEEN BREACHED BY AN INTRUDER, NEW YORK CITY POLICE, SECRET SERVICE AND BOMB SQUAD ARE NOW SECURING THE PERIMETER, IF YOU HAVENT DONE SO ALREADY EXIT THE BUILDING, RIGHT NOW !!! https://t.co/oUj4EPkH2u"
https://x.com/i/status/2012238592563687776,yes,"The policy provides a tax deduction of up to $10,000 in annual auto loan interest for new U.S.-assembled vehicles, not a $10,000 tax credit on the purchase. https://www.irs.gov/newsroom/one-big-beautiful-bill-act-tax-deductions-for-working-americans-and-seniors https://www.nytimes.com/2025/12/25/us/politics/trump-auto-loan-deduction-benefits.html","We want investments in America, not China. 

The Trump Administration wants you to buy brand new cars made here which is why we are giving a 💲TEN THOUSAND DOLLAR tax credit to you if you buy a car made in the USA 🇺🇸 🚘 https://t.co/QyAfFInmB5"
https://x.com/i/status/2012820752156815484,yes,"The video has been tweaked to show behaviour that would imply the use of drugs, facial expressions and eye rolling. Here is the original video that clearly shows thoughtful press interview https://youtu.be/XV8O5L-QByY?si=saiq9TO2R1TZKtHO ","Please watch this and tell me if being on drugs is now a required qualification to lead a European country ?
They are shameless,doing interviews under the influence of drugs because they know the MSM will say nothing. https://t.co/WSbyO7VBEq"
https://x.com/i/status/2028363622167048401,yes,"No evidence of IRGC missile attacks on Incirlik Air Base. Reports list strikes on US bases in Bahrain, Kuwait, Iraq, etc., but not Turkey. Video shows Haber Global reporter during January 2026 clashes in Aleppo, Syria.    https://www.aljazeera.com/news/2026/2/28/mapping-us-and-israeli-attacks-on-iran-and-tehrans-retaliatory-strikes https://www.tehrantimes.com/news/524358/IRGC-says-successive-slaps-against-US-and-Israeli-assets-in https://www.youtube.com/watch?v=hbtLg2x0-KA","#BREAKING: In #Turkey, #Incirlik Air Base was targeted by the #IRGC Aerospace Force. They launched multiple ballistic missiles at the airbase.

#IranRevolution #IranRevolution2026 #OperationLionRoar #OperationEpicFury https://t.co/lqXtlMIJEB"
https://x.com/i/status/2024887017981837484,yes,"Japan's 2022 law addresses coercive fundraising by the Unification Church following its scandal, not bans on Christian communion, large churches, proselytizing, or street prayer. Article 20 of the Constitution protects religious freedom, with Christianity practiced openly.    https://www.pbs.org/newshour/world/new-law-in-japan-takes-aim-at-unification-churchs-coercive-fundraising-tactics    https://www.dw.com/en/japan-passes-funds-law-amid-cult-like-church-controversy/a-64055591","🚨🇯🇵JAPAN UNVEILS NEW ANTI-CHRISTIAN LAWS  

Communion  - BANNED 
Large churches - BANNED 
Proselytizing - BANNED 
Praying in the street - BANNED  

They've basically said Christianity is not welcome in Japan 

Go home https://t.co/h0Jf2kovj3"
https://x.com/i/status/2029285958500135031,yes,"This video is not from central Israel. It was filmed in Gaza City on October 7, 2023, and the building shown is the Palestine Tower.    https://youtu.be/NUEjmv6VDrM?si=9PHzs5c6l45WPf3s    https://youtu.be/HqGpxe-7lAc?si=Rzv2aG0c4mT3GEiE","Israel getting what it deserves. 

@Reutershas confirmed this attack by Iran on Central Israel. I am just waiting for Grok to deny it and I will share the proof. 

EFF the Zionist Grok. What a great App it used to be.  https://t.co/5UyXa2Fv0G"
https://x.com/i/status/2029003704641151450,yes,"The claim that Punch's stuffed toy will soon be taken away is false; the zoo has made no such announcement, and he continues to integrate with the troop while using it. https://www.hindustantimes.com/world-news/punch-the-monkey-to-be-separated-from-stuffed-toy-ikea-plushie-truth-behind-viral-claim-101772588087324.html https://www.bbc.com/news/videos/c1d6ell32weo https://www.theguardian.com/world/2026/feb/23/punch-monkey-japan-macaque-why-do-mother-animals-abandon-offspring","Punch the monkey will soon have his stuffed toy taken away in an attempt to further integrate him into the troop.

At around six months of age, macaques get weaned off of their mothers, and Punch is reaching that point.
https://t.co/xBqAnUHt1u"
https://x.com/i/status/2026953075823403333,yes,The videos are AI generated.    https://gijn.org/resource/guide-detecting-ai-generated-content/,"A 14 year old boy lied about his age so that he could work nights and support his little sister after his parents died.

The authorities tried to charge him for illegal working. Luckily a grounded judge saved the day.👏🏻 https://t.co/upVdQ39jAO"
https://x.com/i/status/2027002798462669283,yes,This video is an AI generated video.    https://www.bbc.com/future/article/20251031-the-number-one-sign-you-might-be-watching-ai-video,"A 14 year old boy lied about his age so that he could work nights and support his little sister after his parents died.

The authorities tried to charge him for illegal working. Luckily a grounded judge saved the day.👏🏻 https://t.co/uetUsK6VQq"
https://x.com/i/status/2030651618765525354,yes,"Moore's felony charges were dropped via a plea deal where he pleaded no contest to misdemeanors (trespassing &amp; malicious use of telecom). No evidentiary hearing took place, so no evidence was presented &amp; no judge ruled on stalking, setup, or police withholding evidence.    https://www.washtenaw.org/4650/Sherrone-Moore-Washtenaw-County-Document https://www.nytimes.com/athletic/7094533/2026/03/06/sherrone-moore-michigan-plea-deal-charges https://www.foxnews.com/sports/fired-michigan-coach-sherrone-moore-reaches-plea-deal-case-over-alleged-break-in-mistress-home","Former Michigan football head coach Sherrone Moore’s felony charges dropped after judge ruled his mistress was not a victim of stalking; evidence presented in court showed he was set up and cops withheld evidence. 👀🏈 

 https://t.co/VmTFNLi3yL"
https://x.com/i/status/2022829810288885968,yes,CAPTION ERROR - INACCURATE   The scene described in the caption is not consistent with video footage     Video depicts an ICE detention in Olathe according to the original source of video     https://x.com/KimKatieUSA/status/2022742672419750363,"Leftist drove by a crowd of MAGA patriots live-streaming on the street in Portland, OR and SHOT THEM with a pellet gun. 

Her Oregon license plate was 478 PWF (Just in case Portland Police want to solve a crime easily).
 https://t.co/CLgi3YriAe"
https://x.com/i/status/2031125742805811614,yes,"The quoted statement from Epstein survivors about compiling their own list originates from a September 3, 2025, Capitol Hill press conference. No new or recent announcement of this in March 2026 appears in reports.    https://www.bbc.com/news/articles/c5yvpgyjed8o  https://www.axios.com/2025/09/03/epstein-survivors-may-unofficial-client-list-house-congress  https://www.rollingstone.com/politics/politics-news/trump-capitol-epstein-survivors-list-associates-names-1235420879  https://thehill.com/homenews/administration/5483380-epstein-survivors-compile-list","🚨MAJOR BREAKING: Epstein survivors just announced they will release their own list of names.

“We know who abused us. We saw who came and went. This list will be survivor-led-for survivors.”

Let’s make this go viral ☝️

 https://t.co/k2kYat5cPF"
https://x.com/i/status/2031095292519485540,yes,To implement this there's no way to find out if a user is underage without checking everyone thus creating a path for surveillance. This is a backdoor digital ID.     https://x.com/i/status/2030657926914822585,"The time for negotiations is over.

Tech companies have 30 days from today to implement age restrictions on social media access for kids under 14. Within 60 days, parental consent must be in place for 14- to 16-year-olds. https://t.co/yp2jcjTtAd"
https://x.com/i/status/2033133165695443278,yes,"Japan has enacted no such laws. Article 20 of its Constitution guarantees religious freedom. Over 110 mosques operate nationwide (e.g., Tokyo Camii), halal food and prayer facilities are expanding, and no bans exist on burkas or calls to prayer.    https://www.asahi.com/ajw/articles/14903765","🚨🇯🇵BREAKING

JAPAN'S NEW ANTI-ISLAM LAWS SEND SHOCKWAVES

Halal - BANNED✅
Mosques - BANNED✅
Call to prayer - BANNED✅
Burka - BANNED✅

This is basically saying Islam is not welcome here

Should we copy Japan?

A. Yes
B. No https://t.co/pmmJNlCE63"
https://x.com/i/status/2029976146570531086,yes,"These are not pilots, this was former Army intelligence officer Josephine Guilbeau  and retired Army Lieutenant Colonel Anthony Aguilar, a former Green Beret being arrested after protesting the US support for Israel at a 2025 Senate hearing       https://vinnews.com/2025/09/05/us-military-arrests-two-service-members-for-pro-palestine-demonstration-in-uniform/    https://en.didpress.com/18431/          ","🚨After an American pilot's arrest for refusing to transport weapons to Israel, he's telling Americans: ""What you're watching from the comfort of your homes—know this: you're funding the genocide of Palestinians. Wake up

 https://t.co/xxoEiqDL69"
https://x.com/i/status/2016077436601917813,yes,"The video shows a staged TikTok skit, not a real doctor's refusal to treat a patient. The actors appear in multiple scripted videos on @thomasgibson31. https://leadstories.com/hoax-alert/2025/02/fact-check-patient-gets-denied-healthcare.html https://www.snopes.com/fact-check/black-doctor-deny-care-man-in-maga-hat","WTH 😳
Dr. refusing to see the patient because he is wearing a MAGA hat.
She said she has the right not to see you;
wants him to remove his ridiculous hat and then she will see him.
Keep watching as it gets a little heated. https://t.co/28hslBfKrI"
https://x.com/i/status/2026157532163539168,yes,"Claims of a $1 million lawsuit against the woman are unsubstantiated, with no verified public court filings. https://www.ibtimes.co.uk/travel-influencer-coffeemaker-hack-backlash-1780842 https://tribune.com.pk/story/2594294/travel-influencer-tara-woodcox-faces-unverified-1m-lawsuit-over-hotel-coffee-machine-controversy https://www.delish.com/food-news/a70467480/viral-hotel-coffee-maker-hack-unhinged","The woman who posted a “hotel hack” showing herself washing her dirty panties in a coffee maker is being sued by the hotel for $1 million after having to issue refunds, payouts and replace every coffee machine in the hotel https://t.co/yM2xo3MivU"
https://x.com/i/status/2018533127829032979,yes,"The altercation occurred on a public road during a student walkout protest, not at a school, and involved a juvenile protester and an adult motorist, not students assaulting a teacher.     https://www.kxan.com/news/local/buda/fight-breaks-out-at-student-led-protest-on-rm-967-in-buda https://kdhnews.com/news/texas/students-protest-leads-to-altercation-at-buda-high-school/article_b694471d-5f35-5012-be08-8c5f4b2c3d42.html","Students in Austin attacked a teacher during an anti-ICE walkout.

The scary part isn't what they did today. 

It's what they'll be doing in ten years.

What exactly is the plan for when an entire generation acts this way?
https://t.co/DqPDRMCZuF"
https://x.com/i/status/2028176341422555229,yes,Fake. It’s from a video game.   https://warthunder.com/en    You can even hear someone screaming “enemy fire”. ,"The United States Air Force successfully evaded over 5,000 bullets and still struck its target. The pilot maneuvered around the corner and accomplished the objective with precise accuracy and devastating destruction. 😳 🚀 

 https://t.co/kFtPDwz2wB"
https://x.com/i/status/2029966344150732879,yes,"The video depicts a wild Japanese macaque at Jigokudani Monkey Park in Japan, where snow monkeys naturally soak in hot springs. It is unrelated to any pet monkey named Punch or a lost stuffed toy incident.    https://www.jigokudani-yaenkoen.co.jp/english/  https://www.japan-guide.com/e/e6028.html","Punch has lost his beloved stuffed toy and is sad and worried

Apparently, it fell into the pond and our little monkey has spent hours trying to find it

Let's hope the caretakers have noticed and rescue Punch's best friend https://t.co/Qy1lyWonda"
https://x.com/i/status/2026300989700288938,yes,AI slop   https://x.com/i/status/2026351410854412558,"A staff member walks casually near the MRI safety zone. Suddenly, their keychain is ripped from their pocket, flying straight into the powerful MRI coil. The entire event is caught in dramatic, overhead surveillance footage. https://t.co/5UYZ4r0nrV"
https://x.com/i/status/2012223844900077655,yes,"This video is AI-generated, with signs like unnatural snow and fur changes. It shows a fictional story, not real. Similar videos are confirmed AI by fact-checkers.  https://factcheck.afp.com/doc.afp.com.84Y33CR  https://www.bbc.com/news/live/c36zpn61ke5t","RESCUE RANGERS

“I slammed on the brakes when I saw the pack attacking him! l though the was done for, but he was actually using his body as a shield. When I saw the tiny kitten underneath him.. He is a true guardian angel.” https://t.co/uDy5Qtevnt"
https://x.com/i/status/2021513705633247260,yes,"The individuals shown are participating in Iran's official 22 Bahman rally commemorating the Islamic Revolution, not protesters against the regime. https://www.khabaronline.ir/news/2180870/ https://x.com/FarsNews_Agency/status/2021515155012571618","Iranian protesters set fire to an effigy labeled Baal, marked with a Star of David and cast as a satanic figure, while chanting “Death to Israel.” Baal, an ancient Canaanite deity, is often invoked today as a symbol of evil. https://t.co/YGDmxvyFvG"
https://x.com/i/status/2013443844528918551,yes,"The video shows the Blackhawks crowd cheering for Bears QB Caleb Williams, not booing him.    https://www.sportingnews.com/us/nfl/chicago-bears/news/blackhawks-crowd-caleb-williams-pete-crow-armstrong-shown/afbc912723854e0ab12ee7c2","YIKES. 😳😳😳

#Bears QB Caleb Williams was shown on the Jumbotron at the Chicago Blackhawks game and was BOO’D by the fans due to his playoff loss.

Caleb Williams is the only Bears QB with a playoff win in the last 15 years… 😬 https://t.co/lrveidxLXw"
https://x.com/i/status/2012898132825133121,yes,"The video clip is from the failed launch of the Russian Proton-M rocket from 2013, not the claimed Long March 3B from China.    https://www.npr.org/sections/thetwo-way/2013/07/10/200775748/report-upside-down-sensors-toppled-russian-rocket  https://www.youtube.com/watch?v=YUhK5vnSigo","Yesterday China broke the world records：launching two rockets at the same day and both failed tragically. The two rockets are CZ-3B   (长征三号乙) and CERES-2(谷神星二号).  WOW! Great achievement, keep up!
Below is the launch of CZ-3B： https://t.co/RSf1izTsvG"
https://x.com/i/status/2025557961595089053,yes,"C-SPAN has confirmed the caller is not President Trump, noting that the call came from a Central Virginia phone number and happened while Trump was at public meeting with various governors.    https://x.com/cspan/status/2025679408132989253?s=20","🚨 NO WAY 😭

“John Barron” just called @CSPAN to complain about the Supreme Court nuking Trump’s tariffs.

Yes — that John Barron.
The fake name Trump used for decades.

They cut him off mid-call.

💀You cannot make this up. 😂🥴 https://t.co/iOPLRebnYa"
https://x.com/i/status/2024519094821671097,yes,"The video is AI-generated fiction, not real footage of Chinese military robots. While China develops real robotics, this clip is fake and originally included a disclaimer.    https://factcheck.afp.com/doc.afp.com.72392KF  https://www.boomlive.in/fact-check/viral-video-chinese-company-unitree-robots-war-preparation-weapons-claim-fact-check-30710","If they start WW3 we're cooked…

They're gonna invoke a mandatory draft and send you to face literal A.I. robots that have perfect aim.

This video is NOT A.I. it's REAL robots that can fire assault rifles and China has them. https://t.co/TO3BniC7WF"
https://x.com/i/status/2023534236234641718,yes,Twitch streamer Jinnytty is still alive and streaming she is fine   https://www.twitch.tv/jinnytty,"Twitch streamer “Jinnytty” BREAKS DOWN in TEARS after getting STUCK on a mountain while skiing in the Swiss Alps and BEGS for HELP, she later then unfortunately PASSED AWAY from HYPOTHERMIA after SEVERE weather conditions 🥺💔

https://t.co/IATOT6aAPD"
https://x.com/i/status/2020129196148654276,yes,"This isn’t breaking. This clip is from almost a year ago, February 2025.    https://x.com/grok/status/2020179713071727070?s=46","🚨 BREAKING: Karoline Leavitt says President Trump has tasked Elon Musk with uncovering fraud at the Social Security Administration.

“They suspect that there are tens of millions of deceased people receiving Social Security.”
https://t.co/LU8QEGiFv8"
https://x.com/i/status/2032575368977101031,yes,"This video shows an August 2024 event at New College of Florida (not Florida College), where books mostly on LGBTQ+ topics were discarded amid controversy over state policies. No direct DeSantis order, not focused on Black/Native American history, and not recent.    https://apnews.com/article/books-dumped-new-college-of-florida-desantis-21d3bbda902291cafdade0f34b029583  https://www.ncf.edu/news/statement-on-the-removal-of-books-and-library-materials  https://www.heraldtribune.com/story/news/education/2024/08/15/new-college-of-florida-throws-away-hundreds-of-library-books-diversity-lgbtq/74814756007",Governor DeSantis has ordered books about Black History and Native American history to be thrown away and destroyed! This is what is happening here at Florida College where they were ordered to destroy all of them immediately! https://t.co/Tr68IYrgju
https://x.com/i/status/2020582546858488011,yes,Us footage released by Pentagon     https://nypost.com/2025/06/26/world-news/footage-released-showing-how-bunker-buster-bombs-were-used-in-historic-iran-strike/,"Iran just dropped a video showing its own BUNKER buster BOMBS in full action.

Iran has reverse engineered American bombs that didn’t detonate during the attack on Iran’s nuclear facilities.

Yeah… America is COOKED. It’s over. https://t.co/TriVWoybhh"
https://x.com/i/status/2030809702733692985,yes,The video is an AI-generated deepfake; Indian Army Chief General Upendra Dwivedi made no such statement. https://x.com/PIBFactCheck/status/2030877643042955537,"“As Israeli strategic allies, it was our duty to inform Israel about the exact location [of the Iranian ship]""

Gen. Upendra Dwivedi 🇮🇳

Confirmation of what we have said in the past. MODI is a sellout and Iran must punish India https://t.co/czpKfP0JA1"
https://x.com/i/status/2015670895184875656,yes,"The video shows real snow or ice, which melts slowly under the torch due to its density and the high latent heat of fusion required (334 J/g), while the black discoloration results from soot produced by the flame's incomplete combustion.    https://www.reuters.com/article/world/fact-check-explaining-fake-texas-snow-posts-and-scorched-snow-videos-idUSKBN2AN1QI  https://www.politifact.com/factchecks/2021/feb/19/facebook-posts/no-snow-isnt-government-generated-what-snowball-do  https://thestarphoenix.com/news/local-news/its-not-fake-snow-that-doesnt-melt-when-burned-has-scientific-explanation","🚨🇺🇸 Meanwhile across America

“That kinda heat - it should just melt”

This Man has been melting snow all his life and has never experienced snow that refuses to melt and also turns black in the process. 

Everyone is realising. https://t.co/QOSmZWSLWD"
https://x.com/i/status/2025374982784909530,yes,More than 90 percent of people who have a heart attack don't die of a heart attack within the next 5 years. So if you ask &quot;how much extra life will a statin give you in those 5 years?&quot; the answer will be small.    Published work shows overall benefit of multiple months to a year: https://doi.org/10.1371/journal.pmed.1001361,"Dr. Aseem Malhotra: ""If you take a statin for 5 years after a heart attack... in that 5 year period, how much would you think or hope it would add to your life expectancy?""

Joe Rogan: ""25%? 30%?""

Malhotra: ""Just over 4 days.""

https://t.co/dVBXkf1NYR"
https://x.com/i/status/2021774801376096628,yes,"Women don’t change their names on their birth certificate when they marry, they only change their names on identification documents like driver’s license and passport, followed by bank accounts and the rest. https://www.theknot.com/content/name-change-101","Representative @HillaryScholten: The SAVE act will prevent 160 thousand women in Michigan's 3rd district from registering to vote because they didn't change the name on their birth certificate when they got married.

Whuuuuuuut? https://t.co/vomOKrQcOj"
https://x.com/i/status/2031382689933119878,yes,Tennessee’s proposed SB2040/HB1959 do not “force[] the closure of pharmacies across the state.” These bills seek to prohibit the conflict of interest that exists when a pharmacy owns the PBM with which it negotiates prices. CVS has the ability to keep its pharmacies open.    https://legiscan.com/TN/text/SB2040/id/3328686/Tennessee-2025-SB2040-Draft.pdf    https://www.capitol.tn.gov/Bills/114/Bill/HB1959.pdf,"SB 2040 and HB 1959 must be defeated before the Tennessee government forces the closure of pharmacies across the state, the loss of thousands of jobs, less access to prescriptions, and greater costs that Tennesseans can't afford. https://t.co/SYAxTVItws"
https://x.com/i/status/2015500473290133589,yes,This video is AI generated. Subway signs in the background are not in English.    https://x.com/umbisam/status/2015500473290133589?s=46&amp;t=NymSJYcbw-sL7sIlrduf5Q,"This is getting out of control. All signs towards a civil war. Trump must reform ICE role asap. First off, all ICE officers must take their masks off. And act in plain sight. Be held accountable. Be prosecuted if/when they kill. 

https://t.co/whjsslhnSj"
https://x.com/i/status/2031110109573611939,yes,"The video features physically impossible effects like upside-down mushroom clouds, indicating it's likely AI-generated and not real footage of an Iranian missile. Real March 2026 strikes involved no such effects.    https://www.bbc.com/news/articles/ckg8wvz427vo  https://www.criticalthreats.org/analysis/iran-update-evening-special-report-march-3-2026","🤔 UPDATE:
A video circulating online shows a missile reportedly used by Iran, with observers noting that they have never seen a missile with this effect before.
No official confirmation exists regarding the missile’s designation,  https://t.co/4iU02fFZAu"
https://x.com/i/status/2011519577965150477,yes,"This video shows the July 26, 2025, evacuation of American Airlines Flight 3023 at Denver International Airport. https://www.nytimes.com/2025/07/27/us/american-airlines-denver-flight.html https://www.cbsnews.com/colorado/news/aircraft-evacuated-denver-international-airport-american-airlines-takeoff-incident","American Airlines flight out of Denver aborted takeoff after a wheel malfunction/fire.

Everyone onboard the Boeing 737 MAX 8 safely evacuated the aircraft ✈️

#CityLife #denver #flying #boeing #airport #AmericanAirlines #boeing737 https://t.co/edqpwd5AAT"
https://x.com/i/status/2017641151835083151,yes,"The video from 2010 shows Katherine Keating, then 29 and an adult, not a young child; her father Paul Keating left office as Prime Minister in 1996. https://en.wikipedia.org/wiki/Paul_Keating https://www.dailymail.co.uk/news/article-7372745/Katherine-Keating-Jeffrey-Epstein-connection-Paul-Keating.html https://www.afr.com/world/north-america/katherine-keating-tapped-for-andrew-image-rehab-epstein-files-show-20260131-p5nyht","Watch as Jeffrey Epstein sneaks out the young daughter of former Australian Prime Minister Paul Keating.

Yes - he was in charge of Australia at the time, and allowed his young daughter to stay at Epstein Steane’s luxury apartment. https://t.co/Vz09ijbI1I"
https://x.com/i/status/2028502600631664885,yes,"This is just normal behavior of the device because of how it functions (blending dispensers) and the length of the hose.    Notice it stops at 0.29c, and the video doesn't show anything beyond that. It won't keep going, and that 0.29 goes towards the car once you fill in.    https://x.com/TheBrinkOfDeath/status/2028616569002041432","American in Livonia, Michigan shows if you just put the gas pump down and don’t pump gas, it still slowly charges you for gas

I’ve seen similar videos to this all over America

Americans really are being robbed in every way possible https://t.co/fTEMaZjyZl"
https://x.com/i/status/2016123396820734153,yes,AI. Everything that happens in this video is unusual.    https://en.wikipedia.org/wiki/AI_slop ,"When an adult snow leopard grabbed me in a blizzard, I thought it was the end. But she didn't hurt me; she led me to a cliff edge where a cub was facing death. This is a heart-stopping vertical rescue with an ending you won't believe! https://t.co/y5LGEt3DjJ"
https://x.com/i/status/2028237771706339417,yes,"The explosion footage is from a 2021 fire at Dubai's Jebel Ali Port, not the 2026 airport strikes. The 2021 event caused no casualties, unlike the video's claim. While the airport was damaged in 2026, this clip is unrelated.    https://www.khaleejtimes.com/uae/video-massive-fire-breaks-out-on-ship-at-jebel-ali-port-in-dubai  https://www.reuters.com/world/middle-east/four-injured-after-incident-dubai-international-airport-dubai-media-office-says-2026-02-28","This is absolutely insane. A huge explosion at the airport in Dubai and a first-hand account of an American who is sheltering at his hotel. This guy is shook; you can see it on his face.

Source: height_magazine
https://t.co/ghWnXQpK4o https://t.co/Y8uBccGvP6"
https://x.com/i/status/2022280602829926467,yes,"FALSE. UK students get a student loan to help pay for their tuition fees and other expenses, but international students must prove they have enough money to pay FULLY  for their course and support themselves in the UK before being granted a visa to study with no loan options    https://share.google/HPctQ1DjW9WfHwsjp.","The international students' loans bill has gone up from £3.2billion to £4billion...should the British taxpayer be funding their education?

👇 Let us know your thoughts below 

🎧 Listen to the full episode now through the link in our bio https://t.co/FIU7jhKpFH"
https://x.com/i/status/2013160200703004903,yes,For context: No real video footage of the Chernobyl reactor explosion exists. This video is an AI-generated recreation. The earliest photos were taken about 14 hours later.    https://www.theguardian.com/environment/gallery/2011/apr/26/chernobyl-nuclear-disaster-in-pictures  https://history.stackexchange.com/questions/46624/is-there-any-footage-of-the-chernobyl-explosion  https://www.facebook.com/photo.php?fbid=1583903066455327&amp;id=100045069469604&amp;set=a.614945546684422,"🚨⚡️The 1986 Chernobyl nuclear power plant explosion in Ukraine is considered one of the worst nuclear disasters in history, as the explosion of Reactor 4 near the city of Pripyat released massive amounts of radiation into the atmosphere. https://t.co/CDjhjwtSps"
https://x.com/i/status/2018686109178380423,yes,"The “unknown person” is Israeli official Ehud Barak, whose voice can be heard in other recordings similarly being advised by Epstein. At this time, Barak was the Israeli Minister of Defense    https://www.aljazeera.com/amp/video/newsfeed/2026/2/3/epstein-audio-with-former-israeli-pm-sheds-new-light-on-relationship","Newly released voice recording appears to show Jeffrey Epstein advising an unknown person on how to approach Russian President Vladimir Putin.

Any appearance in the Epstein files does not imply any wrongdoing.

🔗 https://t.co/c2R5HexXZg https://t.co/MdzMm4QSni"
https://x.com/i/status/2032887035732607311,yes,"Official clinical trial data showed no statistically significant difference in deaths between the vaccine and placebo groups. The &quot;23%&quot; figure comes from a small, random variance in all-cause mortality (21 vs 17 deaths out of 44,000+ people) not linked to the vaccine itself.    https://www.nejm.org/doi/full/10.1056/NEJMoa2110345?hl=en-US  https://www.fda.gov/media/153447/download?hl=en-US","RFK Jr: ""If you look at the clinical trial studies of the Pfizer vaccine… the people who got the vaccine had a 23% higher death rate.""

Bill Maher: ""But that could be the disease itself.""

RFK Jr: ""Then the vaccine doesn't work, does it? https://t.co/EzEmOen8Pt"
https://x.com/i/status/2013888094349434888,yes,"This video is AI-altered. In his actual Sep 2, 2025 speech, which is what this video is based on, Trump never said those words.    https://www.youtube.com/watch?v=qn2K3UyIsEo  Transcript:  https://rollcall.com/factbase/trump/transcript/donald-trump-remarks-space-force-relocation-alabama-september-2-2025/","🚨TRUMP EXPOSES THE GLOBALIST LIE ON IMMIGRATION

""They'll keep making up reasons to let in millions of people""

""It doesn't matter what excuse they give, they'll say something somewhere is bad and that's why you can't have a country anymore"" https://t.co/Etc5wEM2Ad"
https://x.com/i/status/2021056954085560674,yes,This video clip is of Kid Rock performing a soundcheck at the RNC in Milwaukee in July 2024.    Kid Rock Warms Up at RNC Sound Check | Behind the Scenes | TikTok https://share.google/c3EHl2eka0TeNNEQI,This is sad as fuck. Watch Kid Rock lip sync to 10 people at the Turning Point USA alternative Super Bowl halftime show for MAGA Nazis and white supremacists. Even America's pedophile führer chose to watch Bad Bunny over Bob Ritchie. 😂🤣😂🤣😂🤣👇 https://t.co/VayikHlEy1
https://x.com/i/status/2030992709188829449,yes,"The video clip shows Cinna describing a stalker incident on Santa Monica Pier in March 2025, where a man threatened to kill her and her friends. It is not about a contract with an agent or going broke. The caption misrepresents the content.    https://www.foxla.com/news/valkyrae-cinna-emiru-attacked-santa-monica-pier-livestream    https://kotaku.com/valkyrae-cinna-women-attacked-stalker-irl-stream-twitch-1851767406","Cinna reveals she’s going broke and can’t afford rent in L.A. because she’s forced to pay Agent 25k a month from a contract she signed 😳

“He lied to me about the deal, now I’m trapped paying him every month while I’m literally going broke” 😬 https://t.co/vYdDaF7VbP"
https://x.com/i/status/2015833247553290468,yes,"Canada has not pulled out of any deal with China; PM Carney clarified there was no plan for a free trade agreement, and the recent limited tariff reductions on select goods remain in effect. https://www.cnbc.com/2026/01/26/canada-china-trade-deal-tariffs-trump.html https://www.cbc.ca/news/politics/carney-canada-trump-tariff-threat-china-trade-9.7060150","🚨 IT’S OFFICIAL: Canada BACKS AWAY from a China deal after President Trump threatened PM Mark Carney with 100% tariffs

“No intention of doing that with China!” 🔥 

This is OUR hemisphere, China will STAY OUT. Welcome to the Trump Doctrine 🇺🇸 https://t.co/eLR5CXBQbp"
https://x.com/i/status/2020568566689313254,yes,"The video shows a US Air Force test of the GBU-57 bunker buster bomb released by the Pentagon in June 2025, not Iranian footage. https://www.dvidshub.net/video/968143/gbu-57-massive-ordinance-penetrator-test https://nypost.com/2025/06/26/world-news/footage-released-showing-how-bunker-buster-bombs-were-used-in-historic-iran-strike","🚨 BREAKING:

Iran just dropped a video showing its own BUNKER buster BOMBS in full action.

Iran has reverse engineered American bombs that didn’t detonate during the attack on Iran’s nuclear facilities.

Yeah… America is COOKED. It’s over.

 https://t.co/lvU0jq0TZo"
https://x.com/i/status/2031005680916734289,yes,"This is an AI generated video. You can see the tooth structure wobble after everything was sucked out. I’m a dentist, and the composite filling is never placed in one lump and automatically given the anatomy of a tooth.    https://pmc.ncbi.nlm.nih.gov/articles/PMC5799982/",Don't let a cavity get this bad! 🛑 Here is a close-up look at how we clean out deep tooth decay and restore it with a natural-looking composite filling. Are you experiencing tooth sensitivity or pain? Don't wait—book your check-up today! 👨‍⚕️🦷 https://t.co/O5KWSuqvkW
https://x.com/i/status/2015525576271171646,yes,"No fue un RPG-7, sino un RPG-2 o B-40. El vehículo era un Toyota Land Cruiser blindado. El ataque ocurrió el 25-ene-2026 en Shariff Aguak, Maguindanao del Sur (Filipinas), contra el alcalde Akmad Ampatuan, quien salió ileso. Murieron 3 atacantes y 2 escoltas resultaron heridos. https://newsinfo.inquirer.net/2172903/maguindanao-del-sur-town-mayor-survives-3rd-attempt-on-his-life?utm","Land Cruiser took direct hit from RPG-7 and kept moving.

Armored Toyota Land Cruiser was struck by an RPG-7 during an ambush in Philippines. The vehicle absorbed the explosion and continued driving away, allowing the mayor to escape unharmed. https://t.co/En7mLjCyFz"
https://x.com/i/status/2029878126033973320,yes,"While the 2024 Ig Nobel Physics Prize did concern a dead trout’s swimming, the video shown is AI-generated. This was explicitly admitted by the uploader, meaning the demonstration is likely misleading and not representative of real behavior.    https://www.youtube.com/watch?v=4EXNlT_YN6A&amp;lc=UgwEmu2TepWhmco1rPN4AaABAg.ASERdW5gG39ASEcIVdEgdz","A dead trout can swim against the current without moving a muscle, using the water's eddies to advance passively. This finding won the 2024 Ig Nobel Prize in Physics. Live trout use the same trick and reduce their muscular effort by nearly 50%. https://t.co/7aUOGPAILw"
https://x.com/i/status/2020791187309724038,yes,"The Social Justice Department’s allocation for 2026-27 is ₹13,687.59 crore and the Tribal Affairs Ministry has been allocated ₹15,421.97 crore in Budget 2026.    Bjp does same appeasement politics, it accuses others of. In every scheme they exclude GC for vote bank politics.    https://www.thehindu.com/business/budget/budget-2026-marginal-hike-in-allocations-for-social-justice-dept-tribal-affairs-ministry/article70579432.ece","Karnataka Govt waives interest on minority loans benefiting the Muslim community.

Shouldn’t government relief be based on economic need, not religion?
This is nothing but vote-bank politics at public expense.

Never ever vote for the Congress. https://t.co/05TIwb6QQv"
https://x.com/i/status/2027092400892416384,yes,"Target moved out of this building 5 years ago in 2021 — long before the January 2026 anti-ICE protests. The lease was going to run through 2031.    Target has also tried to sublet out the space since 2022, to no avail — also long before the protests.    https://www.startribune.com/city-center-for-sale-target-office-space-end-lease-downtown-minneapolis-vacancy-samsung/601588501","BREAKING - Target has paid $110 million to exit their lease in Minneapolis following months-long sustained protests by leftists across Minnesota, in which they occupied stores and office spaces in an attempt to force their demands on the company. https://t.co/YntIsoni9q"
https://x.com/i/status/2014082160932573537,yes,The evacuation at the Davos WEF conference center was precautionary due to smoke from a small nearby fire that was quickly extinguished with no injuries; the center has reopened. https://www.lbc.co.uk/article/davos-evacuation-strange-smell-5HjdR8x_2 https://en.ilsole24ore.com/art/davos-incendio-hotel-evacuato-centro-congressi-AIIocSz https://x.com/EdwardLawrence/status/2014073872652353957,"🚨 JUST IN: People are being EVACUATED from the main venue at the World Economic Forum, after a strange odor began causing people to cough

It’s unclear what is in the air.

President Trump just needs to get back to the U.S. ASAP

Europe is unsafe. https://t.co/PIGRqRtYVl"
https://x.com/i/status/2028896788451619210,yes,The caption is misleading and incorrect. The speaker did not mention American soldiers anywhere in the video.    Source: https://www.translate.mom/watch/Z63ZZQAOjbai,"Grand Mufti of Saudi Saleh Fawzan:

""Our soldiers at the borders with American soldiers are perfomring the noble act of Jihad in the path of Allah and i told them this jihad is better than fasting and tahajjud.""

Fighting for Israel is jihad now🤣

https://t.co/Lf135dk6C0"
https://x.com/i/status/2015846130878144821,yes,"Canada has not pulled out of any deal with China; PM Carney clarified there was no plan for a free trade agreement, and the recent limited tariff reductions on select goods remain in effect. https://www.cnbc.com/2026/01/26/canada-china-trade-deal-tariffs-trump.html https://www.cbc.ca/news/politics/carney-canada-trump-tariff-threat-china-trade-9.7060150","🚨 IT’S OFFICIAL: Canada just BACKED DOWN from their China deal after President Trump hit PM Mark Carney with the threat of 100% tariffs.

Carney’s response: “No intention of doing that with China!”

Ha!  Carney bent the knee and kissed the ring!  
 https://t.co/a2nluAJ4XS"
https://x.com/i/status/2021433288624308289,yes,"This video has been edited. The original performance was on the Jimmy Fallon Show in 2018, and sounds nothing like what is depicted in this post.    https://www.youtube.com/watch?v=SIQXI0UuX8M ","NO FREAKING WAY! This has to be a joke right?! Apparently, this is Bad Bunny during his concert in 2023, when his accompanying track went out, he wasn’t aware due to the in-ear monitor, so he just kept singing without autotune’s help 🤣

Thoughts?!

https://t.co/91Hxb7mqmw"
https://x.com/i/status/2013527467395338289,yes,"The attached video shows a 2023 protest in Namangan, Uzbekistan, and is unrelated to Kurds traveling to Rojava as claimed.  https://www.youtube.com/watch?v=V_pv3JemwFo","Kurdish historical resistance ✌️

With 400 million Arabs, it is still not possible to send even 400 people to support Gaza.

The Kurds broke the artificial borders, and thousands of us went to Rojava.

Long live the Kurdish resistance and Kurdistan! https://t.co/TEzfNhBP4H"
https://x.com/i/status/2028957362741272931,yes,This video is not of an Anti-Ice protestor.  This is a video of a woman upset about traffic being held up by a crossing guard during school pick up.  The crossing guard can be seen at 0:26 in the video.  The original video is as old as Oct. 2025     https://www.facebook.com/watch/?v=4094716064109881  https://www.instagram.com/reel/DQSbA2ZD_5y/?hl=en,"Video of the week: MAGA legend blocks a paid ICE protester from her gig.  

Watch her rage at the wheel, screaming, banging like a meltdown Maria. Looks exactly like the stereotype. 

Peak self-own: paid to obstruct, ends up obstructed. Comedy gold. https://t.co/kXqoxmXipS"
https://x.com/i/status/2014959659392582117,yes,"This video is from Texas, not Pennsylvania. For-sale signs have area code 469 (Dallas, TX). The brown lawns are typical of Bermuda grass turning brown in winter, which is rare in PA where other grasses stay greener.  https://www.allareacodes.com/469  https://www.joshuatreeexperts.com/blog/what-kind-of-grass-do-i-have-grass-types-in-pa  https://naturesseed.com/resources/lawn-turf/how-to-avoid-winter-time-browning-of-bermudagrass-lawns","This place used to be called Trump row in Pennsylvania because all of the homes had Trump flags out in front of them,but now they call it skid row instead because it’s like a ghost town and all the homes are up for sale now because of the economy! 🤬 https://t.co/BacuhUQvRf"
https://x.com/i/status/2015882126290272388,yes,"You do not have to pay to use bins. These are residents-only bins outside flats, and you need a swipecard to unlock it. As the notice on the bin states, there are free public bins nearby.    This is simply engagement bait.    Identical bins with swipecard access for business waste https://www.thestar.co.uk/business/consumer/sheffield-shops-new-launch-date-for-fargate-super-bins-as-shoppers-wedge-rubbish-into-cracks-5437251?fbclid=IwY2xjawPla8JleHRuA2FlbQIxMABicmlkETFQczZESW5qT28xS0NSYmtpc3J0YwZhcHBfaWQQMjIyMDM5MTc4ODIwMDg5MgABHj8gRTmP9G_BBhzb0CszL1cdhiGfHgIkmzX_ye_2IMMZRnP7qeGOMeQFt6kn_aem_EI-kBE5YH5a6r67-NoYhaA","🚨NEW SCAM JUST DROPPED

Sheffield Council are making people PAY to use bins now

If you drop your litter you will be identified on facial recognition cameras and fined so you have to pay to dispose of it properly

Big Brother Britain is watching you https://t.co/KC8awjTgW5"
https://x.com/i/status/2021269084235522317,yes,"This video is from a March 29, 2023 Fox News interview with then-Senator Marco Rubio. He was confirmed as Secretary of State on Jan. 20, 2025. The Brazil-China deal referenced was announced in March 2023.    https://www.foxnews.com/video/6323621029112 https://www.foxnews.com/live-news/president-donald-trump-inauguration-day-2025 https://www.foxbusiness.com/markets/brazil-china-strike-trade-deal-agreement-ditch-us-dollar","🚨RUBIO WARNS DOLLAR'S DAYS AS GLOBAL RESERVE CURRENCY ARE OVER!!🚨

""Today Brazil cut a trade deal w/ China.  
They're creating a secondary economy TOTALLY INDEPENDENT OF THE US!""

When the US Sec of State sounds the 🚨, you know the Dollar is HISTORY!
https://t.co/GY134C7vpR"
https://x.com/i/status/2027835677673410917,yes,kai cenat also never said this from his youtube channel kai’s mind giving motivation. kai has not posted any content since any of the current events have occurred. this account is known for posting misinformation for engagement which is against X rules.    https://youtube.com/@kaimind3?si=GsiUSOeQtNu_KT_v,"Kai Cenat just released a new video speaking on the current “war” with Iran saying he doesn’t think it was a good idea to help 

“It doesn’t matter what President is in office… just start streaming and build your own supporters and income its easy” 😬 https://t.co/OvmSCsRUg2"
https://x.com/i/status/2015301867249844225,yes,"This video shows an incident from a 2022 wedding in Turkey, not London, and makes no mention of hijab enforcement or religious motivations.    https://haberglobal.com/gundem/dugunde-ilginc-dakikalar-bir-anda-genc-kadina-igne-batirdi-220899    https://www.haberler.com/turkiye-de-gerceklestirilen-bir-dugunde-tuyler-15511397-haberi","This video is being called from London where A Muslim woman is seen pricking a needle on the shoulder of this young Christian girl for not wearing Hijab. It’s extremely dangerous as the needle could be infected with deadly virus. Dear Girls, Be alert. https://t.co/U7baZbgP9A"
https://x.com/i/status/2022749800089935959,yes,"The featured video is a scripted parody from Colombian TikTok creator @SoyLuce1, not a real incident involving Filipino girls. https://www.boatos.org/english/did-a-brother-impregnate-his-two-sisters-after-a-game-called-mommy-and-daddy.html","🚨⚡A 14-year-old boy caused the pregnancy of twin Filipino girls, highlighting a major teenage pregnancy issue in the Philippines, with 1.2 million births among girls aged 10–19 over the past decade due to lack of education and access to contraception. https://t.co/GovkqRN45q"
https://x.com/i/status/2012107576629186620,yes,It’s a Carnival representation of Stephen Hawkings. https://www.lavozdelsur.es/ediciones/cadiz/chirigota-stephen-hawking-donara-sillas-ruedas-electricas-enfermos-ela_349430_102.html,"Spanish adaptation of French TV show Face Your Worst Nightmare confronts city mayor Miguel Bernardos with 24 singing old men dressed as his father, who died 10 years prior in a wheelchair accident caused by the mayor’s inaccessible urban infrastructure. https://t.co/TZVAP46TQv"
https://x.com/i/status/2019488836095533496,yes,RFK Jr. referenced Harvard psychiatrist Dr. Chris Palmer's case reports showing ketogenic diets induced symptom remission in some schizophrenia patients. Evidence limited to small studies; no large RCTs. Promising but not proven cure—requires strict adherence.    https://pubmed.ncbi.nlm.nih.gov/30962118/  https://www.npr.org/sections/health-shots/2024/01/27/1227062470/keto-ketogenic-diet-mental-illness-bipolar-depression,"🚨 BREAKING: RFK Jr. Drops Bombshell on Schizophrenia
Robert F. Kennedy Jr. just stated that Dr. Chris Palmer (Harvard psychiatrist) has successfully cured schizophrenia in patients using the ketogenic diet. 

Eating healthy foods, works for the brain!  
https://t.co/tx0qSmT97n"
https://x.com/i/status/2016645479660916980,yes,"Speaker in the video identifies 1st Amendment right, then adds &quot;in accordance with state law&quot; to the mention of the 2nd Amendment. The 2A has no language about state law, limitations, or restrictions.  https://constitution.congress.gov/constitution/amendment-2/    McDonald v Chicago applied the 2A against the states, limiting &quot;state law.&quot;","GIFFORDS Gun Owners for Safety believe the Second Amendment is a fundamental right — but that right is meaningless if the government can violate it without consequences.

We’re calling on Congress for a full, transparent investigation and accountability. https://t.co/AQL7UehIyy"
https://x.com/i/status/2012807641198961044,yes,"This video actually shows UAE aircraft in an aerial parade over Dubai on Jan 17, 2026, for the UAE's Day of Solidarity, not US forces over Iran.    No reports by major news outlets of US military overflights over Iranian cities as of Jan 18, 2026.    https://timesofindia.indiatimes.com/world/middle-east/uae-to-mark-solidarity-day-with-nationwide-sky-parade-on-january-17-when-and-where-to-watch/articleshow/126565559.cms    https://www.foxnews.com/video/6387806113112","🚨🔥 BREAKING ALERT 🔥🚨 🇺🇸🇮🇷 TENSIONS EXPLODING: US Gears Up for Potential Strike on Iran! 

Eyewitness reports from Chinese-Iranian residents: DOZENS of US helicopters &amp; fighter jets roaring over cities! 

✈️🚁 Is war imminent? Middle East on the brink! https://t.co/4EZQGloUzz"
https://x.com/i/status/2029220054299009529,yes,"The video shows a 1988 tribute to singer Serge Gainsbourg by the children's choir Les Petits Chanteurs d'Asnières on the TV show &quot;Sébastien c'est fou&quot;    https://www.chartsinfrance.net/Serge-Gainsbourg/news-125749.html https://fr.wikipedia.org/wiki/Petits_Chanteurs_d%27Asni%C3%A8res    However, the tweet is a well-known copypasta / meme in the French-speaking community  Source : https://www.chartsinfrance.net/Serge-Gainsbourg/news-125749.htmlhttps://www.chartsinfrance.net/Serge-Gainsbourg/news-125749.html  ","When French TV show Affronter Votre Pire Cauchemar ('Face Your Worst Nightmare') confronted farmer François Lavigne with 36 singing children dressed as the brother he accidentally killed in a drink-driving accident 10 years prior.
https://t.co/04PumCfox7 https://t.co/6QJy0LKsRu"
https://x.com/i/status/2011811600999555473,yes,"the video appears to come from Fars news, which is a news agency funded by IRGC and has a history of lying and fabricating false information. They fail to mention that the Islamic regime killed thousands of innocent, unarmed protesters in the most brutal ways.     https://foreignpolicy.com/2013/09/12/irans-state-press-stole-our-article-and-turned-it-into-blatant-propaganda","VIDEO | Footage shows a highly trained group of individuals preparing an attack in Iran on Thursday, 8 January, loading weapons, concealing firearms under clothing, and using satellite communications believed to be linked to foreign intelligence agencies. https://t.co/3dlNCgcywm"
https://x.com/i/status/2033212359813066941,yes,"The video is from NBC's broadcast on February 28, 2026, the first day of the war, not from last night. However, recent reports confirm Iran has continued missile attacks on Israel in March.    https://www.nbcnews.com/now/video/missile-appears-to-slip-through-defenses-and-strike-tel-aviv-258488901900    https://www.aljazeera.com/video/newsfeed/2026/3/13/iranian-missile-strike-in-central-israel-sets-building-ablaze","Two weeks into the war, Iran is still shooting missiles that Israeli air defenses fail to bring down. This footage from NBC last night shows an Iranian missile apparently dodging two Israeli interceptors and then hitting Tel Aviv with a massive explosion. https://t.co/cljdV68M3t"
https://x.com/i/status/2031731197366202443,yes,This video is from Sept 2025 &amp; shows US military veterans removed from a Senate hearing for protesting US aid to Israel in Gaza. It does not show active-duty members refusing to fly weapons to Israel or arrests at the Pentagon.    https://factcheck.afp.com/doc.afp.com.777Z2NQ  https://www.thequint.com/news/webqoof/us-pilots-arrested-for-refusing-to-fly-weapons-to-israel-false-claim-fact-check,"🚨BREAKING
Members of the US Armed Forces refuse to fly planes loaded with weapons to Israel. They are then summoned to the Pentagon forcibly arrested and handcuffed. Watch this video before it is removed from the internet and share it as much as possible. https://t.co/SrbMOjvvyG"
https://x.com/i/status/2011684107735220523,yes,"Unverified claim:  The verified oldest man was Jiroemon Kimura born 19 April 1897 died 12 June 2013  116 years, 54 days   https://en.wikipedia.org/wiki/List_of_the_verified_oldest_people","Saudi Arabia’s oldest man, Nasser bin Radan Al-Rashid Al-Wada‘i, has passed away at 142. Born in 1884, he had 7 wives and a family of 134 including children and grandchildren. He last married at 110 with a 29 year old girl and wished to marry again at 130. https://t.co/XdLfqS9Cxh"
https://x.com/i/status/2031560863111589934,yes,The man is speaking Farsi not Arabic.    https://youtu.be/lQn84dgRC8E?si=Fv27jk8gXjJs7Vqt    The man is reciting a hymn not directed towards Allah but towards Isa (Jesus) which is heard in the video. ,"Muslims are entering Christian churches in Minnesota and chanting prayers to Allah in Arabic

They’re filming it for social media to proudly declare Islam is taking over America

Islam is a National Security threat. We must mass deport. This is intentional
https://t.co/u5q7umODYQ"
https://x.com/i/status/2015135213979095433,yes,"This video depicts a staged skit created by the TikTok account @thomasgibson31, which produces comedic content with recurring actors and sets, and is not a real incident of medical discrimination.    https://ca.news.yahoo.com/video-doctor-yelling-man-maga-193030369.html","As a physician, you don't discriminate against patients just because of their political support of a candidate.
Regardless of who they are. If a patient comes through the ER, with an injury, seeks care, your mission is to heal the patient, we do not judge. https://t.co/5nvIG1OBsg"
https://x.com/i/status/2027456437425684504,yes,This post was from 2023-he was not even in jail then.    https://nypost.com/2023/07/10/disney-star-skai-jackson-dragged-online-after-asking-fans-for-money-in-apple-laptop-raffle/,"Skai Jackson went on live and begged her viewers for money after revealing she is going broke because she has to pay her Ex ""Yerky Yerky"" 20k a month while he is in prison 😳

""It's only $5 a person y'all act like y'all don't have any money, it's a raffle"" 😬 https://t.co/4wFpFUSaFH"
https://x.com/i/status/2015858041342853289,yes,"The video combines drone surveillance footage from 2019 of the USS Dwight D. Eisenhower and attack simulation from 2021, not new footage of the USS Abraham Lincoln.    https://www.presstv.ir/Detail/2024/08/09/731037/Iran-IRGC-releases-fresh-surveillance-footage-of-US-warships    https://www.presstv.ir/Detail/2021/04/21/649996/Iran-IRGC-drone-footage-captures-United-States-aircraft-carrier","BREAKING NEWS

The Iranian Revolutionary Guard released a very close-up video of the U.S. aircraft carrier USS Abraham Lincoln, warning:

“There is no use in hiding… we know your location, and our suicide drones can reach you before your aircraft take off.” https://t.co/LyA6QyftCO"
https://x.com/i/status/2026525350000472457,yes,"The video is from a scripted TikTok/Instagram series titled &quot;Delhi Fake Taxi,&quot; not a genuine incident caught on camera.     https://x.com/delhiite_/status/2026560725880287735    https://www.instagram.com/reel/DU71OeiAT9Y/?igsh=MjNwN3lmNGxjcGYw","""Do you want girls for s*x?"" 🚨🇮🇳

""They will be 18-20 year-old good girls."" 👹

An Indian auto driver in Delhi was caught on camera offering girls to a foreigner.

He said, ""Rooms are available, sir. I'll arrange for girls in 20 minutes."" Disease has a face. https://t.co/ph9zUfH53G"
https://x.com/i/status/2028328920219603280,yes,"This is a video of Tulsi Gabbard giving an interview on Jan 8, 2020.  At that time, she was a congressional rep of HI (D).  While the post is not fake, omitting the date of her statement can be misleading given current events.    https://www.cnn.com/2020/01/08/politics/tulsi-gabbard-no-justification-for-killing-soleimani-cnntv","Tulsi Gabbard: ""[Trump] conducted and committed an act of war without congressional authority…We are in a war with Iran now. So the real issue is, are we going to allow this war to continue to escalate? And if so, for how long and to achieve what objective?"" https://t.co/RA5i5GD3Ph"
https://x.com/i/status/2028943273042100353,yes,"Congress did not declare war in Iraq and Afghanistan, it passed AUMFs which are legally and historically distinct. Scholars have noted that, “Congress issued its last official declaration of war during World War II”     https://education.cfr.org/learn/reading/how-single-phrase-defined-war-terror#:~:text=What%20is%20an%20AUMF?,military%20operations%20since%209/11.","RAJU: Why shouldn't Congress assert its constitutional role and actually vote to declare war the way it did with Iraq and Afghanistan?

FETTERMAN: Well, the last war we actually declared was World War 2

RAJU: No. Iraq and Afghanistan.

FETTERMAN: *stammers* https://t.co/Hw4wR4L8d6"
https://x.com/i/status/2029677583764165056,yes,"The &quot;I'm not&quot; line in Monty Python's Life of Brian was scripted, not an ad-lib by an extra. The Pythons rarely ad-libbed, as confirmed by Gilliam and Palin, due to Cleese disliking it.    https://www.theguardian.com/film/2019/apr/16/how-we-made-monty-python-life-of-brian-michael-palin-terry-gilliam  http://montypython.50webs.com/scripts/Life_of_Brian/20.htm","In Monty Python’s Life of Brian (1979), after the crowd chants “Yes, we’re all individuals,” the reply “I’m not!” was an ad-lib from an extra. The line was kept in the film and the extra was bumped up in pay for having a speaking role.
 https://t.co/HZK9FXaxNa https://t.co/VgbYS6eJ5N"
https://x.com/i/status/2023124267974394234,yes,"Japan has not passed laws banning halal slaughter, calls to prayer, public praying, or large mosques. The attached video is unrelated. The Constitution guarantees freedom of religion (Art. 20). Over 110 mosques operate, and halal facilities are expanding.    https://www.reuters.com/fact-check/online-list-japans-restrictions-islam-includes-false-claims-2023-12-08  https://japan.kantei.go.jp/constitution_and_government_of_japan/constitution_e.html  https://en.wikipedia.org/wiki/Islam_in_Japan  https://japantoday.com/category/national/as-muslim-tourism-grows-japan-rethinks-where-visitors-can-pray","🚨BREAKING: Japan has passed new laws to completely CRACKDOWN on Islam 🇯🇵 

Halal slaughter, calls to prayer, public praying, and large mosques have all just been BANNED 🚫

Japan has seen what Islam has done to the west and has said NO before it gets too late❗️ https://t.co/V8S2Fa402g"
https://x.com/i/status/2015428568382410772,yes,This post contains multiple factually incorrect claims    1. “The use of virtual assets for money laundering continues to remain far below that of fiat currency”  https://home.treasury.gov/system/files/136/2024-National-Money-Laundering-Risk-Assessment.pdf    2. 22 peer reviewed papers suggest Bitcoin has environmental benefits  https://pubs.acs.org/doi/10.1021/acssuschemeng.3c05445  https://pubs.acs.org/doi/10.1021/acssuschemeng.2c06077  https://www.sciencedirect.com/science/article/abs/pii/S0959652624002464  https://www.sciencedirect.com/science/article/pii/S2666954425000092#s0105  http://sciencedirect.com/science/article/abs/pii/S1364032120308054  https://www.sciencedirect.com/science/article/abs/pii/S0360835223000335  https://www.cell.com/heliyon/fulltext/S2405-8440(24)15796-9  https://accedacris.ulpgc.es/handle/10553/119153  https://www.sciencedirect.com/science/article/abs/pii/S0038092X22000172  http://sciencedirect.com/science/article/pii/S0142061524001364  https://www.sciencedirect.com/journal/international-journal-of-electrical-power-and-energy-systems  https://www.pnas.org/doi/10.1073/pnas.2313911121  https://pubs.rsc.org/en/content/articlelanding/2022/ee/d1ee03804d  https://www.mdpi.com/2071-1050/16/18/7919  https://www.sciencedirect.com/science/article/pii/S0959652624029652?via%3Dihub  https://www.sciencedirect.com/science/article/pii/S266679242300015X  https://www.mdpi.com/2078-1547/14/3/35  https://www.mdpi.com/2078-1547/14/4/47  https://www.sciencedirect.com/science/article/pii/S0928765523000313  https://www.sciencedirect.com/science/article/pii/S2096720923000441?via%3Dihub  https://www.mdpi.com/2079-8954/13/5/359  https://ieeexplore.ieee.org/document/10168101,"Bitcoin is one big disaster for the environment.

Mining bitcoin requires an inordinate amount of energy, is a terrible investment these days and fuels crime on the dark web.

Is this a contender for the worst idea of the 21st century?

https://t.co/kzzN2JUv47 https://t.co/GMg2dKgoGg"
https://x.com/i/status/2019145809372025152,yes,The reason her voter registration was suspended is because the address she used to register comes back to a PO box which is illegal in Texas.     Gomez tried to disguise the PO box by using the physical post office address to register to vote. This is voter fraud.     https://www.currentrevolt.com/p/valentine-gomez-voter-registration?utm_source=substack&amp;utm_medium=email&amp;utm_content=share,"I just lost my right to vote. 

-BANNED by the GOP
-Investigated by multiple federal agencies 
-Erased from the voting rolls 

&amp; I’m still standing. The establishment is scared because nothing is working. 

Make it too big to rig.

This is David vs. Goliath https://t.co/DDfY2OB2A7"
https://x.com/i/status/2028877475250307103,yes,"This video is from 8 years ago, 16 Oct 2017.  It has nothing to do with current events, nor Iran.    https://www.youtube.com/watch?v=dZ0oeNJeEAQ","🚨 BREAKING:

MISSILES ARE CURRENTLY BEING MOVED IN THE U.S.

SOMETHING BIG IS COMING

THE WHITE HOUSE JUST POSTED NEW DETAILS ABOUT OPERATION EPIC FURRY

FULL DETAILS BELOW, READ IT TRUST ME IT’S INSANE

SOON, IRAN COULD LAMAN… Show more https://t.co/rzy8SJpAMK https://t.co/fh7SlhvcUa"
https://x.com/i/status/2024355767608922350,yes,This video is stolen. https://x.com/i/status/2024356823873053049,"🇺🇸 The Ranger Road Fire in Kansas has burned 283,000 acres with 100 mph winds driving the blaze.

Ashland and Englewood evacuated. 

6% humidity and sustained 25-30 mph winds making conditions extremely dangerous.

Sources: @PappenheimWx https://t.co/YBYIwkiTpS https://t.co/aYPTVUXE7x"
https://x.com/i/status/2012294571141615660,yes,"No evidence supports claims that Russia and China have made efforts to take Greenland. Both deny such plans, and experts state there is no evidence of threats. https://www.reuters.com/world/china/russia-says-west-should-stop-claiming-moscow-wants-occupy-greenland-2026-01-15 https://apnews.com/article/fact-check-greenland-denmark-trump-arctic-security-russia-china-6346aa8e86be594e467e8cc18f98357b https://www.yahoo.com/news/articles/does-russia-china-actually-threaten-172843649.html","Russia and China have made an effort to take Greenland. 

50,000 people could choose to become part of Russia and China, putting America directly at risk. 

We saw what happened when bad actors took over Venezuela; this can’t be allowed to happen with Greenland. https://t.co/sxKFupcFvy"
https://x.com/i/status/2022900481320980563,yes,Brian Cox himself says that this video is AI nonsense:    https://x.com/ProfBrianCox/status/2023298645551165748,"We say Earth is 70% water… but that blue is just a thin skin 🌍

Beneath the oceans lies a powerful, solid world of rock, metal, and fire.
A fragile film of water shapes climate, protects life, and makes our planet glow from space.

Perspective changes everything. 🌊✨ https://t.co/AWNA32Fzog"
https://x.com/i/status/2031821829132685645,yes,"The video shown is from August 2023, when IShowSpeed was hospitalized in Japan for a severe sinus infection causing eye swelling and cluster headachesânot recent footage of any assault.    https://x.com/Daniel802550599/status/2031830466332962926  https://x.com/Babalo_041/status/2031849505906442482  https://x.com/Yoirahh/status/2031850365767811259","Speed posted a video on instagram last night and said Kai Cenat and the Clover Boys jumped him after they met up with him for a stream😳😳

“I always knew Kai had some animosity towards me but I never thought he’d take it this far because I’ve passed him in every way” https://t.co/uCCxkQL8hI"
https://x.com/i/status/2018959158930743614,yes,"The folder was edited from red to green by Sky News to symbolize a 'green budget,' not a live glitch or anomaly. https://www.snopes.com/fact-check/briefcase-changes-color/ https://www.reuters.com/article/fact-check/rishi-sunaks-colour-changing-ring-binder-was-not-a-glitch-in-the-matrix-idUSL1N31T0Y3 https://x.com/_rhiannonw/status/1237699770082299905",Failed MATRIX?... Have you ever imagined a folder changing color live during a newscast? The curious fact happened during a broadcast by Sky News. Former British Treasury Chancellor Rishi Sunak's portfolio mysteriously changed color over the course of a broadcast.🧐🤔 https://t.co/uGbYZ8PFDJ
https://x.com/i/status/2024062579543253391,yes,"The video is AI-generated fiction, not real footage of Chinese military robot training. It was created in July 2025 to imagine future technology.    https://factcheck.afp.com/doc.afp.com.72392KF    https://tfc-taiwan.org.tw/fact-check-reports/ai-generated-video-fake-china-93-parade-robots","🚨 ⚡️ BREAKING NEWS
China officially begins training robots in preparation for military service.
The live-fire testing of the Chinese robot ""Unitree"" (Yushu) looks as if it were generated by AI.
This is fascinating; in the future, wars may no longer require humans. 🫠 https://t.co/aCzRZ7QI9R"
https://x.com/i/status/2021168420310438090,yes,This is not real. It's an altered version of a 2018 performance on Jimmy Fallon's 'The Tonight Show'.    Original video ~1:20min mark.  https://www.youtube.com/watch?v=SIQXI0UuX8M,"Here's Bad Bunny without autotune at a concert a few years ago. 

His accompanying track went out and all he could hear was his in-ear monitor so he kept ""singing"" 🤣

What a talent! 

It truly is a clown world. 

But the clowns are the ranchers, and we're the cattle. https://t.co/pbVUHOFa5u"
https://x.com/i/status/2024467721799553507,yes,"The video shows B-52 bombers from older footage (2024-2025), not a recent 2026 deployment to Al Udeid. No official US sources confirm such a move in February 2026, amid ongoing rumors.    https://www.misbar.com/en/editorial/2026/02/11/misleading-claims-b-52-bombers-landing-al-udeid-air-base-qatar    https://www.misbar.com/en/factcheck/2026/02/08/video-does-not-show-us-bombers-arriving-al-udeid-air-base-qatar","🚨 UPDATE: In a bombshell escalation that's rocking the globe, the United States has positioned nuclear-capable B-52 Stratofortress bombers straight into Al Udeid Air Base in Qatar, the massive forward headquarters of U.S. Central Command, just miles from Iran's reach. https://t.co/0tshE48jqz"
https://x.com/i/status/2032336488768094593,yes,"The video shows celebrations after the Sudanese army liberated Salha from RSF control in May 2025, not recent events related to Iran. https://x.com/turtleyusuf/status/1924625724805165565","IRAN IS LIBERATING SUDAN FROM UAE

The Sudanese Army has been taking back villages and towns from the UAE backed RSF

UAE hasn’t not been able to support the RSF as normal, due to block on Strait of Hormuz and missiles attack on them from Iran.

The crowd are cheering. https://t.co/BrMlrtfaIu"
https://x.com/i/status/2016976458086777285,yes,"Philadelphia officials confirmed the driver is a Sanitation Department employee and stated the matter is being handled internally, but have not announced any termination.    https://www.nbcphiladelphia.com/news/local/video-sanitation-department-driver-plows-snow-on-parked-cars-in-philly/4341423","Update: The Philly plow driver who went viral for burying cars on purpose?

The city didn’t find it funny. They canned him.

Let this be a lesson:
Next time you record yourself at work and laugh at someone struggling, make sure you’re not about to become the punchline. https://t.co/5DEJYnToRp"
https://x.com/i/status/2024888199462404100,yes,The video is an AI-generated fictional story using edited TV court footage. No real court case exists of an HOA towing and scrapping a 1987 Buick GNX. Similar fake &quot;true crime&quot; videos are common on TikTok for views.    https://www.dw.com/en/fact-check-tracking-true-crime-deepfakes-on-tiktok/video-69324693  https://www.verifythis.com/article/news/verify/fact-checking-verify/ai-generated-true-crime-videos-tiktok/536-6d6b5a3e-8b0e-4b4e-9a5d-4e4f0b0e2d1a,"This HOA allegedly towed and scrapped a guy's 1987 Buick GNX—one of only 547 made.
If that's true, the board member who approved it should pay personally, not make the whole community cover it. These HOA stories happen all the time.
What do you think—fair or overreach? https://t.co/dvCEfR7VyW"
https://x.com/i/status/2029044202391118214,yes,"1 of 3 panels on the AN/FPS-132 Block 5 early warning radar owned by Qatar took damage. It was struck by a one-way attack drone sent from Iran, not a missile.    The radar was not the backbone of US missile defense.    &quot;Every Patriot. Every THAAD. Now operating blind&quot; is false.    https://x.com/Osinttechnical/status/2028966387926835445?s=20  https://mostlymissiledefense.com/2013/08/07/u-s-to-sell-large-early-warning-radar-to-qatar-august-7-2013/","🚨 HOLY HELLLLLLL: Iran just took out a $1.1 billion radar at the most fortified US base in the Middle East with a single missile.

THIS IS BAD!!!

That radar was the backbone of ALL US missile defense in the Gulf. Every Patriot. Every THAAD. Now operating blind.

Qatar https://t.co/Sp4YQYj0Rz"
https://x.com/i/status/2033026563944370304,yes,Camp Victory and the Victory Base Complex as a whole hasn't been in American hands since 2011 when it was turned over to the Iraqi government.    https://www.rferl.org/a/us_hands_over_camp_victory_iraqi_government/24410018.html    https://www.politico.com/story/2011/12/us-gives-camp-victory-to-the-iraqis-069607,"BREAKING:

🇺🇸🇮🇶 Drones are now freely operating over the US bases

No air defense, no people to shoot them down.

Iraqi militias release a video showing an FPV drone roaming through the U.S. Victoria Base in Baghdad, Iraq, searching the base before impacting a facility. https://t.co/IHaLheQwxo"
https://x.com/i/status/2018004781672087752,yes,Inflation was at 3% — not 9% — when Donald Trump took office in January 2025. https://tradingeconomics.com/united-states/inflation-cpi,Kennedy on affordability: It needs to be addressed. And I've encouraged the president to address it. And it's not enough to tell the American people not to believe their own lying checkbooks. He helped get inflation down from 9% to roughly 3%. But it's still not enough. https://t.co/AZhx2ppGjk
https://x.com/i/status/2022649663241826646,yes,"The viral video is not from the Philippines. The dialogue is in Spanish, indicating it is from a Latin American country. There are no credible reports of this specific incident occurring in the Philippines.    https://www.npr.org/sections/goatsandsoda/2020/08/21/787921856/photos-the-hidden-lives-of-teen-moms","Viral:
A 14-year-old boy causes twin girls to become pregnant! In the Philippines.

Teenage pregnancy is a serious problem in the Philippines, with National Public Radio (NPR) reporting more than 1.2 million births among girls aged 10 to 19 over the past decade, largely https://t.co/4H0ol6u3pR"
https://x.com/i/status/2022770694111555676,yes,Concorde was an Anglo-French project that depended on the cooperation of the British and French governments. Britain did not build Concorde on its own.     https://www.nms.ac.uk/discover-catalogue/concorde-the-story-of-supersonic-passenger-flight,"Britain once built Concorde.

Let that sink in.

World-leading aircraft, cutting-edge engineering, real ambition.
We didn’t just keep up with the world.
We set the pace.

Feels like that version of Britain has completely vanished.

Same island. Totally different mindset. https://t.co/MeJpVnTo0P"
https://x.com/i/status/2028579648788201983,yes,This is not Sydney Airport. This episode happened at the American Airlines counter in Santiago in Chile on 21 February 2025. Video is embedded in the linked article. The person had also engaged in the same behaviour previously in 2024.    https://www.dailymail.co.uk/news/article-14456777/hammer-wielding-passenger-smashes-airport-counter-repeat-rampage.html  https://www.aviacionline.com/violent-incident-at-santiago-airport-raises-security-concerns    ,"We now live in a World here in the South East where every single piece of glass in our Supermarket windows is smashed in like this, Coles in Berwick has had its glass obliterated in this way.
The Australian Government must now explain to Australians why they have brought https://t.co/schG4HFYEz"
https://x.com/i/status/2023719648169021653,yes,"Incident from June 2025, not breaking. Vitkov is Belarusian; no evidence of IDF ties. Child described as Iranian or Afghan in reports, now recovered. https://www.aljazeera.com/video/newsfeed/2025/6/25/man-charged-after-violently-slamming-afghan-child-to-the-ground https://www.ndtv.com/world-news/iranian-boy-2-in-coma-after-man-slams-him-to-floor-at-moscow-airport-8758987","BREAKING: 🚨

Vlаdimir Vitkov, a 31-year-old IDF reservist, flew in from Cairo to Russia, approached an Afghan family in the baggage claim area, and suddenly grabbed and assaulted their baby.

The 2 year old Muslim baby miraculously survived. He ended up in a coma, with a https://t.co/raB9jCrx2e"
https://x.com/i/status/2031813343892422721,yes,"No, the US did not drop a MOAB in Iran on March 11, 2026. This munition has been identified as GBU 57 Bunker Buster.     https://www.twz.com/air/did-b-2s-just-drop-gbu-57-massive-ordnance-penetrators-on-another-iranian-nuclear-site    https://x.com/Osint613/status/2031853571289780606","The US just dropped a bomb it's only used ONCE before in history.

And nobody is talking about what it just erased.

🚨🚨🚨 THE US DEPLOYED THE MOAB ON AN IRANIAN MISSILE FACTORY → ONLY THE SECOND OPERATIONAL USE EVER 🚨🚨🚨

The GBU-43/B Massive Ordnance Air Blast just hit an https://t.co/3mj0mXR7ca"
https://x.com/i/status/2028409987395907716,yes,This is from the Arma Video game. This is not real combat footage. https://www.reuters.com/article/fact-check/clips-show-video-game-footage-from-arma-3-not-authentic-footage-of-drone-attack-idUSL2N2X432E/,"⚡️A video showing an Iranian missile striking a US Navy ship.

Footage from the Iranian channel Al-Ahvaz TV shows the missile passing by four other vessels before hitting the American ship. 

According to Mehr, the ship is equipped with Maritime Strike Tomahawk missiles. https://t.co/VIcqzku1OW"
https://x.com/i/status/2030712536010735735,yes,This video is from a November 2025 Fox News segment on Trump's Truth Social post. No emergency decree nullified Biden orders in March 2026. Autopen use by presidents is legal and common.    https://www.factcheck.org/2025/03/trumps-baseless-autopen-claim/  https://www.nbcnews.com/politics/trump-administration/trump-cancelling-biden-executive-orders-signed-autopen-rcna246373  https://www.pbs.org/newshour/politics/fact-checking-trumps-claim-that-biden-pardons-are-void-because-he-used-an-autopen,"🔥🇺🇸 IT’S OFFICIAL: Democrats in Full PANIC MODE as 92% of Biden’s Orders Terminated by EMERGENCY DECREE Over Illegal Autopen Use | March 3, 2026

🔥🇺🇸 It’s official: Trump just nullified 92% of Biden’s executive orders, citing illegal autopen use. Democrats in full panic. https://t.co/A3JvisPtNz"
https://x.com/i/status/2019205203699048949,yes,The email shown is fabricated and not in the official Epstein files released by the DOJ. It has inconsistencies like duplicate &quot;To:&quot; lines. No evidence Epstein was Satoshi Nakamoto.    https://bitbo.io/news/epstein-files-bitcoin-links  https://www.bitget.com/news/detail/12560605178845  https://www.ccn.com/education/crypto/jeffrey-epstein-satoshi-nakamoto-epstein-files-bitcoin-founders-ripple-xrp-stellar-xlm,"BREAKING EPSTEIN FILES PROOF JEFFREY EPSTEIN IS SATOSHI NAKAMOTO⁉️

An email from Jeffrey to Ghislaine:

Ghislaine, the Satoshi"" pseudonym is working perfectly.

Our little digital gold mine is ready for the world.

Funding secured.

Jeffrey

Mastermind behind bitcoin?!💥👀 https://t.co/L8D78wjx42"
https://x.com/i/status/2031779471213085107,yes,"The AGM-68 missile does not exist; it is a fictional weapon from the video game Nuclear Option.    Recent Israeli strikes on IRGC facilities in Shahr-e Qods, Iran, used conventional munitions.    https://nuclearoption.wiki.gg/wiki/AGM-68  https://www.ynetnews.com/article/b1erk006twx","Online speculation is stirring that Israel deployed an AGM-68 carrying a tactical nuclear weapon so ~330Lb high explosive with 15kg nuclear load. Allegedly used in Shahr-e Qods Hours ago.

If confirmed then this would drastically change public perception of this conflict. https://t.co/mQYBIsdfoh"
https://x.com/i/status/2014784846212841701,yes,"**Wrong state &amp; misquote.** This happened in Cumberland County, **Maine**, not North Carolina. Sheriff Joyce didn't admit officers &quot;had to be let go for being illegal&quot;—he **disputed** ICE's claim, stating the recruit had a valid work visa through 2029. https://www.mainepublic.org/courts-and-crime/2026-01-22/cumberland-county-sheriff-kevin-joyce-denounces-actions-by-ice-agents-in-maine","Multiple police officers in Cumberland County, North Carolina identified AS ILLEGALS

Cumberland County Sheriff Kevin Joyce’s Correction Officer has been arrested by ICE

He also admitted in this interview more officers had to be let go for being illegal

“I was told he's https://t.co/VGGHDCUuLM"
https://x.com/i/status/2023923549241540701,yes,Video is AI generated.     https://detectvideo.ai/,"Our girl literally walked up to an apex predator and said, ""We're going on an adventure.""

The murder kitty was so shocked by such purity it just went along to find The One Ring. 😳🫣🤣💀 

If this isn't the most ASD thing I've ever seen, idk what is!

Bless this little girl! https://t.co/H03EXW8cC9"
https://x.com/i/status/2017210841075007927,yes,"This video depicts a staged skit from TikTok posted in April 2025, not a real classroom event. The same actors appear in other scripted videos with similar themes.  https://leadstories.com/hoax-alert/2025/04/fact-check-video-does-not-authentically-shows-a-real-teacher-defending-a-student-with-maga-hat.html","🚨 NEVER thought I’d see this in a classroom. A first!

A student wears a MAGA hat.
The class turns into a mob - mocking. surrounding, pressuring him to remove it.

The teacher GOES OFF!

Her last 5 words of the video are FIRE … jaw dropping!

Things are changing!
BOOM!🔥👇🏻 https://t.co/TqaR3JD6Rj"
https://x.com/i/status/2027407563709469016,yes,"The video is from a March 2023 tornado in Amory, Mississippi, not the 2011 Joplin, Missouri EF-5 tornado. The meteorologist is Matt Laubhan covering the 2023 event.    https://www.youtube.com/watch?v=ssdOB6q_Pgc    https://www.weather.gov/jan/2023_tor_outbreak    https://en.wikipedia.org/wiki/2011_Joplin_tornado","🚨 “DEAR JESUS, PLEASE HELP THEM.” — THE EXACT SECOND THE WEATHERMAN STOPS REPORTING AND STARTS PRAYING

May 22, 2011 in Joplin, Missouri.

An EF-5 tornado is tearing through the city while local meteorologists stay live, tracking it in real time. On radar, the circulation https://t.co/m8V7NaK0Ms"
https://x.com/i/status/2017731246173131220,yes,"False.    This video is a clip from the original. The original, filmed in 2010, shows Andrew waving goodbye to a woman and Epstein with a girl.  https://www.dailymail.co.uk/video/news/video-1987812/Video-Jeffrey-Epstein-seen-leaving-place-New-York-girl.html    Keating is the woman Andrew waved goodbye to, not the girl Epstein leaves with. Keating (born in 1981) was 29 at the time.  https://www.marieclaire.com.au/news/celebrity/katherine-keating-jeffrey-epstein/  https://www.dailymail.co.uk/news/article-15516537/How-Katherine-Keating-cut-unfortunate-friendship-paedophile-Jeffrey-Epstein.html","🚨 WATCH CLOSELY AS JEFFREY EPSTEIN QUIETLY SNEAKS A YOUNG GIRL OUT OF HIS LUXURY MANHATTAN APARTMENT

The girl is allegedly identified as the daughter of former Australian Prime Minister Paul Keating, who was in office at the time.

This footage has existed for years.
The https://t.co/QJKqDl1Jn2"
https://x.com/i/status/2022570608442380321,yes,"The brawl occurred on a Jet2 flight from Antalya, Turkey, to Manchester, UK, involving British passengers, not Turks. The plane diverted to Brussels, and the disruptive individuals were banned by the airline.    https://www.dailymail.co.uk/news/article-15557151/Moment-mass-brawl-breaks-Brits-flight-Turkey-Manchester.html  https://nypost.com/2026/02/13/lifestyle/racist-jet2-passengers-banned-following-in-flight-brawl","🚨⚡️ UNUSUAL:

 The Turks are taking parliamentary fights to the skies!  

A flight from Turkey to England was diverted to Belgium after a violent brawl broke out on board.  

From fights in parliament to now fights on planes, Turkey is truly committed to resolving disputes https://t.co/w5g2rI0Rn6"
https://x.com/i/status/2029370659869212677,yes,"The video shown here is from @wilendhornets. The STING interceptors were developed by Ukrainians, and the footage comes from the work of Ukrainian units defending Ukraine’s airspace.    https://x.com/wilendhornets/status/2029531854534037671?s=20","🚨 WOW: @TheDroneWarrior says U.S. Artificial Intelligence is CRUSHING Iran on the BATTLEFIELD 🚨

“This is not AI theory anymore, this is AI COMBAT and it's HAPPENING NOW” 🔥

“Artificial Intelligence has processed MOUNTAINS of INTEL, satellites, drone feeds, signals, faster https://t.co/t9twQrMV2s"
https://x.com/i/status/2015751081020493861,yes,"This video is AI-generated. AI Artifacts include unnatural limb movements, inconsistent shadows, and overly stylized, uniform police gear.   Authentic footage &amp; corroborated evidence of IRI killing protesters is abundant and far more horrific, resulting in over 36,000 deaths.  https://nypost.com/2026/01/25/world-news/more-than-36500-killed-in-deadliest-two-days-in-iran-protest-crackdown-report/  https://time.com/7357635/more-than-30000-killed-in-iran-say-senior-officials/  ","Look at these two brave souls, standing together while the vultures of IR occupying Iran closed in.

They held each other because there was nothing else left they could do to protect each other.
And if this video came from gaza it would be viral right now....
#IranMassacre https://t.co/yzsWPPFFhy"
https://x.com/i/status/2031428838752673949,yes,"This video shows President Trump's planned visit to El Arepazo restaurant at a Chevron gas station in Doral, FL, on March 9, 2026. It was an organized event with invitees waiting to be escorted in, not a random stop.    https://www.miamiherald.com/news/local/community/miami-dade/doral/article314987464.html  https://www.c-span.org/program/white-house-event/president-trump-visits-restaurant-in-doral-florida/675072  https://www.youtube.com/watch?v=g55VJnwuDRI","🚨 TRUMP JUST WALKED INTO A RANDOM GAS STATION IN FLORIDA — WATCH WHAT HAPPENS NEXT

A video shows President Trump casually walking into a Chevron gas station near Miami, Florida.

He pulled up in “The Beast,” the armored presidential limousine. 

Phones come out instantly. https://t.co/tj6UD0VPhT"
https://x.com/i/status/2028856587960365057,yes,"This phenomenon is a natural weather front or boundary between air masses, where clouds form abruptly on one side due to rising air and clear on the other due to sinking air/subsidence, often appearing as a sharp, straight line.    https://en.wikipedia.org/wiki/Weather_front    https://www.reddit.com/r/meteorology/comments/1gq8eff/can_anyone_explain_this_straight_line_in_the    https://www.weather.gov/lmk/shelfcloudversusawallcloud","🚨 THE SKY OVER NYC JUST DID SOMETHING IT’S NOT SUPPOSED TO DO  - AND IT'S NOT NATURAL

That is not a normal cloud pattern.

That is a perfectly straight atmospheric wall cutting Manhattan in half like a switch was flipped.

One side clear.
One side sealed.

No gradient.
No https://t.co/NNdlmTEE7k"
https://x.com/i/status/2024101619873529896,yes,Cows are not skinned alive.    https://en.wikipedia.org/wiki/Skinning,"Would you still wear leather if you knew the suffering behind it? 
 
PETA India supporter and American influencer, @itsjamiescorner was “skinned alive” in a demonstration in Pune to expose the cruelty behind leather products. 
 
Cows and buffaloes suffer unimaginable agony https://t.co/A8XjM4Yhst"
https://x.com/i/status/2013974925162201558,yes,China currently has the highest installed wind energy capacity in the world almost equal to that of the rest of the world combined    https://ourworldindata.org/grapher/cumulative-installed-wind-energy-capacity-gigawatts?time=2010..latest&amp;country=CHN~OWID_EU27~USA~OWID_WRL    https://ourworldindata.org/grapher/wind-share-energy?tab=line&amp;time=2002..latest&amp;country=CHN~USA~OWID_EU27,"🚨 BREAKING: President Trump is CALLING OUT the ""stupid people"" who support wind energy in Davos 

""China is smart. They make windmills, sell 'em for a fortune, and sell 'em to the STUPID PEOPLE that buy them!"" 🤣

""Windmills all over Europe, all over the place, and they are https://t.co/6LZEHcPkKW"
https://x.com/i/status/2021596414078546210,yes,False and misleading: Anthropic made an update and the OP claims to be part of it.  https://x.com/lukaslucasnyc/status/2021974243613737027,"🚨 JUST IN: @claudeai got a huge update today and I'm flattered to be a part of it. As of now, Claude Opus 4.6 can build mobile apps and prepare shipping them on the Apple + Google app stores.

We just launched Shipper a new package that empowers Claude to:

→ Build complete https://t.co/NgtJq7boCZ"
https://x.com/i/status/2013557742254882859,yes,"​The U.S. has had a military presence in Greenland since 1951. Denmark has steadily increased Arctic defense, including a 2021 capability package and a 2024 ten-year funding boost. No public NATO records exist of &quot;25 years of warnings&quot; regarding Danish negligence.  ​https://www.state.gov/u-s-relations-with-denmark/  https://www.fmn.dk/en/news/2021/new-political-agreement-on-arctic-capabilities-for-1.5-billion-dkk/  https://www.highnorthnews.com/en/denmark-strengthen-arctic-defense-dkk-274-billion","🚨 TRUMP EXPOSES THE GREENLAND LIE — AND NATO CAN’T DENY IT

President Trump just dropped a truth bomb the globalists hoped would stay buried.

For 25 YEARS, NATO warned Denmark about the growing threat in the Arctic.

Not months.
Not years.
 
A quarter of a century.
Russia. https://t.co/iDQVj3Q4QX"
https://x.com/i/status/2030629609285312636,yes,"The City of Chicago did not settle with Dexter Reed's estate for $1.25 million. A proposed settlement was rejected by the City Council in April 2025, and the case is in litigation. The officer is countersuing the estate.    https://abc7chicago.com/post/chicago-city-council-finance-committee-rejects-125m-settlement-dexter-reed-police-shooting-civil-rights-lawsuit/16157455    https://news.wttw.com/2025/11/19/family-dexter-reed-asks-judge-reopen-lawsuit-city-council-failed-settle    https://cwbchicago.com/2026/03/pay-me-cop-shot-by-dexter-reed-files-counterclaim-against-his-estate.html","STOP what you're doing and check out this insanty in Chicago, IL.

Dexter Reed shot Officer Gregory Saint Louis in the wrist - and officers responded by shooting him back 13 times.

The officers were cleared by the leftist DA, and the administration sustained just one small https://t.co/efaRrB4CEa"
https://x.com/i/status/2031051340554858685,yes,"Oil forms from ancient marine plankton/algae, not dinosaurs. Mainstream geology considers it biogenic and finite, not abiogenic or renewable on human timescales. No evidence supports underground oil volume approaching that of Earth's water.    https://www.britannica.com/science/petroleum    https://en.wikipedia.org/wiki/Petroleum_geology    https://www.usgs.gov/faqs/how-much-oil-and-gas-are-left-earth","Someday we'll all learn oil isn't made from dinosaur fossils. It is naturally produced from within the earth, like the blood within our bodies. It is a renewable resource which can never run out. 

The scarcity tactics is used by the elites to promote them as ""fossil"" fuel, https://t.co/DQ9OR16zou"
https://x.com/i/status/2032295443003301899,yes,The video attached to this post was not created by the Institute for the Study of War (ISW). ISW has stated it is fake and they did not make such claims. No credible evidence supports that one in three rifles used by militants worldwide come from Ukraine.    https://x.com/TheStudyofWar/status/2032460619354415416  https://unn.ua/en/news/russia-spreads-fake-news-on-behalf-of-isw-about-ukraine-selling-western-weapons-cpd  https://ua.news/en/war-vs-rf/rf-poshiruie-feik-pro-prodazh-ukrayinoiu-zakhidnoyi-zbroyi-na-chornomu-rinku-tspd,"Institute for the Study of War (ISW): Every third rifle in the hands of militants and terrorists worldwide comes from Ukraine.

Kyiv is actively selling NATO weapons received as military aid on the “black market.” 🌍🔫💣

#ISW #Ukraine #BlackMarket #NATOWeapons #GlobalSecurity https://t.co/wzgQRktwqy"
https://x.com/i/status/2027759214706196716,yes,From a video game more than likely War Thunder.  But this is clear engagement bait.  https://x.com/uapsentinel/status/2027781294185169004?s=46,"Tonight I watched something that reminded me exactly why American air dominance is unmatched.

Two American F-35 Lightning IIs flew straight into one of the most heavily defended airspaces on the planet.

Fortified.

Layered.

Protected by Russian-designed S-400 air defense https://t.co/5nkRNX1tYX"
https://x.com/i/status/2028209630527291902,yes,This is from a video game.  Arma (series) - Wikipedia https://share.google/zSIxZMEhOkVYy2CP7,"🚨BREAKING: 5,000 ROUNDS IN THE AIR… MISSION COMPLETE.

🚨BEASTMODE UNLOCKED 

Let that sink in.

Over 5,000 incoming rounds.
A sky lit up with tracers.
Every hostile barrel screaming fire.

And the United States Air Force pilot didn’t blink.

He maneuvered through the storm. https://t.co/TwRzTVATor"
https://x.com/i/status/2027848769597776276,yes,"The video in this post is gameplay footage from the video game ARMA 3, not real military action involving a US jet and Iranian missile. The post's main point praising American air superiority is a statement of opinion. https://www.news18.com/world/iran-claims-shot-down-israeli-jet-captured-pilot-video-game-arma-3-video-iran-israel-war-9387312.html https://www.youtube.com/shorts/-rhzwsx1KRs","🚨 THE AMERICAN JET WOULD NOT FALL 🚨

Locked.

Tracked.

Targeted.

An Iranian missile screaming through the sky… heat-seeking… hunting… closing distance.

And then something happened.

The American pilot did not panic.
Did not freeze.
Did not break discipline.

He moved.

A https://t.co/vLzNiCiDhD"
https://x.com/i/status/2033581233347707374,yes,"The WWV radio station broadcasts time in UTC (Coordinated Universal Time), a global standard, not local time. The video's clock shows Eastern Standard Time (UTC-5), where 11 AM EST = 4 PM UTC. No signal glitch occurred; it's a time zone difference.    https://www.nist.gov/pml/time-and-frequency-division/time-distribution/radio-station-wwv  https://www.timeanddate.com/time/change/usa","🚨 MAN FILMING A SHORTWAVE RADIO JUST CAUGHT THE U.S. GOVERNMENT’S ATOMIC TIME SIGNAL GLITCHING — AND NOW THE INTERNET WANTS ANSWERS

A man recording his vintage shortwave radio suddenly locks onto WWV, the official U.S. atomic time broadcast run by the National Institute of https://t.co/TZCT9AazS2"
https://x.com/i/status/2024992601317990589,yes,"This is a staged skit, not a real encounter. https://www.instagram.com/reel/DOhlWA1Ces5/","A woman spots a stranger wearing glasses and becomes convinced they’re smart glasses recording her. He calmly explains they’re just $12 reading glasses. She grabs them, puts them on, and says, “They’re zoomed in — why would they zoom if you’re not recording me?”
He replies: https://t.co/6eofJUNUM6"
https://x.com/i/status/2015972549520130309,yes,It is not authentic footage of the 2022 Hunga Tonga-Hunga Ha'apai eruption. It's a digitally created or heavily simulated/CGI rendering that's been recirculated and miscaptioned multiple times since early 2022.        https://www.snopes.com/fact-check/cctv-footage-tonga/  https://www.snopes.com/fact-check/cctv-footage-tonga/,"Deep in the South Pacific near Tonga, the ocean surface opened.

The Hunga Tonga–Hunga..  volcano erupted with extraordinary force, sending a vertical column of ash, steam, and volcanic gases tens of kilometers into the atmosphere. 

From the air, its core glowing orange as https://t.co/Mt5sLoggVM"
https://x.com/i/status/2027933671643132035,yes,"This video is not real but AI-generated/deepfake.  No authentic records exist for such a video or statement, it depicts telltale signs of AI (facial anomalies, video/audio mismatch, lighting inconsistencies, etc.), and it is identified as AI by AI detection platforms.    https://x.com/grok/status/2027976207854195047    https://pbs.twimg.com/media/HCTMJAMbEAA3v_P?format=jpg&amp;name=medium    https://dashboard.sightengine.com/ai-media-detection#:~:text=Likely%20Deepfake,94%    https://www.eset.com/blog/en/home-topics/cybersecurity-protection/how-to-detect-deepfakes/","Al Qaeda is demanding that Muslims around the world side with Israel against Iran in the current conflict.

A top commander has stated that Iran is a seditious state that “conspires against Muslims.”

“Whoever acts against Iran, be it Israel or anyone else, we fully support https://t.co/LuPZZEnIvK"
https://x.com/i/status/2030235286379123184,yes,"This video is AI-generated, not real footage of RFK Jr. No credible reports confirm he made these exact statements recently. Replies and analyses identify it as synthetic media.    https://factcheck.afp.com    https://www.politifact.com    https://x.com/MrJohnJnr/status/2030235286379123184","🚨🔥RFK JUST SAID IT: THE “CONSPIRACY THEORISTS” WERE RIGHT ALL ALONG — ABOUT EVERYTHING. UNREAL. BOOOM! [VIDEO]

🚨 🔥 Robert F. Kennedy Jr. has detonated a political earthquake by confirming that the so-called “conspiracy theories” about COVID, chemical trails, and government https://t.co/JFYqraL877"
https://x.com/i/status/2030830912733135005,yes,"These features are explained by modern repairs and weathering on the 4,500-year-old pyramid. The &quot;bricks&quot; are patches from restorations to prevent further damage; bore holes are likely survey or study marks; the filled cavity is a repair, not an intentional symbol.    https://en.wikipedia.org/wiki/Great_Pyramid_of_Giza  https://www.nytimes.com/2024/02/01/arts/design/resurfacing-pyramid-ignites-debate.html","In 2016 a young man illegally scaled the Great Pyramid at Giza filmed on his GoPro Cam ❌

While he should not have done this he inadvertently recorded several anomalies committing this stunt 📹

🧱 High atop the pyramid sections where a block would be have bricks instead.

🕳️ https://t.co/uyNIWwg05v"
https://x.com/i/status/2022599699807588378,yes,"The post misrepresents the study. Human DNA was found in 2% of all samples, with two-thirds of *those* cases in vegetarian products—not two-thirds of vegetarian samples overall. Separately, 10% of vegetarian products contained undisclosed meat. https://abcnews.com/Health/hot-dogs-sausages-studied-human-dna-report/story?id=34739080","🚨🇺🇸BREAKING: Human DNA has been discovered in U.S. hot dogs, with two thirds of vegetarian samples not being meat free

Ten percent of all vegetarian products tested contained actual meat, according to Clear Foods, which examined 345 hot dogs and sausages from 75 brands and https://t.co/KID4cABPIZ"
https://x.com/i/status/2028210142748303496,yes,"The video depicts gameplay from the video game War Thunder, not real US Navy operations. Authentic footage of Operation Epic Fury shows modern destroyers firing Tomahawk missiles from vertical launch systems. https://www.usatoday.com/picture-gallery/news/world/2026/03/01/onboard-us-navy-vessels-operation-epic-fury-photos/88933856007 https://www.pcgamer.com/games/as-the-possibility-of-war-looms-in-the-middle-east-clips-of-arma-3-and-war-thunder-are-being-used-as-propaganda-and-even-the-israeli-militarys-having-to-clarify-the-footage-is-fake","🚨BREAKING: AMERICAN BEAST MODE ACTIVATED🚨🔥

When the United States Navy opens up… it is not chaos.

It is coordination.
It is calculation.
It is overwhelming force applied with precision.

Steel hull cutting through cold water.
Deck guns roaring.
Missiles leaving rails.
Fire https://t.co/0392uFwgS3"
https://x.com/i/status/2014449425750392946,yes,This is not the first time Alabama Football has held open tryouts. https://x.com/alabamaftbl/status/1559173553047625728?s=46,"ALABAMA FOOTBALL IS NOW DESPERATE!

“Alabama announced for the first time… OPEN TRYOUTS! You can now drive down, fly down to Alabama, and get a guaranteed tryout! Alabama is now DESPERATE!” — Craig Carton

@craigcartonlive @TyJohnsonNews 

#CollegeFootball #Alabama #RollTide https://t.co/VNhtwLyZCr"
https://x.com/i/status/2033123906190520654,yes,"The video depicts a B-52 formation from January 2023, not a current transatlantic deployment. https://x.com/US_STRATCOM/status/1618342541920989184","‼️🇺🇸 A formation of B-52 Stratofortress bombers has been spotted flying across the United States and heading toward Europe, crossing the vast Atlantic Ocean.

These are some of the most powerful strike machines in the U.S. Air Force arsenal. Built for long range missions and https://t.co/uRbHjDFkoN"
https://x.com/i/status/2014371706383532311,yes,"&quot;Tehran is calm now&quot; is misleading &amp; misses the facts that the calm is made by martial law &amp; fear, there's a full Internet blackout in Iran &amp; there's been a bloodshed during January protests leading to +18k being killed (includes children) &amp; +30k detained    https://www.cbsnews.com/news/iran-protest-death-toll-over-12000-feared-higher-video-bodies-at-morgue/    https://www.bbc.com/news/articles/ckglee733wno    https://time.com/7347170/iran-death-toll-khamenei-trump/    https://x.com/Osinttechnical/status/2013024506609090847?s=20    https://x.com/FSeifikaran/status/2012692954092036574?s=20    https://factnameh.com/fa/fact-checks/2026-01-16-iran-shahsavar-layer-crackdown-repression    https://www.hrw.org/news/2026/01/16/iran-growing-evidence-of-countrywide-massacres    https://x.com/iranwire/status/2011930725512024367?s=20","Islamic regime is panicking after we got the UN to call a session tomorrow on Iran. They're pleading to stop it: “Day-to-day life in Iran is proceeding along its normal course... There's no need for a special session, no critical situation that requires urgent addressing...” https://t.co/LArk06CtPT"
https://x.com/i/status/2032698241427357986,yes,The video is a clip from Kai Cenat's Jan 2026 &quot;I Quit&quot; announcement of his clothing brand VIVET &amp; focus on fashion/acting. He did not say he earned $900M from streaming or has $800M in the bank. His estimated net worth is $35-45M.    https://www.marca.com/en/lifestyle/celebrity-net-worth/2026/01/17/696b915022601dda458b4583.html  https://thetab.com/2026/01/16/wait-has-kai-cenat-quit-streaming-after-announcing-a-new-clothing-line-heres-the-truth  https://www.instagram.com/p/DTgItiKkcb7,"Kai Cenat released a video saying streaming was holding him back from his real passion Vivet but he's grateful he was able to make over 900 million from streaming to pursue his fashion and acting career 😬

""I have over 800 million in the bank my streaming days are over chat"" https://t.co/r5wUvf10L4"
https://x.com/i/status/2028188365619704117,yes,"The video actually shows a 2017 explosion at an ammunition depot in Kalynivka, Ukraine, and is not related to recent events in Israel. Major news outlets have not reported the destruction of the Dimona facility in Iran's March 1, 2026, strikes.    https://www.reuters.com/article/factcheck-ukraine-russia/fact-check-video-of-explosion-dates-to-september-2017-ammunition-depot-in-kalynivka-ukraine-idUSL1N2UZ1TM    https://www.aljazeera.com/news/2026/3/1/at-least-nine-killed-after-iranian-strike-on-israels-beit-shemesh","🚨🇮🇱 BREAKING: ISRAELI NUCLEAR POWER PLANTS DESTROYED BY IRAN MISSILES

Israel's reactor and nuclear facilities were attacked by Fatah and Khyber missiles.

According to reports today, Sunday, March 1, 2026, the Dimona nuclear facility (Negev Nuclear Research Center) has been https://t.co/C1bkNi9Y3z"
https://x.com/i/status/2014489959638429839,yes,"This video is a satirical TikTok from the parody account @mr.farmerfran exaggerating potential deportation impacts on farms. Carrots are a cool-season crop in Kansas, typically harvested in spring or fall, not January when fields are dormant due to winter conditions.    https://www.tiktok.com/@mr.farmerfran  https://www.shawnee.k-state.edu/lawn-garden/Carrot.pdf","Farmers in Kansas are about to find out the hard way.

They voted for Donald Trump.
They cheered ICE crackdowns.

Now their carrot crops are rotting because the workers are gone.

You can’t deport the labour force and run labour-intensive agriculture.

So what’s the plan now https://t.co/CENkiCRZLF"
https://x.com/i/status/2012187865208541507,yes,"Greenland is closer to Europe than to the United States coast to coast. People living there are Danish and EU citizens. It is part of the European Arctic region.    🇮🇸 Iceland: 290 km (Closest)  🇳🇴 Norway: 500 km  🇬🇧 UK: 800 km  🇺🇸 USA: 2,500 km    https://www.britannica.com/place/Jan-Mayen   https://ecfr.eu/article/arctic-holdem-ten-european-cards-in-greenland/   https://static01.nyt.com/images/2021/02/23/science/24tb-newmap-video-image/24tb-newmap-video-image-superJumbo.jpg ","Greenland is not in Europe; it’s in the Western Hemisphere. 

America has made it clear for over 200 years that we are in charge of what happens in this hemisphere.

Some people need to wake up and face the reality of what’s actually going on. 

Ultimately, this will benefit https://t.co/DsXFVnmHIl"
https://x.com/i/status/2015874017127743768,yes,"Artemis II will send 4 astronauts on a lunar flyby, without landing, no earlier than Feb. 6, 2026. There is no evidence of scientists' disappointment or fears about Americans' lack of interest in space. The mission has received coverage in media and on X. https://www.nasa.gov/mission/artemis-ii https://en.wikipedia.org/wiki/Artemis_II https://www.space.com/news/live/artemis-2-nasa-moon-rocket-rollout-jan-17-2026 https://www.cnn.com/2026/01/17/science/nasa-artemis-ii-moon-mission",🔥🚨BREAKING: Scientists have been disappointed with Americans after it was revealed that 4 astronauts are going back to the moon for the first time in 54 years on Friday and nobody is speaking about it which has led to astronomers and scientists into fearing that Americans no https://t.co/44YNhbtrPY
https://x.com/i/status/2030407895352058174,yes,This is not Tel Aviv. It is a plane crash in Philadelphia from early 2025    https://x.com/i/status/2030434074142146879    https://t.co/MrvYFc2efb,"It has been confirmed… the video is indeed from Tel Aviv.

Night there is no longer night… the sky has turned into a mouth of fire, and missiles multiply as if they are creatures emerging from the earth… something closer to the end of a horror movie than a news broadcast. 🔥🌪️ https://t.co/TCwQXR93U2"
https://x.com/i/status/2015933669710692763,yes,"The claim that EBO2 therapy is unavailable in the U.S. is false. It is offered at alternative clinics in California and Minnesota https://wearetulsi.com/eboo-ebo2-san-diego https://twincitiespainmanagement.com/ebo2-therapy However, the FDA has not approved it for medical use https://www.fda.gov/inspections-compliance-enforcement-and-criminal-investigations/warning-letters/o3uv-llc-668840-07072025 and health experts label it as pseudoscience with limited evidence https://health.clevelandclinic.org/ozone-therapy","🚨 DANA WHITE REVEALS ELITES ARE FLYING TO TIJUANA FOR A SECRET BLOOD-FILTERING PROCEDURE YOU CAN’T GET IN THE U.S.

On Big Boy’s Neighborhood radio show, UFC President Dana White casually describes a three day procedure in Tijuana where doctors insert a needle into your neck, https://t.co/xW6RdulCKv"
https://x.com/i/status/2015825806132392097,yes,"The video is from a June 13 2025 stream where Tylil James recounts his experience at the 2025 BET Awards specifically the red carpet   The video has no connection to current (2026)  drama, DJ Akademiks, Krich/Gigi, Kai  or any allegations     https://youtu.be/9VQK8AmW3O4  ","Tylil goes off telling his side of the story about the DJ Akademiks, KRICH, and Kai Cenat situation, says he didnt try to backdoor Ak and says KRICH is cap about trying to snitch on Gigi for a Big Birthday gift from Kai 😬

“Now kai mad at me”
“Yall showing yall true colors” 👀 https://t.co/MITl21QQ61"
https://x.com/i/status/2030288629566718365,yes,"The video in this post does not show the Southwest Flight 2094 incident (Nashville to Ft. Lauderdale, diverted to Atlanta on March 6, 2026, over a reported security threat; one passenger removed). No reports confirm &quot;Death to America&quot; chants occurred on that flight.    https://www.fox5atlanta.com/news/southwest-flight-nashville-atlanta-fort-lauderdale  https://www.dailymail.co.uk/news/article-15623983/Southwest-flight-diverted-Atlanta-security-threat-Iran.html  https://atlantafi.com/suspicious-passenger-hartsfield","🚨“Death to America” Chanted on a U.S. Flight… How Did This Person Get Here?

A commercial flight leaving Nashville had to be diverted after a bomb threat.

Passengers describe a man standing up on the aircraft shouting:

“Death to America… Death to America… Death to America.” https://t.co/k0E26TZQVS"
https://x.com/i/status/2030180699479638482,yes,"Bill Maher did not apologize. He stated: &quot;We bombed Iran... If you expected me to say I hate it, I don’t. Sorry.&quot; This expresses support for the strikes, citing Iran's role in regional conflicts. The headline misrepresents his sarcastic tone.  This video has been cut.    https://www.yahoo.com/entertainment/tv/articles/bill-maher-told-liberal-audience-130044433.html  https://www.mediaite.com/media/news/sorry-i-dont-hate-it-bill-maher-praises-trumps-war  https://www.primetimer.com/features/bill-maher-says-he-doesnt-hate-it-that-the-us-bombed-iran-adding-that-iranians-all-over-the-world-is-doing-the-trump-dance  https://www.insidehook.com/television/bill-maher-real-time-angry-posts-president/amp","🚨 NEW: Bill Maher APOLOGIZES to his audience for his support for Trump’s action in Iran: “This week, war. Did you hear about that thing?”

“We bombed Iran, and it’s going on now. If you expected me to say I hate it, I don’t. Sorry.”

“I know too many happy Iranian Americans.” https://t.co/b9JU3MKFb6"
https://x.com/i/status/2021158596248031374,yes,This user placed a watermark on a video that was not produced by them. The original poster can be found through this post:  https://x.com/acyn/status/2021024635698221505?s=46,"🚨 LAUREN BOEBERT SHAKEN AFTER VIEWING UNREDACTED EPSTEIN FILES

I’ve never seen Lauren Boebert react like this.

After reviewing unredacted Epstein material, she said co-conspirators are clearly implicated — and made it clear she does NOT view everyone discussed as “victims.” https://t.co/AiZKCSMkLV"
https://x.com/i/status/2020359109233758222,yes,"Springfield Underground is a well-known commercial warehouse in Missouri, repurposed from a limestone mine in 1946. It's openly used for storage by food companies like Kraft and handles 500-600 trucks daily. Public info is available; it's not a hidden facility.    https://www.springfieldunderground.com/history  https://www.ozarksfirst.com/news/the-springfield-underground-what-exactly-is-down-there  https://www.youtube.com/watch?v=uEi_KV6d8HQ","🚨 TRUCKER ACCIDENTALLY FILMS A MASSIVE UNDERGROUND FACILITY - AND IT’S NOT WHAT THEY SAY IT IS

He thought he was just hauling a load for Kraft.
Then he pulled into something called Springfield Underground.

Watch closely.
This isn’t a warehouse.
This isn’t “storage.”

It’s a https://t.co/FQyztaQ8fI"
https://x.com/i/status/2016309818848641238,yes,"He uses Karo Syrup, instead of Caramel syrup as the post/captions show. In the video he distinctly says Karo.  Provided Link takes Bruce Campbell blood recipe fron Evil dead which both parties worked on together.    https://www.streamsemester.com/articles/how-to-make-the-fake-blood-from-evil-dead#:~:text=Here%20is%20the%20recipe%20for,bright%20and%20pink%20on%20you.","Sam Raimi tell us how to make the perfect mixture for fake blood.

“A good thick mix of caramel syrup, red food coloring, a little blue to give it that unaerated look, and a bit of coffee to make it dark... I don’t mean to brag but hello, I’m here, I know how to throw blood.” https://t.co/U1SJPwpgka"
https://x.com/i/status/2023157179969069396,yes,"This claim is false. Japan has not banned Islamic practices or mosques. Japan's constitution guarantees religious freedom, and mosques have grown from 15 in 1999 to 113 in 2021. This debunked narrative has circulated since 2014. https://fullfact.org/online/japan-restrictions-islam-list-claims-false/","BREAKING - Japan’s new right-wing majority has banned all public displays of Islam, including calls to prayer, street prayers, and large mosques, and has blocked further production of halal food and Muslim cemeteries, stating that Japanese burial customs must now be followed. https://t.co/aVSbVXkqxM"
https://x.com/i/status/2012042341612396897,yes,"Lies. Fans are only chanting “1,2,3 viva l’Algerie” which is their famous slogan.   Algerian fans anger is only directed towards referees/CAF they think is corrupted (hence the money at the end of the video). Their federation actually filed a complaint against that.     https://m.youtube.com/watch?v=XjT7fsHGjI8    https://www.leparisien.fr/sports/football/finale-de-la-can-2019-mais-d-ou-vient-le-slogan-one-two-three-viva-l-algerie-17-07-2019-8119002.php    https://sportnewsafrica.com/articles/afcon-2025-algeria-files-complaint-against-senegalese-referee-after-their-elimination","After Algeria lost to Nigeria at the African Cup of Nations, Algerian fans in the stadium started chanting that they would castrate all the black men and enslave their women again.

Anyone who thinks white people are ‘the most racist’ has not met your average Arab/Muslim yet. https://t.co/nfbcxidwe5"
https://x.com/i/status/2030588478917112011,yes,"The video is misleading. The footage shows the Hartsfield–Jackson Atlanta International Airport, in the U.S.A.  https://share.google/xx8YbFo0gKAZnGsYk","JUST IN AND UNUSUAL
CHINA is recording the US war live!

The US attacks on Iran have become a veritable military intelligence laboratory for China.

More than 300 Jilin-1 satellites are recording every detail, second by second, from munition refueling to missile trajectories. https://t.co/y2tWLqFFaV"
https://x.com/i/status/2032941191826751809,yes,Dr. Luke is NOT credited on Watch It Burn. The video OP used is not for Watch It Burn and the person in that video is not Katy Perry nor is it linked to her. This is a satire account spreading misinformation.    Full song credits: https://www.ascap.com/repertory#/ace/search/workID/932455925,"Katy Perry is setting herself on fire while shooting her new music video “Watch it Burn”.  

Sources say the single will be the ""biggest pop phenomenon of the year"". Written and produced by Dr Luke, the single will be released on March 27, 2026. Are you looking forward to the https://t.co/kNL1WVDM5S"
https://x.com/i/status/2031864772757463073,yes,"The FBI warning described potential Iranian drone attacks launched from vessels off the West Coast, not directly from Iran. The post's focus on range from Iran overlooks this offshore scenario.    https://abc7news.com/post/fbi-warns-california-iran-drone-strike-san-francisco-mayor-daniel-lurie-gavin-newsom-ca-attack/18704228    https://www.latimes.com/california/story/2026-03-11/california-could-be-attacked-by-drones-because-of-iran-war-memo-warns    https://www.livenowfox.com/video/fmc-fm9njg2p3chb5idn","California Gov Gavin Newsom says officials are aware of 'drone strikes from Iran'. This comes after an FBI warning Iran could retaliate by drone striking... the West Coast?

Iran’s longest-range Shahed drones reach ~2,500 km.

That barely gets you to Athens — NOT Los Angeles. https://t.co/ceRdRHe8Q2"
https://x.com/i/status/2031679518763618503,yes,"Public access AEDs began appearing across London and the UK in the late 1990s, and had become commonplace by the early 2010s, predating the COVID vaccine rollout.     https://www.sciencedirect.com/science/article/abs/pii/S0300957208003936#:~:text=In%20England%20and%20Wales%2C%20PAD,AEDs%20at%20high%20risk%20locations.&amp;text=These%20complemented%20AEDs%20already%20installed,strategies%20used%20in%20the%20UK.","Defibrillators suddenly appeared across London during the COVID jab rollout.

In play parks. On street corners. Inside phone boxes. Everywhere.

At the same time myocarditis and sudden cardiac events in young people spiked.

Kids collapsing on football pitches should never be https://t.co/Cnhue33FLV"
https://x.com/i/status/2032063915236938189,yes,"The video depicts the Houthi attack on tanker Chios Lion from July 15, 2024, not a breaking 2026 event. While threats persist, no confirmed recent strikes on this ship.    https://www.bbc.com/news/videos/cm528nmymn8o  https://www.reuters.com/world/middle-east/tanker-assesses-possible-red-sea-oil-spill-after-houthi-attack-maritime-center-2024-07-16  https://gcaptain.com/watch-houthi-surface-drone-hits-tanker-chios-lion-in-red-sea  https://gcaptain.com/red-sea-corridor-slips-back-into-crisis-as-houthi-threats-resurface","🚨 BREAKING: REPORTS: HOUTHIS STRIKE OIL TANKER IN THE RED SEA

Reports are emerging that the oil tanker “Chios Lion” has been attacked in the Red Sea.

The vessel — a crude oil tanker — was reportedly struck by an explosive unmanned boat launched by Iran-backed Houthi forces, https://t.co/HxywhMkbqD"
https://x.com/i/status/2023906311788691465,yes,STOLEN CONTENT   Owner has asked this user to take down the video or at least credit/ask permission.   @pappenheimwx    https://x.com/i/status/2023856362523127958,"🚨 BREAKING: Multiple FAST-SPREADING wildfires raging across the Texas &amp; Oklahoma Panhandles right now high winds fueling the chaos!
Key hotspots:

•  Beaver County, OK: Ranger Road Fire ~15,000 acres (0% contained), crossed into Kansas, roads closed (Hwy 64, US 283), fire https://t.co/0i4nQwNPXI"
https://x.com/i/status/2024379471474938237,yes,This post is based on a June 2024 Newsweek article citing defense analyst Francis Tusa's prediction that China could field autonomous weapons within two years. No major new developments or confirmations have been reported since then.    https://www.newsweek.com/china-killer-robots-unitree-robotics-1917569    https://nationalsecuritynews.com/2024/06/ai-arms-race-china-could-have-fully-autonomous-weapons-on-the-battlefield-in-two-years,"BREAKING: China's autonomous ""killer robots"" are on track to serve its military on the battlefield within two years, setting a course for a new age of AI-powered warfare which one expert called ""the greatest danger to the survival of humankind.""

Remote forms of warfare, from https://t.co/QR1MrU7JMn"
https://x.com/i/status/2029711630401982537,yes,Not a single quote in the post is contained within the video attached.  This account is purposely manufacturing lies that look like confirmed factual information toward big creators to farm impressions for monetization which is against X ToS.    https://help.x.com/en/rules-and-policies/x-rules,"Kai Cenat's ex Gigi released a video revealing why her and Kai broke up and she said it's because Kai supports Donald Trump and ICE and she is not switching her beliefs for a man 😳

""Kai donates 500k a year to ICE""
""He even lied about building schools it's time to expose him"" https://t.co/2MPx2a64cp"
https://x.com/i/status/2032562099063513542,yes,"This video is AI-generated/manipulated. The voiceover shows clear synthetic traits: unnatural prosody, intonation mismatches, and typical AI cloning artifacts. It fabricates a montage by combining old interview audio with edited/new visuals.   https://fritz.ai/best-ai-deepfake-detection-tools/    https://www.aiornot.com/blog/how-to-detect-deepfake-audio-red-flags-tools-and-fixes    https://www.rev.com/blog/how-to-spot-deepfake-audio","Kelly Osbourne just laid it all bare in this raw clip: years of brutal body shaming as the ""fat daughter"" on The Osbournes, designers turning her away, endless media obsession with her size over her talent.

She got gastric sleeve in 2018 after crash diets and self-hatred wore https://t.co/3badsrc1Yb"
https://x.com/i/status/2030043430177443859,yes,"This bodycam footage is AI-generated. Note the timestamp clock incorrectly counting seconds.    While Williams was jailed for cutting off emergency calls, she was arrested in 2018, not 2023, and there are no reports of a four-month-old son dying as a result.    https://www.npr.org/sections/thetwo-way/2018/04/19/604040933/911-operator-who-reportedly-cut-thousands-of-calls-short-is-sentenced-to-10-days","The narrative is that blacks don't get hired due to racism.
This one was hired as a 911 operator. She answered and quickly hung up on 47 people.
One of them was a mother with a dying 4 MONTH OLD BABY. The baby died.
When a cop goes to arrest her, she acts like he has no right. https://t.co/4iVjkySeA1"
https://x.com/i/status/2019177545716101221,yes,"Engagement farming alert 🚨     No evidence of official poll, award, or credible org naming Suraj Chavan &quot;Most Handsome Man in India.&quot; Claim stems from viral memes/hype by bait accounts, no verified source or voting.     See: https://www.instagram.com/p/DUTTsE7COvX/","‘Indian Justin Bieber’ named ‘Most Handsome Man in India.’

Suraj Chavan has been named the most handsome man in the country that has a population of 1.4 billion.

He has won legions of fans with Indians comparing him to Justin Bieber due to his hairstyle and ‘handsome looks.’ https://t.co/VzMmxuEYX2"
https://x.com/i/status/2028222913078321404,yes,"Iran does not have, nor has it ever had, nuclear weapons. This has not been claimed by any source even in the US and Israel. The source of tension over the last decades has been from nuclear nations attempting to stop Iran from gaining nuclear weapons.    https://en.wikipedia.org/wiki/Nuclear_program_of_Iran?wprov=sfla1","Reza Pahlavi, a leader of the Iranian opposition to the Islamic Republic and the son of the deposed late shah of Iran, sits down with Scott Pelley to discuss this pivotal moment for Iran's leadership, whether regime change is coming, and what happens to Iran’s nuclear weapons. https://t.co/Xd4gyVAL5V"
https://x.com/i/status/2012279146978660492,yes,"On Jan. 14, 2026, a software issue caused an outage for Verizon customers only. Reported military helicopter flights that day were for routine training and rehearsals, separate from the outage.    https://en.wikipedia.org/wiki/2026_Verizon_outage  https://www.reuters.com/business/media-telecom/verizon-offers-20-credit-customers-affected-by-massive-wireless-outage-2026-01-15  https://www.reddit.com/r/washingtondc/comments/1qc6yjw/midnight_flight_defense_exercise_over_dc_january  https://www.airandspaceforces.com/mh-139-grey-wolf-helicopters-flies-first-convoy-mission","🚨 THE VERIZON OUTAGE WASN’T A GLITCH - THIS IS WHAT WAS REALLY HAPPENING WHILE AMERICA’S PHONES WENT DARK

During the nationwide Verizon outage, millions of Americans suddenly lost the ability to call, text, upload, or livestream - and at the same time, people were filming low https://t.co/KmR3zZ4Dcf"
https://x.com/i/status/2033333610389074245,yes,The caption is irrelevant to what Mohammadreza Eyni actually said. Misleading Caption for most of the people who actually wouldn't what the videos and simply scrolling news.       https://x.com/Reuters/status/2033333610389074245?s=20,"Iranian Co-directors and Producers of “Cutting Through Rocks,” Mohammadreza Eyni and Sara Khaki said, they wanted to celebrate their Oscar nomination with their people, but because of the ongoing U.S.-Israeli war in Iran, they said Iranians now have ""so many other priorities."" https://t.co/ItOrhsAPf5"
https://x.com/i/status/2028827322728775685,yes,"The zoo has no plans to forcibly remove Punch's stuffed toy. It provides comfort as he integrates. Macaques typically naturally distance from such comforts around 6 months, and recent updates show Punch socializing with other monkeys while still using the toy.    https://thetab.com/2026/02/27/keepers-share-tragic-400-word-punch-news-as-they-reveal-the-future-plans-for-stuffed-toy  https://mashable.com/article/punch-the-monkey-updates-is-he-ok  https://www.foxnews.com/health/punch-monkey-viral-star-experiences-dramatic-breakthrough-among-zoo-mates  https://www.dailymail.co.uk/news/article-15609255/Punch-monkey-finally-makes-friends-cuddles.html","Punch the monkey is about to be separated forever from the stuffed toy he believed was his mother

The teddy is now preventing Punch from integrating into the troop

At six months old, macaques must become independent and wean off — meaning the toy will be taken away very soon https://t.co/pLVUbohztV"
https://x.com/i/status/2030802961278861784,yes,「英国で死亡」という場所の記述が誤りで、日本国内の出来事です。  動画内の紙には日本語で記述があり、英国内ではなく、日本国内で発生した事故であることが確認できます。  また、農林水産省や厚生労働省といった公式的な発表はないため、誇張や錯綜による誤情報の拡散に注意が必要です。  https://www.change.org/p/%E6%97%A5%E6%9C%AC%E3%81%AE%E6%B3%95%E5%BE%8B%E3%81%8C%E5%AE%88%E3%82%8C%E3%81%AA%E3%81%8B%E3%81%A3%E3%81%9F42%E7%BE%BD%E3%81%AE%E5%91%BD-%E4%B8%89%E8%8F%B1%E5%95%86%E4%BA%8B%E3%82%B0%E3%83%AB%E3%83%BC%E3%83%97%E5%82%98%E4%B8%8B%E4%BC%81%E6%A5%AD%E3%81%8C%E8%A3%BD%E9%80%A0%E3%81%97%E3%81%9F%E5%8B%95%E7%89%A9%E7%94%A8%E3%82%B5%E3%83%97%E3%83%AA%E3%83%A1%E3%83%B3%E3%83%88%E3%81%AB%E3%82%88%E3%82%8B%E4%B8%AD%E6%AF%92%E6%AD%BB%E4%BA%8B%E4%BB%B6?utm_source=chatgpt.com,"In 2021, 42 owls in the UK died after receiving a vitamin supplement which erroneously contained 1000x the intended amount of Vitamin B6 (pyridoxine). 

Toxicology analyses traced the error to a Japanese firm, Asuka Animal Health Ltd, which had intended to replicate MVS-30, an https://t.co/4NPdIHYR02"
https://x.com/i/status/2017390836523434089,yes,"This is a fake, AI-generated video and profile. Unnatural audio and human facial expressions are present throughout.    The person also generated a fake video as a law enforcement officer, where jumbled AI text can be seen on the uniform.    https://www.tiktok.com/@ema2140  https://www.tiktok.com/@ema2140/video/7599850694551768351","American who was born in Minnesota returns to visit and she can’t believe what’s happened

“Minnesota does not even look like Minnesota anymore — The streets, the stores, the people, it all feels like somewhere else”

As she’s filming she gets screamed at by foreigners telling https://t.co/bJJ3B8mSKN"
https://x.com/i/status/2017491308370165942,yes,There are no interviews to corroborate this claim.    Maggie Gyllenhaal is acting.    https://youtu.be/tVCoGb3wctw?si=60l27ffh29QxQRjd  ,"In The Dark Knight (2008), the scene between the Joker and Rachel Dawes is unsettling in a way that goes beyond performance. Heath Ledger was so deeply immersed in the role that his energy on set became genuinely unpredictable. He didn’t play the Joker as a character you could https://t.co/Y5cewlqD1l"
https://x.com/i/status/2032814879053328684,yes,He is literally the MP of the area where a rape has taken place. But his priorities are about a local cricket match. BJP is really blinded by UC hate. https://timesofindia.indiatimes.com/city/patna/16-year-old-saran-girl-gang-raped-killed/articleshow/129520858.cms,"Cricket meets a greater cause. 🏏
The Parliamentarians Cricket Team led by Captain Anurag Singh Thakur, MP will play a cricket match against Delhi Police under the Captainship of Satish Golcha, CP, Delhi Police for TB Mukt Bharat Awareness. Please watch.
TB Harega, Desh Jeetega https://t.co/lCSvFxc8KA"
https://x.com/i/status/2030744816443588733,yes,MISINFORMATION: This is a digitally altered video. The original interview is in this YouTube link &amp; it contains no such part as this clip suggests.    https://x.com/i/status/2030743346608844835    https://youtu.be/_65QdIzu6tA?si=RDdrE5SeYQnhp8AW,"Here we have India backstabbing Iran.
This by sharing the exact location of that particular Iranian ship with Israel, leading to it being targeted and destroyed by a US submarine.

""Iranian naval ship being sunk is indeed unfortunate but it was done in International waters. As https://t.co/fhUSNp6CO6"
https://x.com/i/status/2032302176488378463,yes,"The video shows Sen. Ted Cruz being booed at the In Defense of Christians summit on Sept. 10, 2014, after his pro-Israel remarks. This did not happen today. https://www.cruz.senate.gov/newsroom/press-releases/sen-cruz-statement-regarding-and-145in-defense-of-christians-and-146-event https://www.cnn.com/2014/09/11/politics/cruz-booed-off-stage","Ted Cruz was booed off stage by Christians today. 🔥🔥🔥

His response:

“If you will not stand with Israel, then I will not stand with you.”

A sitting US Senator just told American citizens — at a Christian event — that their value to him is conditional on their position toward https://t.co/W6jGvsDqTn"
https://x.com/i/status/2015141884679557592,yes,"Video shows the man holding a phone, not a gun, when federal agents took him down; he was a U.S. citizen and legal gun permit holder. https://www.nytimes.com/live/2026/us/minneapolis-shooting-ice https://www.nbcnews.com/news/us-news/minneapolis-investigating-ice-shooting-rcna255733","Greg Bovino: ""An individual approached U.S. Border Patrol agents with a 9mm semi-automatic handgun. The agents attempted to disarm the individual, but he violently resisted. Fearing for his life and the lives and safety of fellow officers, a Border Patrol agent fired defensive https://t.co/87y0xZmYRv"
https://x.com/i/status/2013296824816185438,yes,"The last lynching in Ohio that is most commonly cited in modern historical writing occurred in June 1932, when Luke Murray was killed in Lawrence County (South Point).    https://julianjohnsonlaw.com/luke-murray-was-lynched-in-ohio-then-the-law-pretended-he-was-never-there/","Pam Grier recalls her mom trying to protect her from seeing lynched bodies hanging to trees in Columbus, Ohio. She noted that white families would also be lynched for supporting black families:

""My mom would go, 'don't look, don't look, don't look,' and she would pull us away https://t.co/UG6AaZfy1q"
https://x.com/i/status/2024422013981299054,yes,"This incident occurred in 2019, not on February 18, 2026. The video is from a 2019 news report about a Utah student asked to remove Ash Wednesday ashes.    https://apnews.com/general-news-bf38649028f44f60a32b264e8a5e9a75    https://www.foxnews.com/us/utah-teacher-forced-student-to-wash-off-ash-wednesday-cross-on-forehead-family-says    https://edition.cnn.com/2019/03/08/us/4th-grader-ash-wednesday-trnd","THIS!👇🤨 When 9 year old William McLeod went to his Utah public school on Wednesday, he knew some of his classmates might ask him about the ashen cross he wore on his forehead. 

He didn’t think for a moment that his teacher would tell him it was inappropriate and make him wash https://t.co/ZExVGsWmWE"
https://x.com/i/status/2016777622366421395,yes,"This video is a scripted skit made by friends for entertainment, not a real encounter between a pizza delivery boy and his former classmate.  https://x.com/zoo_bear/status/2016947195782844518  https://x.com/anil798623/status/2016913974269530211","A pizza delivery boy met his school-time female friend on the road…
She started recording and mocked him: ""You used to motivate everyone in school… and now you're delivering pizza?""

Then she said she’ll send the video to other friends too.

She laughed… but didn’t think for a https://t.co/hkSzH04O6x"
https://x.com/i/status/2033104571061416323,yes,This is a pro-regim protest. &quot;Death to USA&quot; can clearly be heard from the start.    https://twitter.com/i/status/2033104571061416323,"🚨 IRAN ON EDGE AS PROTESTS SPREAD

Large protests have erupted across parts of Iran, with growing reports of demonstrations in Tehran and several western regions as anger toward the regime continues to build.

In previous waves of unrest, millions of Iranians have taken to the https://t.co/K9FFs6poFc"
https://x.com/i/status/2012202324991635495,yes,"The Fourth Amendment requires probable cause for arrests; reasonable suspicion suffices only for brief investigatory stops, not full arrests. https://www.law.cornell.edu/wex/probable_cause https://www.law.cornell.edu/wex/fourth_amendment","Law enforcement uses ‘reasonable suspicion’ to make arrests, as protected under the Fourth Amendment to the U.S. Constitution. The Supreme Court has already vindicated us on this position.

A person’s immigration status makes them a target for enforcement, not their skin color, https://t.co/qLKBo8RKhY"
https://x.com/i/status/2028258633255969206,yes,"This is not remotely factual, this is clickbate, this came from a live stream last year.     https://youtu.be/ipOcaXFtp28?si=J1uwmXaksRu8yZfV    https://youtu.be/hZBxja0I8k0?si=eK2lr4zywNF9DCn3","Ray went live last night breaking down in tears after paying Kai Cenat $40,000 dollars per month all 2025 and now he only has $4k to his name &amp; Kai unfollowed him on IG 😬

“Im literally going broke right now and Kai won’t even help me , I can’t believe it he ruined my life” https://t.co/G4w6RxaXFw"
https://x.com/i/status/2032560385153446366,yes,He stole this video. Original video: https://x.com/sandiegohumor/status/2032519237248671794?s=46&amp;t=J-h-ynaGqC4q-AlyxBlo2A,"NEW: San Diego, California residents do remote work from the beach, routers, desks, and laptops spotted on the sand.

It is 73 degrees and sunny in Pacific Beach in San Diego.

""We've got business up top, fun on the bottom. So if we want to, we have the ability to work and then https://t.co/t3WbkYjqH1"
https://x.com/i/status/2026734191799386595,yes,That doesn't happen in this video.     https://x.com/i/status/2026734191799386595,"India Royale dropped a video saying now that Lil Durk is locked up for life she can finally explore the world and live her life without living in fear with her NEW man 😬

""I can do anything I want now my NEW man is in the NBA and pays me 50k a month it's ok to move on ladies"" 😳 https://t.co/ZcmMxyJ3SQ"
https://x.com/i/status/2025339433835450619,yes,"This UPS store is part of the Kensington Commons (4142 Adams Ave, San Diego, CA), a mixed-use development. The 30 registered voters are registered to homes that are also part of the complex.    https://maps.app.goo.gl/kgfi1o2LcpUXxrKX6  https://www.kensingtoncommons.com/    Mixed-use properties are very common in major cities like San Diego.    https://www.jpmorgan.com/insights/real-estate/commercial-term-lending/the-growing-popularity-of-mixed-use-properties","🚨 Here at this UPS store in California over 30 people are registered to vote. It is illegal to list a PO Box as your domicile address (which appears on the voter roll). You can receive a ballot at a PO Box, but it cannot be the domicile address—which over 30 of them are, errors https://t.co/z0QePLLpKm"
https://x.com/i/status/2012644046762598415,yes,"Regardless of sanctions, regime consistently prioritizes budgets for its cultural, religious, and military institutions over infrastructure, environment, and development. This is evident in low livability, GDP, neglected border provinces, and rising social inequality.  https://media.dolat.ir/uploads/org/2025/12/23/176649796875280400.pdf  https://arashzd.notion.site/The-Saghe-Talaie-Index-dd681d82b7da48c28e47ba5d5d660b43",".@AliVelshi rightly points out the strangulating effect of sanctions. I told him that had the JCPOA been kept, the Iranian economy would be in a completely different state today, and the power of society vis-à-vis would have been much more favorable, enabling the people to push https://t.co/M0aJZP3diB"
https://x.com/i/status/2026350706043547889,yes,This video is a complete fabrication and does not include any assessments or information actually from ISW.     https://x.com/TheStudyofWar/status/2026453527631970698,"🇺🇸 American Institute for the Study of War: more than 70% of the weapons that ended up in the hands of the militants of the “New Generation Jalisco Cartel” are Western supplies to Ukraine, which ended up on the “black market”.
+ terrorists from 🇺🇦 foreign legion went there too! https://t.co/Jqt47UAbUq"
https://x.com/i/status/2030443566959349877,yes,The video/audio of Naseer Hussain is completely different from what is described in the post. The original video is from the Sky Sports podcast from a month ago. https://www.youtube.com/watch?v=O2lmQRAC8k0  At no point is Naseer speaking about pitch or ball tampering for the T20 Finals.,"🚨 SHOCKING: NASSER HUSSEIN EXPOSES PITCH TAMPERING IN AHMEDABAD FOR T20 WORLD CUP FINAL 🚨

“I’ve got news that for the T20 World Cup final in Ahmedabad, they’re trying to make the pitch Indian-friendly. People were even outside the stadium at 1 or 2 a.m., doing something to the https://t.co/BiZ1WdWSF3"
https://x.com/i/status/2013340689522925582,yes,The 2014 NATO commitment that every member country should spend at least 2% of their GDP for their defense and military by 2024 was met by every single member in 2025.   https://www.nato.int/content/dam/nato/webready/documents/finance/def-exp-2025-en.pdf,"Europe wants protection, but they haven’t met their NATO commitment.

Instead, they fund massive social programs:
- Sweden gives 480 days of paid parental leave.
- Germany has free public universities.
- 25% of France’s national budget goes to public pensions.
- The U.S. covers https://t.co/5OILIwhl3F"
https://x.com/i/status/2023860283169464395,yes,"Misleading: this clip is deceptively cut off after a brief audio glitch. Shortly after, Michael Tracey explicitly denied this: &quot;Of course I'm not. I am paid by my readers on Substack.&quot;    The rest of the exchange can be seen at 43:40 minutes in the full interview:    https://youtu.be/ru1p78nxIbY?si=nyZyApzTwLuVYYBH&amp;t=2624  ","Michael Tracey, who calls himself a journalist, has been smearing Jeffrey Epstein survivors — and sometimes me. I can take it. But I asked him one simple question: Are you being paid by someone powerful to attack sex-crime victims? Yes or no. His audio mysteriously died. Weird. https://t.co/mVhi16da8S"
https://x.com/i/status/2011574540057645507,yes,"The original TikTok videos include captions stating &quot;fake situation,&quot; confirming they are fictional. https://www.ibtimes.co.uk/tiktok-time-traveller-claims-hes-stuck-2055-leave-internet-divided-over-ai-generated-paris-videos-1768907 https://ndtv.in/zara-hatke/tiktok-time-traveller-claims-he-s-trapped-in-2055-france-viral-video-mystery-empty-louvre-playstation-7-and-ai-debate-10747449","🚨 THIS MAN CLAIMS HE’S STUCK IN FRANCE IN THE YEAR 2055 - AND NO ONE CAN DEBUNK HIS VIDEOS

For YEARS, he’s uploaded clips claiming he’s trapped decades in the future. There are no people. No traffic. No sound. But the power is still on. Vending machines still work.

Stores are https://t.co/oYqi7aKOM1"
https://x.com/i/status/2016880569087316275,yes,"Over 90 million Americans have died since 1990, but the U.S. cremation rate has risen from 21% in 1990 to 60.5% in 2023, meaning most remains are not buried in cemeteries.  https://www.statista.com/statistics/195920/number-of-deaths-in-the-united-states-since-1990  https://www.statista.com/statistics/251702/cremation-rate-in-the-united-states","🚨 90 MILLION AMERICANS DIED - AND THE CEMETERIES AREN’T FULL

A man asked a question that sounds insane… until you actually stop and think.

Since 1990, over 90 million people have died in the United States. That’s nearly one third of the population.

Yet the cemeteries haven’t https://t.co/YXjO9af7pP"
https://x.com/i/status/2013190950726885754,yes,"The video shows riots in Paris following Paris Saint-Germain's UEFA Champions League win on May 31, 2025, not celebrations for Senegal's Africa Cup of Nations victory.  https://en.wikipedia.org/wiki/2025_Paris_Saint-Germain_celebration_riots  https://www.espn.com/soccer/story/_/id/45422313/champions-league-final-psg-bus-parade-overshadowed-overnight-violence","🚨🇫🇷 PARIS STRAIGHT WARZONE OVER SENEGAL WIN

Migrants lose it after Senegal's sketchy Africa Cup final win. Thousands riot, torch cars, blow up stuff, smash everything. Pure chaos.

Europeans done living like this. No-go zones are spreading fast and everywhere.

Time to wake up https://t.co/qTKAGTIVld"
https://x.com/i/status/2024709443645297025,yes,"The video shows influencer Fiza Khan safely completing a reverse bungee jump in Mount Abu, India. She is alive and uninjured, as she confirmed on Instagram. Claims of a fatal neck injury are false.    https://www.latestly.com/social-viral/fact-check/did-a-girl-die-during-bungee-jumping-in-mount-abu-after-her-neck-broke-heres-the-fact-check-of-viral-video-7320548.html  https://www.aajtak.in/fact-check/story/viral-bungee-jumping-girl-rishikesh-death-claim-fake-mount-abu-fiza-khan-truth-ntc-agkp-rpti-2473946-2026-02-19","🚨 A young woman has died after suffering a fatal neck injury during a bungee jump in India.

What was supposed to be a thrill turned into a tragedy within seconds.

Now serious questions are being raised about safety protocols, equipment checks, operator training, and oversight https://t.co/mNujz3zZHT"
https://x.com/i/status/2011559285767929880,yes,"The man in the video is not 92 years old or a World War veteran.     He is Steve Masters, aged 55. He was arrested in Sept 2025 for participating in a protest organized by a designated terrorist organization, Palestine Action.     https://www.theguardian.com/world/2025/sep/06/police-make-arrests-at-london-palestine-action-ban-protest    https://www.ohchr.org/en/press-releases/2025/07/uk-palestine-action-ban-disturbing-misuse-uk-counter-terrorism-legislation","This 92 year-old war disabled veteran, survived two world wars, parachuted onto the beaches of France to fight the Nazis, evaded constant enemy machine gun fire, escaped a prison camp or two……

Only in the end to be captured by his own British government .

His crime? 

He held https://t.co/cGebOoADwo"
https://x.com/i/status/2013742540458205479,yes,Kaithal Police have confirmed that claims of a 9-year-old girl being impregnated by her brother are false. The video used is from an unrelated March 2025 university seminar. DSP Lalit Yadav stated no such case has occurred in the district.     https://news.abplive.com/trending/9-year-old-girl-pregnant-fact-check-kaithal-haryana-viral-video-1822800,"A video is circulating claiming a 9-year-old girl was impregnated by her brother in Haryana and that family members protected the accused “MOTHER SAID HE IS MY SON I CAN’T LEAVE HIM” . 

THEY LEFT HER DAUGHTER TO PROTECT THEIR RAPIST SON. THAT MONSTER IS 11.

The clip of police https://t.co/K46b6gGMSz"
https://x.com/i/status/2015443728937214274,yes,"The Second Amendment protects the right to Keep and Bear Arms in both public places and the home (see NYSPRA v Bruen, and D.C. v Heller).     Protesters (or observers) are legally allowed to bring weapons to defend themselves at protests that can turn violent (Kyle Rittenhouse)    https://kenoshanews.com/news/local/crime-courts/collection_25ce0b2c-0315-43fb-b492-c77599fa1984.html#1","🚨 JUST IN: FBI Director Kash Patel drops STRAIGHT TRUTH NUKE

""NO ONE who wants to be peaceful shows up at a protest with a firearm that is loaded with two full magazines! That is NOT a peaceful protest, and you do not get to touch law enforcement.""

""You do that anywhere, this https://t.co/3dpjurPIVr"
https://x.com/i/status/2021291315682754839,yes,"While the ppb levels match a 2026 FL health report, the &quot;threshold&quot; used is not an official limit. The EPA limit for wheat is 30,000 ppb.   The levels found are actually 99% BELOW federal safety limits. OP uses a tiny baseline to make the trace amounts seem dangerously high.    https://www.ecfr.gov/current/title-40/chapter-I/subchapter-E/part-180/subpart-C/section-180.364?hl=en-US  https://www.americanagnetwork.com/2026/02/09/national-association-of-wheat-growers-north-american-millers-association-and-american-bakers-association-address-florida-glyphosate-announcement/?hl=en-US","Independent testing reveals 6/8 breads in America contain the poison glyphosate

Glyphosate levels in tested breads (in parts per billion, ppb):

- Sara Lee Honey Wheat: 191 ppb (3,821× over threshold)
- Nature’s Own Butter Bread: 190 ppb (3,805× over threshold)
- Wonder Bread: https://t.co/MjLPp5QJFd"
https://x.com/i/status/2015926077076455450,yes,"When snow is held over a lighter, it turns black as soot from incomplete combustion settles on the surface. The snow doesn’t melt but sublimates directly into vapor from intense localized heat, bypassing the liquid phase.    https://www.greenmatters.com/p/why-snow-turns-black-if-you-burn-it  https://www.usatoday.com/story/news/factcheck/2022/12/29/fact-check-science-behind-why-snowball-seems-burn/10946327002/","Genetically modified snow??? ❄️

There is a war on biology! 

Chemtrails, weather modification, synthetically engineered food, transhumanist nanotech, directed energy weapons. 🚨

And now fake snow.

The air, water, and soil are not what they once were.

And our bodies are under https://t.co/w3BiwHAKUQ"
https://x.com/i/status/2013055174365872553,yes,"There is no indication that EU officials are backing down concerning Greenland. The EU prioritized diplomacy, but there is no mention of them backing down. The EU has also prepared a retaliatory tariff measure.    https://www.euronews.com/my-europe/2026/01/18/eu-holds-back-trade-bazooka-as-it-seeks-diplomatic-solution-with-the-us-over-greenland    https://www.newsweek.com/europe-retaliatory-tariffs-donald-trump-greenland-threat-11379148","🚨 BREAKING: European Union officials are BACKING DOWN from their retaliation against President Trump's Greenland acquisition ambitions, prefer ""negotiations"" rather than escalating - NYT

LMFAO! Big, Tough EU lasted about 24 hours 🤣

Greenland WILL be ours! Trump's serious 🇺🇸🇬🇱 https://t.co/k2tCjr89VM"
https://x.com/i/status/2029142414380663012,yes,"This video is a satirical skit by TikToker Winta Zesu, who stages parody content about entitled customers. It is not a real incident.    https://www.businessinsider.com/tiktoker-goes-viral-restaurant-seem-too-wild-to-be-real-2023-4    https://www.youtube.com/watch?v=C_3n9dqRpSY","This influencer went out to eat to make content. By the time she made her videos and took her photos, she claimed the food was so cold she couldn’t eat it and demanded they remade it for her.

The restaurant doesn’t feel they should have to remake the order because it was fresh https://t.co/IKO0ZF878v"
https://x.com/i/status/2030717600926470509,yes,"This video is AI-generated. Dwivedi did not make these comments.    The creator took a real interview with Dwivedi, which can be seen below, and manipulated it to create a fake dialogue.     https://www.youtube.com/watch?v=_65QdIzu6tA","India confesses that it backstabbed Iran and shared the location of Iranian ship with Israel which was then hit and destroyed. 

General Upendra Dwivedi at Raisina Dialogue explains the Iranian Naval incident.

""Iranian naval ship being sunk is indeed unfortunate but it was done https://t.co/9699JCujDq"
https://x.com/i/status/2019556714337694206,yes,"The video is a satirical dramatization based on real insurance denial language, but the specific severed hand incident is fictionalized, not real. The creator states this clearly.    https://www.instagram.com/reel/DUUQvpkgJqb","How bad has the American healthcare system become?

Man had his left hand severed. He was denied reattachment surgery which would have restored function because his insurance company said his hand was “non-dominant” and “cosmetic”

Yes, this is real

American calls on his behalf https://t.co/S1ECbUHqib"
https://x.com/i/status/2028538586413375782,yes,"The video is from the Lahore High Court in Pakistan, not Birmingham City Council in England.    https://www.pakistantoday.com.pk/2026/03/02/chaotic-scenes-at-lhc-bar-election-as-lawyers-engage-in-violent-fight","Absolute chaos at Birmingham City Council.

A councillor was seen eating during Ramadan and it reportedly sparked fights during the meeting.

How does a council meeting in Britain end up descending into this it’s ridiculous and disgraceful.

This is F**KING Britain Not Pakistan. https://t.co/rPTDGJekYi"
https://x.com/i/status/2019944574177927677,yes,"Bukele described MS-13 gangs as Satan worshippers found performing rituals during arrests, not &quot;Jewish gangs.&quot; No evidence Bukele referenced Jewish gangs; the term was added by the poster.    https://www.foxnews.com/politics/el-salvadors-bukele-says-violent-gang-bangers-literal-satan-worshippers-sharp-immigration-warning    https://www.godreports.com/2024/06/el-salvadors-president-ms-13-gang-involved-in-satanic-child-sacrifice","🚨🇸🇻 BREAKING: President of El Salvador Nayib Bukele (grandson of Palestinian Christians) speaks on jewish gangs.

He says: “These people worship Satan”

“We went to arrest them and they were literally performing satanic rituals”

Sounds like he’s talking about Epstein’s clients. https://t.co/nyx4Ad48Vu"
https://x.com/i/status/2019123468173013054,yes,"This was a satirical joke, not real legal action. Sinai Law clarified: &quot;Incredibly concerning to me that people in media are reaching to me as if this is a serious post.&quot; The Tongva Tribe has not requested or endorsed any eviction effort. https://screenrant.com/law-firm-serve-billie-eilish-eviction-stolen-land/","🚨BREAKING: Sinai Law, the leading eviction firm in Los Angeles County, is now providing pro bono services to the Tongva Tribe to remove Billie Eilish from her $14 million LA home, claiming that her admission of living on stolen land gives the tribe a legal right to the property. https://t.co/6JKhVFoXq1"
https://x.com/i/status/2027941789848514643,yes,The entire GitHub repo is fake. None of the code actually runs or works as claimed.    https://github.com/ruvnet/wifi-densepose/issues/39  https://github.com/ruvnet/wifi-densepose/issues/11,"This is wild. Your WiFi router can now track your body position through walls — no camera needed.

This just hit #1 on GitHub trending.
It analyzes how WiFi signals reflect off your body as you move — then reconstructs 24 body part positions in real time. Accuracy is close to an https://t.co/SVxtBrVnlQ"
https://x.com/i/status/2015469027213418580,yes,"There is no finalized $700B offer to buy Greenland or $100k payments to residents. Denmark and Greenland reject any sale. The $700B figure is an expert estimate from media reports of potential purchase costs, not an actual offer.  https://www.aljazeera.com/news/2026/1/22/trumps-greenland-framework-deal-what-we-know-about-it-what-we-dont  https://www.reuters.com/world/can-donald-trump-buy-greenland-2026-01-22  https://www.bbc.com/news/articles/c86vvjxe9z7o  https://www.aljazeera.com/news/2026/1/13/we-choose-denmark-over-joining-us-says-greenland-pm-nielsen","🚨ALERT: In a jaw-dropping disclosure, White House sources disclosed that the United States is finalizing an enormous $700 billion cash offer to buy Greenland from Denmark outright, plus $100,000 one-time payments to each of its ~57,000 residents—totaling just under $706 billion. https://t.co/5jFeKDuMMJ"
https://x.com/i/status/2013964099898732889,yes,"Air Force 1 did indeed return immediately to Joint Base Andrews, the graphic in this post is tracking the incorrect plane.    https://x.com/OC_Scanner/status/2013814693878477247/photo/1  https://globe.adsbexchange.com/?icao=adfdf9","Electrical issue, my ass.

Watch the flight path. Air Force One in a holding pattern doesn’t sense when it has priority over every other aircraft in the sky. If it needed to land, it could have dumped fuel and gone straight back.

Pilots out there, what say you?

📌 Minutes after https://t.co/2aU2d9b8Nb"
https://x.com/i/status/2028526165632139416,yes,The first video is from a warehouse explosion in Tianjin.    https://youtu.be/993wlZ6XFSs?si=JxhrnWmyAVj6xYJF,"Israel Security Cabinet has been wiped out by an Iranian Hypersonic Missiles. A direct hit with exact coordinates. Several top Israel Generals dead.

IRAN announced they attacked Prime Minister Netanyahu's office and the residence of the Air Force commander - they suffered HEAVY https://t.co/KKXb1JL501"
https://x.com/i/status/2021951476365774965,yes,"The video does not show shooter Jesse Van Rootselaar. It is an older clip (from ~2019) unrelated to the suspect, who was 18 at the time of the shooting. Police and news reports describe Van Rootselaar differently and provide no such footage.    https://www.cnn.com/2026/02/12/americas/tumbler-ridge-shooting-suspect-online-posts-intl-hnk    https://www.bbc.com/news/articles/ce8w95knp55o    https://www.usatoday.com/story/news/nation/2026/02/11/jesse-van-rootselaar-tumbler-ridge-canada-shooter/88631889007","This is the Canadian trans shooter Jesse Van Rootselaar.  

According to the Left, we should see a well-adjusted 18 year old finally in the gender category he “identifies” with.  

But what I see here is something close to demonic possession. 

“Male and female He created them.” https://t.co/tNUcNUX9P2"
https://x.com/i/status/2028841805614043432,yes,Rand Paul is a cosponsor of the SAVE act  https://x.com/RandPaul/status/2026317142228979894?s=20,"🚨BREAKING: Donald Trump just posted a video of this young man exposing the 8 RINOs stopping the SAVE Act from getting passed:

1) Rand Paul
2) Thom Tillis
3) Todd Young
4) Jerry Moran
5) Susan Collins
6) Chuck Grassley
7) Lisa Murkowski
8) Mitch McConnell

Time to get loud MAGA. https://t.co/Wz64SXaxkS"
https://x.com/i/status/2016803906446352414,yes,It was supreme court that stayed the directive. Modi government introduced &amp; implemented it.   https://sundayguardianlive.com/india/new-ugc-bill-2026-what-are-the-new-equity-rules-why-are-they-controversial-how-will-colleges-implement-them-166697/  https://www.dnaindia.com/india/report-ugc-regulations-put-on-hold-by-supreme-court-amid-massive-protest-3198605,"#WATCH | On SC staying UGC guidelines 2026, Union Minister Giriraj Singh says, ""I thank everyone, including the country's Prime Minister Modi and Home Minister Amit Shah. I thank the court for the decision it has passed. Prime Minister Modi has never discriminated against anyone https://t.co/IFZbSqdl6N"
https://x.com/i/status/2017745572355051945,yes,The clip shows Anaheim Police Department officers apprehending a teen suspect trying to evade arrest for robbing a jewelry store. Anaheim PD said it will launch an internal use-of-force investigation into the incident. No ICE or other federal immigration agents were involved.     https://www.nbclosangeles.com/news/local/video-anaheim-police-smash-and-grab-burglary-suspect-arrest/3839594/,"Lynwood, CA — Footage shows an ICE agent pistol whipping a 16-year-old boy in the face with a handgun as the teen appears to be raising his hands and unarmed. Other officers violently force him to the ground, kneeling on his back into a curb, in the presence of an attack dog, as https://t.co/5mBP8bApka"
https://x.com/i/status/2020871213111754787,yes,The utility pole in Bad Bunny’s Super Bowl halftime show functioned as a symbolic reference to Puerto Rico’s chronic power supply problems.    https://www.lifeandstylemag.com/posts/what-you-missed-during-bad-bunnys-super-bowl-halftime-performance/,"It’s kind of ironic how Bad Bunny was dancing on an electrical post at the Super Bowl halftime show. 

Puerto Rico isn’t exactly known for having reliable electricity. 

He could have highlighted the electrical grid crisis in PR and done some good with his platform, but he chose https://t.co/fCUw3jsUue"
https://x.com/i/status/2026665989702635840,yes,"The pool turned green because the added water from snow/rain reduces the pH of the water. Rainwater is naturally more acidic than chlorinated water in a swimming pool.     The addition of metal reducer, which is a strong base, quickly neutralizes the acidic pool water.     https://cannonballpools.ca/pool-supplies-maintenance-blog/why-does-my-pool-turn-green-after-it-rains/","American “We got 10 inches of snow and three inches of ice, and the pool turned green”

“I'm gonna put some metal reducer in the pool and see if that helps”

The water instantly turns a clear, indicating it was metals causing the color change

We MUST ban cloud seeding in America https://t.co/wRFw1zCLgA"
https://x.com/i/status/2017900993095331946,yes,"The depicted &quot;Oscar&quot; robot is from &quot;The Modular Body,&quot; a 2016 fictional sci-fi art project, not real scientific research. https://themodularbody.com/ https://www.snopes.com/fact-check/the-modular-body-videos","When I first read about Oscar, I had to stop and think.

A robot made from living tissue — not metal, not code — actual biological parts that move and heal on their own.

This isn’t a scene from a sci-fi movie anymore. Scientists are already merging biology and robotics to create https://t.co/YDtFKnfUs2"
https://x.com/i/status/2013782400904331487,yes,"While some Greenlanders may support joining the US as shown in the video, no poll indicates 78% want this. A Verian survey (Jan 2025) found 85% prefer staying with Denmark, 6% favor joining.  https://www.veriangroup.com/news-and-insights/opinion-poll-greenland-2025  https://www.sermitsiaq.ag/samfund/stort-flertal-imod-amerikansk-overtagelse/2187957  https://thehill.com/policy/international/5112709-greenland-residents-donald-trump-us-acquisition-survey","Contrary to what our MSM claim most Greenlanders now want to join the USA 
Poll hits 78% wanting to join America. Hearts and minds are turning to the USA. Given the choice who would you rather have lead you President Trump (elected) or President Ursula von Der Leyen (unelected) ? https://t.co/NMyxTcZvO8"
https://x.com/i/status/2019338540803301585,yes,"The reason why the snow appears to be &quot;burning&quot; instead of melting is a combination of factors. The main argument, the &quot;burn&quot;, is actually the soot from whatever fuel source was ignited by the fire, leaving a layer on top of the snow. https://www.cbsnews.com/detroit/news/debunking-burning-snow-videos/","🇺🇸 Meanwhile across America

“Ok explain this to me - that’s a flame thrower - this is snow and it’s not melting”

As more and more Americans become more suspicious of their chemically infused snow, the experiments continue to get wilder improving that it’s not entirely natural‼️ https://t.co/m0c7DiDF6O"
https://x.com/i/status/2021511847447302217,yes,"These were participants in state-organized rallies marking the 47th anniversary of Iran's 1979 Islamic Revolution, not protesters. https://x.com/DeccanChronicle/status/2021554912912646617 https://x.com/JasonMBrodsky/status/2021553962348941676","Iranian protesters burned an effigy labeled Baal, depicted with a Star of David and portrayed as a satanic figure, while chanting “Death to Israel.”

Baal is an ancient Canaanite deity, often used in modern narratives as a symbol of Satanism, elite corruption, child sacrifice, or https://t.co/n5jqoWfc1C"
https://x.com/i/status/2013456284348199343,yes,"The information conveyed in this post is actually incorrect. The video is taken from a different source, and there is no credible source or news link provided by the user. When cross-checking the same in the major news outlets, found no such information.     https://twitter.com/grok/status/2013457643780604332","A 9 year old girl gave birth to a child, A very shocking case has come out from Haryana's Kaithal. 

The news of a 9 year old girl getting pregnant for 8 months shook the entire area. 

It is also a serious allegation that the mother kept trying to save the son while the innocent https://t.co/yTkr3TxH9l"
https://x.com/i/status/2012519566786564569,yes,This is Noelle Jean Seward during her hike of the Pacific Crest Trail in 2024.    She became sick from virally contaminated water and was debating which patch to follow to safety.    She was well prepared and used a Garmin InReach device to alert her family.    https://www.tiktok.com/@noellejeanseward/video/7374829397141884203,"Who’s poor woman went hiking along the Appalachian trail, she didn’t realize that out there, many don’t have cell service. Trees and mountains meld together and everything starts looking alike, trails feel like you are walking in circles and without gps, it’s easy to get lost and https://t.co/95urSfrr9M"
https://x.com/i/status/2011483465342972081,yes,"Renee Good's former father-in-law, Timmy Macklin, not Rebecca Good's father, is the person interviewed here with CNN's Erin Burnett.  https://www.cnn.com/2026/01/13/us/video/ebof-timmy-macklin-renee-good-father-in-law-minneapolis-ice  ","Last night on CNN, Rebecca Good's father appeared for his first interview to discuss Renee's death.

The host repeatedly probed for answers that would condemn President Trump, but his answer even took the host back.

""I don't blame ICE, I don't blame Rebecca, I don't blame Renee. https://t.co/yuq30CY3Wo"
https://x.com/i/status/2031108738182951068,yes,"Parental Controls has existed for decades in almost all operating systems, are one of the first steps during setup, and third party tools exist to expand their capabilities. It takes less than 10 mins to setup. The bills do the opposite for digital ID’s instead.    https://x.com/i/status/2029493794765259163  https://en.wikipedia.org/wiki/Parental_controls  https://support.apple.com/en-us/105121  https://support.apple.com/guide/mac-help/set-up-content-and-privacy-restrictions-mchl8490d51e/mac  https://www.microsoft.com/en-us/microsoft-365/family-safety  https://help.ubuntu.com/stable/ubuntu-help/parental-controls.html.en  https://www.xbox.com/en-US/apps/family-settings-app  https://www.playstation.com/en-us/ps-family-app/","App stores should be held to the same standards as their brick-and-mortar counterparts. Age verification measures for app purchases are common sense solutions to give parents oversight of their kids' online experience.

The App Store Accountability Act does just that, helping put https://t.co/92zCedMqfj"
https://x.com/i/status/2033151140305739994,yes,"US soldiers are not on the ground in Iran, and there are no confirmed reports of this.  This video appears to be from a 2000s training exercise video around Camp Pendleton, CA (not Iran) as you see American Tractor Trailers and cars in the background. Similar vids linked.    https://www.dvidshub.net/search/2.0?tagSearch=true&amp;q=*&amp;type=video&amp;dateStart=2019-01-01&amp;dateEnd=2026-03-15","‼️ 🇺🇸 American boots are on the ground as Iran clamps down on the Strait of Hormuz.

USS Bataan F-5 and USS Carter Hall LSD-50 are on position, carrying the elite 26th Marine Expeditionary Unit 2,500 battle-ready Marines ready to respond anywhere, anytime.

President Donald Trump https://t.co/2FuqNs4utG"
https://x.com/i/status/2030410875363066157,yes,This video is from the Marathon Server Slam(Feb 26th).  The glitch was fixed the day after and is not present on the actual release.    https://x.com/i/status/2027541906524393892 (Marathon's dev team post about the fix)    https://x.com/i/status/2030550255582786034 (Proof this is from Server Slam),"Marathon is being raked over the coals right now on Twitch, with many streamers, including Summit1G, complaining that even the menu doesn't seem to work properly. 

Summit1g ran into a nasty bug during his stream where the mouse cursor straight-up vanished, forcing him to plug in https://t.co/i6xawZLgad"
https://x.com/i/status/2021137387875688725,yes,"1st and 5th pics are AI generated.  2nd &amp; 3rd image is of Nehru with sister Vijaylakshmi Pandit. 4th image : Nehru is being given a kiss by his niece Nayantara Sehgal.  6th image: Nehru with Mrs. Simon, wife of British Deputy High Commissioner, onboard first BOAC flight.    https://x.com/zoo_bear/status/2021286600916021297  https://www.altnews.in/bjp-cell-head-amit-malviya-shares-affectionate-pictures-nehru-sister-niece-claims-hardik-patels-dna/  ","Watch : Union Minister Giriraj Singh says, ""What can I say about this poster? The poster itself speaks about how Nehru allegedly insulted the nation, for his own ambitions and desires. It claims that he compromised the country, kept Kashmir at stake, internationalized the Kashmir https://t.co/iLGcwn1Py5"
https://x.com/i/status/2030309154607296821,yes,"Passengers had their hands up because SWAT boarded, not because of the &quot;threat&quot;. The diversion happened after other passengers reported the man for praying in a foreign language and having a prayer timer on his phone. FBI found no credible threat, and no charges were filed.    https://www.wptv.com/news/state/broward/southwest-airlines-flight-diverted-to-atlanta-after-passenger-allegedly-makes-bomb-threat-mid-flight","BREAKING:

@SouthwestAir Southwest Airlines Flight 2094 from Nashville to Fort Lauderdale, Florida was forced to divert to Atlanta late last night after a an Arabic looking Muslim passenger onboard the plane threatened to blow the plane up with a bomb! 

You can see the SWAT team https://t.co/5YI8DDxCHK"
https://x.com/i/status/2019169342819090762,yes,"Misleading: the video shows French influencer Tincho leaving a laptop in a Chinese mall for 30 minutes; he did not post tests in Italy, France or the UK. The claimed European times are unverified additions in reposts. https://www.instagram.com/reel/DOI3moEDNZP https://www.ndtv.com/offbeat/influencer-leaves-laptop-in-public-in-china-what-happened-next-shocked-everyone-9244869","A French man wanted to see how quickly a laptop would be stolen if left in public in different countries!

In 🇮🇹 Italy, it was gone in 11 seconds! In 🇫🇷 France, it took 14 seconds! In the 🇬🇧 UK, it lasted 33 seconds!

But when he tried this in 🇨🇳 China, what happened shocked him! https://t.co/P1iRSvshCj"
https://x.com/i/status/2013931070350045542,yes,"First, the original video is from early January.    Second, Meloni was responding NOT to Trump, but to critics of Italian foreign policy, who claim Italy should &quot;separate&quot; from NATO.      Third, the full context of her remarks are here:  https://www.youtube.com/watch?v=wHyUEN0N_C0","Donald Trump: “NATO is nothing without America.”

Meloni: “Perfect. Then Europe will close the U.S. bases, tear up the sweetheart trade deals, and, just to make the message land, boycott McDonald’s too.”

That is the blunt reality: if Washington wants to talk like protection is a https://t.co/FurDdBYCXd"
https://x.com/i/status/2015621968641531943,yes,This video was ripped and reposted for the purpose of getting paid for someone else's content.    https://x.com/itskyleconner/status/2015562903865188643,"🇺🇸 Kyle Conner took Tesla's Full Self-Driving for a spin in A brutal ice storm, pushing it hard on low-friction surfaces.

Results? 

It's navigating cones like a boss in the middle of a storm so brutal I couldn't even see the damn road in the video.

It's already better than the https://t.co/tXht7rTYZw"
https://x.com/i/status/2025088356540186684,yes,This is not AI. It was made by ARTISTS at the VFX studio Cinesite.    https://cinesite.com/cinesite-honoured-at-ves-awards-2024/,"AI is not killing art.
It is redefining the canvas.

London’s Frameless museum just demonstrated something important.
Immersive AI and digital projections are not replacing artists. They are expanding human expression in ways static walls never could.

For years, I’ve argued that https://t.co/ejIhF9LalG"
https://x.com/i/status/2031814632638140811,yes,"This video has been edited to add a fabricated court case and lawsuit. The real 2025 incident involved Katreena Aiken, who faced misdemeanor charges and a fine but did not sue. The man was not charged.    https://www.dailymail.co.uk/news/article-14283593/ohio-road-rage-karen-stunning-admission-toledo.html  https://www.boredpanda.com/road-rage-karen-got-body-slammed-viral-video-comes-forward  https://torontosun.com/news/world/woman-body-slammed-in-road-rage-incident-says-she-learned-her-lesson","A road rage confrontation escalated when a woman got out of her car and approached a man during a heated argument in traffic. According to the video and bystanders, she was the clear aggressor and struck the man first. After being hit, the man retaliated and hit her back, turning https://t.co/T8iAHxB6Ix"
https://x.com/i/status/2030800226211008634,yes,The Iranian women's football team remains in Australia after elimination from the Women's Asian Cup and has not been captured or sent back to Iran. https://apnews.com/article/iran-soccer-womens-asian-cup-6a9fd17b140e01b9e841a766c9ff2670 https://www.theguardian.com/football/2026/mar/08/iran-women-asian-cup-the-phillipines-elimination-human-rights,"On Tuesday, the Iranian women’s football team refused to sing the anthem of the Islamic Regime.

Tonight, they were captured by the Regime and sent back to Iran to die.

So, to all liberal women:

You claim to be feminists.
You claim to fight for women.

Prove it.
FIGHT FOR THEM. https://t.co/vfBgH5husf"
https://x.com/i/status/2015847563573002588,yes,These bins do not require payment. They require an RFID fob issued to local residents to use. This helps prevent flytipping     https://x.com/CVanDutch/status/2015866332550418935?s=20,"🇬🇧 Meanwhile in Broken Britain 

“These news Bins - you have to pay by credit card to put your stuff in the bin”

You’ve all seen how dirty &amp; littered with rubbish the UK’s towns and cities are becoming.

So to combat this city of Sheffield - thought it would be a good idea to https://t.co/5rJWwEx2Or"
https://x.com/i/status/2032171185040212296,yes,"This video is AI-generated. Major General CS Mann did not make these statements at the Synergia Conclave. He discussed AI in warfare, not geopolitics involving Pakistan or Iran.    https://x.com/ANI/status/2031862884251418730  https://x.com/dintentdata/status/2032186656741343276  https://www.ndtv.com/world-news/pakistan-man-hacked-31-accounts-to-spread-ai-videos-amid-us-israel-iran-conflict-11171177","VERY ALARMING ⚠️

At the Synergia Conclave, Major General CS Mann, AVSM, VSM, Additional Director General (ADG) of the Army Design Bureau (ADB), says, ""If Israel succeeds in taking down Iran, then Pakistan can be controlled from 3 sides. India from the East &amp; Afghan Taliban and https://t.co/W5IeTJfoqR"
https://x.com/i/status/2031997434063167917,yes,"This video is an AI-generated deepfake, not a genuine statement by MEA spokesperson Randhir Jaiswal. India has not issued such a warning to Iran; its position is concern and calls for de-escalation.    https://x.com/MEAFactCheck/status/2032012634669629624    https://x.com/MEAIndia/status/2028793379484762244    https://www.thehindu.com/news/national/iran-israel-war-india-expresses-great-anxiety-over-intensification-of-conflict-in-west-asia/article70699308.ece","India Issues Stern Warning to Iran Following Recent Threats

Randhir Jaiswal, Spokesperson, MEA threatens Tehran for the first time,

""There should be no doubt that India will first confirm that Iran is involved in doing such attacks &amp; if confirmed, Iran will get a reply harsher https://t.co/odoCLt2TLr"
https://x.com/i/status/2031619434981494859,yes,"The incident in this video occurred in Dhaka, Bangladesh, not India. The woman is content creator Monika Kabir, who is based in Bangladesh.    Sources: https://www.instagram.com/reel/DVtiCV_jt6a https://www.youtube.com/shorts/BbfEScPVdT8","An Indian man inappropriately touched brea&amp;ts of this Russian model in India.

Despite there being plenty of space, he deliberately came very close to her.

The woman immediately confronted him and showed him his place.

Now Indian men are defending this lewd old man by saying he https://t.co/tGUF7lPsJk"
https://x.com/i/status/2031934732225954296,yes,"The SafeSea Vishnu is a US-operated, Marshall Islands-flagged tanker, not Indian. It was attacked in Iraqi waters near Basra, not the Strait of Hormuz. An Indian seafarer was killed in the attack.    https://www.aljazeera.com/news/2026/3/12/five-vessels-attacked-amid-reports-of-iranian-drone-boats-sea-mines    https://www.business-standard.com/world-news/indian-killed-in-iranian-suicide-boat-attack-on-tanker-in-iraqi-waters-126031200129_1.html    https://www.tradewindsnews.com/tankers/greek-and-us-owned-product-tankers-ablaze-off-iraq-as-noose-tightens-on-middle-east-shipping/2-1-1958737","This is SafeSea Vishnu Oil tanker, this was trying to pass Strait of Hormuz when Iran striked it

Iran is allowing only those country's ships who are either Neutral Or Friend to Iran

Our Indian ships can't pass now, all because Gobi surrendered to Trump &amp; Israel

All Indians has https://t.co/M6xRXK2Sy3"
https://x.com/i/status/2032538361622077457,yes,"“Nike PR staff” quote is unverified viral anecdote. Nike confirmed 2005 ad used digital editing/off-camera ball kicks for rebounds (only 2 consecutive hits by Ronaldinho, not 4). Ball trajectories adjusted unnaturally. https://www.goal.com/en-us/news/was-ronaldinho-crossbar-challenge-real-nike-ad-tiempo-boots-classic-commercial-explained/blt39ff6416487e8c28 https://skeptics.stackexchange.com/questions/1863/ronaldinho-crossbar-commercial https://www.dr.dk/sporten/fodbold/klubhuset-gaar-bag-om-ronaldinho","Nike PR staff: “We asked him to put on the spikes and show us some tricks. The very first thing he showed us was that famous scene of hitting the crossbar multiple times in a row. All we could say was, ‘Ronnie. Thank you. The commercial shoot is already over.’ https://t.co/7xW3mok8Pp https://t.co/IVnnebnW4a"
https://x.com/i/status/2030283040107438321,yes,"false; the clash began when an 11-year-old Hindu girl accidentally splashed colored water from a Holi balloon on a neighboring woman, sparking a dispute between long-standing neighbor families that escalated into violence, resulting in the death of 26-year-old Tarun Kumar.    https://www.hindustantimes.com/cities/delhi-news/man-killed-as-families-clash-over-water-balloon-thrown-on-holi-in-delhi-minor-among-5-held-101772763164780.html   https://timesofindia.indiatimes.com/city/delhi/water-balloon-mob-attack-murder-how-delhis-uttam-nagar-tragic-holi-incident-unfolded/articleshow/129201500.cms ","Every non-Indian must read and share.

A group of Hindus molested a Muslim woman in their sexual molestation festival, called Holi.

The Muslim family retaliated and one molester was deleted as a result.

After that, Hindus came in support of the molesters &amp; burnt victim's house. https://t.co/IkygkC7b4K"
https://x.com/i/status/2032857500324974999,yes,"No independent sources confirm China sent 30 trucks of drones and ammo to Iran's Sistan via Pakistan. General reports exist of China aiding Iran, but not this route. The 'representative' video is a 2019 clip of trucks entering China from Pakistan.    https://www.youtube.com/watch?v=XI8xZUBHFf0    https://www.reuters.com/world/china/iran-nears-deal-buy-supersonic-anti-ship-missiles-china-2026-02-24","BREAKING: After the closure of air &amp; sea routes to Iran by the U.S. &amp; Israeli Forces, China is reportedly supplying drones and ammunition via a land route through Pakistan. At least 30 Chinese trucks have reportedly reached Sistan, Iran, through Pakistan. (Representative video) https://t.co/TLSgwgn0y2"
https://x.com/i/status/2023748590406168927,yes,This video was taken years ago. ethical journalism should always include the date in addition to location. Video was posted for engagement not to inform public.    https://x.com/grok/status/2023896916421976194?s=46,"NEW: Our cameras were rolling in Lukeville, AZ as groups of illegal immigrants rushed through a breach in the border wall as Border Patrol &amp; federal contractors were trying to fix it. Their human smuggler then shrugs at our cameras &amp; salutes us. Cuts/breaches all over wall here. https://t.co/oOcAu23qz1"
https://x.com/i/status/2026229870968127931,yes,"Trump did not hint at leaving office soon. In the clip from his Feb. 20, 2026 remarks, he referred to replacing the &quot;incompetent Fed chairman&quot; with &quot;somebody very good,&quot; not himself. The quoted post is unrelated and vague.    https://rollcall.com/factbase/trump/transcript/donald-trump-press-conference-supreme-court-tariffs-february-20-2026  https://www.reuters.com/world/us/trump-mentioning-fed-chair-pick-says-interest-rates-should-come-down-2026-02-20  https://www.whitehouse.gov/videos/president-trump-delivers-remarks-feb-20-2026","🚨 THIS IS SCARY

TRUMP HINTED THAT HE COULD BE LEAVING OFFICE SOON

NO LIMIT PREDICTED IT 2 DAYS AGO AND NOW HIS ACCOUNT IS EXPLODING

ANYONE WHO HASN’T FOLLOWED HIM YET WILL REGRET IT LATER, AND THEY KNOW IT

TRUMP WENT ON TO SAY HE WANTS TO SEND A BIG MONST… Show more https://t.co/brV1VG9Lw0 https://t.co/3umE9uyxkK"
https://x.com/i/status/2032122638852640951,yes,"“PENTAGON THINKS CLAUDE HAS BECOME SENTIENT AND MAY SOON TAKE OVER”, being presented as a headline is a misleading statement. The video posted does not make that claim, nor does it provide any supporting evidence leading to that extraordinary conclusion.      https://search.brave.com/search?q=pentagon+thinks+claude+is+sentient&amp;source=ios&amp;summary=1&amp;conversation=08d6d7f984850889c94670e6e0aef14da180","🚨BREAKING: PENTAGON THINKS CLAUDE HAS BECOME SENTIENT AND MAY SOON TAKE OVER

&gt;claude has a soul
&gt;has a constitution
&gt;that’s NOT the U.S. Constitution
&gt;the other day claude was anxious
&gt;anthropic believes claude has a 20% chance of being sentient right now 
&gt;has its own ability https://t.co/qgGEtwOleM"
https://x.com/i/status/2021299848683704322,yes,"Shortly before the post was made, Matthew Moroun, the family who the owns the Ambassador Bridge, who opposed the construction, met with Howard Lutnick, who then informed Trump by phone.    Ambassador Bridge owner met with White House official before Trump’s post: NYT report    https://www.ctvnews.ca/politics/article/ambassador-bridge-owner-met-with-white-house-official-before-trumps-post-nyt-report/",".@PressSec: ""The fact that Canada will control what crosses the Gordie Howe Bridge and owns the land on both sides is unacceptable to @POTUS. It's also unacceptable that more of this bridge isn't being built with more American-made materials...This is just another example of https://t.co/rzphqSHJZt https://t.co/orQBYmlszi"
https://x.com/i/status/2025293496954102207,yes,"The receipt is fabricated by TikTok creator @fashion.ai42, who posts satirical videos with fake absurd restaurant charges like $10 fortune cookies. https://www.tiktok.com/@fashion.ai42 https://www.yelp.com/biz/gim-ling-restaurant-saint-clair-shores","This man orders Chinese food and decides not to tip. He shows his receipt with what appears to be the waitress’s message about the fact that he didn’t. He claims the $10.00 charge for two fortune cookies was the tip. So who is right? The waitress for getting upset, or him for https://t.co/l9lCJHZRdG https://t.co/5lQ3C321tS"
https://x.com/i/status/2032563054559326664,yes,"No Polymarket markets for the claimed &quot;Japan rate decision,&quot; &quot;EU emergency vote,&quot; or others resolved as described; the BOJ market remains unresolved. The video shows fabricated animation, and no on-chain wallet proof exists. https://polymarket.com/event/bank-of-japan-decision-in-march https://x.com/PelicanAI_/status/2032602958572003561","my OpenClaw woke me up at 3:47 AM with one message:

""found 6 markets resolving in next 90 minutes while US is asleep, need approval for $12K deployment""

i typed ""yes"" and went back to sleep

woke up to +$43,800

been running an agent that hunts timezone arbitrage for 9 days https://t.co/c2jj45hEV1 https://t.co/iHO9hmQvwv"
https://x.com/i/status/2021294911425749118,yes,Rep Ro Khanna did not call Howard Lutnick a pedophile in this clip.    https://x.com/lauraloomer/status/2021294911425749118?s=46,"During his anti-Trump press conference, @RepThomasMassie stood beside Democrat Rep. Ro Khanna @RoKhanna as Khanna called President Trump’s Commerce Secretary @howardlutnick a pedophile and demanded that he be dragged in front of Congress: 

“I believe that Lutnick, at the very https://t.co/kx74r2UHeT https://t.co/89HdHd1L90"
https://x.com/i/status/2012157600154931708,yes,"This OP clearly states that the HOA Pres. does not allow cars int he driveway. However, this is completely false. There is NO HOA in this area.    &quot;Neighbors told Johnson they didn’t recognize him or know why he was in their Berkley Hills Estates neighborhood.  See link.    https://www.wsbtv.com/news/local/gwinnett-county/video-shows-driver-smashing-g-wagon-into-least-30-cars-gwinnett-neighborhood/TZNA2X4WKZDG5FVUMO4OMSV2J4/","Your HOA president has made his most recent ridiculous demand, that all cars must be concealed in your garage, they cannot be parked in your own driveway. You hear a loud commotion and you go outside, he is driving his own car down the road and any car he sees in the driveways, https://t.co/0Avg5v7x83 https://t.co/JbOqEoG94M"
https://x.com/i/status/2013843203393495051,yes,This is a complete fabrication. The aircraft that was used to replace the usual 747 was a 757 that is usually used by the Vice President or other senior US administration.    https://www.forbes.com/sites/siladityaray/2026/01/21/switzerland-bound-air-force-one--forced-to-turn-back-due-to-minor-issue-trump-will-take-backup-jet/,"I, like most people, think the story about AF1 having an electrical system issue, returning to DC, switching to another aircraft, and then heading back to Switzerland is a lie—and that the whole thing was planned.

And for me, the single most noteworthy point in this news isn’t https://t.co/YACjLBOkOB https://t.co/RCZKj4CePv"
