tweet_id,feed,posted_at,snapshot_at,snapshot_impressions,current_at,current_impressions,current_likes,author_followers
1762166257732710575,large,2024-02-26T17:22:29+00:00,2026-07-13T07:20:16.816+00:00,100714,2026-07-22T09:41:11.703Z,100716,3095,187309
1976571987381395614,large,2025-10-10T08:54:19+00:00,2026-07-05T02:21:05.334+00:00,8848807,2026-07-22T09:41:11.703Z,8850019,41398,258523
2055566469283352622,large,2026-05-16T08:30:11+00:00,2026-05-17T10:04:33.492+00:00,104137,2026-07-22T09:41:11.703Z,143010,73,115203
2055613996334825513,large,2026-05-16T11:39:02+00:00,2026-05-16T17:36:00.608+00:00,59391,2026-07-22T09:41:11.703Z,426087,8092,600629
2055629171468947490,large,2026-05-16T12:39:20+00:00,2026-05-16T17:09:23.791+00:00,552664,2026-07-22T09:41:11.703Z,1340873,78169,230900
2055636019106476091,large,2026-05-16T13:06:33+00:00,2026-05-16T16:06:46.312+00:00,680858,2026-07-22T09:41:11.703Z,2056004,106396,426623
2055641958496743841,large,2026-05-16T13:30:09+00:00,2026-05-16T17:36:00.608+00:00,34655,2026-07-22T09:41:11.703Z,49370,207,10092297
2055647156480954612,large,2026-05-16T13:50:48+00:00,2026-05-16T16:34:49.581+00:00,49690,2026-07-22T09:41:11.703Z,416635,38287,108191
2055653538659758141,large,2026-05-16T14:16:10+00:00,2026-05-16T18:04:55.155+00:00,2739,2026-07-22T09:41:11.703Z,7459,21,134
2055656529810887009,large,2026-05-16T14:28:03+00:00,2026-05-16T16:06:46.312+00:00,183173,2026-07-22T09:41:11.703Z,911794,9345,3211969
2055663912461201617,large,2026-05-16T14:57:23+00:00,2026-05-16T20:07:00.976+00:00,80412,2026-07-22T09:41:11.703Z,1133700,126429,3329
2055668325498143219,large,2026-05-16T15:14:55+00:00,2026-05-16T20:07:00.976+00:00,6808,2026-07-22T09:41:11.703Z,224668,9151,10982
2055674732511408332,large,2026-05-16T15:40:23+00:00,2026-05-16T20:07:00.976+00:00,195093,2026-07-22T09:41:11.703Z,325160,18538,33259
2055679223407513678,large,2026-05-16T15:58:14+00:00,2026-05-16T21:33:55.527+00:00,119004,2026-07-22T09:41:11.703Z,516241,18775,97488
2055682006508323045,large,2026-05-16T16:09:17+00:00,2026-05-16T19:09:34.167+00:00,53651,2026-07-22T09:41:11.703Z,102231,1834,292710
2055688240649101730,large,2026-05-16T16:34:04+00:00,2026-05-16T20:32:12.668+00:00,8905,2026-07-22T09:41:11.703Z,26203,1800,565606
2055692210473984010,large,2026-05-16T16:49:50+00:00,2026-05-16T18:04:55.155+00:00,70256,2026-07-22T09:41:11.703Z,538508,55679,1093700
2055695668354617559,large,2026-05-16T17:03:34+00:00,2026-05-16T22:31:47.836+00:00,1044479,2026-07-22T09:41:11.703Z,2176354,16944,2646
2055700223230410935,large,2026-05-16T17:21:40+00:00,2026-05-17T08:33:10.288+00:00,552072,2026-07-22T09:41:11.703Z,1383092,2856,12269
2055706372172403149,large,2026-05-16T17:46:06+00:00,2026-05-17T09:22:40.391+00:00,56399,2026-07-22T09:41:11.703Z,74568,5626,102971
2055715064418554017,large,2026-05-16T18:20:39+00:00,2026-05-16T19:40:09.553+00:00,1731,2026-07-22T09:41:11.703Z,6100,142,146789
2055720638447321166,large,2026-05-16T18:42:48+00:00,2026-05-16T19:40:09.553+00:00,1471,2026-07-22T09:41:11.703Z,7148,294,450198
2055726713670172902,large,2026-05-16T19:06:56+00:00,2026-05-16T20:32:12.668+00:00,176118,2026-07-22T09:41:11.703Z,482732,2408,8845205
2055732680948633927,large,2026-05-16T19:30:39+00:00,2026-05-16T22:31:47.836+00:00,3067,2026-07-22T09:41:11.703Z,26429,711,27842
2055736920303345729,large,2026-05-16T19:47:30+00:00,2026-05-16T20:32:12.668+00:00,588,2026-07-22T09:41:11.703Z,3594,186,14230
2055745015885033602,large,2026-05-16T20:19:40+00:00,2026-05-17T08:33:10.288+00:00,351853,2026-07-22T09:41:11.703Z,2216662,25821,255
2055747898898301093,large,2026-05-16T20:31:07+00:00,2026-05-17T00:05:24.319+00:00,42042,2026-07-22T09:41:11.703Z,248645,6412,87905
2055752829009121708,large,2026-05-16T20:50:43+00:00,2026-05-17T01:18:19.614+00:00,174778,2026-07-22T09:41:11.703Z,537805,57760,1794354
2055761211711537386,large,2026-05-16T21:24:01+00:00,2026-05-17T01:18:19.614+00:00,32826,2026-07-22T09:41:11.703Z,107099,68,33107
2055770209076543561,large,2026-05-16T21:59:46+00:00,2026-05-17T12:38:15.304+00:00,497496,2026-07-22T09:41:11.703Z,762770,22142,94586
2055774584587051232,large,2026-05-16T22:17:10+00:00,2026-05-16T23:05:09.677+00:00,53839,2026-07-22T09:41:11.703Z,1298424,3134,1013200
2055782445392249290,large,2026-05-16T22:48:24+00:00,2026-05-17T00:05:24.319+00:00,21907,2026-07-22T09:41:11.703Z,42567,1256,295779
2055787907378495667,large,2026-05-16T23:10:06+00:00,2026-05-17T02:20:58.382+00:00,31133,2026-07-22T09:41:11.703Z,73692,538,2510522
2055800773263446318,large,2026-05-17T00:01:13+00:00,2026-05-17T12:38:15.304+00:00,95435,2026-07-22T09:41:11.703Z,681776,505,2867
2055808658911764842,large,2026-05-17T00:32:34+00:00,2026-05-17T14:32:35.01+00:00,20919,2026-07-22T09:41:11.703Z,50843,216,1301
2055820872145940870,large,2026-05-17T01:21:05+00:00,2026-05-17T03:46:55.307+00:00,3558,2026-07-22T09:41:11.703Z,8397,387,290062
2055835164211868053,large,2026-05-17T02:17:53+00:00,2026-05-17T03:46:55.307+00:00,11203,2026-07-22T09:41:11.703Z,633041,1521,42564
2055844227322413090,large,2026-05-17T02:53:54+00:00,2026-05-17T10:04:33.492+00:00,297620,2026-07-22T09:41:11.703Z,907516,25122,21430
2055856533427433536,large,2026-05-17T03:42:48+00:00,2026-05-17T16:07:27.517+00:00,296261,2026-07-22T09:41:11.703Z,1189809,166143,1681
2055865543576404382,large,2026-05-17T04:18:36+00:00,2026-05-17T12:38:15.304+00:00,1855627,2026-07-22T09:41:11.703Z,14934778,45297,13627
2055876695530537045,large,2026-05-17T05:02:55+00:00,2026-05-17T11:41:16.658+00:00,55741,2026-07-22T09:41:11.703Z,177142,2431,447665
2055893523895873616,large,2026-05-17T06:09:47+00:00,2026-05-17T13:53:05.624+00:00,75436,2026-07-22T09:41:11.703Z,197754,2259,115168
2055912635179385039,large,2026-05-17T07:25:43+00:00,2026-05-17T21:35:17.773+00:00,6615759,2026-07-22T09:41:11.703Z,17915942,9716,834
2055924538664190175,large,2026-05-17T08:13:01+00:00,2026-05-17T09:22:40.391+00:00,2514,2026-07-22T09:41:11.703Z,28170,519,62051
2055933640140583324,large,2026-05-17T08:49:11+00:00,2026-05-17T14:32:35.01+00:00,373882,2026-07-22T09:41:11.703Z,758226,11198,6126
2055942311062724671,large,2026-05-17T09:23:39+00:00,2026-05-17T15:08:07.815+00:00,150264,2026-07-22T09:41:11.703Z,1374433,66472,3202
2055956117058965563,large,2026-05-17T10:18:30+00:00,2026-05-17T11:13:06.703+00:00,58475,2026-07-22T09:41:11.703Z,506643,2350,2585463
2055969368182247878,large,2026-05-17T11:11:10+00:00,2026-05-17T17:08:25.802+00:00,386751,2026-07-22T09:41:11.703Z,45828566,41981,1266888
2055988293729231227,large,2026-05-17T12:26:22+00:00,2026-05-17T22:34:29.458+00:00,641307,2026-07-22T09:41:11.703Z,1091469,49594,5446095
2055997402553696681,large,2026-05-17T13:02:34+00:00,2026-05-17T21:06:31.514+00:00,271891,2026-07-22T09:41:11.703Z,788757,1661,24148
2056001159014293897,large,2026-05-17T13:17:29+00:00,2026-05-17T17:36:35.546+00:00,55769,2026-07-22T09:41:11.703Z,86695,8816,4075747
2056006826932469953,large,2026-05-17T13:40:00+00:00,2026-05-17T22:06:26.54+00:00,382066,2026-07-22T09:41:11.703Z,891017,65360,456076
2056012131133161980,large,2026-05-17T14:01:05+00:00,2026-05-17T15:08:07.815+00:00,9192,2026-07-22T09:41:11.703Z,58694,1409,43815
2056023300065898747,large,2026-05-17T14:45:28+00:00,2026-05-17T20:32:45.632+00:00,42558,2026-07-22T09:41:11.703Z,67635,1981,15554
2056029668097040384,large,2026-05-17T15:10:46+00:00,2026-05-17T18:06:45.814+00:00,18230,2026-07-22T09:41:11.703Z,1150973,20532,4629
2056041221630415136,large,2026-05-17T15:56:41+00:00,2026-05-18T00:07:16.316+00:00,25802,2026-07-22T09:41:11.703Z,34649,745,148314
2056045323730997585,large,2026-05-17T16:12:59+00:00,2026-05-17T18:38:20.471+00:00,39283,2026-07-22T09:41:11.703Z,82008,139,389084
2056050057380524225,large,2026-05-17T16:31:47+00:00,2026-05-18T00:07:16.316+00:00,52691,2026-07-22T09:41:11.703Z,643201,1346,16283
2056054841924071870,large,2026-05-17T16:50:48+00:00,2026-05-17T22:06:26.54+00:00,232776,2026-07-22T09:41:11.703Z,494243,35601,1115516
2056058538116747365,large,2026-05-17T17:05:29+00:00,2026-05-17T19:10:28.612+00:00,727414,2026-07-22T09:41:11.703Z,15448675,103796,3226959
2056064705349972152,large,2026-05-17T17:30:00+00:00,2026-05-17T20:32:45.632+00:00,1619496,2026-07-22T09:41:11.703Z,8151667,11672,1471992
2056070575148154892,large,2026-05-17T17:53:19+00:00,2026-05-17T22:34:29.458+00:00,35125,2026-07-22T09:41:11.703Z,92167,2597,389434
2056078239584370850,large,2026-05-17T18:23:47+00:00,2026-05-17T19:10:28.612+00:00,158,2026-07-22T09:41:11.703Z,766,3,259
2056086454346948879,large,2026-05-17T18:56:25+00:00,2026-05-17T23:36:42.755+00:00,237524,2026-07-22T09:41:11.703Z,1460016,147,4303
2056094394823102491,large,2026-05-17T19:27:58+00:00,2026-05-18T00:07:16.316+00:00,18107,2026-07-22T09:41:11.703Z,55050,162,972
2056100570511880469,large,2026-05-17T19:52:31+00:00,2026-05-17T21:35:17.773+00:00,387213,2026-07-22T09:41:11.703Z,1229538,11520,1614848
2056109939433644134,large,2026-05-17T20:29:44+00:00,2026-05-17T23:36:42.755+00:00,75373,2026-07-22T09:41:11.703Z,490534,21071,30545
2056117279016849835,large,2026-05-17T20:58:54+00:00,2026-05-17T23:06:54.734+00:00,26209,2026-07-22T09:41:11.703Z,1090368,25814,456099
2056130039280812248,large,2026-05-17T21:49:37+00:00,2026-05-18T05:25:42.062+00:00,57992,2026-07-22T09:41:11.703Z,94586,579,115273
2056138165149155339,large,2026-05-17T22:21:54+00:00,2026-05-18T06:49:12.762+00:00,46360,2026-07-22T09:41:11.703Z,85895,6626,222
2056145397320397097,large,2026-05-17T22:50:38+00:00,2026-05-18T02:21:38.12+00:00,84063,2026-07-22T09:41:11.703Z,1491193,103694,7942
2056155408717185107,large,2026-05-17T23:30:25+00:00,2026-05-18T05:25:42.062+00:00,229359,2026-07-22T09:41:11.703Z,1596541,46379,22520
2056165751564681658,large,2026-05-18T00:11:31+00:00,2026-05-18T01:19:12.185+00:00,14137,2026-07-22T09:41:11.703Z,55170,47,49403
2056175329262145767,large,2026-05-18T00:49:35+00:00,2026-05-18T03:47:44.972+00:00,31756,2026-07-22T09:41:11.703Z,162391,6472,62444
2056188486563381288,large,2026-05-18T01:41:51+00:00,2026-05-18T06:49:12.762+00:00,153375,2026-07-22T09:41:11.703Z,838714,7974,76829
2056206999394660516,large,2026-05-18T02:55:25+00:00,2026-05-18T08:23:53.751+00:00,4134,2026-07-22T09:41:11.703Z,8604,211,762495
2056227921233133712,large,2026-05-18T04:18:33+00:00,2026-05-18T11:21:52.99+00:00,136865,2026-07-22T09:41:11.703Z,196863,2130,107643
2056264773377941901,large,2026-05-18T06:45:00+00:00,2026-05-18T14:04:49.781+00:00,1204617,2026-07-22T09:41:11.703Z,1578025,14416,1615027
2056281425783972323,large,2026-05-18T07:51:10+00:00,2026-05-18T11:21:52.99+00:00,5775,2026-07-22T09:41:11.703Z,17236,312,20848
2056308875477840360,large,2026-05-18T09:40:14+00:00,2026-05-18T22:35:22.735+00:00,13670,2026-07-22T09:41:11.703Z,85623,15322,290537
2056327298521928074,large,2026-05-18T10:53:27+00:00,2026-05-18T22:10:15.449+00:00,5185,2026-07-22T09:41:11.703Z,6561,349,497360
2056340530808705075,large,2026-05-18T11:46:02+00:00,2026-05-18T14:04:49.781+00:00,62816,2026-07-22T09:41:11.703Z,413135,1309,229704
2056351658515300650,large,2026-05-18T12:30:15+00:00,2026-05-18T17:36:55.155+00:00,585386,2026-07-22T09:41:11.703Z,2682070,23565,6511
2056360676176580956,large,2026-05-18T13:06:05+00:00,2026-05-18T14:04:49.781+00:00,31867,2026-07-22T09:41:11.703Z,538640,5184,2261797
2056376008643674388,large,2026-05-18T14:07:00+00:00,2026-05-18T16:37:08.051+00:00,53810,2026-07-22T09:41:11.703Z,406637,3834,108829
2056385434171953616,large,2026-05-18T14:44:27+00:00,2026-05-18T22:10:15.449+00:00,25072,2026-07-22T09:41:11.703Z,33968,797,965250
2056392187428868224,large,2026-05-18T15:11:18+00:00,2026-05-18T19:54:17.842+00:00,376475,2026-07-22T09:41:11.703Z,3877012,34044,454486
2056402980623016346,large,2026-05-18T15:54:11+00:00,2026-05-18T18:22:19.971+00:00,18974,2026-07-22T09:41:11.703Z,118956,130,329173
2056409146736422932,large,2026-05-18T16:18:41+00:00,2026-05-18T17:36:55.155+00:00,30157,2026-07-22T09:41:11.703Z,397692,1357,110768
2056414263850520662,large,2026-05-18T16:39:01+00:00,2026-05-18T21:10:54.194+00:00,346087,2026-07-22T09:41:11.703Z,1698742,2060,1086941
2056424030245138682,large,2026-05-18T17:17:49+00:00,2026-05-18T22:35:22.735+00:00,32407,2026-07-22T09:41:11.703Z,45973,1665,446449
2056430877069201887,large,2026-05-18T17:45:02+00:00,2026-05-18T22:35:22.735+00:00,46538,2026-07-22T09:41:11.703Z,222422,8365,6784888
2056435216835903671,large,2026-05-18T18:02:17+00:00,2026-05-18T21:43:15.057+00:00,135848,2026-07-22T09:41:11.703Z,301743,1281,110451
2056439939571601426,large,2026-05-18T18:21:03+00:00,2026-05-18T22:10:15.449+00:00,44724,2026-07-22T09:41:11.703Z,51346,896,191562
2056445541949595672,large,2026-05-18T18:43:18+00:00,2026-05-18T23:38:44.613+00:00,376741,2026-07-22T09:41:11.703Z,2250336,13153,6136282
2056452521770594379,large,2026-05-18T19:11:02+00:00,2026-05-18T20:34:02.964+00:00,5026,2026-07-22T09:41:12.795Z,192763,8111,34526
2056458565959713056,large,2026-05-18T19:35:03+00:00,2026-05-18T22:10:15.449+00:00,14444,2026-07-22T09:41:12.795Z,35494,31,1875
2056468249865314478,large,2026-05-18T20:13:32+00:00,2026-05-18T20:34:02.964+00:00,40590,2026-07-22T09:41:12.795Z,326017,789,167844
2056476235241263253,large,2026-05-18T20:45:16+00:00,2026-05-18T23:09:12.152+00:00,182073,2026-07-22T09:41:12.795Z,312505,4474,2012007
2056481562430943257,large,2026-05-18T21:06:26+00:00,2026-05-19T06:48:18.318+00:00,72796,2026-07-22T09:41:12.795Z,121665,1128,24154
2056488537856348459,large,2026-05-18T21:34:09+00:00,2026-05-19T01:19:29.602+00:00,697435,2026-07-22T09:41:12.795Z,1678850,2282,1098411
2056492896715427860,large,2026-05-18T21:51:29+00:00,2026-05-18T23:38:44.613+00:00,14508,2026-07-22T09:41:12.795Z,40382,302,490034
2056503032377188453,large,2026-05-18T22:31:45+00:00,2026-05-19T00:10:26.184+00:00,1032,2026-07-22T09:41:12.795Z,6087,379,66830
2056510196139352444,large,2026-05-18T23:00:13+00:00,2026-05-18T23:38:44.613+00:00,710,2026-07-22T09:41:12.795Z,8875,456,99884
2056520631613575398,large,2026-05-18T23:41:41+00:00,2026-05-19T00:10:26.184+00:00,9013,2026-07-22T09:41:12.795Z,30424,1132,1744884
2056531645210173771,large,2026-05-19T00:25:27+00:00,2026-05-19T02:21:21.623+00:00,19945,2026-07-22T09:41:12.795Z,149669,2921,252948
2056556675918655770,large,2026-05-19T02:04:55+00:00,2026-05-19T03:47:04.567+00:00,87280,2026-07-22T09:41:12.795Z,334198,738,3496610
2056568189048566199,large,2026-05-19T02:50:40+00:00,2026-05-19T10:45:31.686+00:00,112666,2026-07-22T09:41:12.795Z,272966,6591,11281
2056584238217167136,large,2026-05-19T03:54:26+00:00,2026-05-19T05:23:31.683+00:00,39860,2026-07-22T09:41:12.795Z,335060,17035,4148210
2056600435574644853,large,2026-05-19T04:58:48+00:00,2026-05-19T08:12:36.346+00:00,304104,2026-07-22T09:41:12.795Z,2947455,85132,26192
2056618270091104691,large,2026-05-19T06:09:40+00:00,2026-05-19T09:29:23.291+00:00,169340,2026-07-22T09:41:12.795Z,779289,15925,515756
2056685848582611436,large,2026-05-19T10:38:12+00:00,2026-05-19T13:07:28.999+00:00,21659,2026-07-22T09:41:12.795Z,533032,4539,18010
2056714294893425127,large,2026-05-19T12:31:14+00:00,2026-05-19T14:10:52.334+00:00,2135,2026-07-22T09:41:12.795Z,32210,2879,206370
2056726118820901241,large,2026-05-19T13:18:13+00:00,2026-05-19T14:10:52.334+00:00,63192,2026-07-22T09:41:12.795Z,461202,7000,599169
2056740287221837945,large,2026-05-19T14:14:31+00:00,2026-05-19T17:40:41.915+00:00,775803,2026-07-22T09:41:12.795Z,3753659,21146,1783379
2056749525914562755,large,2026-05-19T14:51:14+00:00,2026-05-19T16:36:05.51+00:00,25487,2026-07-22T09:41:12.795Z,132244,6334,3303914
2056756827359211859,large,2026-05-19T15:20:14+00:00,2026-05-19T16:36:05.51+00:00,15228,2026-07-22T09:41:12.795Z,1222015,12780,2284
2056766530411770156,large,2026-05-19T15:58:48+00:00,2026-05-19T20:44:13.305+00:00,340669,2026-07-22T09:41:12.795Z,545402,10851,946468
2056771111824638281,large,2026-05-19T16:17:00+00:00,2026-05-19T20:44:13.305+00:00,2055274,2026-07-22T09:41:12.795Z,9324319,27531,1652
2056776448665407908,large,2026-05-19T16:38:13+00:00,2026-05-19T17:40:41.915+00:00,65603,2026-07-22T09:41:12.795Z,330494,29497,1748685
2056781893681467545,large,2026-05-19T16:59:51+00:00,2026-05-19T18:24:22.27+00:00,524791,2026-07-22T09:41:12.795Z,2673922,2566,413181
2056796350197502274,large,2026-05-19T17:57:17+00:00,2026-05-19T19:15:32.853+00:00,13954,2026-07-22T09:41:12.795Z,38595,672,3395290
2056805853454327825,large,2026-05-19T18:35:03+00:00,2026-05-19T19:59:35.905+00:00,22485,2026-07-22T09:41:12.795Z,45041,513,6788477
2056813970238173516,large,2026-05-19T19:07:18+00:00,2026-05-19T23:51:27.479+00:00,21774,2026-07-22T09:41:12.795Z,49425,4631,168538
2056819430911566092,large,2026-05-19T19:29:00+00:00,2026-05-19T20:44:13.305+00:00,2058,2026-07-22T09:41:12.795Z,13619,191,130537
2056825053963067450,large,2026-05-19T19:51:21+00:00,2026-05-19T23:51:27.479+00:00,22828,2026-07-22T09:41:12.795Z,1168943,367,3824962
2056829651595534769,large,2026-05-19T20:09:37+00:00,2026-05-19T22:29:16.475+00:00,36015,2026-07-22T09:41:12.795Z,50818,4701,382984
2056833978473075047,large,2026-05-19T20:26:49+00:00,2026-05-19T21:15:49.043+00:00,209099,2026-07-22T09:41:12.795Z,10380806,17235,4088302
2056842335158505750,large,2026-05-19T21:00:01+00:00,2026-05-19T23:51:27.479+00:00,34285,2026-07-22T09:41:12.795Z,115408,6418,9786611
2056848208647553502,large,2026-05-19T21:23:21+00:00,2026-05-19T21:50:59.365+00:00,177,2026-07-22T09:41:12.795Z,333,1,89
2056858168781627821,large,2026-05-19T22:02:56+00:00,2026-05-20T02:28:26.181+00:00,428415,2026-07-22T09:41:12.795Z,1005142,8869,2378934
2056863972083581336,large,2026-05-19T22:26:00+00:00,2026-05-20T00:44:46.58+00:00,12189,2026-07-22T09:41:12.795Z,87336,6104,47278
2056875914299113589,large,2026-05-19T23:13:27+00:00,2026-05-20T02:28:26.181+00:00,464569,2026-07-22T09:41:12.795Z,9788235,22122,5896
2056884049172410537,large,2026-05-19T23:45:47+00:00,2026-05-20T01:40:18.842+00:00,291203,2026-07-22T09:41:12.795Z,718992,2713,117451
2056895872919917045,large,2026-05-20T00:32:46+00:00,2026-05-20T03:50:28.448+00:00,22356,2026-07-22T09:41:12.795Z,64321,625,74297
2056904283044323370,large,2026-05-20T01:06:11+00:00,2026-05-20T08:13:22.19+00:00,1686766,2026-07-22T09:41:12.795Z,15994982,4965,17735
2056915624916332601,large,2026-05-20T01:51:15+00:00,2026-05-20T05:24:01.822+00:00,99642,2026-07-22T09:41:12.795Z,208814,1676,70020
2056930645574914176,large,2026-05-20T02:50:56+00:00,2026-05-20T06:48:06.964+00:00,65804,2026-07-22T09:41:12.795Z,1103675,7312,528444
2056948092663115827,large,2026-05-20T04:00:16+00:00,2026-05-20T05:24:01.822+00:00,14260,2026-07-22T09:41:12.795Z,162128,7623,2495030
2056992440230269137,large,2026-05-20T06:56:29+00:00,2026-05-20T08:13:22.19+00:00,41195,2026-07-22T09:41:12.795Z,4220741,19003,7083440
2057003788368539982,large,2026-05-20T07:41:35+00:00,2026-05-20T10:34:51.615+00:00,340237,2026-07-22T09:41:12.795Z,3860392,8571,40952
2057011542722244785,large,2026-05-20T08:12:23+00:00,2026-05-20T09:33:10.409+00:00,1336,2026-07-22T09:41:12.795Z,4336,359,23491
2057034396436238436,large,2026-05-20T09:43:12+00:00,2026-05-20T11:42:43.387+00:00,893,2026-07-22T09:41:12.795Z,1775,10,64165
2057055834119483873,large,2026-05-20T11:08:23+00:00,2026-05-20T14:42:52.793+00:00,11866,2026-07-22T09:41:12.795Z,28738,466,199099
2057069003550360056,large,2026-05-20T12:00:43+00:00,2026-05-20T14:42:52.793+00:00,534431,2026-07-22T09:41:12.795Z,1803623,97808,1712476
2057085617515733134,large,2026-05-20T13:06:44+00:00,2026-05-20T14:42:52.793+00:00,20006,2026-07-22T09:41:12.795Z,80214,777,1587
2057115605824667742,large,2026-05-20T15:05:54+00:00,2026-05-20T22:06:21.604+00:00,692867,2026-07-22T09:41:12.795Z,2681418,80974,761274
2057138303720116358,large,2026-05-20T16:36:06+00:00,2026-05-20T22:06:21.604+00:00,551764,2026-07-22T09:41:12.795Z,6022859,4424,18297
2057154016048558159,large,2026-05-20T17:38:32+00:00,2026-05-20T23:45:39.225+00:00,190470,2026-07-22T09:41:12.795Z,339694,9520,410
2057173950782738944,large,2026-05-20T18:57:44+00:00,2026-05-20T23:14:41.254+00:00,5660,2026-07-22T09:41:12.795Z,11418,24,3380
2057184637600887109,large,2026-05-20T19:40:12+00:00,2026-05-20T21:21:08.326+00:00,46399,2026-07-22T09:41:12.795Z,243237,945,31916570
2057193509757534582,large,2026-05-20T20:15:28+00:00,2026-05-20T21:21:08.326+00:00,15105,2026-07-22T09:41:12.795Z,21349,31,8848822
2057209361915601329,large,2026-05-20T21:18:27+00:00,2026-05-21T02:18:51.009+00:00,225110,2026-07-22T09:41:12.795Z,460718,998,399391
2057222096304951486,large,2026-05-20T22:09:03+00:00,2026-05-21T01:21:36.514+00:00,101417,2026-07-22T09:41:12.795Z,336727,2230,362767
2057233045263114395,large,2026-05-20T22:52:34+00:00,2026-05-21T02:18:51.009+00:00,202172,2026-07-22T09:41:12.795Z,620899,15884,2631901
2057239293949538691,large,2026-05-20T23:17:23+00:00,2026-05-20T23:45:39.225+00:00,16,2026-07-22T09:41:12.795Z,21,0,926
2057261340264178142,large,2026-05-21T00:45:00+00:00,2026-05-21T08:04:04.182+00:00,173647,2026-07-22T09:41:12.795Z,264255,1203,69406
2057278851852489177,large,2026-05-21T01:54:35+00:00,2026-05-21T08:04:04.182+00:00,18043,2026-07-22T09:41:12.795Z,35411,122,73831
2057291952887070782,large,2026-05-21T02:46:38+00:00,2026-05-21T03:45:58.154+00:00,1144,2026-07-22T09:41:12.795Z,5444,76,890121
2057307398004760629,large,2026-05-21T03:48:01+00:00,2026-05-21T05:14:23.38+00:00,7362,2026-07-22T09:41:12.795Z,28418,64,42594
2057340614761386068,large,2026-05-21T06:00:00+00:00,2026-05-21T08:04:04.182+00:00,7453,2026-07-22T09:41:12.795Z,241076,1444,300495
2057375790279565448,large,2026-05-21T08:19:47+00:00,2026-05-21T09:26:03.258+00:00,3907,2026-07-22T09:41:12.795Z,9885,378,23050517
2063123345646748018,large,2026-06-06T04:58:31+00:00,2026-06-06T20:50:56.377+00:00,73898,2026-07-22T09:41:12.795Z,119600,3843,437
2063246469050638623,large,2026-06-06T13:07:46+00:00,2026-06-06T20:25:02.133+00:00,145457,2026-07-22T09:41:12.795Z,263826,2711,11222
2063269936932274669,large,2026-06-06T14:41:01+00:00,2026-06-06T20:25:02.133+00:00,25999,2026-07-22T09:41:12.795Z,183640,7936,127265
2063281249599565865,large,2026-06-06T15:25:58+00:00,2026-06-06T19:12:39.874+00:00,328204,2026-07-22T09:41:12.795Z,1095691,12794,2954036
2063296075109220713,large,2026-06-06T16:24:53+00:00,2026-06-07T12:05:52.452+00:00,203661,2026-07-22T09:41:12.795Z,898089,6051,57362
2063306683821035915,large,2026-06-06T17:07:02+00:00,2026-06-06T21:50:16.716+00:00,2832,2026-07-22T09:41:12.795Z,23517,69,13196
2063314222377734493,large,2026-06-06T17:36:59+00:00,2026-06-06T22:50:03.239+00:00,17104,2026-07-22T09:41:12.795Z,1950476,30131,3638
2063335305147560308,large,2026-06-06T19:00:46+00:00,2026-06-07T09:50:13.98+00:00,4119598,2026-07-22T09:41:12.795Z,9090927,128441,1181651
2063342661357158646,large,2026-06-06T19:30:00+00:00,2026-06-07T02:43:17.335+00:00,258198,2026-07-22T09:41:12.795Z,999924,1239,123385
2063350554122752107,large,2026-06-06T20:01:21+00:00,2026-06-06T20:25:02.133+00:00,283,2026-07-22T09:41:12.795Z,5295,202,7301
2063357709383033299,large,2026-06-06T20:29:47+00:00,2026-06-06T20:50:56.377+00:00,2152,2026-07-22T09:41:12.795Z,206947,5737,884543
2063379028606689653,large,2026-06-06T21:54:30+00:00,2026-06-07T00:30:17.378+00:00,5265,2026-07-22T09:41:12.795Z,52292,283,28184
2063395224592761326,large,2026-06-06T22:58:52+00:00,2026-06-07T00:30:17.378+00:00,199252,2026-07-22T09:41:12.795Z,2891832,47061,100041
2063408576488735072,large,2026-06-06T23:51:55+00:00,2026-06-07T01:33:40.84+00:00,72694,2026-07-22T09:41:12.795Z,538354,2273,1723999
2063418574455103922,large,2026-06-07T00:31:39+00:00,2026-06-07T01:33:40.84+00:00,3111,2026-07-22T09:41:12.795Z,33720,544,700094
2063433269501186395,large,2026-06-07T01:30:02+00:00,2026-06-07T12:05:52.452+00:00,129794,2026-07-22T09:41:12.795Z,774572,13702,12356
2063448043647647902,large,2026-06-07T02:28:45+00:00,2026-06-07T05:50:34.057+00:00,55488,2026-07-22T09:41:12.795Z,215857,6695,1312508
2063465766540951865,large,2026-06-07T03:39:10+00:00,2026-06-07T04:09:02.58+00:00,52399,2026-07-22T09:41:12.795Z,913945,4999,448777
2063487151975858416,large,2026-06-07T05:04:09+00:00,2026-06-07T07:20:32.728+00:00,7919,2026-07-22T09:41:12.795Z,48927,488,5022
2063508149676519729,large,2026-06-07T06:27:35+00:00,2026-06-07T11:24:16.924+00:00,45,2026-07-22T09:41:12.795Z,473,0,13
2063535090320228840,large,2026-06-07T08:14:38+00:00,2026-06-07T10:45:01.617+00:00,2353,2026-07-22T09:41:12.795Z,3398,1,8794698
2063544495975612839,large,2026-06-07T08:52:01+00:00,2026-06-07T09:50:13.98+00:00,6926,2026-07-22T09:41:13.731Z,2004710,14713,1176458
2063560555651014700,large,2026-06-07T09:55:50+00:00,2026-06-07T10:45:01.617+00:00,49410,2026-07-22T09:41:13.731Z,442903,7676,8251
2063571247946948922,large,2026-06-07T10:38:19+00:00,2026-06-07T15:46:49.002+00:00,154113,2026-07-22T09:41:13.731Z,321018,5741,94547
2063582240118849764,large,2026-06-07T11:22:00+00:00,2026-06-07T16:15:24.302+00:00,165251,2026-07-22T09:41:13.731Z,5945347,6667,1578
2063604197187330079,large,2026-06-07T12:49:15+00:00,2026-06-07T15:46:49.002+00:00,18223,2026-07-22T09:41:13.731Z,45999,1330,1455
2063616979534065743,large,2026-06-07T13:40:02+00:00,2026-06-07T14:27:23.711+00:00,126,2026-07-22T09:41:13.731Z,727,17,1010
2063638116653539759,large,2026-06-07T15:04:02+00:00,2026-06-07T19:32:23.24+00:00,458733,2026-07-22T09:41:13.731Z,1254281,10338,288954
2063650796730798203,large,2026-06-07T15:54:25+00:00,2026-06-07T17:29:32.737+00:00,15158,2026-07-22T09:41:13.731Z,99464,983,3312
2063659482995933663,large,2026-06-07T16:28:56+00:00,2026-06-07T17:29:32.737+00:00,55265,2026-07-22T09:41:13.731Z,388196,3241,2014462
2063666314439258121,large,2026-06-07T16:56:05+00:00,2026-06-07T21:43:06.695+00:00,176126,2026-07-22T09:41:13.731Z,680712,21248,18130
2063671627548667993,large,2026-06-07T17:17:11+00:00,2026-06-07T21:43:06.695+00:00,150143,2026-07-22T09:41:13.731Z,302084,2362,1078659
2063676383847469225,large,2026-06-07T17:36:05+00:00,2026-06-07T23:08:25.026+00:00,41358,2026-07-22T09:41:13.731Z,327287,427,391274
2063687887888241144,large,2026-06-07T18:21:48+00:00,2026-06-07T20:01:04.716+00:00,220862,2026-07-22T09:41:13.731Z,438712,8029,3928117
2063694081348247669,large,2026-06-07T18:46:25+00:00,2026-06-07T22:38:52.079+00:00,266220,2026-07-22T09:41:13.731Z,3223780,108163,19605
2063708308465148331,large,2026-06-07T19:42:57+00:00,2026-06-07T21:43:06.695+00:00,343550,2026-07-22T09:41:13.731Z,1968112,14950,1910931
2063718003452027154,large,2026-06-07T20:21:28+00:00,2026-06-07T21:43:06.695+00:00,209620,2026-07-22T09:41:13.731Z,2223944,32619,196652
2063736705006305660,large,2026-06-07T21:35:47+00:00,2026-06-07T22:08:24.669+00:00,159,2026-07-22T09:41:13.731Z,511,0,2715
2063757391653396487,large,2026-06-07T22:57:59+00:00,2026-06-08T00:09:34.701+00:00,5538,2026-07-22T09:41:13.731Z,46418,1375,89358
2063785387181662578,large,2026-06-08T00:49:14+00:00,2026-06-08T02:19:28.087+00:00,39499,2026-07-22T09:41:13.731Z,75811,3266,45583
2063845010072817952,large,2026-06-08T04:46:09+00:00,2026-06-08T10:33:54.087+00:00,56283,2026-07-22T09:41:13.731Z,1238415,523,648390
2063923242784411821,large,2026-06-08T09:57:01+00:00,2026-06-08T12:18:20.418+00:00,41902,2026-07-22T09:41:13.731Z,241131,1374,13764
2063949412942872892,large,2026-06-08T11:41:01+00:00,2026-06-08T15:07:49.46+00:00,841756,2026-07-22T09:41:13.731Z,7962480,7261,357648
2063972652855808052,large,2026-06-08T13:13:21+00:00,2026-06-08T23:52:58.07+00:00,405465,2026-07-22T09:41:13.731Z,654809,2620,778
2063996973993062449,large,2026-06-08T14:50:00+00:00,2026-06-08T15:07:49.46+00:00,20613,2026-07-22T09:41:13.731Z,130645,66,3577512
2064029695675683081,large,2026-06-08T17:00:01+00:00,2026-06-08T19:35:02.797+00:00,39303,2026-07-22T09:41:13.731Z,1091859,316,308444
2064040123742760989,large,2026-06-08T17:41:28+00:00,2026-07-05T11:50:47.246+00:00,360673,2026-07-22T09:41:13.731Z,389231,196,3966
2064055780676874457,large,2026-06-08T18:43:41+00:00,2026-06-08T22:48:29.443+00:00,547215,2026-07-22T09:41:13.731Z,5138467,8365,51517
2064067686573719817,large,2026-06-08T19:30:59+00:00,2026-06-08T22:48:29.443+00:00,161860,2026-07-22T09:41:13.731Z,280791,2630,2221872
2064088167234355334,large,2026-06-08T20:52:22+00:00,2026-06-08T21:24:37.882+00:00,687929,2026-07-22T09:41:13.731Z,12061408,239614,240240314
2064097492312945067,large,2026-06-08T21:29:25+00:00,2026-06-09T00:26:45.415+00:00,86207,2026-07-22T09:41:13.731Z,220237,26500,1313201
2064114305230844384,large,2026-06-08T22:36:14+00:00,2026-06-08T23:52:58.07+00:00,179976,2026-07-22T09:41:13.731Z,1163248,8849,710991
2064131961816309819,large,2026-06-08T23:46:24+00:00,2026-06-09T00:26:45.415+00:00,26725,2026-07-22T09:41:13.731Z,1817626,19882,704585
2064145529219539315,large,2026-06-09T00:40:18+00:00,2026-06-09T01:23:09.096+00:00,1444087,2026-07-22T09:41:13.731Z,5872819,55806,1103400
2064161770017878198,large,2026-06-09T01:44:50+00:00,2026-06-09T05:13:57.193+00:00,246379,2026-07-22T09:41:13.731Z,1726842,9794,46059
2064180583056433360,large,2026-06-09T02:59:36+00:00,2026-06-09T08:02:29.723+00:00,13105,2026-07-22T09:41:13.731Z,47074,1964,106803
2064225514043376026,large,2026-06-09T05:58:08+00:00,2026-06-09T06:36:21.991+00:00,18420,2026-07-22T09:41:13.731Z,4640069,5896,407627
2064242522973413683,large,2026-06-09T07:05:43+00:00,2026-06-09T09:25:53.866+00:00,37981,2026-07-22T09:41:13.731Z,619584,7025,65325
2064262876265673157,large,2026-06-09T08:26:36+00:00,2026-06-09T10:41:01.797+00:00,44580,2026-07-22T09:41:13.731Z,108495,3595,343846
2064275067023073319,large,2026-06-09T09:15:03+00:00,2026-06-09T12:45:42.936+00:00,249534,2026-07-22T09:41:13.731Z,1773204,9389,2298166
2064298800533889224,large,2026-06-09T10:49:21+00:00,2026-06-09T14:45:48.625+00:00,388796,2026-07-22T09:41:13.731Z,1249676,58645,236796
2064337950867906992,large,2026-06-09T13:24:55+00:00,2026-06-09T16:54:09.544+00:00,200263,2026-07-22T09:41:13.731Z,479922,371,1086310
2064362651036369250,large,2026-06-09T15:03:04+00:00,2026-06-09T18:27:46.201+00:00,560642,2026-07-22T09:41:13.731Z,3607181,25829,628736
2064379155064516864,large,2026-06-09T16:08:39+00:00,2026-06-09T17:40:46.7+00:00,1137747,2026-07-22T09:41:13.731Z,3347336,32928,3763813
2064394746269925454,large,2026-06-09T17:10:36+00:00,2026-06-09T19:17:56.357+00:00,22774,2026-07-22T09:41:13.731Z,40845,600,1369316
2064409694761054332,large,2026-06-09T18:10:00+00:00,2026-06-09T19:17:56.357+00:00,397312,2026-07-22T09:41:13.731Z,2962156,25635,2915259
2064427444673679456,large,2026-06-09T19:20:32+00:00,2026-06-09T23:32:55.951+00:00,573270,2026-07-22T09:41:13.731Z,1567713,11431,457963
2064433276069040587,large,2026-06-09T19:43:42+00:00,2026-06-09T21:41:23.914+00:00,43125,2026-07-22T09:41:13.731Z,754182,8790,71466
2064441005718298826,large,2026-06-09T20:14:25+00:00,2026-06-09T23:32:55.951+00:00,17141,2026-07-22T09:41:13.731Z,27777,310,39435
2064450292327051599,large,2026-06-09T20:51:19+00:00,2026-06-09T21:41:23.914+00:00,13160,2026-07-22T09:41:13.731Z,156929,490,512135
2064467039612256437,large,2026-06-09T21:57:52+00:00,2026-06-09T23:32:55.951+00:00,594,2026-07-22T09:41:13.731Z,31353,165,5674
2064486195355082853,large,2026-06-09T23:13:59+00:00,2026-06-10T00:58:32.722+00:00,113287,2026-07-22T09:41:13.731Z,1139297,5685,21750
2064515705475579967,large,2026-06-10T01:11:15+00:00,2026-06-10T03:04:20.634+00:00,69914,2026-07-22T09:41:13.731Z,281999,10926,6552
2064565043572949412,large,2026-06-10T04:27:18+00:00,2026-06-10T07:58:49.079+00:00,759,2026-07-22T09:41:13.731Z,2347,39,904
2064623669083603184,large,2026-06-10T08:20:16+00:00,2026-06-10T13:35:08.314+00:00,672548,2026-07-22T09:41:13.731Z,2853072,27825,19795
2064657899759214878,large,2026-06-10T10:36:17+00:00,2026-06-10T14:44:11.47+00:00,705514,2026-07-22T09:41:13.731Z,2078567,49077,10163628
2064693477040955681,large,2026-06-10T12:57:39+00:00,2026-06-10T17:24:23.947+00:00,514412,2026-07-22T09:41:13.731Z,1580323,2197,2479256
2064732779649151114,large,2026-06-10T15:33:50+00:00,2026-06-10T21:20:57.074+00:00,585950,2026-07-22T09:41:13.731Z,2064352,21062,960615
2064747442717839466,large,2026-06-10T16:32:06+00:00,2026-06-10T18:21:14.249+00:00,95628,2026-07-22T09:41:13.731Z,256365,2509,799498
2064759041742836003,large,2026-06-10T17:18:11+00:00,2026-06-10T19:23:46.727+00:00,46062,2026-07-22T09:41:13.731Z,272946,8259,297060
2064769799037530567,large,2026-06-10T18:00:56+00:00,2026-06-10T23:31:39.808+00:00,58385,2026-07-22T09:41:13.731Z,99753,323,1249
2064784006286279085,large,2026-06-10T18:57:23+00:00,2026-06-10T23:31:39.808+00:00,35188,2026-07-22T09:41:13.731Z,94166,648,77
2064809814195150991,large,2026-06-10T20:39:56+00:00,2026-06-10T22:15:12.175+00:00,197197,2026-07-22T09:41:13.731Z,4517313,64742,281133
2064822877686259886,large,2026-06-10T21:31:51+00:00,2026-06-10T22:56:34.619+00:00,24851,2026-07-22T09:41:13.731Z,149764,353,104142
2064830381107396801,large,2026-06-10T22:01:40+00:00,2026-06-10T22:56:34.619+00:00,588,2026-07-22T09:41:13.731Z,6058,423,2397
2064845889034707214,large,2026-06-10T23:03:17+00:00,2026-06-11T07:08:35.301+00:00,624566,2026-07-22T09:41:13.731Z,3463099,74837,182748
2064900876477870234,large,2026-06-11T02:41:47+00:00,2026-06-11T07:08:35.301+00:00,48017,2026-07-22T09:41:13.731Z,108649,2019,322921
2064938293134066067,large,2026-06-11T05:10:28+00:00,2026-06-11T08:52:43.118+00:00,2589,2026-07-22T09:41:13.731Z,4158,136,15729
2064981407240270123,large,2026-06-11T08:01:47+00:00,2026-06-11T10:32:18.916+00:00,200182,2026-07-22T09:41:13.731Z,2307902,12214,448393
2065028637951504397,large,2026-06-11T11:09:28+00:00,2026-06-11T15:01:36.946+00:00,456535,2026-07-22T09:41:13.731Z,10893927,24279,197163
2065068135405801743,large,2026-06-11T13:46:25+00:00,2026-06-11T16:32:36.634+00:00,142102,2026-07-22T09:41:13.731Z,247062,833,1554987
2065125044339052872,large,2026-06-11T17:32:33+00:00,2026-06-11T19:41:11.481+00:00,92279,2026-07-22T09:41:13.731Z,710212,3409,829385
2065137234781635032,large,2026-06-11T18:20:59+00:00,2026-06-11T23:31:29.084+00:00,78899,2026-07-22T09:41:13.731Z,153474,3488,509100
2065162159999291601,large,2026-06-11T20:00:02+00:00,2026-06-11T22:56:55.8+00:00,228935,2026-07-22T09:41:13.731Z,703034,7805,1363960
2065182187226292508,large,2026-06-11T21:19:37+00:00,2026-06-12T02:21:22.349+00:00,169955,2026-07-22T09:41:13.731Z,539050,402,841131
2065192576496410898,large,2026-06-11T22:00:54+00:00,2026-06-11T22:17:46.747+00:00,4009,2026-07-22T09:41:13.731Z,22728,514,3987521
2065203774160068709,large,2026-06-11T22:45:24+00:00,2026-06-12T00:07:02.37+00:00,222088,2026-07-22T09:41:13.731Z,2436350,10657,1392365
2065220948941262888,large,2026-06-11T23:53:38+00:00,2026-06-12T02:21:22.349+00:00,4919,2026-07-22T09:41:13.731Z,12813,130,114041
2065232554563674153,large,2026-06-12T00:39:45+00:00,2026-06-12T10:13:41.864+00:00,18995,2026-07-22T09:41:13.731Z,135811,8194,463689
2065243815208710275,large,2026-06-12T01:24:30+00:00,2026-06-12T05:22:45.111+00:00,217343,2026-07-22T09:41:13.731Z,1855486,22117,24586
2065265547747402020,large,2026-06-12T02:50:52+00:00,2026-06-12T08:45:10.162+00:00,27716,2026-07-22T09:41:13.731Z,84204,7359,3848
2065300010338746691,large,2026-06-12T05:07:48+00:00,2026-06-12T12:41:11.961+00:00,97629,2026-07-22T09:41:13.731Z,171201,2680,834549
2065326288940728612,large,2026-06-12T06:52:13+00:00,2026-06-12T07:03:51.46+00:00,3705,2026-07-22T09:41:13.731Z,1740183,3890,3223691
2065398971720249419,large,2026-06-12T11:41:02+00:00,2026-06-12T12:41:11.961+00:00,14,2026-07-22T09:41:13.731Z,30,0,8801531
2065418447052300569,large,2026-06-12T12:58:26+00:00,2026-06-12T13:50:29.773+00:00,93618,2026-07-22T09:41:13.731Z,271242,3221,77455
2065436206934986894,large,2026-06-12T14:09:00+00:00,2026-06-12T16:14:15.585+00:00,20133,2026-07-22T09:41:13.731Z,65641,636,5868
2065448623337263302,large,2026-06-12T14:58:20+00:00,2026-06-12T16:14:15.585+00:00,12203,2026-07-22T09:41:13.731Z,15053,5,25187
2065468279637102726,large,2026-06-12T16:16:27+00:00,2026-06-12T23:30:07.217+00:00,1157349,2026-07-22T09:41:13.731Z,2682961,7642,23826
2065485575021318578,large,2026-06-12T17:25:10+00:00,2026-06-13T00:04:49.142+00:00,222007,2026-07-22T09:41:13.731Z,356356,7467,136347
2065494883150778772,large,2026-06-12T18:02:09+00:00,2026-06-12T19:00:25.195+00:00,237593,2026-07-22T09:48:40.041Z,3783021,25356,1433407
2065505611861909774,large,2026-06-12T18:44:47+00:00,2026-06-12T22:05:15.192+00:00,222173,2026-07-22T09:48:36.438Z,645928,6026,48556
2065517324656861294,large,2026-06-12T19:31:20+00:00,2026-06-12T22:47:57.969+00:00,40849,2026-07-22T09:48:38.241Z,82496,737,3905471
2065529284148466047,large,2026-06-12T20:18:51+00:00,2026-06-12T21:20:09.582+00:00,15556,2026-07-22T09:48:40.041Z,25478,72,193881
2065540171341210104,large,2026-06-12T21:02:07+00:00,2026-06-13T01:26:21.827+00:00,242423,2026-07-22T09:48:36.438Z,1134372,60684,1257931
2065546065563078985,large,2026-06-12T21:25:32+00:00,2026-06-12T23:30:07.217+00:00,798,2026-07-22T09:48:38.241Z,3057,63,383
2065561360793014659,large,2026-06-12T22:26:19+00:00,2026-06-12T22:47:57.969+00:00,35899,2026-07-22T09:48:40.041Z,6609922,27528,1213612
2065579588944605293,large,2026-06-12T23:38:45+00:00,2026-06-13T05:18:54.876+00:00,20022,2026-07-22T09:48:36.438Z,47550,639,534272
2065590049840812518,large,2026-06-13T00:20:19+00:00,2026-06-13T05:18:54.876+00:00,7924,2026-07-22T09:48:38.241Z,12046,48,5150522
2065605935201141051,large,2026-06-13T01:23:26+00:00,2026-06-13T06:42:28.869+00:00,35508,2026-07-22T09:48:40.041Z,390387,1667,1732463
2065619901289787667,large,2026-06-13T02:18:56+00:00,2026-06-14T00:09:25.417+00:00,8407152,2026-07-22T09:48:36.438Z,8964933,39040,10721
2065630964533830044,large,2026-06-13T03:02:54+00:00,2026-06-13T05:18:54.876+00:00,28405,2026-07-22T09:48:38.241Z,60903,1426,5
2065660034709635225,large,2026-06-13T04:58:25+00:00,2026-06-13T12:34:56.395+00:00,3236,2026-07-22T09:48:36.438Z,12252,923,1321
2065675562740232626,large,2026-06-13T06:00:07+00:00,2026-06-13T13:15:33.571+00:00,125158,2026-07-22T09:48:38.241Z,230725,10698,273333
2065692910302183668,large,2026-06-13T07:09:03+00:00,2026-06-13T11:03:54.293+00:00,81275,2026-07-22T09:48:40.041Z,941633,2444,2992
2065716464779248065,large,2026-06-13T08:42:39+00:00,2026-06-13T15:33:54.177+00:00,177778,2026-07-22T09:48:36.438Z,488379,6687,62275
2065745469649600952,large,2026-06-13T10:37:54+00:00,2026-06-13T18:27:24.976+00:00,109385,2026-07-22T09:48:40.041Z,1165149,38873,4279
2065759890526593339,large,2026-06-13T11:35:12+00:00,2026-06-13T15:33:54.177+00:00,19323,2026-07-22T09:48:36.438Z,51542,1295,24635
2065773680680931350,large,2026-06-13T12:30:00+00:00,2026-06-13T15:33:54.177+00:00,9964,2026-07-22T09:48:38.241Z,20440,811,558315
2065782173354053823,large,2026-06-13T13:03:45+00:00,2026-06-13T22:39:06.742+00:00,39109,2026-07-22T09:48:40.041Z,52176,5761,563608
2065789496281481426,large,2026-06-13T13:32:51+00:00,2026-06-13T18:59:05.758+00:00,81177,2026-07-22T09:48:36.438Z,261839,1597,9604
2065805948988625294,large,2026-06-13T14:38:13+00:00,2026-06-13T17:19:01.069+00:00,5429,2026-07-22T09:48:38.241Z,134592,806,19844
2065815962335539215,large,2026-06-13T15:18:01+00:00,2026-06-13T17:58:04.382+00:00,10011,2026-07-22T09:48:40.041Z,51467,360,234531
2065823049841082731,large,2026-06-13T15:46:10+00:00,2026-06-13T16:47:30.402+00:00,2224,2026-07-22T09:48:36.438Z,18049,226,1867
2065834962687873189,large,2026-06-13T16:33:31+00:00,2026-06-13T23:08:54.1+00:00,155684,2026-07-22T09:48:38.241Z,919281,6092,6750
2065847024667267491,large,2026-06-13T17:21:26+00:00,2026-06-13T19:31:40.704+00:00,34615,2026-07-22T09:48:36.438Z,99660,16589,521232
2065855714531369061,large,2026-06-13T17:55:58+00:00,2026-06-13T21:44:00.486+00:00,38927,2026-07-22T09:48:38.241Z,328097,180,252710
2065861062004728316,large,2026-06-13T18:17:13+00:00,2026-06-14T09:59:42.277+00:00,349977,2026-07-22T09:48:40.041Z,545393,4277,23045527
2065871953353679127,large,2026-06-13T19:00:30+00:00,2026-06-13T20:44:42.084+00:00,74809,2026-07-22T09:48:36.438Z,189727,339,8539532
2065884498638623190,large,2026-06-13T19:50:21+00:00,2026-06-13T20:44:42.084+00:00,6845,2026-07-22T09:48:38.241Z,46120,1179,30952
2065895302796571106,large,2026-06-13T20:33:17+00:00,2026-06-13T21:44:00.486+00:00,145753,2026-07-22T09:48:40.041Z,8644410,63259,4805742
2065913112226849157,large,2026-06-13T21:44:03+00:00,2026-06-14T09:59:42.277+00:00,5309,2026-07-22T09:48:36.438Z,12985,2441,529
2065922640498278770,large,2026-06-13T22:21:55+00:00,2026-06-13T23:08:54.1+00:00,20002,2026-07-22T09:48:38.241Z,255291,2691,6834957
2065932283454906821,large,2026-06-13T23:00:14+00:00,2026-06-14T01:29:13.449+00:00,57251,2026-07-22T09:48:40.041Z,234678,13772,760962
2065951079171227652,large,2026-06-14T00:14:55+00:00,2026-06-14T13:19:32.201+00:00,755219,2026-07-22T09:48:36.438Z,1561155,51460,4527
2065962832038867095,large,2026-06-14T01:01:37+00:00,2026-06-14T03:47:16.726+00:00,317615,2026-07-22T09:48:38.241Z,1406247,3387,10465
2065980408852860993,large,2026-06-14T02:11:28+00:00,2026-06-14T05:23:07.27+00:00,14694,2026-07-22T09:48:40.041Z,25495,246,1743
2065995825440755790,large,2026-06-14T03:12:43+00:00,2026-06-14T05:23:07.27+00:00,1859087,2026-07-22T09:48:36.438Z,2487874,24926,1580279
2066006299234766947,large,2026-06-14T03:54:20+00:00,2026-06-14T05:23:07.27+00:00,19756,2026-07-22T09:48:38.241Z,58387,3254,74794
2066014388100948465,large,2026-06-14T04:26:29+00:00,2026-06-14T05:23:07.27+00:00,102,2026-07-22T09:48:40.041Z,4604,30,4350
2066038121142067247,large,2026-06-14T06:00:47+00:00,2026-06-14T12:37:55.354+00:00,28379,2026-07-22T09:48:36.438Z,124214,373,98155
2066056631385788652,large,2026-06-14T07:14:21+00:00,2026-06-14T12:37:55.354+00:00,24123,2026-07-22T09:48:38.241Z,55175,325,108253
2066078942390345910,large,2026-06-14T08:43:00+00:00,2026-06-14T11:04:47.107+00:00,800,2026-07-22T09:48:40.041Z,18408,185,60142
2066098532075868337,large,2026-06-14T10:00:50+00:00,2026-06-14T13:19:32.201+00:00,39961,2026-07-22T09:48:36.438Z,126862,3051,128837
2066113418591953334,large,2026-06-14T11:00:00+00:00,2026-06-14T15:53:26.009+00:00,1114164,2026-07-22T09:48:38.241Z,10066818,5612,1884300
2066130308311732725,large,2026-06-14T12:07:07+00:00,2026-06-14T12:37:55.354+00:00,7,2026-07-22T09:48:40.041Z,9,0,1058
2066146957907624143,large,2026-06-14T13:13:16+00:00,2026-06-14T20:44:08.596+00:00,472030,2026-07-22T09:48:36.438Z,687642,18314,67971
2066158708137054261,large,2026-06-14T13:59:58+00:00,2026-06-14T22:13:49.428+00:00,106507,2026-07-22T09:48:38.241Z,341627,6238,2324
2066168074529575079,large,2026-06-14T14:37:11+00:00,2026-06-14T16:31:42.3+00:00,33675,2026-07-22T09:48:40.041Z,78865,6462,4773073
2066176535883927969,large,2026-06-14T15:10:48+00:00,2026-06-14T16:31:42.3+00:00,12588,2026-07-22T09:48:36.438Z,30628,456,512296
2066185184710385758,large,2026-06-14T15:45:10+00:00,2026-06-14T20:44:08.596+00:00,22881,2026-07-22T09:48:38.241Z,33141,1521,270870
2066192942054752638,large,2026-06-14T16:16:00+00:00,2026-06-14T18:27:06.134+00:00,485557,2026-07-22T09:48:40.041Z,1743931,15156,1365295
2066202916797427845,large,2026-06-14T16:55:38+00:00,2026-06-14T20:08:10.291+00:00,19039,2026-07-22T09:48:36.438Z,38270,516,830241
2066208963151233301,large,2026-06-14T17:19:39+00:00,2026-06-14T20:08:10.291+00:00,3733,2026-07-22T09:48:38.241Z,8090,18,24815
2066214668100661337,large,2026-06-14T17:42:19+00:00,2026-06-14T18:27:06.134+00:00,115332,2026-07-22T09:48:40.041Z,360915,923,441
2066231132468002928,large,2026-06-14T18:47:45+00:00,2026-06-14T20:44:08.596+00:00,124028,2026-07-22T09:48:38.241Z,491726,13784,181690
2066242093811696004,large,2026-06-14T19:31:18+00:00,2026-06-14T20:08:10.291+00:00,413,2026-07-22T09:48:40.041Z,610,4,880
2066276286280982696,large,2026-06-14T21:47:10+00:00,2026-06-14T23:43:03.719+00:00,180704,2026-07-22T09:48:36.438Z,785359,16165,6024472
2066298269693775959,large,2026-06-14T23:14:32+00:00,2026-06-15T00:10:02.29+00:00,3955,2026-07-22T09:48:38.241Z,29154,2484,48270
2066322233300275585,large,2026-06-15T00:49:45+00:00,2026-06-15T03:49:08.993+00:00,82552,2026-07-22T09:48:40.041Z,266577,9996,1370776
2066341896775954939,large,2026-06-15T02:07:53+00:00,2026-06-15T02:28:21.665+00:00,14493,2026-07-22T09:48:36.438Z,103652,830,996155
2066372019591991504,large,2026-06-15T04:07:35+00:00,2026-06-15T05:46:20.797+00:00,4656,2026-07-22T09:48:38.241Z,209384,5868,163808
2066419951057981903,large,2026-06-15T07:18:03+00:00,2026-06-15T09:48:56.225+00:00,285774,2026-07-22T09:48:40.041Z,1936909,13903,33954
2066563543843962901,large,2026-06-15T16:48:38+00:00,2026-06-15T20:42:52.884+00:00,655535,2026-07-22T09:48:36.438Z,2760710,10132,160566
2066593457909399818,large,2026-06-15T18:47:30+00:00,2026-06-15T21:41:18.45+00:00,172767,2026-07-22T09:48:38.241Z,819419,15166,59721
2066604506322739690,large,2026-06-15T19:31:24+00:00,2026-06-15T20:42:52.884+00:00,26662,2026-07-22T09:48:40.041Z,58298,1243,19341735
2066614843575328918,large,2026-06-15T20:12:29+00:00,2026-06-15T23:13:13.625+00:00,31421,2026-07-22T09:48:36.438Z,96156,1122,19985
2066620005236518959,large,2026-06-15T20:32:59+00:00,2026-06-15T23:53:46.631+00:00,9746,2026-07-22T09:48:38.241Z,2059788,5559,1393
2066634489166450845,large,2026-06-15T21:30:33+00:00,2026-06-16T10:18:05.394+00:00,1893772,2026-07-22T09:48:40.041Z,3774124,14517,4642
2066648652093723055,large,2026-06-15T22:26:49+00:00,2026-06-15T23:13:13.625+00:00,24931,2026-07-22T09:48:36.438Z,451727,11695,1910598
2066673384696557585,large,2026-06-16T00:05:06+00:00,2026-06-16T00:39:31.958+00:00,8064,2026-07-22T09:48:38.241Z,41683,489,20345926
2066684305724592333,large,2026-06-16T00:48:30+00:00,2026-06-16T04:09:24.505+00:00,85310,2026-07-22T09:48:40.041Z,1758903,1058,7918
2066713815710929235,large,2026-06-16T02:45:46+00:00,2026-06-16T10:18:05.394+00:00,2124,2026-07-22T09:48:36.438Z,8523,37,0
2066738657521000721,large,2026-06-16T04:24:28+00:00,2026-06-16T12:03:28.576+00:00,16847,2026-07-22T09:48:38.241Z,44164,564,10139
2066808010890993707,large,2026-06-16T09:00:03+00:00,2026-06-16T10:18:05.394+00:00,27,2026-07-22T09:48:40.041Z,226,4,136
2066852138588758425,large,2026-06-16T11:55:24+00:00,2026-06-16T14:08:35.001+00:00,97177,2026-07-22T09:48:36.438Z,1088639,15955,236525
2066897521964626254,large,2026-06-16T14:55:44+00:00,2026-06-16T15:55:46.551+00:00,145922,2026-07-22T09:48:38.241Z,663168,4360,450583
2066929408913645917,large,2026-06-16T17:02:27+00:00,2026-06-17T00:11:50.764+00:00,882830,2026-07-22T09:48:40.041Z,2065244,41939,2488726
2066941423266459734,large,2026-06-16T17:50:11+00:00,2026-06-16T22:58:48.774+00:00,107038,2026-07-22T09:48:36.438Z,491784,1278,8206923
2066960970514145639,large,2026-06-16T19:07:52+00:00,2026-06-16T22:58:48.774+00:00,274364,2026-07-22T09:48:38.241Z,979203,22994,199893
2066981440555016378,large,2026-06-16T20:29:12+00:00,2026-06-16T23:33:55.684+00:00,6287,2026-07-22T09:48:40.041Z,15659,45,347
2066997269887369513,large,2026-06-16T21:32:06+00:00,2026-06-16T22:17:37.753+00:00,42777,2026-07-22T09:48:36.438Z,454067,1652,602979
2067006086863802775,large,2026-06-16T22:07:08+00:00,2026-06-16T22:58:48.774+00:00,6377,2026-07-22T09:48:38.241Z,20039,652,93845
2067017759855112229,large,2026-06-16T22:53:31+00:00,2026-06-16T23:33:55.684+00:00,617,2026-07-22T09:48:40.041Z,4853,398,36561
2067059658754593133,large,2026-06-17T01:40:01+00:00,2026-06-17T05:37:59.758+00:00,32458,2026-07-22T09:48:36.438Z,68490,4004,704151
2067087958612566475,large,2026-06-17T03:32:28+00:00,2026-06-17T07:32:04.782+00:00,52923,2026-07-22T09:48:38.241Z,108281,1880,4483408
2067129431378825322,large,2026-06-17T06:17:16+00:00,2026-06-17T09:16:18.778+00:00,666,2026-07-22T09:48:40.041Z,3719,78,19850
2067171342583988249,large,2026-06-17T09:03:48+00:00,2026-06-17T12:29:19.135+00:00,121230,2026-07-22T09:48:36.438Z,403236,8578,224413
2067198002440089998,large,2026-06-17T10:49:45+00:00,2026-06-18T01:37:38.632+00:00,1638680,2026-07-22T09:48:38.241Z,1829020,6788,6111
2067228104754450750,large,2026-06-17T12:49:22+00:00,2026-06-17T17:36:03.281+00:00,562758,2026-07-22T09:48:40.041Z,3895236,123767,13427
2067252394430255186,large,2026-06-17T14:25:53+00:00,2026-06-17T17:36:03.281+00:00,9500,2026-07-22T09:48:36.438Z,60056,33,2309
2067271468388417774,large,2026-06-17T15:41:40+00:00,2026-06-17T17:36:03.281+00:00,65663,2026-07-22T09:48:38.241Z,252406,15850,1131193
2067293205037547765,large,2026-06-17T17:08:03+00:00,2026-06-17T20:24:03.255+00:00,29432,2026-07-22T09:48:40.041Z,158647,1650,73225
2067308639430266954,large,2026-06-17T18:09:23+00:00,2026-06-17T22:01:35.758+00:00,149652,2026-07-22T09:48:36.438Z,724605,9842,235406
2067318098051404039,large,2026-06-17T18:46:58+00:00,2026-06-17T20:24:03.255+00:00,15459,2026-07-22T09:48:38.241Z,230789,8527,6990
2067329929465713045,large,2026-06-17T19:33:58+00:00,2026-06-18T00:36:27.602+00:00,857728,2026-07-22T09:48:40.041Z,2210284,11864,199794
2067342977681223789,large,2026-06-17T20:25:49+00:00,2026-06-17T22:01:35.758+00:00,6966,2026-07-22T09:48:35.578Z,48365,724,112356
2067364704708628560,large,2026-06-17T21:52:10+00:00,2026-06-17T22:41:26.492+00:00,108880,2026-07-22T09:48:38.241Z,1645728,7782,16231609
2067376924997878232,large,2026-06-17T22:40:43+00:00,2026-06-18T00:36:27.602+00:00,149741,2026-07-22T09:48:40.041Z,352815,1598,1987707
2067389369711722919,large,2026-06-17T23:30:10+00:00,2026-06-18T01:37:38.632+00:00,39874,2026-07-22T09:48:35.578Z,491445,3371,65741
2067442279581671433,large,2026-06-18T03:00:25+00:00,2026-06-18T05:55:57.085+00:00,1075,2026-07-22T09:48:40.041Z,1474,7,343488
2067500238085251268,large,2026-06-18T06:50:43+00:00,2026-06-18T09:11:45.86+00:00,183697,2026-07-22T09:48:35.578Z,1165546,22846,2075068
2067565968516108386,large,2026-06-18T11:11:55+00:00,2026-06-18T14:34:35.583+00:00,227274,2026-07-22T09:48:38.241Z,531237,2283,99175
2067610117948764297,large,2026-06-18T14:07:21+00:00,2026-06-18T16:06:28.259+00:00,278209,2026-07-22T09:48:40.041Z,691259,2037,3866482
2067642712560689401,large,2026-06-18T16:16:52+00:00,2026-06-19T00:38:56.699+00:00,2301795,2026-07-22T09:48:35.578Z,4626716,62265,1583159
2067657468713345073,large,2026-06-18T17:15:30+00:00,2026-06-18T19:15:24.466+00:00,41403,2026-07-22T09:48:38.241Z,174830,13153,366780
2067673634051674579,large,2026-06-18T18:19:44+00:00,2026-06-18T23:11:41.584+00:00,12557448,2026-07-22T09:48:40.041Z,39599348,197706,240315121
2067739774501446067,large,2026-06-18T22:42:33+00:00,2026-06-19T02:45:08.302+00:00,348170,2026-07-22T09:48:40.041Z,908311,21354,2968358
2067758830495182887,large,2026-06-18T23:58:16+00:00,2026-06-19T02:45:08.302+00:00,2573,2026-07-22T09:48:35.578Z,4357,98,75551
2067798210265993228,large,2026-06-19T02:34:45+00:00,2026-06-19T04:13:39.853+00:00,2022,2026-07-22T09:48:40.041Z,48850,100,246664
2067827211177259302,large,2026-06-19T04:30:00+00:00,2026-06-19T08:13:14.303+00:00,3319,2026-07-22T09:48:35.578Z,21853,504,60107
2067868417818759311,large,2026-06-19T07:13:44+00:00,2026-06-19T11:32:06.688+00:00,1036562,2026-07-22T09:48:38.241Z,9557446,483197,40372
2067893125897470246,large,2026-06-19T08:51:55+00:00,2026-06-19T14:04:03.889+00:00,62587,2026-07-22T09:48:40.041Z,414340,1722,1324
2067919084872700078,large,2026-06-19T10:35:04+00:00,2026-06-19T17:18:52.918+00:00,237281,2026-07-22T09:48:35.578Z,1505430,23944,472593
2067939953955295592,large,2026-06-19T11:58:00+00:00,2026-06-19T12:53:04.434+00:00,23201,2026-07-22T09:48:38.241Z,148990,204,279394
2067950154121199870,large,2026-06-19T12:38:32+00:00,2026-06-19T15:24:31.759+00:00,761478,2026-07-22T09:48:40.041Z,1767412,1858,590935
2067956799987216729,large,2026-06-19T13:04:56+00:00,2026-06-19T17:18:52.918+00:00,10042,2026-07-22T09:48:35.578Z,22167,319,512988
2067970180769005868,large,2026-06-19T13:58:06+00:00,2026-06-19T16:23:40.932+00:00,16468,2026-07-22T09:48:38.241Z,46111,7,645
2067979637502665185,large,2026-06-19T14:35:41+00:00,2026-06-19T21:53:16.721+00:00,251168,2026-07-22T09:48:40.041Z,2842404,24676,3619
2067989207734218782,large,2026-06-19T15:13:43+00:00,2026-06-19T16:23:40.932+00:00,62510,2026-07-22T09:48:35.578Z,1121456,629,3619259
2067997361163338032,large,2026-06-19T15:46:07+00:00,2026-06-19T17:18:52.918+00:00,26447,2026-07-22T09:48:38.241Z,136812,6589,132488
2068005976695820512,large,2026-06-19T16:20:21+00:00,2026-06-19T18:09:46.121+00:00,4732,2026-07-22T09:48:40.041Z,13141,8,2509583
2068022392627118290,large,2026-06-19T17:25:35+00:00,2026-06-19T18:55:23.619+00:00,28059,2026-07-22T09:48:38.241Z,290820,605,21156
2068027992127975780,large,2026-06-19T17:47:50+00:00,2026-06-19T21:53:16.721+00:00,7382,2026-07-22T09:48:40.041Z,52566,41,90374
2068037043154772402,large,2026-06-19T18:23:48+00:00,2026-06-19T19:33:37.042+00:00,54481,2026-07-22T09:48:35.578Z,737108,6401,59982
2068045637510172969,large,2026-06-19T18:57:57+00:00,2026-06-19T21:26:15.885+00:00,8519,2026-07-22T09:48:38.241Z,12442,11,1305
2068052047279091800,large,2026-06-19T19:23:25+00:00,2026-06-20T01:29:52.796+00:00,297259,2026-07-22T09:48:40.041Z,1206454,9230,199039
2068059955089833998,large,2026-06-19T19:54:50+00:00,2026-06-19T20:56:34.328+00:00,25315,2026-07-22T09:48:35.578Z,131757,1024,1042439
2068071365530263887,large,2026-06-19T20:40:11+00:00,2026-06-19T20:56:34.328+00:00,6693,2026-07-22T09:48:38.241Z,1583881,9067,996411
2068077272003694643,large,2026-06-19T21:03:39+00:00,2026-06-19T21:53:16.721+00:00,556,2026-07-22T09:48:40.041Z,36073,42,30712
2068084153233326210,large,2026-06-19T21:30:59+00:00,2026-06-20T00:30:52.284+00:00,345061,2026-07-22T09:48:35.578Z,1726293,16287,104007
2068108954798895186,large,2026-06-19T23:09:33+00:00,2026-06-20T11:17:32.632+00:00,2406214,2026-07-22T09:48:40.041Z,6269085,3374,116419
2068117435908026386,large,2026-06-19T23:43:15+00:00,2026-06-20T01:29:52.796+00:00,19505,2026-07-22T09:48:35.578Z,157777,2575,2314
2068128476184338711,large,2026-06-20T00:27:07+00:00,2026-06-20T05:16:03.604+00:00,233174,2026-07-22T09:48:38.241Z,409989,4290,1187
2068144345924944125,large,2026-06-20T01:30:10+00:00,2026-06-20T02:25:28.434+00:00,767,2026-07-22T09:48:40.041Z,2603,1,292586
2068158162406895881,large,2026-06-20T02:25:05+00:00,2026-06-20T03:47:27.463+00:00,3174,2026-07-22T09:48:35.578Z,8975,111,563489
2068179188406738980,large,2026-06-20T03:48:38+00:00,2026-06-20T05:16:03.604+00:00,569171,2026-07-22T09:48:38.241Z,1067834,30157,1660544
2068200057824813381,large,2026-06-20T05:11:33+00:00,2026-06-20T12:01:24.46+00:00,8554,2026-07-22T09:48:40.041Z,106108,281,41
2068243416807555371,large,2026-06-20T08:03:51+00:00,2026-06-20T11:17:32.632+00:00,62136,2026-07-22T09:48:35.578Z,122693,727,432358
2068279751098196340,large,2026-06-20T10:28:14+00:00,2026-06-20T15:17:54.317+00:00,256685,2026-07-22T09:48:38.241Z,1490274,582,55366
2068303539282087967,large,2026-06-20T12:02:45+00:00,2026-06-20T17:49:05.261+00:00,61764,2026-07-22T09:48:40.041Z,83984,3201,5063173
2068322211006484813,large,2026-06-20T13:16:57+00:00,2026-06-20T14:32:41.486+00:00,12679,2026-07-22T09:48:35.578Z,26542,312,113027
2068345659556593665,large,2026-06-20T14:50:07+00:00,2026-06-20T15:17:54.317+00:00,503,2026-07-22T09:48:38.241Z,6283,174,4256
2068379863560397290,large,2026-06-20T17:06:02+00:00,2026-06-20T21:14:35.541+00:00,173099,2026-07-22T09:48:35.578Z,608940,520,17373
2068401231991816561,large,2026-06-20T18:30:57+00:00,2026-06-20T23:41:46.413+00:00,15654,2026-07-22T09:48:38.241Z,29972,798,470390
2068421880747287030,large,2026-06-20T19:53:00+00:00,2026-06-21T13:44:55.03+00:00,1098531,2026-07-22T09:48:40.041Z,21963163,56912,8133729
2068433438999236914,large,2026-06-20T20:38:56+00:00,2026-06-20T23:10:54.313+00:00,91040,2026-07-22T09:48:35.578Z,1158475,63987,966121
2068494455582208325,large,2026-06-21T00:41:23+00:00,2026-06-21T03:48:31.305+00:00,254479,2026-07-22T09:48:40.041Z,906980,31236,1133841
2068518768125301011,large,2026-06-21T02:18:00+00:00,2026-06-21T13:44:55.03+00:00,112869,2026-07-22T09:48:35.578Z,306859,3090,95230
2068567155163955479,large,2026-06-21T05:30:16+00:00,2026-06-21T10:15:25.879+00:00,16832,2026-07-22T09:48:38.241Z,50346,2197,124378
2068603499516989781,large,2026-06-21T07:54:41+00:00,2026-06-21T13:02:06.93+00:00,192041,2026-07-22T09:48:40.041Z,570007,24788,864553
2068631779884302695,large,2026-06-21T09:47:04+00:00,2026-06-21T13:02:06.93+00:00,88132,2026-07-22T09:48:35.578Z,612426,7714,19682
2068650385859027127,large,2026-06-21T11:01:00+00:00,2026-06-21T13:02:06.93+00:00,20514,2026-07-22T09:48:38.241Z,81564,5132,1883723
2068666222112125317,large,2026-06-21T12:03:55+00:00,2026-06-21T15:25:05.496+00:00,71345,2026-07-22T09:48:40.041Z,236632,21831,229696
2068687411668730257,large,2026-06-21T13:28:07+00:00,2026-06-21T18:08:07.345+00:00,4785,2026-07-22T09:48:35.578Z,91596,27,1561
2068700971920720118,large,2026-06-21T14:22:00+00:00,2026-06-21T15:25:05.496+00:00,217047,2026-07-22T09:48:38.241Z,1678600,10208,7820734
2068721871177035777,large,2026-06-21T15:45:03+00:00,2026-06-21T20:48:40.231+00:00,248998,2026-07-22T09:48:35.578Z,1942733,7242,12764
2068728439780077965,large,2026-06-21T16:11:09+00:00,2026-06-21T16:53:54.893+00:00,355,2026-07-22T09:48:38.241Z,1584,99,474
2068738818136588549,large,2026-06-21T16:52:24+00:00,2026-06-21T19:32:30.839+00:00,6375,2026-07-22T09:48:40.041Z,38986,856,32505
2068746113612394951,large,2026-06-21T17:21:23+00:00,2026-06-21T18:08:07.345+00:00,55010,2026-07-22T09:48:35.578Z,259661,13895,4454799
2068757433271439587,large,2026-06-21T18:06:22+00:00,2026-06-21T19:32:30.839+00:00,31886,2026-07-22T09:48:38.241Z,306835,362,6152
2068769725455237568,large,2026-06-21T18:55:13+00:00,2026-06-21T21:29:11.359+00:00,668502,2026-07-22T09:48:40.041Z,1250061,4420,4296931
2068791892616069346,large,2026-06-21T20:23:18+00:00,2026-06-21T21:29:11.359+00:00,14695,2026-07-22T09:48:35.578Z,79401,15243,1749142
2068805142389129280,large,2026-06-21T21:15:57+00:00,2026-06-21T22:00:59.364+00:00,870,2026-07-22T09:48:38.241Z,6519,36,125130
2068831366389665919,large,2026-06-21T23:00:09+00:00,2026-06-22T00:15:12.978+00:00,7789,2026-07-22T09:48:40.041Z,21320,655,244069
2068844044931739773,large,2026-06-21T23:50:32+00:00,2026-06-22T04:10:00.554+00:00,227909,2026-07-22T09:48:35.578Z,990966,9658,132168
2068869650470101373,large,2026-06-22T01:32:17+00:00,2026-06-22T06:13:16.279+00:00,21448,2026-07-22T09:48:38.241Z,98869,1240,23820
2068897977901703523,large,2026-06-22T03:24:50+00:00,2026-06-22T08:30:02.716+00:00,22861,2026-07-22T09:48:40.041Z,73409,1745,77334
2068951915644280991,large,2026-06-22T06:59:10+00:00,2026-06-22T10:29:22.593+00:00,28123,2026-07-22T09:48:35.578Z,442364,436,2858
2069054344515797157,large,2026-06-22T13:46:11+00:00,2026-06-22T16:19:18.318+00:00,432976,2026-07-22T09:48:38.241Z,8379000,26203,29160791
2069091493806264332,large,2026-06-22T16:13:48+00:00,2026-06-22T18:03:38.001+00:00,162578,2026-07-22T09:48:40.041Z,394820,2726,773750
2069114723618914715,large,2026-06-22T17:46:07+00:00,2026-06-22T20:26:23.508+00:00,284953,2026-07-22T09:48:35.578Z,2882374,4231,10202627
2069131929409179744,large,2026-06-22T18:54:29+00:00,2026-06-22T19:25:28.16+00:00,22570,2026-07-22T09:48:38.241Z,112859,3679,3040121
2069142033516630439,large,2026-06-22T19:34:38+00:00,2026-06-23T01:28:04.407+00:00,917752,2026-07-22T09:48:40.041Z,2024156,135949,253864
2069151778889699508,large,2026-06-22T20:13:21+00:00,2026-06-22T21:26:01.524+00:00,31200,2026-07-22T09:48:35.578Z,3913347,28803,1773041
2069162876607009227,large,2026-06-22T20:57:27+00:00,2026-06-23T06:35:41.439+00:00,87534,2026-07-22T09:48:38.241Z,128384,2814,11772
2069171656640335918,large,2026-06-22T21:32:20+00:00,2026-06-22T23:57:57.182+00:00,114899,2026-07-22T09:48:40.041Z,283238,564,99138
2069181208412721377,large,2026-06-22T22:10:18+00:00,2026-06-22T22:54:35.512+00:00,22443,2026-07-22T09:48:35.578Z,166501,446,156277
2069188862719496624,large,2026-06-22T22:40:43+00:00,2026-06-22T23:30:38.056+00:00,852,2026-07-22T09:48:38.241Z,259213,1360,32666
2069198512517230638,large,2026-06-22T23:19:03+00:00,2026-06-23T02:20:53.658+00:00,279,2026-07-22T09:48:40.041Z,20653,2068,0
2069204051636429038,large,2026-06-22T23:41:04+00:00,2026-06-22T23:57:57.182+00:00,12564,2026-07-22T09:48:35.578Z,920695,15488,3647669
2069217367486332969,large,2026-06-23T00:33:59+00:00,2026-06-23T05:12:46.611+00:00,41644,2026-07-22T09:48:38.241Z,70130,3513,5302710
2069233007391629321,large,2026-06-23T01:36:08+00:00,2026-06-23T05:12:46.611+00:00,187434,2026-07-22T09:48:40.041Z,832415,10382,48774
2069246883562770917,large,2026-06-23T02:31:16+00:00,2026-06-23T09:22:58.641+00:00,10612,2026-07-22T09:48:35.578Z,90616,1035,76900
2069272967994101794,large,2026-06-23T04:14:55+00:00,2026-06-23T09:22:58.641+00:00,44761,2026-07-22T09:48:38.241Z,946302,5480,125347
2069297263416094943,large,2026-06-23T05:51:27+00:00,2026-06-23T11:47:22.703+00:00,1287,2026-07-22T09:48:40.041Z,3338,102,359764
2069321900040577505,large,2026-06-23T07:29:21+00:00,2026-06-23T10:42:29.509+00:00,15119,2026-07-22T09:48:35.578Z,63204,291,7655
2069350655148347521,large,2026-06-23T09:23:37+00:00,2026-06-23T12:44:28.097+00:00,5388,2026-07-22T09:48:37.276Z,26913,73,3054
2069382026512228359,large,2026-06-23T11:28:17+00:00,2026-06-23T13:44:07.459+00:00,51916,2026-07-22T09:48:40.041Z,83740,2120,1134065
2069400794730811808,large,2026-06-23T12:42:51+00:00,2026-06-23T15:45:27.065+00:00,21966,2026-07-22T09:48:37.276Z,45115,234,114518
2069413448287490526,large,2026-06-23T13:33:08+00:00,2026-06-23T15:45:27.065+00:00,73572,2026-07-22T09:48:40.041Z,184745,2890,1943617
2069441155608027449,large,2026-06-23T15:23:14+00:00,2026-06-23T17:28:05.398+00:00,6361671,2026-07-22T09:48:37.276Z,34217725,202473,240441766
2069456352208920849,large,2026-06-23T16:23:37+00:00,2026-06-23T19:39:48.85+00:00,8375,2026-07-22T09:48:40.041Z,23255,681,2557
2069471321331790143,large,2026-06-23T17:23:06+00:00,2026-06-23T18:12:33.073+00:00,57298,2026-07-22T09:48:35.578Z,176752,2176,1984123
2069478654397096325,large,2026-06-23T17:52:14+00:00,2026-06-23T20:28:51.018+00:00,90784,2026-07-22T09:48:37.276Z,182293,26845,653318
2069496707298258977,large,2026-06-23T19:03:59+00:00,2026-06-23T20:28:51.018+00:00,52092,2026-07-22T09:48:40.041Z,107848,156,756681
2069507651004731411,large,2026-06-23T19:47:28+00:00,2026-06-23T20:28:51.018+00:00,184926,2026-07-22T09:48:35.578Z,720040,15754,1665560
2069515489802678422,large,2026-06-23T20:18:37+00:00,2026-06-23T22:54:32.985+00:00,93206,2026-07-22T09:48:37.276Z,284642,2025,119433
2069538192416714945,large,2026-06-23T21:48:49+00:00,2026-06-23T22:54:32.985+00:00,187157,2026-07-22T09:48:40.041Z,6340206,23713,64722
2069568196890263950,large,2026-06-23T23:48:03+00:00,2026-06-24T09:05:19.584+00:00,2025,2026-07-22T09:48:35.578Z,44181,1131,482
2069598905373782087,large,2026-06-24T01:50:04+00:00,2026-06-24T06:33:37.696+00:00,742752,2026-07-22T09:48:37.276Z,4608132,3917,71571
2069656534326407647,large,2026-06-24T05:39:04+00:00,2026-06-24T09:05:19.584+00:00,35943,2026-07-22T09:48:35.578Z,352602,111,15142058
2069701171250434059,large,2026-06-24T08:36:27+00:00,2026-06-24T12:18:19.833+00:00,29531,2026-07-22T09:48:40.041Z,106361,513,20611
2069738432620810611,large,2026-06-24T11:04:30+00:00,2026-06-24T11:28:04.071+00:00,19972,2026-07-22T09:48:35.578Z,254781,1119,289007
2069762830664859953,large,2026-06-24T12:41:27+00:00,2026-06-24T15:25:35.809+00:00,122641,2026-07-22T09:48:40.041Z,1168564,3549,544678
2069773181334773907,large,2026-06-24T13:22:35+00:00,2026-06-24T15:25:35.809+00:00,216279,2026-07-22T09:48:35.578Z,1286752,10502,2327056
2069792078679474212,large,2026-06-24T14:37:41+00:00,2026-06-24T17:55:38.315+00:00,65129,2026-07-22T09:48:37.276Z,306574,6071,44973
2069804473891852595,large,2026-06-24T15:26:56+00:00,2026-06-24T20:12:43.046+00:00,281547,2026-07-22T09:48:40.041Z,533231,9586,286176
2069814920070189222,large,2026-06-24T16:08:26+00:00,2026-06-24T17:55:38.315+00:00,197102,2026-07-22T09:48:35.578Z,813132,8605,5544924
2069826155033555163,large,2026-06-24T16:53:05+00:00,2026-06-24T20:12:43.046+00:00,31063,2026-07-22T09:48:37.276Z,362068,25985,653393
2069839724626518271,large,2026-06-24T17:47:00+00:00,2026-06-24T21:32:31.387+00:00,1037817,2026-07-22T09:48:40.041Z,21307352,61280,628
2069852552561295775,large,2026-06-24T18:37:59+00:00,2026-06-25T00:11:18.122+00:00,13683,2026-07-22T09:48:35.578Z,51937,10531,568395
2069863997902553447,large,2026-06-24T19:23:27+00:00,2026-06-24T20:12:43.046+00:00,41783,2026-07-22T09:48:37.276Z,253755,22725,1910259
2069892547116417508,large,2026-06-24T21:16:54+00:00,2026-06-25T11:26:24.925+00:00,511763,2026-07-22T09:48:35.578Z,609302,8772,235556
2069912359771025664,large,2026-06-24T22:35:38+00:00,2026-06-25T11:26:24.925+00:00,330162,2026-07-22T09:48:37.276Z,407910,24703,6095
2069931720854692056,large,2026-06-24T23:52:34+00:00,2026-06-25T09:10:27.894+00:00,117345,2026-07-22T09:48:40.041Z,5507500,74979,4052
2069981899842576396,large,2026-06-25T03:11:57+00:00,2026-06-25T06:36:24.453+00:00,319922,2026-07-22T09:48:37.276Z,1387425,3320,96199
2070005696318300177,large,2026-06-25T04:46:31+00:00,2026-06-25T10:21:39.59+00:00,180824,2026-07-22T09:48:40.041Z,2873128,11168,1625
2070035010552226055,large,2026-06-25T06:43:00+00:00,2026-06-25T13:09:00.71+00:00,8101,2026-07-22T09:48:35.578Z,108756,1766,8738
2070054604373655894,large,2026-06-25T08:00:52+00:00,2026-06-25T13:57:05.673+00:00,53573,2026-07-22T09:48:37.276Z,118987,370,11660
2070065458435305774,large,2026-06-25T08:43:59+00:00,2026-06-25T11:26:24.925+00:00,19059,2026-07-22T09:48:40.041Z,192655,564,10250
2070095819521298884,large,2026-06-25T10:44:38+00:00,2026-06-25T13:09:00.71+00:00,99180,2026-07-22T09:48:35.578Z,3110237,2874,8934754
2070114361834668033,large,2026-06-25T11:58:19+00:00,2026-06-25T13:09:00.71+00:00,23817,2026-07-22T09:48:37.276Z,44190,306,4324584
2070136409378132326,large,2026-06-25T13:25:55+00:00,2026-06-25T13:57:05.673+00:00,23491,2026-07-22T09:48:40.041Z,140878,6322,1135481
2070148876237984032,large,2026-06-25T14:15:28+00:00,2026-06-25T14:58:47.906+00:00,55254,2026-07-22T09:48:35.578Z,983005,75327,1775463
2070162464063508902,large,2026-06-25T15:09:27+00:00,2026-06-25T19:56:05.857+00:00,726945,2026-07-22T09:48:37.276Z,1874285,11802,1389251
2070176555687637255,large,2026-06-25T16:05:27+00:00,2026-06-25T18:20:27.768+00:00,214849,2026-07-22T09:48:40.041Z,760980,31898,1710914
2070188182302290279,large,2026-06-25T16:51:39+00:00,2026-06-25T21:21:59.192+00:00,351832,2026-07-22T09:48:35.578Z,968208,22822,3960
2070199118446620809,large,2026-06-25T17:35:06+00:00,2026-06-25T21:21:59.192+00:00,613712,2026-07-22T09:48:37.276Z,4817999,13499,1025465
2070213058950287865,large,2026-06-25T18:30:30+00:00,2026-06-25T19:56:05.857+00:00,529485,2026-07-22T09:48:40.041Z,3189417,23256,11606782
2070227697931088219,large,2026-06-25T19:28:40+00:00,2026-06-25T20:40:03.153+00:00,5741,2026-07-22T09:48:35.578Z,927284,44625,177021
2070246734513533006,large,2026-06-25T20:44:19+00:00,2026-06-25T23:10:59.756+00:00,712508,2026-07-22T09:48:37.276Z,1873651,4513,205222
2070254284722045174,large,2026-06-25T21:14:19+00:00,2026-06-25T23:46:56.369+00:00,6588,2026-07-22T09:48:40.041Z,63640,7,847
2070261409473249741,large,2026-06-25T21:42:38+00:00,2026-06-25T22:02:25.326+00:00,2386,2026-07-22T09:48:35.578Z,9155,76,1231212
2070273482462765080,large,2026-06-25T22:30:36+00:00,2026-06-26T00:14:57.852+00:00,7078,2026-07-22T09:48:37.276Z,73965,474,206528
2070300395302432833,large,2026-06-26T00:17:33+00:00,2026-06-26T02:19:14.087+00:00,24759,2026-07-22T09:48:40.041Z,204608,2003,826624
2070319291254079829,large,2026-06-26T01:32:38+00:00,2026-06-26T03:46:38.708+00:00,593621,2026-07-22T09:48:35.578Z,3193410,76978,2490514
2070333729218740409,large,2026-06-26T02:30:00+00:00,2026-06-26T05:14:28.899+00:00,153755,2026-07-22T09:48:37.276Z,277523,503,3641475
2070371479858921570,large,2026-06-26T05:00:01+00:00,2026-06-26T11:41:50.705+00:00,1422,2026-07-22T09:48:40.041Z,2571,53,5880
2070417668243378280,large,2026-06-26T08:03:33+00:00,2026-06-26T12:29:56.722+00:00,22698,2026-07-22T09:48:35.578Z,276002,5535,1140
2070459571651416420,large,2026-06-26T10:50:03+00:00,2026-06-26T14:17:50.985+00:00,33695,2026-07-22T09:48:37.276Z,71262,926,38462
2070498401586692378,large,2026-06-26T13:24:21+00:00,2026-06-26T14:17:50.985+00:00,6583,2026-07-22T09:48:40.041Z,9715,10,55239
2070514358103257143,large,2026-06-26T14:27:45+00:00,2026-06-27T00:08:29.785+00:00,26751,2026-07-22T09:48:35.578Z,45283,309,334
2070538434020606309,large,2026-06-26T16:03:26+00:00,2026-06-26T17:42:12.589+00:00,3865,2026-07-22T09:48:37.276Z,20679,272,123693
2070548224545378461,large,2026-06-26T16:42:20+00:00,2026-06-27T10:29:10.427+00:00,3782,2026-07-22T09:48:40.041Z,7507,51,11347
2070558497637380275,large,2026-06-26T17:23:09+00:00,2026-06-26T18:17:59.051+00:00,431771,2026-07-22T09:48:35.578Z,918331,2641,16965645
2070572776436437162,large,2026-06-26T18:19:53+00:00,2026-06-26T23:09:00.227+00:00,160561,2026-07-22T09:48:37.276Z,10022459,9507,1845552
2070584725895598318,large,2026-06-26T19:07:22+00:00,2026-06-26T22:12:46.706+00:00,13482,2026-07-22T09:48:40.041Z,26769,367,203
2070592229635170772,large,2026-06-26T19:37:11+00:00,2026-06-26T23:09:00.227+00:00,26275,2026-07-22T09:48:35.578Z,71936,4601,1176730
2070599859506196983,large,2026-06-26T20:07:31+00:00,2026-06-26T21:46:14.157+00:00,49096,2026-07-22T09:48:37.276Z,105463,4254,1586552
2070611398246236186,large,2026-06-26T20:53:22+00:00,2026-06-27T00:08:29.785+00:00,210522,2026-07-22T09:48:40.041Z,697185,18262,1142062
2070616610008883676,large,2026-06-26T21:14:04+00:00,2026-06-27T11:08:02.037+00:00,664842,2026-07-22T09:48:35.578Z,1813574,13687,14697
2070627631460995282,large,2026-06-26T21:57:52+00:00,2026-06-27T07:33:34.637+00:00,2653668,2026-07-22T09:48:37.276Z,5632472,45208,240536629
2070632856448069792,large,2026-06-26T22:18:38+00:00,2026-06-27T09:35:15.487+00:00,170670,2026-07-22T09:48:40.041Z,1033436,11365,229075
2070643057842655430,large,2026-06-26T22:59:10+00:00,2026-06-27T12:47:56.158+00:00,1709391,2026-07-22T09:48:35.578Z,2524799,19025,20899
2070657833155051850,large,2026-06-26T23:57:53+00:00,2026-06-27T01:17:27.558+00:00,4812,2026-07-22T09:48:37.276Z,23986,70,117504
2070667964211200472,large,2026-06-27T00:38:08+00:00,2026-06-27T02:18:40.808+00:00,15571,2026-07-22T09:48:40.041Z,53542,165,27105
2070677434845077698,large,2026-06-27T01:15:46+00:00,2026-06-27T08:39:14.862+00:00,228293,2026-07-22T09:48:35.578Z,13478927,7502,1737
2070719788268065063,large,2026-06-27T04:04:04+00:00,2026-06-27T08:39:14.862+00:00,268221,2026-07-22T09:48:40.041Z,1577331,23004,265788
2070735199022060001,large,2026-06-27T05:05:18+00:00,2026-06-27T07:33:34.637+00:00,465179,2026-07-22T09:48:35.578Z,3187995,62413,6529
2070753340405805110,large,2026-06-27T06:17:23+00:00,2026-06-27T08:39:14.862+00:00,71,2026-07-22T09:48:37.276Z,235,0,2
2070770760919245046,large,2026-06-27T07:26:37+00:00,2026-06-27T07:33:34.637+00:00,8,2026-07-22T09:48:40.041Z,87,3,30
2070787020851695943,large,2026-06-27T08:31:13+00:00,2026-06-27T10:29:10.427+00:00,40,2026-07-22T09:48:35.578Z,63,1,11503
2070803931433722011,large,2026-06-27T09:38:25+00:00,2026-06-27T15:54:39.207+00:00,15686,2026-07-22T09:48:37.276Z,47034,437,233
2070828283076268356,large,2026-06-27T11:15:11+00:00,2026-06-27T16:23:39.265+00:00,606223,2026-07-22T09:48:40.041Z,1221504,32906,254439
2070853387256771020,large,2026-06-27T12:54:56+00:00,2026-06-27T16:23:39.265+00:00,29039,2026-07-22T09:48:35.578Z,526724,1809,230768
2070878674023497763,large,2026-06-27T14:35:25+00:00,2026-06-27T15:27:25.524+00:00,48618,2026-07-22T09:48:37.276Z,1771014,3517,128090
2070888227628523535,large,2026-06-27T15:13:23+00:00,2026-06-27T17:25:06.975+00:00,68601,2026-07-22T09:48:40.041Z,132794,6890,56552
2070896511580508277,large,2026-06-27T15:46:18+00:00,2026-06-28T12:12:54.677+00:00,64609,2026-07-22T09:48:35.578Z,110744,873,16665
2070910435549675958,large,2026-06-27T16:41:38+00:00,2026-06-27T22:21:54.561+00:00,1239686,2026-07-22T09:48:37.276Z,5370298,231502,7695
2070929305488757047,large,2026-06-27T17:56:37+00:00,2026-06-27T18:23:54.334+00:00,1947,2026-07-22T09:48:40.041Z,9709,203,57434
2070945256900833283,large,2026-06-27T19:00:00+00:00,2026-06-27T22:21:54.561+00:00,108249,2026-07-22T09:48:35.578Z,197902,3928,29182480
2070965124610072641,large,2026-06-27T20:18:57+00:00,2026-06-28T10:58:10.896+00:00,113001,2026-07-22T09:48:37.276Z,366940,1871,2072
2070982705051770939,large,2026-06-27T21:28:48+00:00,2026-06-28T12:46:01.599+00:00,354033,2026-07-22T09:48:40.041Z,1007595,1963,10291
2071000969962229875,large,2026-06-27T22:41:23+00:00,2026-06-28T03:49:21.131+00:00,5085,2026-07-22T09:48:35.578Z,15391,88,499
2071019853620891949,large,2026-06-27T23:56:25+00:00,2026-06-28T05:16:18.077+00:00,25236,2026-07-22T09:48:37.276Z,335023,15975,4194
2071033109999415342,large,2026-06-28T00:49:06+00:00,2026-06-28T06:44:53.745+00:00,220324,2026-07-22T09:48:40.041Z,772297,95980,56895
2071046049527976218,large,2026-06-28T01:40:31+00:00,2026-06-28T10:13:53.01+00:00,507835,2026-07-22T09:48:35.578Z,1192245,7324,2443
2071060099712319773,large,2026-06-28T02:36:20+00:00,2026-06-28T06:44:53.745+00:00,11604,2026-07-22T09:48:37.276Z,103780,743,208
2071073150465720605,large,2026-06-28T03:28:12+00:00,2026-06-28T11:36:44.967+00:00,16421,2026-07-22T09:48:39.075Z,33291,2322,247832
2071091910622781688,large,2026-06-28T04:42:45+00:00,2026-06-28T08:02:08.661+00:00,54545,2026-07-22T09:48:35.578Z,327016,2678,113673
2071106188973138151,large,2026-06-28T05:39:29+00:00,2026-06-28T12:12:54.677+00:00,1154,2026-07-22T09:48:37.276Z,6308,493,353
2071131574964216223,large,2026-06-28T07:20:21+00:00,2026-07-05T08:20:58.626+00:00,44,2026-07-22T09:48:39.075Z,69,0,25350
2071189695485108558,large,2026-06-28T11:11:18+00:00,2026-06-28T14:00:22.779+00:00,48189,2026-07-22T09:48:37.276Z,304274,13586,103977
2071238419611607391,large,2026-06-28T14:24:55+00:00,2026-06-28T17:41:30.596+00:00,405142,2026-07-22T09:48:39.075Z,931259,7392,523
2071253063290241160,large,2026-06-28T15:23:06+00:00,2026-06-28T17:41:30.596+00:00,171416,2026-07-22T09:48:35.578Z,747597,18732,1454886
2071295679415079057,large,2026-06-28T18:12:27+00:00,2026-06-28T22:38:05.972+00:00,846833,2026-07-22T09:48:37.276Z,1878828,42400,11689
2071329559547371983,large,2026-06-28T20:27:05+00:00,2026-06-28T22:38:05.972+00:00,40345,2026-07-22T09:48:39.075Z,70965,131,846067
2071389825546989611,large,2026-06-29T00:26:33+00:00,2026-06-29T07:08:45.114+00:00,1245493,2026-07-22T09:48:35.578Z,1616568,3152,86732
2071466588541530237,large,2026-06-29T05:31:35+00:00,2026-06-29T07:08:45.114+00:00,129911,2026-07-22T09:48:37.276Z,1165106,16118,422903
2071494728521253087,large,2026-06-29T07:23:24+00:00,2026-06-29T12:20:27.432+00:00,91437,2026-07-22T09:48:39.075Z,668092,2521,161242
2071523057475436985,large,2026-06-29T09:15:58+00:00,2026-06-29T13:58:53.501+00:00,1966623,2026-07-22T09:48:35.578Z,5804795,10670,27263
2071594677904580845,large,2026-06-29T14:00:34+00:00,2026-06-29T16:30:40.333+00:00,138374,2026-07-22T09:48:35.578Z,521989,9848,460956
2071606812453851369,large,2026-06-29T14:48:47+00:00,2026-06-29T16:30:40.333+00:00,38708,2026-07-22T09:48:37.276Z,285687,3328,40478
2071618603636658186,large,2026-06-29T15:35:38+00:00,2026-06-29T20:24:54.128+00:00,282713,2026-07-22T09:48:39.075Z,1242496,10324,84085
2071639010922148059,large,2026-06-29T16:56:44+00:00,2026-06-29T20:24:54.128+00:00,308719,2026-07-22T09:48:37.276Z,1407954,2181,730388
2071649591733186608,large,2026-06-29T17:38:46+00:00,2026-06-29T19:42:06.549+00:00,7554,2026-07-22T09:48:39.075Z,18180,72,26195
2071663312698519597,large,2026-06-29T18:33:18+00:00,2026-06-29T21:04:48.01+00:00,3788,2026-07-22T09:48:35.578Z,12416,319,38482
2071672622249546110,large,2026-06-29T19:10:17+00:00,2026-06-30T00:08:35.724+00:00,25545,2026-07-22T09:48:37.276Z,37632,3167,114296
2071680308848496888,large,2026-06-29T19:40:50+00:00,2026-06-30T00:08:35.724+00:00,8931,2026-07-22T09:48:39.075Z,50860,416,11540
2071685636675772760,large,2026-06-29T20:02:00+00:00,2026-06-29T22:39:59.102+00:00,12997,2026-07-22T09:48:35.578Z,93428,902,177281
2071695303502094565,large,2026-06-29T20:40:25+00:00,2026-06-29T21:46:07.303+00:00,283742,2026-07-22T09:48:37.276Z,1663133,1470,12691049
2071707417717408201,large,2026-06-29T21:28:33+00:00,2026-06-29T23:38:29.936+00:00,13055,2026-07-22T09:48:39.075Z,150888,180,428
2071730591473836228,large,2026-06-29T23:00:38+00:00,2026-06-29T23:38:29.936+00:00,237,2026-07-22T09:48:35.578Z,926,4,4062
2071736176982233325,large,2026-06-29T23:22:50+00:00,2026-06-30T00:08:35.724+00:00,14798,2026-07-22T09:48:37.276Z,464310,5178,607321
2071750908031979861,large,2026-06-30T00:21:22+00:00,2026-06-30T03:46:20.181+00:00,314395,2026-07-22T09:48:39.075Z,595528,2433,1711918
2071767968225148956,large,2026-06-30T01:29:09+00:00,2026-06-30T02:19:09.938+00:00,23210,2026-07-22T09:48:35.578Z,86665,1657,1751436
2071788010367336457,large,2026-06-30T02:48:48+00:00,2026-06-30T08:02:49.811+00:00,642830,2026-07-22T09:48:37.276Z,2296112,13067,24105
2071806969909026899,large,2026-06-30T04:04:08+00:00,2026-06-30T10:39:45.205+00:00,425659,2026-07-22T09:48:39.075Z,6345741,115223,46856
2071869171638391004,large,2026-06-30T08:11:18+00:00,2026-06-30T10:39:45.205+00:00,467,2026-07-22T09:48:37.276Z,2432,63,6185
2071897019040362744,large,2026-06-30T10:01:57+00:00,2026-06-30T11:54:25.155+00:00,2143,2026-07-22T09:48:39.075Z,27029,205,3778
2071941282214072768,large,2026-06-30T12:57:51+00:00,2026-07-06T10:50:34.894+00:00,22228,2026-07-22T09:48:35.578Z,31232,295,8840802
2071967481640399347,large,2026-06-30T14:41:57+00:00,2026-06-30T15:51:30.9+00:00,502688,2026-07-22T09:48:37.276Z,1415768,2981,2047455
2072007845193896088,large,2026-06-30T17:22:20+00:00,2026-06-30T21:23:20.924+00:00,1888196,2026-07-22T09:48:39.075Z,4659984,21421,987270
2072021216408310232,large,2026-06-30T18:15:28+00:00,2026-07-01T01:50:23.63+00:00,728676,2026-07-22T09:48:35.578Z,10156854,85227,55055
2072052391512314153,large,2026-06-30T20:19:21+00:00,2026-07-02T08:50:54.656+00:00,502974,2026-07-22T09:48:39.075Z,765147,15832,12465
2072062388614885748,large,2026-06-30T20:59:05+00:00,2026-07-01T01:50:23.63+00:00,28836,2026-07-22T09:48:35.578Z,72504,4511,177292
2072079581860024484,large,2026-06-30T22:07:24+00:00,2026-06-30T23:52:10.196+00:00,86,2026-07-22T09:48:37.276Z,234,4,3501
2072089295343542432,large,2026-06-30T22:46:00+00:00,2026-07-01T04:20:21.854+00:00,6023,2026-07-22T09:48:39.075Z,10828,27,39201
2072112280364281945,large,2026-07-01T00:17:20+00:00,2026-07-01T04:20:21.854+00:00,3466,2026-07-22T09:48:35.578Z,7966,126,122303
2072144697078759519,large,2026-07-01T02:26:09+00:00,2026-07-01T04:20:21.854+00:00,4229,2026-07-22T09:48:37.276Z,65474,1478,878
2072190379634356262,large,2026-07-01T05:27:40+00:00,2026-07-01T08:20:35.105+00:00,1939,2026-07-22T09:48:39.075Z,12740,849,79245
2072217777625055352,large,2026-07-01T07:16:32+00:00,2026-07-01T20:20:58.754+00:00,111978,2026-07-22T09:48:35.578Z,178692,16418,4739
2072268994304770452,large,2026-07-01T10:40:03+00:00,2026-07-01T17:52:12.932+00:00,585248,2026-07-22T09:48:37.276Z,2203818,4775,10037
2072295171740373398,large,2026-07-01T12:24:04+00:00,2026-07-01T16:21:05.162+00:00,6011125,2026-07-22T09:48:39.075Z,20611637,101832,2996957
2072308486378344618,large,2026-07-01T13:16:59+00:00,2026-07-02T05:20:50.437+00:00,696283,2026-07-22T09:48:35.578Z,1551195,181016,1131
2072316981047333090,large,2026-07-01T13:50:44+00:00,2026-07-01T16:50:59.348+00:00,129071,2026-07-22T09:48:37.276Z,321417,13843,1945877
2072324445574746594,large,2026-07-01T14:20:24+00:00,2026-07-01T17:27:55.252+00:00,467175,2026-07-22T09:48:39.075Z,841111,4538,1717831
2072331152145174749,large,2026-07-01T14:47:03+00:00,2026-07-02T01:51:13.505+00:00,369233,2026-07-22T09:48:35.578Z,660746,1979,29141
2072341485882691828,large,2026-07-01T15:28:07+00:00,2026-07-03T09:22:08.1+00:00,530117,2026-07-22T09:48:37.276Z,561303,21478,4962
2072349145214431660,large,2026-07-01T15:58:33+00:00,2026-07-01T21:51:46.567+00:00,118705,2026-07-22T09:48:39.075Z,196634,533,1109937
2072354875154006390,large,2026-07-01T16:21:19+00:00,2026-07-01T18:27:45.685+00:00,126199,2026-07-22T09:48:35.578Z,739710,12648,169943
2072360269448183957,large,2026-07-01T16:42:45+00:00,2026-07-01T19:50:46.393+00:00,297914,2026-07-22T09:48:37.276Z,712683,26249,36953
2072365372741767495,large,2026-07-01T17:03:02+00:00,2026-07-01T22:51:04.517+00:00,40193,2026-07-22T09:48:39.075Z,893922,1057,17998
2072373180677726235,large,2026-07-01T17:34:03+00:00,2026-07-01T20:20:58.754+00:00,88057,2026-07-22T09:48:35.578Z,147269,448,7442
2072380636816363745,large,2026-07-01T18:03:41+00:00,2026-07-01T22:51:04.517+00:00,134274,2026-07-22T09:48:37.276Z,2540798,8716,89485
2072386206097182981,large,2026-07-01T18:25:49+00:00,2026-07-01T21:51:46.567+00:00,49808,2026-07-22T09:48:39.075Z,97224,3137,370428
2072391390747881887,large,2026-07-01T18:46:25+00:00,2026-07-02T07:20:40.104+00:00,60777,2026-07-22T09:48:35.578Z,526319,6365,19203
2072401775286460873,large,2026-07-01T19:27:41+00:00,2026-07-02T00:51:00.832+00:00,192,2026-07-22T09:48:37.276Z,242,3,2736
2072407261067293152,large,2026-07-01T19:49:29+00:00,2026-07-01T21:21:09.369+00:00,99,2026-07-22T09:48:39.075Z,877,3,1068
2072411188047020280,large,2026-07-01T20:05:05+00:00,2026-07-02T09:51:17.051+00:00,15433,2026-07-22T09:48:35.578Z,33381,122,1578
2072418474576486578,large,2026-07-01T20:34:02+00:00,2026-07-02T06:20:58.313+00:00,35946,2026-07-22T09:48:37.276Z,280438,14757,21350
2072426082951684370,large,2026-07-01T21:04:16+00:00,2026-07-02T03:22:04.192+00:00,406524,2026-07-22T09:48:39.075Z,1089194,67626,1752728
2072433523210735930,large,2026-07-01T21:33:50+00:00,2026-07-02T00:21:17.18+00:00,29785,2026-07-22T09:48:35.578Z,1349412,1680,807639
2072441545303703784,large,2026-07-01T22:05:43+00:00,2026-07-02T11:21:02.558+00:00,2289446,2026-07-22T09:48:37.276Z,4122037,32250,12709
2072447761866510702,large,2026-07-01T22:30:25+00:00,2026-07-02T03:50:56.596+00:00,112346,2026-07-22T09:48:39.075Z,135997,1316,71954
2072451514615152781,large,2026-07-01T22:45:20+00:00,2026-07-02T01:51:13.505+00:00,1342,2026-07-22T09:48:35.578Z,3534,353,18548
2072458844391747770,large,2026-07-01T23:14:27+00:00,2026-07-02T10:50:29.237+00:00,501,2026-07-22T09:48:37.276Z,1248,8,372
2072469141991125091,large,2026-07-01T23:55:22+00:00,2026-07-02T03:22:04.192+00:00,43906,2026-07-22T09:48:39.075Z,70574,167,21705312
2072478711362867485,large,2026-07-02T00:33:24+00:00,2026-07-02T04:21:22.711+00:00,435043,2026-07-22T09:48:35.578Z,1846399,34567,30009
2072493405498671462,large,2026-07-02T01:31:47+00:00,2026-07-02T09:51:17.051+00:00,2076201,2026-07-22T09:48:37.276Z,3038461,1945,2458672
2072500553192722641,large,2026-07-02T02:00:11+00:00,2026-07-02T08:22:05.304+00:00,216621,2026-07-22T09:48:39.075Z,329087,12658,516022
2072506009269227828,large,2026-07-02T02:21:52+00:00,2026-07-02T12:21:01.755+00:00,842354,2026-07-22T09:48:35.578Z,6004717,79576,2607
2072514631491596616,large,2026-07-02T02:56:08+00:00,2026-07-02T07:50:36.104+00:00,93803,2026-07-22T09:48:37.276Z,453704,19887,1408816
2072532626599038979,large,2026-07-02T04:07:38+00:00,2026-07-05T04:20:45.282+00:00,348448,2026-07-22T09:48:39.075Z,356499,7179,119497
2072557411584422216,large,2026-07-02T05:46:07+00:00,2026-07-02T06:51:03.573+00:00,703,2026-07-22T09:48:35.578Z,77779,1937,28375
2072592038567236011,large,2026-07-02T08:03:43+00:00,2026-07-02T10:21:01.748+00:00,82864,2026-07-22T09:48:39.075Z,150900,1681,19086
2072609612038091077,large,2026-07-02T09:13:33+00:00,2026-07-03T08:50:34.571+00:00,230734,2026-07-22T09:48:35.578Z,234386,805,544
2072626488256680028,large,2026-07-02T10:20:36+00:00,2026-07-02T12:21:01.755+00:00,878,2026-07-22T09:48:37.276Z,3630,23,6872
2072641115711295625,large,2026-07-02T11:18:44+00:00,2026-07-02T12:21:01.755+00:00,3796,2026-07-22T09:48:39.075Z,52134,942,2252
2072656975578423627,large,2026-07-02T12:21:45+00:00,2026-07-03T06:21:06.683+00:00,617401,2026-07-22T09:48:35.578Z,1168190,8985,282896
2072673651183296523,large,2026-07-02T13:28:01+00:00,2026-07-02T19:20:56.165+00:00,129180,2026-07-22T09:48:39.075Z,531599,319,997834
2072680222307086362,large,2026-07-02T13:54:08+00:00,2026-07-02T17:51:55.849+00:00,64055,2026-07-22T09:48:35.578Z,103403,187,263804
2072693304362152306,large,2026-07-02T14:46:07+00:00,2026-07-02T15:22:15.141+00:00,14193,2026-07-22T09:48:39.075Z,37567,643,163092
2072702560016724188,large,2026-07-02T15:22:53+00:00,2026-07-02T16:51:07.439+00:00,71541,2026-07-22T09:48:35.578Z,237575,9993,1946082
2072711904179495251,large,2026-07-02T16:00:01+00:00,2026-07-02T18:21:00.305+00:00,156874,2026-07-22T09:48:37.276Z,1260147,27367,1282923
2072716039171784780,large,2026-07-02T16:16:27+00:00,2026-07-03T08:50:34.571+00:00,943591,2026-07-22T09:48:39.075Z,1434355,2599,3945290
2072723434727993405,large,2026-07-02T16:45:50+00:00,2026-07-03T03:51:07.487+00:00,550266,2026-07-22T09:48:35.578Z,1460090,30386,1523
2072732241747177699,large,2026-07-02T17:20:50+00:00,2026-07-02T20:20:56.083+00:00,305593,2026-07-22T09:48:37.276Z,7973417,22965,1721649
2072736809147343307,large,2026-07-02T17:38:59+00:00,2026-07-02T18:21:00.305+00:00,8703,2026-07-22T09:48:39.075Z,37357,786,44996
2072745601037427168,large,2026-07-02T18:13:55+00:00,2026-07-03T09:22:08.1+00:00,963327,2026-07-22T09:48:34.719Z,1461797,19365,69759
2072753399309746385,large,2026-07-02T18:44:54+00:00,2026-07-02T20:50:43.433+00:00,476,2026-07-22T09:48:37.276Z,1842,21,7904
2072765914387247109,large,2026-07-02T19:34:38+00:00,2026-07-02T22:51:06.101+00:00,27461,2026-07-22T09:48:39.075Z,154622,3553,16419
2072777672757830037,large,2026-07-02T20:21:22+00:00,2026-07-03T10:20:47.665+00:00,5847618,2026-07-22T09:48:34.719Z,16230797,17736,314463
2072788267318038759,large,2026-07-02T21:03:28+00:00,2026-07-03T14:20:31.438+00:00,101888,2026-07-22T09:48:37.276Z,122537,569,24970
2072799133295845650,large,2026-07-02T21:46:38+00:00,2026-07-03T00:51:11.385+00:00,31149,2026-07-22T09:48:39.075Z,256814,4218,26586
2072811829777354993,large,2026-07-02T22:37:05+00:00,2026-07-03T08:21:46.556+00:00,39148,2026-07-22T09:48:34.719Z,48190,642,481077
2072822841221755099,large,2026-07-02T23:20:51+00:00,2026-07-03T08:21:46.556+00:00,621219,2026-07-22T09:48:37.276Z,3133514,29937,41536
2072840856340516971,large,2026-07-03T00:32:26+00:00,2026-07-03T08:50:34.571+00:00,321890,2026-07-22T09:48:39.075Z,952946,13931,32943
2072867148947394748,large,2026-07-03T02:16:54+00:00,2026-07-03T09:51:10.292+00:00,379,2026-07-22T09:48:39.075Z,143855,585,20
2072883018600219113,large,2026-07-03T03:19:58+00:00,2026-07-03T03:51:07.487+00:00,584,2026-07-22T09:48:34.719Z,1609,1,633
2072923315467854172,large,2026-07-03T06:00:06+00:00,2026-07-03T07:52:21.957+00:00,363585,2026-07-22T09:48:39.075Z,6725292,17114,464844
2072946021299089734,large,2026-07-03T07:30:19+00:00,2026-07-03T11:51:25.485+00:00,22508,2026-07-22T09:48:34.719Z,166021,629,15388
2072960033910841511,large,2026-07-03T08:26:00+00:00,2026-07-03T10:50:34.802+00:00,79782,2026-07-22T09:48:37.276Z,520507,10386,2549285
2072976250939854963,large,2026-07-03T09:30:26+00:00,2026-07-04T14:21:40.898+00:00,40426,2026-07-22T09:48:39.075Z,45035,42,223310
2072991238307918249,large,2026-07-03T10:30:00+00:00,2026-07-03T20:51:43.926+00:00,436,2026-07-22T09:48:34.719Z,536,28,24043
2073013891937034425,large,2026-07-03T12:00:01+00:00,2026-07-04T00:50:43.79+00:00,2765150,2026-07-22T09:48:39.075Z,15211994,75489,2882327
2073028988675432672,large,2026-07-03T13:00:00+00:00,2026-07-04T06:21:06.425+00:00,108550,2026-07-22T09:48:34.719Z,150679,15811,43478
2073038232837669216,large,2026-07-03T13:36:44+00:00,2026-07-05T08:20:58.626+00:00,261283,2026-07-22T09:48:37.276Z,529616,476,151120
2073050142962311284,large,2026-07-03T14:24:04+00:00,2026-07-03T21:20:24.712+00:00,322168,2026-07-22T09:48:39.075Z,828904,16869,4326580
2073058285310153143,large,2026-07-03T14:56:25+00:00,2026-07-03T15:50:30.816+00:00,5453,2026-07-22T09:48:34.719Z,24943,891,431108
2073070537891344669,large,2026-07-03T15:45:06+00:00,2026-07-03T19:21:58.659+00:00,408567,2026-07-22T09:48:39.075Z,1928123,41412,4143006
2073089758192906536,large,2026-07-03T17:01:29+00:00,2026-07-03T19:51:22.381+00:00,10350,2026-07-22T09:48:39.075Z,41728,712,11767
2073098962534637585,large,2026-07-03T17:38:03+00:00,2026-07-03T19:21:58.659+00:00,73945,2026-07-22T09:48:34.719Z,129130,483,28878
2073104665835602026,large,2026-07-03T18:00:43+00:00,2026-07-03T19:21:58.659+00:00,4112,2026-07-22T09:48:37.276Z,29325,340,11765
2073109051462795323,large,2026-07-03T18:18:09+00:00,2026-07-03T23:23:14.979+00:00,2419656,2026-07-22T09:48:39.075Z,5149314,60722,13117
2073112343223964031,large,2026-07-03T18:31:13+00:00,2026-07-03T22:51:58.057+00:00,447793,2026-07-22T09:48:34.719Z,472599,790,434585
2073116594595631496,large,2026-07-03T18:48:07+00:00,2026-07-03T20:51:43.926+00:00,9251,2026-07-22T09:48:37.276Z,39249,817,61210
2073121355197976892,large,2026-07-03T19:07:02+00:00,2026-07-03T19:51:22.381+00:00,1601,2026-07-22T09:48:39.075Z,12721,153,132099
2073126825149047156,large,2026-07-03T19:28:46+00:00,2026-07-04T04:21:29.886+00:00,278008,2026-07-22T09:48:34.719Z,1175115,1422,3500
2073131717833978280,large,2026-07-03T19:48:13+00:00,2026-07-03T21:51:02.777+00:00,72501,2026-07-22T09:48:37.276Z,790286,4772,2048783
2073138608102580368,large,2026-07-03T20:15:35+00:00,2026-07-03T23:50:46.025+00:00,74495,2026-07-22T09:48:39.075Z,135278,2377,5704
2073142061532942529,large,2026-07-03T20:29:19+00:00,2026-07-04T12:51:44.848+00:00,207802,2026-07-22T09:48:34.719Z,416561,5713,50365
2073148270797578278,large,2026-07-03T20:53:59+00:00,2026-07-04T04:21:29.886+00:00,254571,2026-07-22T09:48:37.276Z,1060900,11947,574929
2073154816315187696,large,2026-07-03T21:20:00+00:00,2026-07-03T22:51:58.057+00:00,25434,2026-07-22T09:48:39.075Z,51072,330,1109599
2073160666802802947,large,2026-07-03T21:43:15+00:00,2026-07-04T07:51:38.002+00:00,53513,2026-07-22T09:48:34.719Z,93609,2767,17038
2073173715576041966,large,2026-07-03T22:35:06+00:00,2026-07-04T11:50:31.735+00:00,4377,2026-07-22T09:48:37.276Z,9554,9,124074
2073181182766830017,large,2026-07-03T23:04:46+00:00,2026-07-04T03:20:26.4+00:00,1522,2026-07-22T09:48:39.075Z,3586,97,15870
2073191600851718299,large,2026-07-03T23:46:10+00:00,2026-07-04T03:50:59.847+00:00,11000,2026-07-22T09:48:34.719Z,30292,1223,139168
2073197742508126393,large,2026-07-04T00:10:34+00:00,2026-07-04T16:20:33.285+00:00,939963,2026-07-22T09:48:37.276Z,3095594,43567,1398204
2073205686251516260,large,2026-07-04T00:42:08+00:00,2026-07-05T08:20:58.626+00:00,173849,2026-07-22T09:48:39.075Z,175058,36,24
2073211395881992573,large,2026-07-04T01:04:49+00:00,2026-07-04T02:20:43.882+00:00,538901,2026-07-22T09:48:34.719Z,4380601,232688,2302384
2073220956483445221,large,2026-07-04T01:42:49+00:00,2026-07-04T17:50:32.057+00:00,59122,2026-07-22T09:48:37.276Z,109007,2759,1823
2073228245432991761,large,2026-07-04T02:11:47+00:00,2026-07-04T02:51:28.667+00:00,220,2026-07-22T09:48:39.075Z,4313,101,225862
2073238883840544916,large,2026-07-04T02:54:03+00:00,2026-07-04T03:50:59.847+00:00,516,2026-07-22T09:48:34.719Z,548,0,26
2073262457464782874,large,2026-07-04T04:27:43+00:00,2026-07-04T14:21:40.898+00:00,95058,2026-07-22T09:48:39.075Z,744740,21159,3604
2073271885153124776,large,2026-07-04T05:05:11+00:00,2026-07-04T05:21:01.422+00:00,25,2026-07-22T09:48:34.719Z,168,8,9652
2073282851093549196,large,2026-07-04T05:48:46+00:00,2026-07-05T00:20:52.732+00:00,44443,2026-07-22T09:48:37.276Z,51209,178,5470
2073300867139166576,large,2026-07-04T07:00:21+00:00,2026-07-04T17:20:28.806+00:00,1031272,2026-07-22T09:48:39.075Z,2554068,131566,2394
2073309105616208211,large,2026-07-04T07:33:05+00:00,2026-07-04T14:21:40.898+00:00,2055276,2026-07-22T09:48:34.719Z,4634645,13524,2571
2073316335388414349,large,2026-07-04T08:01:49+00:00,2026-07-05T06:20:29.228+00:00,118588,2026-07-22T09:48:37.276Z,154867,5340,78496
2073326945299845551,large,2026-07-04T08:43:58+00:00,2026-07-04T17:20:28.806+00:00,2240529,2026-07-22T09:48:39.075Z,16812397,192523,8726
2073333734749720656,large,2026-07-04T09:10:57+00:00,2026-07-04T15:51:50.986+00:00,9285,2026-07-22T09:48:34.719Z,15899,1435,799851
2073343755285897495,large,2026-07-04T09:50:46+00:00,2026-07-04T10:50:35.594+00:00,96374,2026-07-22T09:48:37.276Z,1883103,29827,114318
2073354952064323826,large,2026-07-04T10:35:16+00:00,2026-07-04T11:21:10.48+00:00,3808,2026-07-22T09:48:39.075Z,11822,70,310588
2073366956686586048,large,2026-07-04T11:22:58+00:00,2026-07-04T13:50:55.972+00:00,2584,2026-07-22T09:48:34.719Z,6782,77,8765
2073376324450676834,large,2026-07-04T12:00:11+00:00,2026-07-04T17:20:28.806+00:00,16529,2026-07-22T09:48:37.276Z,92896,34,1093055
2073381633433174188,large,2026-07-04T12:21:17+00:00,2026-07-04T14:50:33.109+00:00,19031,2026-07-22T09:48:39.075Z,231959,780,30488
2073389940071674312,large,2026-07-04T12:54:18+00:00,2026-07-04T15:51:50.986+00:00,20,2026-07-22T09:48:34.719Z,45,0,15866
2073393680233439541,large,2026-07-04T13:09:09+00:00,2026-07-04T14:50:33.109+00:00,2302,2026-07-22T09:48:37.276Z,8188,150,154708
2073402776005333095,large,2026-07-04T13:45:18+00:00,2026-07-04T14:50:33.109+00:00,127499,2026-07-22T09:48:34.719Z,356775,3235,3671056
2073407723744399868,large,2026-07-04T14:04:58+00:00,2026-07-05T10:52:49.336+00:00,5881130,2026-07-22T09:48:37.276Z,6955383,16061,9315
2073414389084868674,large,2026-07-04T14:31:27+00:00,2026-07-05T11:50:47.246+00:00,1566928,2026-07-22T09:48:39.075Z,4167337,97888,6541
2073418445853438148,large,2026-07-04T14:47:34+00:00,2026-07-04T15:51:50.986+00:00,2521,2026-07-22T09:48:34.719Z,25534,1246,4161
2073422515527893341,large,2026-07-04T15:03:44+00:00,2026-07-04T16:51:27.187+00:00,1498,2026-07-22T09:48:37.276Z,3042,5,546
2073426573512917278,large,2026-07-04T15:19:52+00:00,2026-07-04T17:20:28.806+00:00,30590,2026-07-22T09:48:39.075Z,86695,737,1047043
2073435339151069217,large,2026-07-04T15:54:42+00:00,2026-07-04T21:21:00.532+00:00,504229,2026-07-22T09:48:37.276Z,816037,21103,1219350
2073444443823472823,large,2026-07-04T16:30:52+00:00,2026-07-04T20:50:31.078+00:00,183353,2026-07-22T09:48:34.719Z,5377611,18112,6494
2073448421457801393,large,2026-07-04T16:46:41+00:00,2026-07-05T13:51:04.033+00:00,691305,2026-07-22T09:48:37.276Z,1391122,10440,335549
2073451860812308742,large,2026-07-04T17:00:21+00:00,2026-07-04T23:20:40.636+00:00,47969,2026-07-22T09:48:39.075Z,75286,4041,3873109
2073455722747056407,large,2026-07-04T17:15:41+00:00,2026-07-04T18:21:40.858+00:00,1367,2026-07-22T09:48:34.719Z,4448,80,81885
2073459407824769286,large,2026-07-04T17:30:20+00:00,2026-07-04T23:20:40.636+00:00,468977,2026-07-22T09:48:37.276Z,7106508,113042,4714
2073463664737485058,large,2026-07-04T17:47:15+00:00,2026-07-04T21:21:00.532+00:00,134683,2026-07-22T09:48:39.075Z,1659309,34391,296678
2073466226047680694,large,2026-07-04T17:57:26+00:00,2026-07-04T18:50:37.844+00:00,687,2026-07-22T09:48:34.719Z,2218,50,10772
2073470045896708426,large,2026-07-04T18:12:36+00:00,2026-07-05T09:50:49.786+00:00,74231,2026-07-22T09:48:37.276Z,214679,385,239641
2073474619210617256,large,2026-07-04T18:30:47+00:00,2026-07-05T08:50:35.474+00:00,71734,2026-07-22T09:48:39.075Z,88397,1313,7018
2073478714554245330,large,2026-07-04T18:47:03+00:00,2026-07-05T00:50:48.017+00:00,24954,2026-07-22T09:48:34.719Z,53261,7129,79888
2073482204907196588,large,2026-07-04T19:00:55+00:00,2026-07-05T13:20:36.144+00:00,73343,2026-07-22T09:48:37.276Z,82069,5187,782623
2073487613856452830,large,2026-07-04T19:22:25+00:00,2026-07-05T12:26:44.946+00:00,90955,2026-07-22T09:48:39.075Z,116109,6253,102792
2073492522966392974,large,2026-07-04T19:41:55+00:00,2026-07-05T05:50:21.236+00:00,59958,2026-07-22T09:48:34.719Z,147931,12902,223603
2073500125167497303,large,2026-07-04T20:12:08+00:00,2026-07-06T09:21:02.79+00:00,1636644,2026-07-22T09:48:37.276Z,1717806,1267,1267
2073504823161618493,large,2026-07-04T20:30:48+00:00,2026-07-05T02:51:35.473+00:00,799494,2026-07-22T09:48:39.075Z,3288836,26873,210
2073510655064183234,large,2026-07-04T20:53:58+00:00,2026-07-05T10:20:55.481+00:00,1260,2026-07-22T09:48:34.719Z,2024,90,5557
2073514578172854447,large,2026-07-04T21:09:34+00:00,2026-07-04T21:50:28.434+00:00,6491,2026-07-22T09:48:37.276Z,107394,923,4559
2073522848258199583,large,2026-07-04T21:42:25+00:00,2026-07-05T16:50:43.721+00:00,43225,2026-07-22T09:48:39.075Z,67736,353,49832
2073531046532964833,large,2026-07-04T22:15:00+00:00,2026-07-05T01:50:56.137+00:00,79856,2026-07-22T09:48:34.719Z,621643,11515,200396
2073537141934555246,large,2026-07-04T22:39:13+00:00,2026-07-06T08:50:55.7+00:00,391570,2026-07-22T09:48:37.276Z,458133,6518,3058
2073542384642630006,large,2026-07-04T23:00:03+00:00,2026-07-05T05:50:21.236+00:00,10195,2026-07-22T09:48:39.075Z,398383,5365,10358
2073547542017569167,large,2026-07-04T23:20:33+00:00,2026-07-05T02:51:35.473+00:00,30565,2026-07-22T09:48:34.719Z,76252,548,496703
2073552986203414813,large,2026-07-04T23:42:11+00:00,2026-07-05T00:20:52.732+00:00,55,2026-07-22T09:48:36.438Z,116,2,128
2073558271764598814,large,2026-07-05T00:03:11+00:00,2026-07-05T00:20:52.732+00:00,16,2026-07-22T09:48:39.075Z,57,2,11
2073564211150549098,large,2026-07-05T00:26:47+00:00,2026-07-05T13:51:04.033+00:00,953377,2026-07-22T09:48:34.719Z,2160012,7075,920
2073575671021101388,large,2026-07-05T01:12:19+00:00,2026-07-05T03:50:30.455+00:00,559226,2026-07-22T09:48:36.438Z,1755474,29609,25152
2073588768133857438,large,2026-07-05T02:04:22+00:00,2026-07-06T02:50:38.009+00:00,30911,2026-07-22T09:48:39.075Z,41906,1565,57246
2073602465807597661,large,2026-07-05T02:58:48+00:00,2026-07-05T03:21:28.185+00:00,194,2026-07-22T09:48:34.719Z,10955,333,2185
2073615422956487047,large,2026-07-05T03:50:17+00:00,2026-07-05T14:50:39.969+00:00,4437,2026-07-22T09:48:36.438Z,12805,46,1626
2073625636506370296,large,2026-07-05T04:30:52+00:00,2026-07-05T10:52:49.336+00:00,1884,2026-07-22T09:48:39.075Z,26360,302,6350
2073634710241030491,large,2026-07-05T05:06:55+00:00,2026-07-05T16:50:43.721+00:00,97183,2026-07-22T09:48:34.719Z,195990,10227,393489
2073644779754393858,large,2026-07-05T05:46:56+00:00,2026-07-05T07:23:02.922+00:00,16061,2026-07-22T09:48:36.438Z,168534,396,605734
2073656874507903233,large,2026-07-05T06:35:00+00:00,2026-07-05T09:21:15.568+00:00,3000,2026-07-22T09:48:39.075Z,27832,1118,107057
2073676207757873462,large,2026-07-05T07:51:49+00:00,2026-07-05T17:20:38.856+00:00,861605,2026-07-22T09:48:34.719Z,1337674,46565,1244
2073686967594749987,large,2026-07-05T08:34:34+00:00,2026-07-05T15:56:10.357+00:00,31504,2026-07-22T09:48:36.438Z,342858,157,93924
2073723576231055622,large,2026-07-05T11:00:03+00:00,2026-07-05T21:50:27.336+00:00,682792,2026-07-22T09:48:36.438Z,855215,540,3677145
2073734326731321848,large,2026-07-05T11:42:46+00:00,2026-07-05T13:51:04.033+00:00,1662,2026-07-22T09:48:39.075Z,4466,43,476034
2073745952486113410,large,2026-07-05T12:28:58+00:00,2026-07-06T05:51:15.265+00:00,42110,2026-07-22T09:48:34.719Z,1114728,2770,5847
2073766126610493700,large,2026-07-05T13:49:07+00:00,2026-07-05T15:56:10.357+00:00,586,2026-07-22T09:48:39.075Z,2068,97,4702
2073771381796278357,large,2026-07-05T14:10:00+00:00,2026-07-05T22:20:33.497+00:00,55590,2026-07-22T09:48:34.719Z,772366,2089,1219679
2073776281817174039,large,2026-07-05T14:29:29+00:00,2026-07-06T04:20:41.083+00:00,144723,2026-07-22T09:48:36.438Z,228157,9607,14814
2073780713007022398,large,2026-07-05T14:47:05+00:00,2026-07-06T13:20:37.885+00:00,168725,2026-07-22T09:48:39.075Z,224488,11486,96546
2073785213797253537,large,2026-07-05T15:04:58+00:00,2026-07-05T15:56:10.357+00:00,271,2026-07-22T09:48:34.719Z,1350,47,93841
2073789049052320212,large,2026-07-05T15:20:13+00:00,2026-07-05T15:56:10.357+00:00,6411,2026-07-22T09:48:36.438Z,57016,2165,229446
2073792163406643463,large,2026-07-05T15:32:35+00:00,2026-07-06T01:21:10.02+00:00,107530,2026-07-22T09:48:39.075Z,350303,10283,702
2073797285792854452,large,2026-07-05T15:52:56+00:00,2026-07-05T16:20:53.203+00:00,38988,2026-07-22T09:48:34.719Z,528862,23030,1463115
2073801989750747150,large,2026-07-05T16:11:38+00:00,2026-07-05T21:20:34.633+00:00,587156,2026-07-22T09:48:36.438Z,1512797,62709,24016
2073806611416801641,large,2026-07-05T16:30:00+00:00,2026-07-06T10:50:34.894+00:00,138622,2026-07-22T09:48:39.075Z,162889,5975,155449
2073810684890980427,large,2026-07-05T16:46:11+00:00,2026-07-05T18:20:39.625+00:00,237682,2026-07-22T09:48:34.719Z,1033614,17512,7821996
2073814488281739380,large,2026-07-05T17:01:18+00:00,2026-07-06T00:50:32.926+00:00,3018235,2026-07-22T09:48:36.438Z,4496497,29920,19109
2073818700076003373,large,2026-07-05T17:18:02+00:00,2026-07-06T03:20:35.809+00:00,167714,2026-07-22T09:48:39.075Z,213969,6876,107532
2073821348242096231,large,2026-07-05T17:28:33+00:00,2026-07-06T07:20:39.578+00:00,50599,2026-07-22T09:48:34.719Z,62906,2896,1990
2073824993696240069,large,2026-07-05T17:43:02+00:00,2026-07-05T19:21:29.107+00:00,3957,2026-07-22T09:48:36.438Z,7031,89,215450
2073828493868081653,large,2026-07-05T17:56:57+00:00,2026-07-06T03:51:02.592+00:00,21854,2026-07-22T09:48:39.075Z,79755,1063,8740
2073835330386776570,large,2026-07-05T18:24:07+00:00,2026-07-06T05:21:48.841+00:00,258191,2026-07-22T09:48:34.719Z,1313758,377,158441
2073838591579496822,large,2026-07-05T18:37:04+00:00,2026-07-06T02:20:32.481+00:00,605424,2026-07-22T09:48:36.438Z,2271825,102345,7811
2073843101345448198,large,2026-07-05T18:55:00+00:00,2026-07-05T23:20:28.494+00:00,71424,2026-07-22T09:48:39.075Z,89135,1019,3677432
2073847480001671520,large,2026-07-05T19:12:24+00:00,2026-07-06T09:21:02.79+00:00,8689401,2026-07-22T09:48:34.719Z,12932998,180000,28140913
2073850475695259667,large,2026-07-05T19:24:18+00:00,2026-07-05T23:50:46.893+00:00,477099,2026-07-22T09:48:36.438Z,1578104,28397,3005383
2073855714565538011,large,2026-07-05T19:45:07+00:00,2026-07-06T12:50:29.22+00:00,21823,2026-07-22T09:48:39.075Z,26544,1621,303637
2073859499748626474,large,2026-07-05T20:00:09+00:00,2026-07-06T01:21:10.02+00:00,2133518,2026-07-22T09:48:34.719Z,4747052,7404,53610044
2073868063288836270,large,2026-07-05T20:34:11+00:00,2026-07-05T21:50:27.336+00:00,3536,2026-07-22T09:48:36.438Z,14380,98,2163
2073876349693870533,large,2026-07-05T21:07:07+00:00,2026-07-06T06:20:41.917+00:00,188956,2026-07-22T09:48:39.075Z,558197,2829,1652
2073882627224854949,large,2026-07-05T21:32:03+00:00,2026-07-06T03:20:35.809+00:00,75429,2026-07-22T09:48:34.719Z,150249,124,154902
2073889578365165853,large,2026-07-05T21:59:41+00:00,2026-07-06T00:20:29.301+00:00,30069,2026-07-22T09:48:36.438Z,680285,6823,2304
2073891259798728734,large,2026-07-05T22:06:22+00:00,2026-07-06T03:20:35.809+00:00,297051,2026-07-22T09:48:39.075Z,1670304,5124,15785
2073895479918887035,large,2026-07-05T22:23:08+00:00,2026-07-05T23:20:28.494+00:00,609,2026-07-22T09:48:34.719Z,4004,285,2580
2073901225595097428,large,2026-07-05T22:45:58+00:00,2026-07-06T03:51:02.592+00:00,804930,2026-07-22T09:48:36.438Z,1644045,13360,187034
2073906434647982421,large,2026-07-05T23:06:39+00:00,2026-07-06T03:20:35.809+00:00,2011857,2026-07-22T09:48:39.075Z,4569947,2386,63
2073912966022299687,large,2026-07-05T23:32:37+00:00,2026-07-05T23:50:46.893+00:00,59,2026-07-22T09:48:34.719Z,297,6,22644
2073921461379649674,large,2026-07-06T00:06:22+00:00,2026-07-06T12:50:29.22+00:00,52232,2026-07-22T09:48:36.438Z,179647,8743,3384
2073937350950850929,large,2026-07-06T01:09:31+00:00,2026-07-06T02:50:38.009+00:00,1611,2026-07-22T09:48:39.075Z,11570,286,33544
2073957518485647361,large,2026-07-06T02:29:39+00:00,2026-07-06T08:50:55.7+00:00,7362,2026-07-22T09:48:36.438Z,13807,21,1274
2073971666624119236,large,2026-07-06T03:25:52+00:00,2026-07-07T08:20:45.054+00:00,161301,2026-07-22T09:48:39.075Z,211985,5591,949563
2073987965336826231,large,2026-07-06T04:30:38+00:00,2026-07-06T12:50:29.22+00:00,198401,2026-07-22T09:48:34.719Z,306841,529,1183172
2074007069615689985,large,2026-07-06T05:46:33+00:00,2026-07-06T12:50:29.22+00:00,12914,2026-07-22T09:48:36.438Z,186119,1048,303637
2074022159916130658,large,2026-07-06T06:46:31+00:00,2026-07-06T12:20:34.682+00:00,3477581,2026-07-22T09:48:39.075Z,17641392,78674,1383281
2074040564958613764,large,2026-07-06T07:59:39+00:00,2026-07-06T11:20:52.89+00:00,5658,2026-07-22T09:48:34.719Z,30587,682,64886
2074063602013659302,large,2026-07-06T09:31:11+00:00,2026-07-06T11:20:52.89+00:00,6757,2026-07-22T09:48:39.075Z,101438,813,24679
2074079211711611161,large,2026-07-06T10:33:13+00:00,2026-07-07T09:20:44.087+00:00,147027,2026-07-22T09:48:34.719Z,164239,5799,126642
2074100801589608518,large,2026-07-06T11:59:00+00:00,2026-07-06T15:50:42.994+00:00,2470,2026-07-22T09:48:39.075Z,55086,1306,5410
2074109015269720428,large,2026-07-06T12:31:38+00:00,2026-07-06T14:21:23.046+00:00,4149,2026-07-22T09:48:34.719Z,81603,8,405048
2074118382493004040,large,2026-07-06T13:08:52+00:00,2026-07-06T14:21:23.046+00:00,7631,2026-07-22T09:48:36.438Z,60371,186,2863
2074123518627721608,large,2026-07-06T13:29:16+00:00,2026-07-06T15:20:33.191+00:00,38456,2026-07-22T09:48:39.075Z,53122,574,394013
2074126409237410143,large,2026-07-06T13:40:46+00:00,2026-07-06T14:50:50.688+00:00,70166,2026-07-22T09:48:34.719Z,342850,21085,2016698
2074131738435985537,large,2026-07-06T14:01:56+00:00,2026-07-06T17:50:30.802+00:00,249845,2026-07-22T09:48:36.438Z,486838,3753,486578
2074136347967619337,large,2026-07-06T14:20:15+00:00,2026-07-06T21:51:09.512+00:00,19349900,2026-07-22T09:48:39.075Z,25301965,40108,1111363
2074140730835017960,large,2026-07-06T14:37:40+00:00,2026-07-06T16:21:08.39+00:00,413353,2026-07-22T09:48:34.719Z,3074011,8860,1111132
2074144260815728719,large,2026-07-06T14:51:42+00:00,2026-07-07T08:50:55.596+00:00,196786,2026-07-22T09:48:36.438Z,218451,3625,279112
2074147287652082149,large,2026-07-06T15:03:43+00:00,2026-07-06T18:21:13.374+00:00,29689,2026-07-22T09:48:39.075Z,161158,308,13926
2074153039410114896,large,2026-07-06T15:26:35+00:00,2026-07-08T07:21:05.313+00:00,49589,2026-07-22T09:48:34.719Z,57154,8606,10656
2074157424643346944,large,2026-07-06T15:44:00+00:00,2026-07-06T19:20:39.459+00:00,125598,2026-07-22T09:48:36.438Z,490602,47884,326359
2074164953573958142,large,2026-07-06T16:13:55+00:00,2026-07-06T18:50:40.4+00:00,12178,2026-07-22T09:48:39.075Z,756317,324,113230
2074169959631270239,large,2026-07-06T16:33:49+00:00,2026-07-06T18:21:13.374+00:00,14713,2026-07-22T09:48:34.719Z,270969,864,19330
2074175723791618433,large,2026-07-06T16:56:43+00:00,2026-07-06T18:50:40.4+00:00,48566,2026-07-22T09:48:36.438Z,254978,10485,168067
2074180838258770148,large,2026-07-06T17:17:02+00:00,2026-07-06T20:20:36.651+00:00,50408,2026-07-22T09:48:39.075Z,531028,12832,10138
2074184100517167263,large,2026-07-06T17:30:00+00:00,2026-07-06T19:20:39.459+00:00,4648,2026-07-22T09:48:34.719Z,17439,374,321171
2074191297682751578,large,2026-07-06T17:58:36+00:00,2026-07-07T01:51:00.261+00:00,31671,2026-07-22T09:48:36.438Z,35125,1546,46175
2074196195119947852,large,2026-07-06T18:18:04+00:00,2026-07-06T19:20:39.459+00:00,1542,2026-07-22T09:48:39.075Z,5516,17,43
2074198267529707614,large,2026-07-06T18:26:18+00:00,2026-07-06T20:50:33.627+00:00,2371,2026-07-22T09:48:34.719Z,8975,122,6
2074204777462878482,large,2026-07-06T18:52:10+00:00,2026-07-07T07:50:38.434+00:00,37797,2026-07-22T09:48:36.438Z,55364,728,668631
2074210385016545548,large,2026-07-06T19:14:27+00:00,2026-07-07T00:20:40.672+00:00,415951,2026-07-22T09:48:39.075Z,5350953,193581,3005
2074214665853272238,large,2026-07-06T19:31:28+00:00,2026-07-06T22:20:36.137+00:00,2367,2026-07-22T09:48:34.719Z,21809,62,6143
2074218018624958501,large,2026-07-06T19:44:47+00:00,2026-07-06T20:20:36.651+00:00,45,2026-07-22T09:48:36.438Z,544,1,1336
2074221698610794761,large,2026-07-06T19:59:24+00:00,2026-07-07T03:53:25.744+00:00,961674,2026-07-22T09:48:39.075Z,2394881,6308,42475
2074225921381343348,large,2026-07-06T20:16:11+00:00,2026-07-06T23:51:10.72+00:00,354273,2026-07-22T09:48:34.719Z,921465,738,3952295
2074229941135147460,large,2026-07-06T20:32:09+00:00,2026-07-07T07:50:38.434+00:00,49,2026-07-22T09:48:36.438Z,81,1,378
2074233317872828424,large,2026-07-06T20:45:35+00:00,2026-07-07T01:20:46.87+00:00,170556,2026-07-22T09:48:39.075Z,334722,4677,7800
2074238528360222734,large,2026-07-06T21:06:17+00:00,2026-07-07T11:51:28.317+00:00,616251,2026-07-22T09:48:34.719Z,2317353,37173,7223
2074241610691297593,large,2026-07-06T21:18:32+00:00,2026-07-06T21:51:09.512+00:00,48,2026-07-22T09:48:36.438Z,64,1,20
2074244477774938430,large,2026-07-06T21:29:55+00:00,2026-07-07T09:20:44.087+00:00,258738,2026-07-22T09:48:39.075Z,288014,60,4016
2074257010434953391,large,2026-07-06T22:19:43+00:00,2026-07-06T23:51:10.72+00:00,119038,2026-07-22T09:48:36.438Z,503413,508,345814
2074263065387045267,large,2026-07-06T22:43:47+00:00,2026-07-07T01:20:46.87+00:00,582378,2026-07-22T09:48:39.075Z,1764770,5287,699439
2074270213961351541,large,2026-07-06T23:12:11+00:00,2026-07-07T03:20:41.599+00:00,2248,2026-07-22T09:48:34.719Z,9652,116,2704
2074277134340682079,large,2026-07-06T23:39:41+00:00,2026-07-07T08:20:45.054+00:00,55686,2026-07-22T09:48:36.438Z,94875,1462,333009
2074282302432067911,large,2026-07-07T00:00:13+00:00,2026-07-07T01:20:46.87+00:00,931,2026-07-22T09:48:38.241Z,116212,23,6152
2074286001087033408,large,2026-07-07T00:14:55+00:00,2026-07-07T01:20:46.87+00:00,770233,2026-07-22T09:48:34.719Z,5471141,3845,760520
2074302287485243673,large,2026-07-07T01:19:38+00:00,2026-07-07T02:21:08.399+00:00,372,2026-07-22T09:48:38.241Z,747,14,3207
2074311286830018832,large,2026-07-07T01:55:24+00:00,2026-07-08T12:20:01.833+00:00,584981,2026-07-22T09:48:34.719Z,629303,26,135
2074316048745291837,large,2026-07-07T02:14:19+00:00,2026-07-07T11:21:37.092+00:00,12390,2026-07-22T09:48:36.438Z,28325,1264,41864
2074329445419360378,large,2026-07-07T03:07:33+00:00,2026-07-07T04:21:11.778+00:00,555,2026-07-22T09:48:38.241Z,1661,109,16250
2074343650159669673,large,2026-07-07T04:04:00+00:00,2026-07-07T13:21:08.104+00:00,112679,2026-07-22T09:48:34.719Z,209295,4873,334314
2074364346478800948,large,2026-07-07T05:26:14+00:00,2026-07-07T10:50:38.039+00:00,352,2026-07-22T09:48:36.438Z,598,12,66
2074383687647412322,large,2026-07-07T06:43:05+00:00,2026-07-07T15:20:46.667+00:00,130178,2026-07-22T09:48:38.241Z,1112325,3640,31727
2074398039884865682,large,2026-07-07T07:40:07+00:00,2026-07-08T08:50:47.451+00:00,46767,2026-07-22T09:48:34.719Z,80451,63,4079451
2074410500587438105,large,2026-07-07T08:29:38+00:00,2026-07-07T08:50:55.596+00:00,6,2026-07-22T09:48:36.438Z,19,1,1364
2074427411924680738,large,2026-07-07T09:36:50+00:00,2026-07-07T13:50:39.358+00:00,15573,2026-07-22T09:48:38.241Z,125125,5211,874
2074442163543478536,large,2026-07-07T10:35:27+00:00,2026-07-07T14:51:04.434+00:00,1067,2026-07-22T09:48:34.719Z,2359,29,5397
2074455762185666888,large,2026-07-07T11:29:29+00:00,2026-07-08T00:53:22.11+00:00,176535,2026-07-22T09:48:36.438Z,680981,46941,10554
2074463448768127082,large,2026-07-07T12:00:02+00:00,2026-07-07T21:50:41.83+00:00,7039,2026-07-22T09:48:38.241Z,9832,74,81329
2074473291704565779,large,2026-07-07T12:39:09+00:00,2026-07-08T07:21:05.313+00:00,93453,2026-07-22T09:48:34.719Z,250706,16634,1106
2074480295441785336,large,2026-07-07T13:06:59+00:00,2026-07-07T15:20:46.667+00:00,138629,2026-07-22T09:48:36.438Z,1859037,3327,381069
2074488045479338259,large,2026-07-07T13:37:46+00:00,2026-07-07T16:21:01.687+00:00,35137,2026-07-22T09:48:38.241Z,86829,591,533456
2074498212237279294,large,2026-07-07T14:18:10+00:00,2026-07-07T15:50:43.477+00:00,30284,2026-07-22T09:48:34.719Z,55478,1469,550848
2074510452596277698,large,2026-07-07T15:06:49+00:00,2026-07-08T08:50:47.451+00:00,93570,2026-07-22T09:48:38.241Z,273964,1974,550929
2074516289813450902,large,2026-07-07T15:30:00+00:00,2026-07-08T03:20:26.281+00:00,167228,2026-07-22T09:48:34.719Z,1029701,46023,1282273
2074526975679516778,large,2026-07-07T16:12:28+00:00,2026-07-08T00:20:42.773+00:00,730,2026-07-22T09:48:38.241Z,1658,7,1011
2074530432578727980,large,2026-07-07T16:26:12+00:00,2026-07-07T16:50:30.144+00:00,3518,2026-07-22T09:48:34.719Z,30559,1978,370564
2074534465875947596,large,2026-07-07T16:42:14+00:00,2026-07-07T18:20:38.039+00:00,115072,2026-07-22T09:48:36.438Z,856095,10471,164957
2074537690305819047,large,2026-07-07T16:55:03+00:00,2026-07-07T17:50:36.384+00:00,8830,2026-07-22T09:48:38.241Z,46582,1040,354215
2074543586264105317,large,2026-07-07T17:18:28+00:00,2026-07-07T18:20:38.039+00:00,163956,2026-07-22T09:48:34.719Z,1095381,6644,7822171
2074545933014958570,large,2026-07-07T17:27:48+00:00,2026-07-07T18:52:33.309+00:00,35353,2026-07-22T09:48:36.438Z,41158,665,76
2074548780653854899,large,2026-07-07T17:39:07+00:00,2026-07-07T18:20:38.039+00:00,78829,2026-07-22T09:48:38.241Z,244205,7473,1914173
2074554191331184898,large,2026-07-07T18:00:37+00:00,2026-07-08T02:51:10.131+00:00,310721,2026-07-22T09:48:34.719Z,413756,3351,68763
2074556006948839925,large,2026-07-07T18:07:50+00:00,2026-07-07T21:20:43.874+00:00,542358,2026-07-22T09:48:36.438Z,2592757,125497,25544
2074558581454549331,large,2026-07-07T18:18:03+00:00,2026-07-07T19:20:39.826+00:00,65958,2026-07-22T09:48:38.241Z,388455,8273,113369
2074563517957747038,large,2026-07-07T18:37:40+00:00,2026-07-08T03:20:26.281+00:00,914582,2026-07-22T09:48:36.438Z,2108511,18123,8681115
2074566311435530579,large,2026-07-07T18:48:46+00:00,2026-07-07T19:50:49.984+00:00,349328,2026-07-22T09:48:38.241Z,2118754,11148,622899
2074570356715626582,large,2026-07-07T19:04:51+00:00,2026-07-07T20:21:14.144+00:00,82345,2026-07-22T09:48:34.719Z,1041176,20694,929547
2074573630281773427,large,2026-07-07T19:17:51+00:00,2026-07-07T21:20:43.874+00:00,742323,2026-07-22T09:48:36.438Z,1726613,32496,2299403
2074579188531511497,large,2026-07-07T19:39:57+00:00,2026-07-07T20:50:37.171+00:00,247921,2026-07-22T09:48:38.241Z,2307682,200883,37694
2074582354085941582,large,2026-07-07T19:52:31+00:00,2026-07-08T05:50:59.971+00:00,5181,2026-07-22T09:48:34.719Z,8671,90,1255
2074586301894984096,large,2026-07-07T20:08:12+00:00,2026-07-07T21:20:43.874+00:00,42675,2026-07-22T09:48:36.438Z,141545,1557,1672380
2074592475218612438,large,2026-07-07T20:32:44+00:00,2026-07-07T22:50:48.46+00:00,37,2026-07-22T09:48:38.241Z,97,1,34
2074596764061986923,large,2026-07-07T20:49:47+00:00,2026-07-08T06:51:10.047+00:00,41849,2026-07-22T09:48:34.719Z,82956,3436,394461
2074602149305049501,large,2026-07-07T21:11:11+00:00,2026-07-08T00:53:22.11+00:00,315208,2026-07-22T09:48:36.438Z,1239686,17307,9515
2074605945926357193,large,2026-07-07T21:26:16+00:00,2026-07-08T00:53:22.11+00:00,157,2026-07-22T09:48:38.241Z,429,15,98
2074613222712484099,large,2026-07-07T21:55:11+00:00,2026-07-07T22:50:48.46+00:00,13,2026-07-22T09:48:34.719Z,217,8,1228
2074618185735975332,large,2026-07-07T22:14:54+00:00,2026-07-08T01:20:47.854+00:00,147832,2026-07-22T09:48:36.438Z,712828,17228,567409
2074633551690039785,large,2026-07-07T23:15:58+00:00,2026-07-07T23:54:38.276+00:00,357,2026-07-22T09:48:34.719Z,6514,651,19644
2074640435507609831,large,2026-07-07T23:43:19+00:00,2026-07-08T01:20:47.854+00:00,139,2026-07-22T09:48:36.438Z,7219,3,21
2074651160925897181,large,2026-07-08T00:25:56+00:00,2026-07-08T06:51:10.047+00:00,996,2026-07-22T09:48:38.241Z,1439,65,22219
2074661195483602962,large,2026-07-08T01:05:49+00:00,2026-07-09T13:22:39.209+00:00,1939676,2026-07-22T09:48:34.719Z,3597194,670,2180
2074669421868593545,large,2026-07-08T01:38:30+00:00,2026-07-08T02:20:33.501+00:00,993,2026-07-22T09:48:36.438Z,7161,254,629
2074702562222104846,large,2026-07-08T03:50:11+00:00,2026-07-08T07:21:05.313+00:00,2698,2026-07-22T09:48:34.719Z,6324,11,1616
2074744248906252639,large,2026-07-08T06:35:50+00:00,2026-07-08T09:50:37.153+00:00,1949,2026-07-22T09:48:38.241Z,407076,1215,12399
2074759829961257067,large,2026-07-08T07:37:45+00:00,2026-07-08T10:20:45.993+00:00,194316,2026-07-22T09:48:34.719Z,1482960,12738,2303744
2074775743398068474,large,2026-07-08T08:40:59+00:00,2026-07-08T10:20:45.993+00:00,148,2026-07-22T09:48:36.438Z,508,0,102
2074790805386973311,large,2026-07-08T09:40:50+00:00,2026-07-08T12:49:58.4+00:00,804543,2026-07-22T09:48:38.241Z,9731263,63655,7822305
2074803998075289930,large,2026-07-08T10:33:15+00:00,2026-07-08T13:50:07.504+00:00,4899,2026-07-22T09:48:34.719Z,9305,39,881364
2074816070049829258,large,2026-07-08T11:21:13+00:00,2026-07-08T11:51:54.591+00:00,31,2026-07-22T09:48:36.438Z,394,1,8844243
2074829518351503523,large,2026-07-08T12:14:40+00:00,2026-07-08T12:49:58.4+00:00,2073,2026-07-22T09:48:38.241Z,44877,449,99968
2074837013640192233,large,2026-07-08T12:44:27+00:00,2026-07-08T13:20:05.005+00:00,80,2026-07-22T09:48:34.719Z,256,2,28781
2074847088253259779,large,2026-07-08T13:24:29+00:00,2026-07-08T15:19:48.272+00:00,123395,2026-07-22T09:48:36.438Z,491610,10541,478121
2074863570966208555,large,2026-07-08T14:29:59+00:00,2026-07-08T14:49:56.518+00:00,390,2026-07-22T09:48:38.241Z,12240,230,78590
2074906170444128456,large,2026-07-08T17:19:15+00:00,2026-07-09T10:20:58.185+00:00,2101417,2026-07-22T09:48:34.719Z,5727437,61367,46700
2074960075299365205,large,2026-07-08T20:53:27+00:00,2026-07-09T15:51:09.188+00:00,308965,2026-07-22T09:48:36.438Z,488774,51555,4195
2075000081619542206,large,2026-07-08T23:32:25+00:00,2026-07-09T10:20:58.185+00:00,148984,2026-07-22T09:48:38.241Z,474232,4955,276713
2075024161315926523,large,2026-07-09T01:08:06+00:00,2026-07-09T14:50:51.79+00:00,36558,2026-07-22T09:48:34.719Z,63967,1026,278
2075065898566906341,large,2026-07-09T03:53:57+00:00,2026-07-09T09:50:58.35+00:00,193258,2026-07-22T09:48:36.438Z,936046,8223,293227
2075093410369687581,large,2026-07-09T05:43:17+00:00,2026-07-09T11:21:13.289+00:00,41951,2026-07-22T09:48:38.241Z,109703,1823,4330147
2075121766616178932,large,2026-07-09T07:35:57+00:00,2026-07-09T09:50:58.35+00:00,24146,2026-07-22T09:48:34.719Z,154055,4914,83058
2075142916490584067,large,2026-07-09T09:00:00+00:00,2026-07-09T14:20:59.384+00:00,268045,2026-07-22T09:48:36.438Z,544701,12042,4444983
2075165578973569088,large,2026-07-09T10:30:03+00:00,2026-07-09T11:21:13.289+00:00,43501,2026-07-22T09:48:38.241Z,132988,7501,1383168
2075185616497905763,large,2026-07-09T11:49:40+00:00,2026-07-09T14:20:59.384+00:00,108569,2026-07-22T09:48:34.719Z,231938,5219,206424
2075193143633342522,large,2026-07-09T12:19:35+00:00,2026-07-09T15:21:06.483+00:00,20210,2026-07-22T09:48:36.438Z,39976,1167,172391
2075201109707157898,large,2026-07-09T12:51:14+00:00,2026-07-09T13:50:47.07+00:00,9021,2026-07-22T09:48:38.241Z,120889,132,989332
2075208556773556285,large,2026-07-09T13:20:50+00:00,2026-07-09T16:51:00.936+00:00,853177,2026-07-22T09:48:34.719Z,3107928,5059,467195
2075214083104886866,large,2026-07-09T13:42:47+00:00,2026-07-09T17:21:01.404+00:00,11742,2026-07-22T09:48:36.438Z,47546,5583,276678
2075221458767237461,large,2026-07-09T14:12:06+00:00,2026-07-09T17:50:53.089+00:00,14078,2026-07-22T09:48:38.241Z,2720822,2026,154304
2075230539896717345,large,2026-07-09T14:48:11+00:00,2026-07-09T17:21:01.404+00:00,164041,2026-07-22T09:48:34.719Z,3309779,934,419578
2075238299933806739,large,2026-07-09T15:19:01+00:00,2026-07-09T18:21:32.583+00:00,182755,2026-07-22T09:48:36.438Z,2715535,19152,2044
2075245766575317142,large,2026-07-09T15:48:41+00:00,2026-07-09T19:21:05.187+00:00,9677,2026-07-22T09:48:38.241Z,953503,19447,54733
2075252190730453455,large,2026-07-09T16:14:13+00:00,2026-07-09T18:21:32.583+00:00,174260,2026-07-22T09:48:34.719Z,1780884,32758,62144
2075269069318541524,large,2026-07-09T17:21:17+00:00,2026-07-09T18:51:05.61+00:00,86289,2026-07-22T09:48:36.438Z,746589,7348,1012391
2076330994337001486,large,2026-07-12T15:41:00+00:00,2026-07-13T07:20:16.816+00:00,675921,2026-07-22T09:48:34.719Z,807487,49853,41650
2076463494094864481,large,2026-07-13T00:27:30+00:00,2026-07-13T02:50:02.914+00:00,65330,2026-07-22T09:48:36.438Z,329964,1186,190420
2076491270415933498,large,2026-07-13T02:17:52+00:00,2026-07-13T06:49:41.025+00:00,65661,2026-07-22T09:48:38.241Z,176796,5664,512784
2076560743063773390,large,2026-07-13T06:53:56+00:00,2026-07-13T07:20:16.816+00:00,2524,2026-07-22T09:48:34.719Z,136677,773,73009
2076759912164549102,large,2026-07-13T20:05:22+00:00,2026-07-13T21:49:52.196+00:00,49037,2026-07-22T09:48:36.438Z,456039,2622,1093697
2077025844296372324,large,2026-07-14T13:42:05+00:00,2026-07-14T22:20:48.292+00:00,9094,2026-07-22T09:48:38.241Z,11289,41,211976
2077062820923916668,large,2026-07-14T16:09:01+00:00,2026-07-14T20:20:14.18+00:00,53950,2026-07-22T09:48:34.719Z,329081,2781,45686
2077077012502450579,large,2026-07-14T17:05:24+00:00,2026-07-14T19:50:01.5+00:00,208435,2026-07-22T09:48:36.438Z,2474568,48777,1221892
2077091100666343797,large,2026-07-14T18:01:23+00:00,2026-07-14T20:20:14.18+00:00,89650,2026-07-22T09:48:38.241Z,516775,6187,510509
2077106327902371906,large,2026-07-14T19:01:53+00:00,2026-07-14T21:50:07.661+00:00,34992,2026-07-22T09:48:34.719Z,114305,901,842821
2077121198295523597,large,2026-07-14T20:00:59+00:00,2026-07-14T20:50:01.516+00:00,1257,2026-07-22T09:48:36.438Z,2910,21,2688
2077142041621148153,large,2026-07-14T21:23:48+00:00,2026-07-15T01:19:49.692+00:00,442745,2026-07-22T09:48:38.241Z,626624,10239,2494927
