tweet_id,feed,posted_at,snapshot_at,snapshot_impressions,current_at,current_impressions,current_likes,author_followers
1324104920727982080,small,2020-11-04T21:43:08+00:00,2026-06-12T12:41:11.961+00:00,0,2026-07-22T09:41:02.634Z,0,1539,3674
2049224624563478891,small,2026-04-28T20:29:57+00:00,2026-06-09T20:16:33.395+00:00,67238,2026-07-22T09:41:02.634Z,67556,531,203958
2055314641148871147,small,2026-05-15T15:49:31+00:00,2026-07-04T16:20:33.285+00:00,36223,2026-07-22T09:41:02.634Z,36325,144,9113
2056451966419530134,small,2026-05-18T19:08:50+00:00,2026-05-30T17:50:33.447+00:00,4212,2026-07-22T09:41:02.634Z,4368,36,86181
2057084227171262582,small,2026-05-20T13:01:13+00:00,2026-05-21T17:23:56.241+00:00,311301,2026-07-22T09:41:02.634Z,424708,8661,12465
2057125509603934539,small,2026-05-20T15:45:15+00:00,2026-05-21T15:25:27.503+00:00,704133,2026-07-22T09:41:02.634Z,955727,27510,149953
2057163445183672605,small,2026-05-20T18:16:00+00:00,2026-05-21T14:12:37.099+00:00,1447058,2026-07-22T09:41:02.634Z,1857464,9217,95979
2057196756757012558,small,2026-05-20T20:28:22+00:00,2026-05-21T17:23:56.241+00:00,63334,2026-07-22T09:41:02.634Z,76064,1046,95152
2057226587049754678,small,2026-05-20T22:26:54+00:00,2026-05-21T22:28:36.751+00:00,13383605,2026-07-22T09:41:02.634Z,14864017,95445,4849
2057250163865829771,small,2026-05-21T00:00:35+00:00,2026-05-21T15:25:27.503+00:00,166950,2026-07-22T09:41:02.634Z,267170,6324,61409
2057279223539155047,small,2026-05-21T01:56:03+00:00,2026-05-21T15:25:27.503+00:00,120633,2026-07-22T09:41:02.634Z,288915,12086,4228
2057308292238692498,small,2026-05-21T03:51:34+00:00,2026-05-21T14:12:37.099+00:00,15246,2026-07-22T09:41:02.634Z,66919,4968,6867
2057349728766190015,small,2026-05-21T06:36:13+00:00,2026-05-21T17:23:56.241+00:00,5089588,2026-07-22T09:41:02.634Z,5930330,16765,14364
2057371982581182838,small,2026-05-21T08:04:39+00:00,2026-05-21T15:25:27.503+00:00,205472,2026-07-22T09:41:02.634Z,437554,11336,8712
2057389462783451347,small,2026-05-21T09:14:07+00:00,2026-05-21T22:28:36.751+00:00,632956,2026-07-22T09:41:02.634Z,1974403,11818,21678
2057402258506018849,small,2026-05-21T10:04:57+00:00,2026-05-21T18:10:52.063+00:00,131402,2026-07-22T09:41:02.634Z,219216,1859,8455
2057415903449649175,small,2026-05-21T10:59:10+00:00,2026-05-21T13:00:07.152+00:00,201200,2026-07-22T09:41:02.634Z,1549446,12788,515845
2057434894465114618,small,2026-05-21T12:14:38+00:00,2026-05-21T21:47:53.065+00:00,1318679,2026-07-22T09:41:02.634Z,1803249,2054,370106
2057447904504091086,small,2026-05-21T13:06:20+00:00,2026-05-21T17:23:56.241+00:00,40893,2026-07-22T09:41:02.634Z,116558,2370,170141
2057453621252350203,small,2026-05-21T13:29:03+00:00,2026-05-21T21:04:39.258+00:00,61262,2026-07-22T09:41:02.634Z,98646,1222,457945
2057466564924891282,small,2026-05-21T14:20:29+00:00,2026-05-22T03:45:42.327+00:00,482768,2026-07-22T09:41:02.634Z,827927,4402,279194
2057476257307070465,small,2026-05-21T14:59:00+00:00,2026-05-23T08:51:48.137+00:00,1482217,2026-07-22T09:41:02.634Z,3455109,21384,324138
2057484995325731020,small,2026-05-21T15:33:43+00:00,2026-05-22T15:31:54.717+00:00,1755847,2026-07-22T09:41:02.634Z,2739541,120260,432
2057492829463544227,small,2026-05-21T16:04:51+00:00,2026-05-21T17:23:56.241+00:00,462336,2026-07-22T09:41:02.634Z,1929437,3955,6721262
2057500004991009220,small,2026-05-21T16:33:22+00:00,2026-05-23T02:18:07.286+00:00,21019194,2026-07-22T09:41:02.634Z,21582571,29804,751547
2057505169634464174,small,2026-05-21T16:53:53+00:00,2026-05-21T23:21:55.394+00:00,1859478,2026-07-22T09:41:02.634Z,4792244,169062,37484
2057513256877531144,small,2026-05-21T17:26:01+00:00,2026-05-21T20:22:59.912+00:00,188776,2026-07-22T09:41:02.634Z,1051005,46479,269032
2057516933491159197,small,2026-05-21T17:40:38+00:00,2026-05-22T10:25:05.1+00:00,1543369,2026-07-22T09:41:02.634Z,2141885,9864,14294
2057521808828465287,small,2026-05-21T18:00:00+00:00,2026-05-22T18:07:35.286+00:00,7607022,2026-07-22T09:41:02.634Z,7855558,13292,39679
2057527560649535521,small,2026-05-21T18:22:52+00:00,2026-05-22T10:25:05.1+00:00,537728,2026-07-22T09:41:02.634Z,582528,3460,12677
2057532274875502994,small,2026-05-21T18:41:36+00:00,2026-05-21T20:22:59.912+00:00,108423,2026-07-22T09:41:02.634Z,4527292,6595,704259
2057536908688073075,small,2026-05-21T19:00:00+00:00,2026-05-23T13:30:40.945+00:00,662354,2026-07-22T09:41:02.634Z,833521,21897,4309347
2057543852198699374,small,2026-05-21T19:27:36+00:00,2026-05-21T22:28:36.751+00:00,89745,2026-07-22T09:41:02.634Z,159057,5379,387296
2057551591343820902,small,2026-05-21T19:58:21+00:00,2026-05-22T06:35:05.345+00:00,13029,2026-07-22T09:41:02.634Z,20136,322,437268
2057564377977626675,small,2026-05-21T20:49:10+00:00,2026-05-21T23:48:11.856+00:00,75299,2026-07-22T09:41:02.634Z,1401870,12205,831399
2057572638570987746,small,2026-05-21T21:21:59+00:00,2026-05-21T22:28:36.751+00:00,74722,2026-07-22T09:41:02.634Z,822125,2347,34595
2057583109277634866,small,2026-05-21T22:03:35+00:00,2026-05-22T18:54:05.536+00:00,3659191,2026-07-22T09:41:02.634Z,4231578,81747,13727
2057588871442145456,small,2026-05-21T22:26:29+00:00,2026-05-22T11:28:00.064+00:00,67416,2026-07-22T09:41:02.634Z,109149,1062,505609
2057597324973461579,small,2026-05-21T23:00:05+00:00,2026-05-22T02:18:54.564+00:00,91876,2026-07-22T09:41:02.634Z,1940059,1184,21355710
2057628888272925085,small,2026-05-22T01:05:30+00:00,2026-05-22T03:45:42.327+00:00,2030291,2026-07-22T09:41:02.634Z,11359564,9394,653331
2057644481273618464,small,2026-05-22T02:07:28+00:00,2026-05-22T09:07:46.492+00:00,76227,2026-07-22T09:41:02.634Z,379566,4913,946315
2057652991755530637,small,2026-05-22T02:41:17+00:00,2026-05-22T06:35:05.345+00:00,41098,2026-07-22T09:41:02.634Z,1113115,14043,26375
2057672751721161183,small,2026-05-22T03:59:48+00:00,2026-05-24T02:18:29.234+00:00,48706,2026-07-22T09:41:02.634Z,67222,125,260
2057690061068767581,small,2026-05-22T05:08:35+00:00,2026-05-22T07:57:19.571+00:00,34583,2026-07-22T09:41:02.634Z,1413987,1619,5839569
2057711468317983004,small,2026-05-22T06:33:39+00:00,2026-05-23T16:35:05.844+00:00,135072,2026-07-22T09:41:02.634Z,6132526,573,3838772
2057727810022871057,small,2026-05-22T07:38:35+00:00,2026-05-23T08:51:48.137+00:00,841777,2026-07-22T09:41:02.634Z,975814,7134,786
2057746998304866749,small,2026-05-22T08:54:50+00:00,2026-05-23T08:51:48.137+00:00,15900,2026-07-22T09:41:02.634Z,25071,577,161879
2057764839901073571,small,2026-05-22T10:05:43+00:00,2026-05-23T11:30:29.146+00:00,48876,2026-07-22T09:41:02.634Z,208099,31,7795
2057785777975709946,small,2026-05-22T11:28:55+00:00,2026-05-22T22:20:57.621+00:00,14167,2026-07-22T09:41:02.634Z,41073,1105,107673
2057806334871965918,small,2026-05-22T12:50:37+00:00,2026-05-23T07:11:55.636+00:00,3835981,2026-07-22T09:41:02.634Z,5811030,24236,4383
2057814667725308380,small,2026-05-22T13:23:43+00:00,2026-05-22T23:23:11.942+00:00,8494494,2026-07-22T09:41:02.634Z,17603338,3945,25017
2057823574069580278,small,2026-05-22T13:59:07+00:00,2026-05-23T12:16:45.052+00:00,443928,2026-07-22T09:41:02.634Z,885112,27818,263356
2057830054319591482,small,2026-05-22T14:24:52+00:00,2026-05-22T17:24:03.156+00:00,151066,2026-07-22T09:41:02.634Z,612473,4956,12210
2057853262385029151,small,2026-05-22T15:57:05+00:00,2026-05-23T02:18:07.286+00:00,30821,2026-07-22T09:41:02.634Z,46204,101,1334487
2057864366809120867,small,2026-05-22T16:41:12+00:00,2026-05-23T02:18:07.286+00:00,87363,2026-07-22T09:41:02.634Z,521620,620,2889321
2057871359649411077,small,2026-05-22T17:09:00+00:00,2026-05-22T18:07:35.286+00:00,163259,2026-07-22T09:41:02.634Z,2421198,4590,591111
2057877063902585017,small,2026-05-22T17:31:40+00:00,2026-05-23T06:08:52.794+00:00,67498,2026-07-22T09:41:02.634Z,279732,5311,42517
2057880047495553306,small,2026-05-22T17:43:31+00:00,2026-05-22T18:54:05.536+00:00,32440,2026-07-22T09:41:02.634Z,142314,4776,831180
2057897752646783330,small,2026-05-22T18:53:52+00:00,2026-05-22T19:31:57.242+00:00,7942,2026-07-22T09:41:02.634Z,44599,5617,1745523
2057904830337945855,small,2026-05-22T19:22:00+00:00,2026-05-22T20:57:11.086+00:00,187177,2026-07-22T09:41:02.634Z,1094875,2916,3511000
2057911693573857324,small,2026-05-22T19:49:16+00:00,2026-05-23T05:00:24.759+00:00,7568,2026-07-22T09:41:02.634Z,18916,128,2511554
2057925598794727671,small,2026-05-22T20:44:31+00:00,2026-05-23T05:00:24.759+00:00,295019,2026-07-22T09:41:02.634Z,416191,4009,1541935
2057936560889192938,small,2026-05-22T21:28:05+00:00,2026-05-23T07:11:55.636+00:00,801357,2026-07-22T09:41:02.634Z,1101617,3168,5843272
2057951861777318303,small,2026-05-22T22:28:53+00:00,2026-05-23T10:16:19.199+00:00,438302,2026-07-22T09:41:02.634Z,764045,29125,475243
2057970182530740261,small,2026-05-22T23:41:41+00:00,2026-05-23T16:06:59.483+00:00,687416,2026-07-22T09:41:02.634Z,1646063,44808,11708
2057986151147827710,small,2026-05-23T00:45:08+00:00,2026-05-25T02:18:55.517+00:00,222299,2026-07-22T09:41:02.634Z,283629,1348,586189
2058016851519529118,small,2026-05-23T02:47:08+00:00,2026-05-23T11:30:29.146+00:00,390972,2026-07-22T09:41:02.634Z,1854903,19672,1116
2058035589635830085,small,2026-05-23T04:01:35+00:00,2026-05-23T16:06:59.483+00:00,178260,2026-07-22T09:41:02.634Z,735102,10046,71801
2058058374227402808,small,2026-05-23T05:32:07+00:00,2026-05-23T22:33:50.107+00:00,551213,2026-07-22T09:41:02.634Z,3284048,6194,11817
2058070682878271605,small,2026-05-23T06:21:02+00:00,2026-05-24T09:27:53.634+00:00,17257853,2026-07-22T09:41:02.634Z,17853483,6320,1368
2058094071609258357,small,2026-05-23T07:53:58+00:00,2026-05-24T06:26:27.159+00:00,117429,2026-07-22T09:41:02.634Z,180891,297,17239959
2058116036721844351,small,2026-05-23T09:21:15+00:00,2026-05-23T17:07:31.52+00:00,20054,2026-07-22T09:41:02.634Z,35106,297,281
2058133229450772643,small,2026-05-23T10:29:34+00:00,2026-05-24T16:37:03.538+00:00,795096,2026-07-22T09:41:02.634Z,1517612,10390,13500
2058140892419301722,small,2026-05-23T11:00:01+00:00,2026-05-24T05:11:37.246+00:00,36983,2026-07-22T09:41:02.634Z,44302,3256,217275
2058164529385595276,small,2026-05-23T12:33:57+00:00,2026-05-24T16:08:36.074+00:00,62935,2026-07-22T09:41:02.634Z,65656,735,22508
2058174935042830400,small,2026-05-23T13:15:18+00:00,2026-05-24T00:06:52.955+00:00,158271,2026-07-22T09:41:02.634Z,296904,23084,17576
2058185247053746308,small,2026-05-23T13:56:16+00:00,2026-05-24T03:45:41.294+00:00,495766,2026-07-22T09:41:02.634Z,536416,11135,3178
2058196574186955102,small,2026-05-23T14:41:17+00:00,2026-05-23T15:40:09.686+00:00,601103,2026-07-22T09:41:02.634Z,8791823,11044,1886626
2058214898077757821,small,2026-05-23T15:54:06+00:00,2026-05-23T16:35:05.844+00:00,9064,2026-07-22T09:41:02.634Z,235095,10318,170425
2058219867090628744,small,2026-05-23T16:13:50+00:00,2026-05-23T23:05:06.259+00:00,103427,2026-07-22T09:41:02.634Z,720733,1600,699
2058236234795814980,small,2026-05-23T17:18:53+00:00,2026-05-24T13:31:06.365+00:00,32391,2026-07-22T09:41:02.634Z,38465,873,12051
2058244198264975435,small,2026-05-23T17:50:31+00:00,2026-05-25T03:46:18.69+00:00,149538,2026-07-22T09:41:02.634Z,157011,1510,5955
2058252070856036497,small,2026-05-23T18:21:48+00:00,2026-05-23T21:34:03.92+00:00,648243,2026-07-22T09:41:02.634Z,1964870,36320,1764781
2058260957898420434,small,2026-05-23T18:57:07+00:00,2026-05-24T01:20:01.06+00:00,202448,2026-07-22T09:41:02.634Z,283500,8007,1764919
2058266961830650233,small,2026-05-23T19:20:59+00:00,2026-05-25T09:53:21.952+00:00,112163,2026-07-22T09:41:02.634Z,123518,200,220
2058272503038959991,small,2026-05-23T19:43:00+00:00,2026-05-24T23:06:22.484+00:00,129976,2026-07-22T09:41:02.634Z,162306,15099,246686
2058284035416469784,small,2026-05-23T20:28:49+00:00,2026-05-24T01:20:01.06+00:00,119683,2026-07-22T09:41:02.634Z,330653,2040,83129
2058295790729044275,small,2026-05-23T21:15:32+00:00,2026-05-25T18:16:50.123+00:00,135432,2026-07-22T09:41:02.634Z,173471,5240,13915
2058299970944455130,small,2026-05-23T21:32:09+00:00,2026-05-25T05:17:01.62+00:00,122349,2026-07-22T09:41:02.634Z,125855,9186,148919
2058309748282589423,small,2026-05-23T22:11:00+00:00,2026-05-24T10:11:04.463+00:00,160076,2026-07-22T09:41:02.634Z,1250632,12522,57567
2058325970973606286,small,2026-05-23T23:15:27+00:00,2026-05-24T11:54:28.365+00:00,64395,2026-07-22T09:41:02.634Z,66958,190,660
2058337039402377630,small,2026-05-23T23:59:26+00:00,2026-05-24T06:26:27.159+00:00,45845,2026-07-22T09:41:02.634Z,121088,1636,907
2058357567290827089,small,2026-05-24T01:21:01+00:00,2026-05-24T16:37:03.538+00:00,430699,2026-07-22T09:41:02.634Z,462843,11929,1912343
2058364613507400165,small,2026-05-24T01:49:01+00:00,2026-05-24T02:18:29.234+00:00,18400,2026-07-22T09:41:02.634Z,81808,4547,1561372
2058378184513458532,small,2026-05-24T02:42:56+00:00,2026-05-24T05:11:37.246+00:00,58626,2026-07-22T09:41:02.634Z,258793,18161,557305
2058389004614005123,small,2026-05-24T03:25:56+00:00,2026-05-24T13:31:06.365+00:00,1142905,2026-07-22T09:41:03.430Z,1719907,6365,86139
2058426857935216851,small,2026-05-24T05:56:21+00:00,2026-05-25T03:46:18.69+00:00,187248,2026-07-22T09:41:03.430Z,528733,16607,451
2058443045637656802,small,2026-05-24T07:00:40+00:00,2026-05-24T09:27:53.634+00:00,43572,2026-07-22T09:41:03.430Z,63744,884,13539
2058457983533941167,small,2026-05-24T08:00:02+00:00,2026-05-24T21:34:51.669+00:00,2546272,2026-07-22T09:41:03.430Z,3575415,22272,199494
2058471868940624180,small,2026-05-24T08:55:12+00:00,2026-05-24T13:31:06.365+00:00,289425,2026-07-22T09:41:03.430Z,734575,12291,197195
2058479519728861364,small,2026-05-24T09:25:36+00:00,2026-05-24T14:45:29.943+00:00,115769,2026-07-22T09:41:03.430Z,778584,1763,3619
2058505360936513637,small,2026-05-24T11:08:17+00:00,2026-05-24T17:35:31.151+00:00,574961,2026-07-22T09:41:03.430Z,3114602,3664,33194
2058535740619866498,small,2026-05-24T13:09:00+00:00,2026-05-24T23:06:22.484+00:00,60537,2026-07-22T09:41:03.430Z,85782,446,2044615
2058541023723401662,small,2026-05-24T13:30:00+00:00,2026-05-24T15:12:58.592+00:00,14022,2026-07-22T09:41:03.430Z,264757,15558,318404
2058554442941682001,small,2026-05-24T14:23:19+00:00,2026-05-24T16:37:03.538+00:00,928723,2026-07-22T09:41:03.430Z,5325780,111287,418146
2058561283683729418,small,2026-05-24T14:50:30+00:00,2026-05-24T18:07:02.376+00:00,54545,2026-07-22T09:41:03.430Z,164852,2084,800469
2058573961047236628,small,2026-05-24T15:40:53+00:00,2026-05-24T19:09:55.453+00:00,744161,2026-07-22T09:41:03.430Z,3818086,12539,1549480
2058585662018949159,small,2026-05-24T16:27:23+00:00,2026-05-25T08:30:30.291+00:00,116028,2026-07-22T09:41:03.430Z,191031,1746,61931
2058593978165948770,small,2026-05-24T17:00:25+00:00,2026-05-25T09:53:21.952+00:00,31625,2026-07-22T09:41:03.430Z,52317,3260,2122
2058608305489232082,small,2026-05-24T17:57:21+00:00,2026-05-25T03:46:18.69+00:00,1418687,2026-07-22T09:41:03.430Z,2454752,16620,1591658
2058613485974507991,small,2026-05-24T18:17:56+00:00,2026-05-26T15:46:23.111+00:00,35916,2026-07-22T09:41:03.430Z,36313,1776,172847
2058622035207582114,small,2026-05-24T18:51:55+00:00,2026-05-25T03:46:18.69+00:00,923519,2026-07-22T09:41:03.430Z,4273112,91830,163092
2058631619205091768,small,2026-05-24T19:30:00+00:00,2026-05-25T05:17:01.62+00:00,2007918,2026-07-22T09:41:03.430Z,4387565,3829,71015
2058640854328189236,small,2026-05-24T20:06:42+00:00,2026-05-25T05:17:01.62+00:00,120171,2026-07-22T09:41:03.430Z,361349,6002,171585
2058652600174526514,small,2026-05-24T20:53:22+00:00,2026-05-25T05:17:01.62+00:00,1207910,2026-07-22T09:41:03.430Z,2728987,14980,99038
2058662492348330281,small,2026-05-24T21:32:40+00:00,2026-05-25T09:53:21.952+00:00,1145718,2026-07-22T09:41:03.430Z,3441678,122081,30724
2058669368712548663,small,2026-05-24T22:00:00+00:00,2026-05-25T06:55:22.493+00:00,1699232,2026-07-22T09:41:03.430Z,3212523,7796,4432
2058682832277430342,small,2026-05-24T22:53:30+00:00,2026-05-25T00:07:10.61+00:00,45588,2026-07-22T09:41:03.430Z,363442,6243,241754
2058692681870516713,small,2026-05-24T23:32:38+00:00,2026-05-25T03:46:18.69+00:00,54946,2026-07-22T09:41:03.430Z,139822,193,2144
2058710908151402744,small,2026-05-25T00:45:04+00:00,2026-05-27T03:46:30.478+00:00,41529,2026-07-22T09:41:03.430Z,44278,215,100439
2058732886090715620,small,2026-05-25T02:12:24+00:00,2026-05-26T01:22:13.813+00:00,94171,2026-07-22T09:41:03.430Z,133125,162,325
2058753219044515985,small,2026-05-25T03:33:11+00:00,2026-05-25T16:03:31.177+00:00,412185,2026-07-22T09:41:03.430Z,1161078,64532,39352
2058780041224597582,small,2026-05-25T05:19:46+00:00,2026-05-25T09:53:21.952+00:00,245579,2026-07-22T09:41:03.430Z,1168337,24893,162703
2058818420234215457,small,2026-05-25T07:52:17+00:00,2026-05-25T11:21:24.025+00:00,463105,2026-07-22T09:41:03.430Z,1254433,8580,157756
2058836422417596496,small,2026-05-25T09:03:49+00:00,2026-05-25T15:01:42.536+00:00,3397582,2026-07-22T09:41:03.430Z,11041773,15997,1597
2058849580741964280,small,2026-05-25T09:56:06+00:00,2026-05-25T12:42:39.366+00:00,172735,2026-07-22T09:41:03.430Z,481871,29002,310762
2058860189629976870,small,2026-05-25T10:38:15+00:00,2026-05-25T19:01:37.801+00:00,57866,2026-07-22T09:41:03.430Z,105501,2455,486336
2058874216225579195,small,2026-05-25T11:33:59+00:00,2026-05-25T17:32:40.06+00:00,570894,2026-07-22T09:41:03.430Z,11785053,2105,8858874
2058905681407680523,small,2026-05-25T13:39:01+00:00,2026-05-25T15:01:42.536+00:00,180552,2026-07-22T09:41:03.430Z,1330820,26900,4997462
2058911979964887315,small,2026-05-25T14:04:03+00:00,2026-05-25T23:50:47.665+00:00,130632,2026-07-22T09:41:03.430Z,229178,3498,28893
2058918799395422543,small,2026-05-25T14:31:09+00:00,2026-05-25T20:29:07.856+00:00,165050,2026-07-22T09:41:03.430Z,294886,6960,30957
2058924151427989880,small,2026-05-25T14:52:25+00:00,2026-05-25T17:32:40.06+00:00,535017,2026-07-22T09:41:03.430Z,1359969,6004,311759
2058929474964771259,small,2026-05-25T15:13:34+00:00,2026-05-25T18:16:50.123+00:00,273367,2026-07-22T09:41:03.430Z,1189475,20146,247780
2058936407058456639,small,2026-05-25T15:41:07+00:00,2026-05-26T02:18:41.617+00:00,985129,2026-07-22T09:41:03.430Z,2134594,5133,5020
2058942417823269369,small,2026-05-25T16:05:00+00:00,2026-05-25T20:55:45.59+00:00,102879,2026-07-22T09:41:03.430Z,261174,7468,954691
2058945887775174807,small,2026-05-25T16:18:47+00:00,2026-05-25T17:32:40.06+00:00,56589,2026-07-22T09:41:03.430Z,176492,1025,1426210
2058952897157550575,small,2026-05-25T16:46:38+00:00,2026-05-25T23:50:47.665+00:00,138652,2026-07-22T09:41:03.430Z,191931,2166,423649
2058959589870096804,small,2026-05-25T17:13:14+00:00,2026-05-26T03:45:26.5+00:00,115325,2026-07-22T09:41:03.430Z,176782,1628,67742
2058963282870858083,small,2026-05-25T17:27:54+00:00,2026-05-26T08:02:12.217+00:00,5874392,2026-07-22T09:41:03.430Z,11164930,47454,1911507
2058969971523240084,small,2026-05-25T17:54:29+00:00,2026-05-25T19:52:01.794+00:00,4381,2026-07-22T09:41:03.430Z,92276,40,152934
2058981927655284747,small,2026-05-25T18:42:00+00:00,2026-05-26T00:26:29.918+00:00,41243,2026-07-22T09:41:03.430Z,47459,125,3527393
2058988369426710560,small,2026-05-25T19:07:36+00:00,2026-05-25T23:24:19.832+00:00,115422,2026-07-22T09:41:03.430Z,907159,21001,8809
2058993377920569670,small,2026-05-25T19:27:30+00:00,2026-05-26T01:22:13.813+00:00,386274,2026-07-22T09:41:03.430Z,2300318,3406,2854579
2059005298925355082,small,2026-05-25T20:14:52+00:00,2026-05-25T23:24:19.832+00:00,32280,2026-07-22T09:41:03.430Z,229962,8932,55679
2059009702504079436,small,2026-05-25T20:32:22+00:00,2026-05-25T23:50:47.665+00:00,374884,2026-07-22T09:41:03.430Z,737377,2521,1909657
2059019653037310159,small,2026-05-25T21:11:54+00:00,2026-05-26T02:18:41.617+00:00,601615,2026-07-22T09:41:03.430Z,2195094,52304,451762
2059029981469262025,small,2026-05-25T21:52:57+00:00,2026-05-26T06:33:55.935+00:00,21215,2026-07-22T09:41:03.430Z,47568,368,65897
2059041385039212854,small,2026-05-25T22:38:15+00:00,2026-05-27T03:46:30.478+00:00,362426,2026-07-22T09:41:03.430Z,864370,13115,173233
2059056256409633009,small,2026-05-25T23:37:21+00:00,2026-05-26T08:02:12.217+00:00,343111,2026-07-22T09:41:03.430Z,435694,7515,666831
2059069828053565854,small,2026-05-26T00:31:17+00:00,2026-05-26T02:18:41.617+00:00,50166,2026-07-22T09:41:03.430Z,145799,6004,1912444
2059089792479158768,small,2026-05-26T01:50:37+00:00,2026-05-26T18:04:33.624+00:00,17149,2026-07-22T09:41:03.430Z,29328,2686,56728
2059105257226150224,small,2026-05-26T02:52:04+00:00,2026-05-26T09:29:31.197+00:00,2819,2026-07-22T09:41:03.430Z,4339,154,196341
2059125760011756025,small,2026-05-26T04:13:32+00:00,2026-05-27T03:46:30.478+00:00,110919,2026-07-22T09:41:03.430Z,116055,3509,171967
2059172100321993073,small,2026-05-26T07:17:40+00:00,2026-05-27T10:51:01.878+00:00,741397,2026-07-22T09:41:03.430Z,949952,1233,4960961
2059209928997498966,small,2026-05-26T09:48:00+00:00,2026-05-26T22:02:39.603+00:00,32586,2026-07-22T09:41:03.430Z,57543,1876,70871
2059226902695415876,small,2026-05-26T10:55:26+00:00,2026-05-27T03:46:30.478+00:00,80337,2026-07-22T09:41:03.430Z,92677,397,8595
2059236606058365190,small,2026-05-26T11:34:00+00:00,2026-05-26T17:10:33.561+00:00,229523,2026-07-22T09:41:03.430Z,462490,6068,3530830
2059244607028777356,small,2026-05-26T12:05:47+00:00,2026-05-26T17:10:33.561+00:00,26729,2026-07-22T09:41:03.430Z,96265,1716,289377
2059254271644672051,small,2026-05-26T12:44:12+00:00,2026-05-26T19:05:25.682+00:00,177154,2026-07-22T09:41:03.430Z,422376,4457,700658
2059265434671559011,small,2026-05-26T13:28:33+00:00,2026-05-26T17:10:33.561+00:00,64212,2026-07-22T09:41:03.430Z,207423,2828,147981
2059275275842576620,small,2026-05-26T14:07:39+00:00,2026-05-27T02:19:17.487+00:00,238912,2026-07-22T09:41:03.430Z,306494,1861,831
2059286646659670487,small,2026-05-26T14:52:50+00:00,2026-05-26T22:43:12.004+00:00,307042,2026-07-22T09:41:03.430Z,670596,3132,4762
2059293279292731734,small,2026-05-26T15:19:12+00:00,2026-05-26T17:10:33.561+00:00,78037,2026-07-22T09:41:03.430Z,714715,228,55150
2059298247806759027,small,2026-05-26T15:38:56+00:00,2026-05-26T19:05:25.682+00:00,167635,2026-07-22T09:41:03.430Z,471901,4833,265347
2059304424691085538,small,2026-05-26T16:03:29+00:00,2026-05-27T05:15:50.059+00:00,336750,2026-07-22T09:41:03.430Z,653481,13144,40459
2059311599970644038,small,2026-05-26T16:32:00+00:00,2026-05-27T00:08:37.214+00:00,27834,2026-07-22T09:41:03.430Z,236868,4112,3992935
2059316598939205731,small,2026-05-26T16:51:52+00:00,2026-05-26T18:04:33.624+00:00,180591,2026-07-22T09:41:03.430Z,627744,812,2862485
2059321917669314973,small,2026-05-26T17:13:00+00:00,2026-05-26T23:12:21.217+00:00,1044811,2026-07-22T09:41:03.430Z,2519539,3249,771739
2059330707311178154,small,2026-05-26T17:47:55+00:00,2026-05-26T19:55:33.614+00:00,135476,2026-07-22T09:41:03.430Z,383386,1645,9337
2059346406326890721,small,2026-05-26T18:50:18+00:00,2026-05-26T21:19:04.117+00:00,476981,2026-07-22T09:41:03.430Z,3318389,21151,1691999
2059352723795931186,small,2026-05-26T19:15:24+00:00,2026-05-27T00:08:37.214+00:00,5213292,2026-07-22T09:41:03.430Z,7448763,40029,195861
2059379306376438016,small,2026-05-26T21:01:02+00:00,2026-05-26T22:43:12.004+00:00,275876,2026-07-22T09:41:03.430Z,11579418,32925,7084472
2059397759296270428,small,2026-05-26T22:14:22+00:00,2026-05-27T17:23:41.79+00:00,965811,2026-07-22T09:41:03.430Z,1034126,12692,436937
2059407772064555053,small,2026-05-26T22:54:09+00:00,2026-05-27T19:18:16.449+00:00,10270,2026-07-22T09:41:03.430Z,14046,347,74284
2059419841132417253,small,2026-05-26T23:42:06+00:00,2026-05-27T20:16:57.447+00:00,863517,2026-07-22T09:41:03.430Z,1386334,29045,16233
2059433954072285408,small,2026-05-27T00:38:11+00:00,2026-05-27T02:19:17.487+00:00,40353,2026-07-22T09:41:03.430Z,269163,1722,517698
2059451321292353701,small,2026-05-27T01:47:12+00:00,2026-05-27T13:34:49.366+00:00,550487,2026-07-22T09:41:03.430Z,825067,45701,4143638
2059463897510277346,small,2026-05-27T02:37:10+00:00,2026-05-28T01:12:31.425+00:00,609147,2026-07-22T09:41:03.430Z,693057,19359,3347
2059470850726805647,small,2026-05-27T03:04:48+00:00,2026-05-27T08:12:08.513+00:00,65374,2026-07-22T09:41:03.430Z,197563,1841,56429
2059483876594987012,small,2026-05-27T03:56:34+00:00,2026-05-27T06:45:46.271+00:00,8249,2026-07-22T09:41:03.430Z,51664,2821,421542
2059530071459647539,small,2026-05-27T07:00:07+00:00,2026-05-27T13:34:49.366+00:00,117530,2026-07-22T09:41:03.430Z,269711,3833,943775
2059545564258124011,small,2026-05-27T08:01:41+00:00,2026-05-27T14:46:00.52+00:00,1488012,2026-07-22T09:41:03.430Z,2768474,39055,13856
2059572679519211872,small,2026-05-27T09:49:26+00:00,2026-05-27T13:34:49.366+00:00,208877,2026-07-22T09:41:03.430Z,1039996,1075,637973
2059585670784422121,small,2026-05-27T10:41:03+00:00,2026-05-27T19:18:16.449+00:00,324231,2026-07-22T09:41:03.430Z,450042,1206,131596
2059601475714629954,small,2026-05-27T11:43:52+00:00,2026-05-27T17:23:41.79+00:00,147844,2026-07-22T09:41:04.403Z,496446,6484,9804718
2059610737463447924,small,2026-05-27T12:20:40+00:00,2026-05-27T14:46:00.52+00:00,143467,2026-07-22T09:41:04.403Z,432284,1521,49681
2059628284992721036,small,2026-05-27T13:30:23+00:00,2026-05-27T18:18:31.58+00:00,142502,2026-07-22T09:41:04.403Z,338335,14405,236463
2059640212469252510,small,2026-05-27T14:17:47+00:00,2026-05-28T01:56:49.041+00:00,125797,2026-07-22T09:41:04.403Z,153842,288,27363
2059651259431366674,small,2026-05-27T15:01:41+00:00,2026-05-28T01:56:49.041+00:00,107094,2026-07-22T09:41:04.403Z,169802,5943,327503
2059659891032097237,small,2026-05-27T15:35:59+00:00,2026-05-27T19:18:16.449+00:00,545158,2026-07-22T09:41:04.403Z,3155460,82745,25714
2059668116389384536,small,2026-05-27T16:08:40+00:00,2026-05-29T21:55:28.261+00:00,33596,2026-07-22T09:41:04.403Z,36128,83,5317
2059672935732813927,small,2026-05-27T16:27:49+00:00,2026-05-28T00:07:44.613+00:00,648680,2026-07-22T09:41:04.403Z,1264373,1056,18323
2059695504846364986,small,2026-05-27T17:57:30+00:00,2026-05-27T21:54:00.536+00:00,568223,2026-07-22T09:41:04.403Z,3538147,2366,1781
2059699270811332940,small,2026-05-27T18:12:28+00:00,2026-05-27T19:18:16.449+00:00,34552,2026-07-22T09:41:04.403Z,2203048,3482,1354749
2059706363782074521,small,2026-05-27T18:40:39+00:00,2026-05-28T01:12:31.425+00:00,11116,2026-07-22T09:41:04.403Z,17070,346,41876
2059717397636907402,small,2026-05-27T19:24:29+00:00,2026-05-27T21:10:28.004+00:00,360735,2026-07-22T09:41:04.403Z,2804902,9960,7085082
2059724970704376054,small,2026-05-27T19:54:35+00:00,2026-05-28T03:06:46.578+00:00,71655,2026-07-22T09:41:04.403Z,157224,333,355763
2059730927178142070,small,2026-05-27T20:18:15+00:00,2026-05-28T10:30:46.133+00:00,1184930,2026-07-22T09:41:04.403Z,1558763,15046,1010268
2059740998624833994,small,2026-05-27T20:58:16+00:00,2026-05-28T06:13:46.162+00:00,20983,2026-07-22T09:41:04.403Z,58474,259,17373
2059752415604158708,small,2026-05-27T21:43:38+00:00,2026-05-30T03:23:26.143+00:00,121278,2026-07-22T09:41:04.403Z,130042,105,37295
2059759558529102322,small,2026-05-27T22:12:01+00:00,2026-05-28T17:13:19.254+00:00,2516569,2026-07-22T09:41:04.403Z,5526192,170101,115509
2059764660748931497,small,2026-05-27T22:32:18+00:00,2026-05-28T17:13:19.254+00:00,104177,2026-07-22T09:41:04.403Z,133357,23680,324844
2059781498891628932,small,2026-05-27T23:39:12+00:00,2026-05-28T13:06:50.028+00:00,53506,2026-07-22T09:41:04.403Z,65467,551,114106
2059799791928779197,small,2026-05-28T00:51:54+00:00,2026-05-28T10:30:46.133+00:00,503999,2026-07-22T09:41:04.403Z,1708951,21005,44262
2059810595143299218,small,2026-05-28T01:34:49+00:00,2026-05-29T03:45:40.784+00:00,938601,2026-07-22T09:41:04.403Z,1507146,8470,70762
2059821645263425549,small,2026-05-28T02:18:44+00:00,2026-05-28T18:20:53.301+00:00,114192,2026-07-22T09:41:04.403Z,199152,24260,316951
2059837634709766640,small,2026-05-28T03:22:16+00:00,2026-05-28T18:20:53.301+00:00,21711,2026-07-22T09:41:04.403Z,40326,2001,89689
2059864618751914093,small,2026-05-28T05:09:30+00:00,2026-05-28T20:17:01.147+00:00,61748,2026-07-22T09:41:04.403Z,97616,778,60047
2059884943308968162,small,2026-05-28T06:30:15+00:00,2026-05-28T17:13:19.254+00:00,55525,2026-07-22T09:41:04.403Z,78431,4508,2502081
2059902655749894157,small,2026-05-28T07:40:38+00:00,2026-05-28T22:35:53.504+00:00,857945,2026-07-22T09:41:04.403Z,1263911,2277,7479
2059936903143587846,small,2026-05-28T09:56:44+00:00,2026-05-28T14:27:06.334+00:00,25116,2026-07-22T09:41:04.403Z,65724,525,144709
2059960677310333437,small,2026-05-28T11:31:12+00:00,2026-05-29T14:27:26.057+00:00,68369,2026-07-22T09:41:04.403Z,69342,1173,289098
2059970397974511888,small,2026-05-28T12:09:49+00:00,2026-05-28T17:13:19.254+00:00,138183,2026-07-22T09:41:04.403Z,752421,23475,667081
2059985598560030795,small,2026-05-28T13:10:14+00:00,2026-05-28T22:35:53.504+00:00,49744,2026-07-22T09:41:04.403Z,65709,35,2203
2059998351479668997,small,2026-05-28T14:00:54+00:00,2026-05-29T17:07:44.676+00:00,230980,2026-07-22T09:41:04.403Z,305820,7408,1592
2060004091485733345,small,2026-05-28T14:23:43+00:00,2026-05-28T15:48:30.26+00:00,79059,2026-07-22T09:41:04.403Z,1228392,6988,1413647
2060010722436972732,small,2026-05-28T14:50:04+00:00,2026-05-29T19:21:24.182+00:00,2612285,2026-07-22T09:41:04.403Z,3314001,13227,7936
2060016902219456975,small,2026-05-28T15:14:37+00:00,2026-05-29T03:45:40.784+00:00,2586731,2026-07-22T09:41:04.403Z,5470742,46686,330217
2060028927477797045,small,2026-05-28T16:02:24+00:00,2026-05-28T18:20:53.301+00:00,157248,2026-07-22T09:41:04.403Z,330177,476,491449
2060036317094756694,small,2026-05-28T16:31:46+00:00,2026-05-28T19:24:09.32+00:00,193138,2026-07-22T09:41:04.403Z,1361636,55040,785520
2060050771555525095,small,2026-05-28T17:29:12+00:00,2026-05-29T06:41:18.474+00:00,1548727,2026-07-22T09:41:04.403Z,2055411,21779,321962
2060059480919036311,small,2026-05-28T18:03:48+00:00,2026-05-29T17:07:44.676+00:00,8953,2026-07-22T09:41:04.403Z,10612,0,53
2060064343463796991,small,2026-05-28T18:23:08+00:00,2026-05-29T08:06:47.02+00:00,273047,2026-07-22T09:41:04.403Z,387531,2430,11836
2060070725084405805,small,2026-05-28T18:48:29+00:00,2026-05-29T02:19:20.336+00:00,3686,2026-07-22T09:41:04.403Z,7343,88,289173
2060081487496548588,small,2026-05-28T19:31:15+00:00,2026-05-28T23:09:53.25+00:00,40923,2026-07-22T09:41:04.403Z,602241,8534,77178
2060095644656705803,small,2026-05-28T20:27:31+00:00,2026-05-29T08:06:47.02+00:00,991727,2026-07-22T09:41:04.403Z,2937407,3197,1806
2060108294602055733,small,2026-05-28T21:17:47+00:00,2026-05-29T13:29:30.526+00:00,245552,2026-07-22T09:41:04.403Z,396033,5088,1456177
2060116288249205247,small,2026-05-28T21:49:32+00:00,2026-05-30T03:23:26.143+00:00,210728,2026-07-22T09:41:04.403Z,460979,756,25705
2060129017601400962,small,2026-05-28T22:40:07+00:00,2026-05-29T05:15:20.58+00:00,87313,2026-07-22T09:41:04.403Z,232306,2646,19612
2060136273101140119,small,2026-05-28T23:08:57+00:00,2026-05-31T00:28:59.047+00:00,1500942,2026-07-22T09:41:04.403Z,2473660,46165,499
2060149301309772152,small,2026-05-29T00:00:43+00:00,2026-05-29T17:07:44.676+00:00,4153322,2026-07-22T09:41:04.403Z,4623727,34794,2255794
2060158032554627328,small,2026-05-29T00:35:25+00:00,2026-05-29T10:49:43.639+00:00,194567,2026-07-22T09:41:04.403Z,801760,8829,2483
2060168962265034838,small,2026-05-29T01:18:51+00:00,2026-05-29T14:27:26.057+00:00,51128,2026-07-22T09:41:04.403Z,82227,28,591
2060187064952594740,small,2026-05-29T02:30:47+00:00,2026-05-29T05:15:20.58+00:00,96625,2026-07-22T09:41:04.403Z,470796,8867,2996060
2060208347752931734,small,2026-05-29T03:55:21+00:00,2026-05-29T19:21:24.182+00:00,1048204,2026-07-22T09:41:04.403Z,1780742,59982,11030
2060230829046124708,small,2026-05-29T05:24:41+00:00,2026-05-30T19:29:51.995+00:00,1399610,2026-07-22T09:41:04.403Z,1672959,58214,43694
2060270638632518043,small,2026-05-29T08:02:52+00:00,2026-05-29T21:55:28.261+00:00,237767,2026-07-22T09:41:04.403Z,761615,25351,5041
2060289233060078022,small,2026-05-29T09:16:46+00:00,2026-05-29T15:18:49.495+00:00,69164,2026-07-22T09:41:04.403Z,243493,6473,513309
2060308948255719723,small,2026-05-29T10:35:06+00:00,2026-05-30T19:29:51.995+00:00,794823,2026-07-22T09:41:04.403Z,960391,26728,186
2060326805350068306,small,2026-05-29T11:46:04+00:00,2026-05-29T17:07:44.676+00:00,78577,2026-07-22T09:41:04.403Z,277943,601,854789
2060342184759673004,small,2026-05-29T12:47:10+00:00,2026-05-29T19:21:24.182+00:00,264157,2026-07-22T09:41:04.403Z,901923,17453,99443
2060352961629524123,small,2026-05-29T13:30:00+00:00,2026-05-30T11:12:52.125+00:00,373534,2026-07-22T09:41:04.403Z,546994,41924,330247
2060362722496127035,small,2026-05-29T14:08:47+00:00,2026-05-29T20:17:21.707+00:00,560814,2026-07-22T09:41:04.403Z,818431,3458,318112
2060373579645014483,small,2026-05-29T14:51:55+00:00,2026-05-30T07:18:26.494+00:00,267547,2026-07-22T09:41:04.403Z,354842,2358,164371
2060378340666532298,small,2026-05-29T15:10:51+00:00,2026-05-30T19:57:26.726+00:00,27195,2026-07-22T09:41:04.403Z,234618,187,141097
2060389878110511552,small,2026-05-29T15:56:41+00:00,2026-05-29T19:21:24.182+00:00,77241,2026-07-22T09:41:04.403Z,429962,407,2037750
2060400473056621030,small,2026-05-29T16:38:47+00:00,2026-05-30T15:25:46.434+00:00,252467,2026-07-22T09:41:04.403Z,404930,25820,657665
2060413655858991107,small,2026-05-29T17:31:10+00:00,2026-05-30T14:12:04.206+00:00,429077,2026-07-22T09:41:04.403Z,1311578,73571,12810
2060423543104659722,small,2026-05-29T18:10:28+00:00,2026-05-30T03:23:26.143+00:00,137959,2026-07-22T09:41:04.403Z,1403557,46076,25019
2060434911899566522,small,2026-05-29T18:55:38+00:00,2026-05-29T21:55:28.261+00:00,22876,2026-07-22T09:41:04.403Z,51139,1394,546644
2060443558390407456,small,2026-05-29T19:30:00+00:00,2026-05-31T03:48:12.139+00:00,2595926,2026-07-22T09:41:04.403Z,3465151,23364,5272618
2060453413637284195,small,2026-05-29T20:09:09+00:00,2026-05-30T11:46:27.251+00:00,1818386,2026-07-22T09:41:04.403Z,2188954,9237,30582
2060465266664915428,small,2026-05-29T20:56:15+00:00,2026-05-30T02:02:37.638+00:00,235087,2026-07-22T09:41:04.403Z,1369936,1660,24689
2060481210032312541,small,2026-05-29T21:59:37+00:00,2026-05-30T02:02:37.638+00:00,267317,2026-07-22T09:41:04.403Z,770865,22490,1629226
2060488690179195311,small,2026-05-29T22:29:20+00:00,2026-05-30T14:48:28.996+00:00,1294149,2026-07-22T09:41:04.403Z,1800361,76727,4435
2060514557307863315,small,2026-05-30T00:12:07+00:00,2026-05-30T03:23:26.143+00:00,222847,2026-07-22T09:41:04.403Z,1137101,1545,18235
2060537457901465875,small,2026-05-30T01:43:07+00:00,2026-05-30T14:12:04.206+00:00,130873,2026-07-22T09:41:04.403Z,182318,17905,1912715
2060563187808821330,small,2026-05-30T03:25:22+00:00,2026-05-30T18:51:34.522+00:00,72427,2026-07-22T09:41:04.403Z,827423,12238,38171
2060581963564827084,small,2026-05-30T04:39:58+00:00,2026-05-31T09:20:10.302+00:00,362839,2026-07-22T09:41:04.403Z,454315,23288,1599257
2060609073603661950,small,2026-05-30T06:27:42+00:00,2026-05-30T14:12:04.206+00:00,64539,2026-07-22T09:41:04.403Z,903432,34979,63608
2060634352837390564,small,2026-05-30T08:08:09+00:00,2026-05-30T16:21:14.785+00:00,159196,2026-07-22T09:41:04.403Z,260132,4926,2780
2060663806074740875,small,2026-05-30T10:05:11+00:00,2026-05-30T14:12:04.206+00:00,14813,2026-07-22T09:41:04.403Z,388457,21600,171163
2060673353053036812,small,2026-05-30T10:43:07+00:00,2026-05-31T12:47:24.929+00:00,177445,2026-07-22T09:41:04.403Z,223329,14407,321773
2060691179562586315,small,2026-05-30T11:53:57+00:00,2026-05-30T22:20:17.814+00:00,386014,2026-07-22T09:41:04.403Z,694647,23596,25352
2060719544168264174,small,2026-05-30T13:46:40+00:00,2026-05-30T22:20:17.814+00:00,42850,2026-07-22T09:41:04.403Z,311171,5635,9816
2060725136026644781,small,2026-05-30T14:08:53+00:00,2026-05-30T20:47:29.652+00:00,722739,2026-07-22T09:41:04.403Z,1289141,18502,1715
2060732070377230405,small,2026-05-30T14:36:26+00:00,2026-05-31T00:28:59.047+00:00,1075106,2026-07-22T09:41:04.403Z,2774667,15094,296383
2060741450946449854,small,2026-05-30T15:13:43+00:00,2026-05-30T22:20:17.814+00:00,44467,2026-07-22T09:41:04.403Z,115005,4803,69643
2060751194742480998,small,2026-05-30T15:52:26+00:00,2026-05-30T20:47:29.652+00:00,20788,2026-07-22T09:41:04.403Z,112666,5475,448334
2060758318327427354,small,2026-05-30T16:20:44+00:00,2026-05-31T08:03:18.183+00:00,94734,2026-07-22T09:41:04.403Z,188290,6237,23723
2060769504305488285,small,2026-05-30T17:05:11+00:00,2026-05-31T22:36:36.366+00:00,306907,2026-07-22T09:41:04.403Z,345141,19681,18002
2060777380415729683,small,2026-05-30T17:36:29+00:00,2026-05-30T23:21:16.321+00:00,192217,2026-07-22T09:41:04.403Z,1142299,30566,1181546
2060786729540349992,small,2026-05-30T18:13:38+00:00,2026-05-31T01:31:05.62+00:00,157340,2026-07-22T09:41:04.403Z,249262,1289,15378
2060798969605710220,small,2026-05-30T19:02:16+00:00,2026-05-30T21:48:21.161+00:00,89475,2026-07-22T09:41:04.403Z,1267537,2917,199029
2060836033277911042,small,2026-05-30T21:29:33+00:00,2026-05-31T15:43:32.733+00:00,1386934,2026-07-22T09:41:04.403Z,3500352,71427,1770158
2060855821014069740,small,2026-05-30T22:48:11+00:00,2026-05-31T12:09:11.838+00:00,80389,2026-07-22T09:41:04.403Z,2117609,1610,94496
2060860391379304578,small,2026-05-30T23:06:20+00:00,2026-05-31T18:41:08.745+00:00,7276,2026-07-22T09:41:05.425Z,7567,0,2731
2060888741892477134,small,2026-05-31T00:59:00+00:00,2026-05-31T13:32:09.989+00:00,384025,2026-07-22T09:41:05.425Z,899425,4182,369307
2060904128155426943,small,2026-05-31T02:00:08+00:00,2026-05-31T18:07:38.162+00:00,29649,2026-07-22T09:41:05.425Z,223096,207,5370
2060914804232278038,small,2026-05-31T02:42:33+00:00,2026-06-01T03:46:24.118+00:00,55466,2026-07-22T09:41:05.425Z,74987,63,133
2060929140312715590,small,2026-05-31T03:39:31+00:00,2026-05-31T22:36:36.366+00:00,32554,2026-07-22T09:41:05.425Z,81120,155,289564
2060959500832543056,small,2026-05-31T05:40:10+00:00,2026-05-31T18:41:08.745+00:00,201372,2026-07-22T09:41:05.425Z,296175,5106,21483
2060986398195519536,small,2026-05-31T07:27:03+00:00,2026-05-31T19:44:30.728+00:00,455929,2026-07-22T09:41:05.425Z,1026627,53473,61935
2061003311495410172,small,2026-05-31T08:34:15+00:00,2026-05-31T15:43:32.733+00:00,20647,2026-07-22T09:41:05.425Z,72324,2244,1178021
2061020513934209479,small,2026-05-31T09:42:37+00:00,2026-05-31T16:40:48.441+00:00,114332,2026-07-22T09:41:05.425Z,233972,1288,220638
2061040598124023966,small,2026-05-31T11:02:25+00:00,2026-05-31T21:36:29.636+00:00,18074,2026-07-22T09:41:05.425Z,155269,7096,16482
2061052421988667716,small,2026-05-31T11:49:24+00:00,2026-05-31T18:07:38.162+00:00,2865577,2026-07-22T09:41:05.425Z,5681997,98608,27660144
2061066413675044959,small,2026-05-31T12:45:00+00:00,2026-05-31T17:38:43.101+00:00,60394,2026-07-22T09:41:05.425Z,97817,1311,1369557
2061075369860493805,small,2026-05-31T13:20:35+00:00,2026-05-31T18:41:08.745+00:00,167583,2026-07-22T09:41:05.425Z,825620,2822,1871
2061083262173282581,small,2026-05-31T13:51:57+00:00,2026-05-31T19:44:30.728+00:00,963742,2026-07-22T09:41:05.425Z,2937716,9022,684
2061089409873613299,small,2026-05-31T14:16:23+00:00,2026-05-31T22:06:57.867+00:00,30394,2026-07-22T09:41:05.425Z,87404,2191,44506
2061098705571226111,small,2026-05-31T14:53:19+00:00,2026-05-31T15:43:32.733+00:00,264139,2026-07-22T09:41:05.425Z,6644524,72660,3641088
2061116995668496719,small,2026-05-31T16:06:00+00:00,2026-06-01T13:21:14.611+00:00,670928,2026-07-22T09:41:05.425Z,776120,14011,187163
2061132774795329890,small,2026-05-31T17:08:42+00:00,2026-06-01T03:46:24.118+00:00,92742,2026-07-22T09:41:05.425Z,107878,248,13074
2061143628475408616,small,2026-05-31T17:51:49+00:00,2026-05-31T19:44:30.728+00:00,2752008,2026-07-22T09:41:05.425Z,10263656,21598,465254
2061150165864452125,small,2026-05-31T18:17:48+00:00,2026-06-01T13:21:14.611+00:00,178760,2026-07-22T09:41:05.425Z,213995,905,5812
2061170709993488499,small,2026-05-31T19:39:26+00:00,2026-06-01T11:18:15.619+00:00,2680407,2026-07-22T09:41:05.425Z,3757337,7038,1098
2061196668960452609,small,2026-05-31T21:22:35+00:00,2026-05-31T23:38:46.328+00:00,345869,2026-07-22T09:41:05.425Z,977082,5866,1956178
2061208999509557521,small,2026-05-31T22:11:35+00:00,2026-06-01T05:35:46.239+00:00,1119494,2026-07-22T09:41:05.425Z,1466808,7864,1369604
2061222686798270489,small,2026-05-31T23:05:58+00:00,2026-06-01T13:21:14.611+00:00,2017572,2026-07-22T09:41:05.425Z,3548164,70470,549189
2061311862126318014,small,2026-06-01T05:00:19+00:00,2026-06-01T15:36:41.334+00:00,21455,2026-07-22T09:41:05.425Z,397619,29,337565
2061354129482559527,small,2026-06-01T07:48:17+00:00,2026-06-01T20:51:00.99+00:00,1165854,2026-07-22T09:41:05.425Z,1393319,7608,12396
2061381430748328096,small,2026-06-01T09:36:46+00:00,2026-06-01T22:02:00.093+00:00,601189,2026-07-22T09:41:05.425Z,1009186,10108,365294
2061396220229427648,small,2026-06-01T10:35:32+00:00,2026-06-01T19:28:04.074+00:00,444035,2026-07-22T09:41:05.425Z,1659608,12666,1534
2061408355336572932,small,2026-06-01T11:23:45+00:00,2026-06-01T17:39:11.219+00:00,73583,2026-07-22T09:41:05.425Z,266491,23210,14749
2061419336984617394,small,2026-06-01T12:07:23+00:00,2026-06-01T15:36:41.334+00:00,198361,2026-07-22T09:41:05.425Z,1430631,27565,17183
2061428636801257723,small,2026-06-01T12:44:21+00:00,2026-06-02T07:04:15.182+00:00,4318857,2026-07-22T09:41:05.425Z,5459058,21619,17548
2061436831712030846,small,2026-06-01T13:16:54+00:00,2026-06-01T15:36:41.334+00:00,399,2026-07-22T09:41:05.425Z,1431,9,62
2061447679389872546,small,2026-06-01T14:00:01+00:00,2026-06-02T07:04:15.182+00:00,412630,2026-07-22T09:41:05.425Z,632196,13216,1632555
2061457691680059463,small,2026-06-01T14:39:48+00:00,2026-06-01T17:39:11.219+00:00,20486,2026-07-22T09:41:05.425Z,39853,1084,1262956
2061485094871716159,small,2026-06-01T16:28:41+00:00,2026-06-02T05:19:39.043+00:00,661993,2026-07-22T09:41:05.425Z,1870652,6352,220671
2061491020701856014,small,2026-06-01T16:52:14+00:00,2026-06-01T22:02:00.093+00:00,197209,2026-07-22T09:41:05.425Z,1222442,52314,17585
2061499590717714690,small,2026-06-01T17:26:17+00:00,2026-06-01T22:02:00.093+00:00,142093,2026-07-22T09:41:05.425Z,1017583,10252,302115
2061503579458818100,small,2026-06-01T17:42:08+00:00,2026-06-01T22:02:00.093+00:00,769346,2026-07-22T09:41:05.425Z,1223725,12631,4748699
2061511455057346579,small,2026-06-01T18:13:26+00:00,2026-06-01T20:51:00.99+00:00,175025,2026-07-22T09:41:05.425Z,1009148,13954,187198
2061520713392025738,small,2026-06-01T18:50:13+00:00,2026-06-02T03:46:37.225+00:00,547876,2026-07-22T09:41:05.425Z,879554,19309,196785
2061540794129867253,small,2026-06-01T20:10:01+00:00,2026-06-02T10:36:15.604+00:00,33833,2026-07-22T09:41:05.425Z,47515,3322,98537
2061555806521172263,small,2026-06-01T21:09:40+00:00,2026-06-02T13:40:41.333+00:00,1832900,2026-07-22T09:41:05.425Z,2063014,5913,259290
2061569401636155446,small,2026-06-01T22:03:42+00:00,2026-06-02T07:04:15.182+00:00,41726,2026-07-22T09:41:05.425Z,137559,4181,50349
2061596713211629861,small,2026-06-01T23:52:13+00:00,2026-06-02T10:36:15.604+00:00,157327,2026-07-22T09:41:05.425Z,367975,2732,259295
2061629378174320713,small,2026-06-02T02:02:01+00:00,2026-06-02T03:46:37.225+00:00,90656,2026-07-22T09:41:05.425Z,1368557,21352,19079
2061654421201719328,small,2026-06-02T03:41:32+00:00,2026-06-02T07:04:15.182+00:00,122087,2026-07-22T09:41:05.425Z,30524708,178253,1032
2061669484902097354,small,2026-06-02T04:41:23+00:00,2026-06-02T15:05:45.298+00:00,703980,2026-07-22T09:41:05.425Z,1337455,8604,501072
2061685303308357702,small,2026-06-02T05:44:15+00:00,2026-06-02T10:36:15.604+00:00,720363,2026-07-22T09:41:05.425Z,3148692,4655,34648
2061718421587284385,small,2026-06-02T07:55:51+00:00,2026-06-03T09:07:57.975+00:00,346462,2026-07-22T09:41:05.425Z,387556,734,55938
2061734293898949001,small,2026-06-02T08:58:55+00:00,2026-06-02T12:10:50.063+00:00,98073,2026-07-22T09:41:05.425Z,1470674,2766,18403
2061770899750047895,small,2026-06-02T11:24:23+00:00,2026-06-03T07:24:34.848+00:00,3705376,2026-07-22T09:41:05.425Z,6080763,113081,33952
2061780591054291002,small,2026-06-02T12:02:53+00:00,2026-06-02T20:50:01.033+00:00,195095,2026-07-22T09:41:05.425Z,812598,39614,182772
2061793918841164227,small,2026-06-02T12:55:51+00:00,2026-06-02T19:48:38.96+00:00,245124,2026-07-22T09:41:05.425Z,695901,49573,150101
2061806250267201739,small,2026-06-02T13:44:51+00:00,2026-06-03T02:28:16.601+00:00,29555,2026-07-22T09:41:05.425Z,38881,4167,9600
2061815682786808185,small,2026-06-02T14:22:20+00:00,2026-06-02T16:53:36.014+00:00,667402,2026-07-22T09:41:05.425Z,4967248,64296,1967901
2061822987167285487,small,2026-06-02T14:51:21+00:00,2026-06-03T00:07:48.741+00:00,61535,2026-07-22T09:41:05.425Z,83165,1905,1080286
2061825667604369733,small,2026-06-02T15:02:00+00:00,2026-06-02T22:35:24.973+00:00,2056573,2026-07-22T09:41:05.425Z,4637081,22753,197027
2061830817723146273,small,2026-06-02T15:22:28+00:00,2026-06-03T03:54:49.926+00:00,208706,2026-07-22T09:41:05.425Z,464381,11765,50010
2061840513754665278,small,2026-06-02T16:01:00+00:00,2026-06-02T18:18:53.987+00:00,111526,2026-07-22T09:41:05.425Z,158862,1824,747132
2061849102959169727,small,2026-06-02T16:35:08+00:00,2026-06-02T21:47:46.711+00:00,96833,2026-07-22T09:41:05.425Z,308000,6586,30487
2061859922279543159,small,2026-06-02T17:18:07+00:00,2026-06-03T03:54:49.926+00:00,143168,2026-07-22T09:41:05.425Z,423074,39462,4970
2061874504964673694,small,2026-06-02T18:16:04+00:00,2026-06-02T21:47:46.711+00:00,18573,2026-07-22T09:41:05.425Z,35332,1579,10538
2061889729579155550,small,2026-06-02T19:16:34+00:00,2026-06-03T14:18:20.281+00:00,1336084,2026-07-22T09:41:05.425Z,1471796,16435,69452
2061900556445368792,small,2026-06-02T19:59:35+00:00,2026-06-03T05:37:34.36+00:00,849944,2026-07-22T09:41:05.425Z,1125466,2553,132792
2061908664173138279,small,2026-06-02T20:31:48+00:00,2026-06-03T12:33:52.977+00:00,1194594,2026-07-22T09:41:05.425Z,1660230,40080,1176055
2061918659304645033,small,2026-06-02T21:11:31+00:00,2026-06-03T02:28:16.601+00:00,340114,2026-07-22T09:41:05.425Z,437442,3165,17713
2061940897109987737,small,2026-06-02T22:39:53+00:00,2026-06-03T07:24:34.848+00:00,509401,2026-07-22T09:41:05.425Z,926738,28403,870144
2061957532038332716,small,2026-06-02T23:45:59+00:00,2026-06-03T14:18:20.281+00:00,4008929,2026-07-22T09:41:05.425Z,4688199,2553,21919
2061976519812301142,small,2026-06-03T01:01:26+00:00,2026-06-03T03:54:49.926+00:00,5471,2026-07-22T09:41:05.425Z,82540,5597,41048
2061998942339088652,small,2026-06-03T02:30:32+00:00,2026-06-03T03:54:49.926+00:00,63980,2026-07-22T09:41:05.425Z,659896,4430,436453
2062017289306722360,small,2026-06-03T03:43:26+00:00,2026-06-03T14:18:20.281+00:00,764225,2026-07-22T09:41:05.425Z,3002442,28085,642012
2062036017545150769,small,2026-06-03T04:57:52+00:00,2026-06-03T14:18:20.281+00:00,186709,2026-07-22T09:41:05.425Z,457530,10845,28807
2062066387632201917,small,2026-06-03T06:58:32+00:00,2026-06-03T17:53:29.884+00:00,68094,2026-07-22T09:41:05.425Z,94843,1828,3862592
2062098406403874916,small,2026-06-03T09:05:46+00:00,2026-06-04T04:09:01.84+00:00,117890,2026-07-22T09:41:05.425Z,231100,3635,15254
2062113679072739411,small,2026-06-03T10:06:27+00:00,2026-06-03T12:33:52.977+00:00,84386,2026-07-22T09:41:05.425Z,146389,960,531489
2062135466124550349,small,2026-06-03T11:33:02+00:00,2026-06-03T21:36:55.239+00:00,288280,2026-07-22T09:41:05.425Z,630313,2257,17165
2062153903458631861,small,2026-06-03T12:46:18+00:00,2026-06-03T17:53:29.884+00:00,152013,2026-07-22T09:41:05.425Z,866599,10239,284186
2062165801516363909,small,2026-06-03T13:33:34+00:00,2026-06-03T20:26:25.98+00:00,2517726,2026-07-22T09:41:05.425Z,6317188,25237,283891
2062176284621316102,small,2026-06-03T14:15:14+00:00,2026-06-03T17:53:29.884+00:00,7148,2026-07-22T09:41:05.425Z,40096,106,261506
2062198363978678280,small,2026-06-03T15:42:58+00:00,2026-06-04T02:41:01.423+00:00,929148,2026-07-22T09:41:05.425Z,2549949,15649,549560
2062210272060706820,small,2026-06-03T16:30:17+00:00,2026-06-04T02:41:01.423+00:00,7408,2026-07-22T09:41:05.425Z,14950,18,9819
2062222353187148072,small,2026-06-03T17:18:17+00:00,2026-06-03T20:26:25.98+00:00,143623,2026-07-22T09:41:05.425Z,493450,1450,40786
2062231192985080175,small,2026-06-03T17:53:25+00:00,2026-06-03T20:26:25.98+00:00,96083,2026-07-22T09:41:05.425Z,350065,17372,7827324
2062237129405608270,small,2026-06-03T18:17:00+00:00,2026-06-03T20:26:25.98+00:00,8911,2026-07-22T09:41:05.425Z,127374,883,903731
2062247133202571630,small,2026-06-03T18:56:45+00:00,2026-06-04T05:55:08.687+00:00,736549,2026-07-22T09:41:05.425Z,856601,10813,3737
2062256808614387727,small,2026-06-03T19:35:12+00:00,2026-06-04T00:07:35.154+00:00,90223,2026-07-22T09:41:05.425Z,146692,1366,4746563
2062267582863007960,small,2026-06-03T20:18:01+00:00,2026-06-03T22:34:07.997+00:00,25351,2026-07-22T09:41:05.425Z,75576,6940,51077
2062278902383599660,small,2026-06-03T21:03:00+00:00,2026-06-04T05:55:08.687+00:00,138964,2026-07-22T09:41:05.425Z,869058,8299,5016
2062288213348323679,small,2026-06-03T21:40:00+00:00,2026-06-04T11:32:47.877+00:00,112184,2026-07-22T09:41:05.425Z,177643,11445,58955
2062295759672811688,small,2026-06-03T22:09:59+00:00,2026-06-04T12:40:06.818+00:00,36052,2026-07-22T09:41:06.303Z,75945,4687,233562
2062315644163653930,small,2026-06-03T23:29:00+00:00,2026-06-04T15:06:52.73+00:00,39258,2026-07-22T09:41:06.303Z,53268,2773,94211
2062346384733553097,small,2026-06-04T01:31:09+00:00,2026-06-04T13:53:23.233+00:00,123495,2026-07-22T09:41:06.303Z,191232,3608,113831
2062361147076985055,small,2026-06-04T02:29:48+00:00,2026-06-05T06:58:22.083+00:00,6475,2026-07-22T09:41:06.303Z,41775,9,3412378
2062430788986012144,small,2026-06-04T07:06:32+00:00,2026-06-05T09:46:49.983+00:00,60182,2026-07-22T09:41:06.303Z,80441,1632,411327
2062458997110702519,small,2026-06-04T08:58:38+00:00,2026-06-04T21:36:53.096+00:00,530874,2026-07-22T09:41:06.303Z,650606,4623,8726
2062479208421433604,small,2026-06-04T10:18:56+00:00,2026-06-04T17:35:22.365+00:00,140921,2026-07-22T09:41:06.303Z,163645,7740,1423541
2062496033062433256,small,2026-06-04T11:25:48+00:00,2026-06-04T16:26:12.564+00:00,1357269,2026-07-22T09:41:06.303Z,2101241,2553,42124147
2062519794234995061,small,2026-06-04T13:00:13+00:00,2026-06-04T20:59:48.049+00:00,558477,2026-07-22T09:41:06.303Z,808103,1324,5248
2062538790447550786,small,2026-06-04T14:15:42+00:00,2026-06-04T18:24:07.335+00:00,183355,2026-07-22T09:41:06.303Z,534808,32734,16555
2062546368988667915,small,2026-06-04T14:45:49+00:00,2026-06-05T03:50:09.505+00:00,1916736,2026-07-22T09:41:06.303Z,4762646,28029,248227
2062555670541660338,small,2026-06-04T15:22:46+00:00,2026-06-06T07:32:19.324+00:00,1104767,2026-07-22T09:41:06.303Z,1406002,94219,2450
2062563299602948262,small,2026-06-04T15:53:05+00:00,2026-06-05T15:34:25.461+00:00,96047,2026-07-22T09:41:06.303Z,145790,1645,51082
2062573758817210654,small,2026-06-04T16:34:39+00:00,2026-06-05T14:23:22.203+00:00,121977,2026-07-22T09:41:06.303Z,134853,4068,242329
2062580035370819788,small,2026-06-04T16:59:35+00:00,2026-06-05T13:28:23.399+00:00,6155770,2026-07-22T09:41:06.303Z,8329914,15790,1131438
2062588278914593140,small,2026-06-04T17:32:21+00:00,2026-06-04T22:14:54.866+00:00,32641,2026-07-22T09:41:06.303Z,503038,6211,175702
2062595490991018150,small,2026-06-04T18:01:00+00:00,2026-06-04T22:49:19.883+00:00,500205,2026-07-22T09:41:06.303Z,24334131,33244,345430
2062602893065420914,small,2026-06-04T18:30:25+00:00,2026-06-05T05:30:07.647+00:00,16803755,2026-07-22T09:41:06.303Z,29852207,39465,2566158
2062612101609259258,small,2026-06-04T19:07:01+00:00,2026-06-04T22:49:19.883+00:00,75064,2026-07-22T09:41:06.303Z,303461,1608,540921
2062619723410399323,small,2026-06-04T19:37:18+00:00,2026-06-05T12:07:46.693+00:00,113909,2026-07-22T09:41:06.303Z,193738,3415,116880
2062633524499222711,small,2026-06-04T20:32:08+00:00,2026-06-05T02:29:10.455+00:00,127001,2026-07-22T09:41:06.303Z,196515,3151,614844
2062647156675121262,small,2026-06-04T21:26:18+00:00,2026-06-05T06:58:22.083+00:00,410999,2026-07-22T09:41:06.303Z,1734554,4125,14714
2062660139702726741,small,2026-06-04T22:17:54+00:00,2026-06-05T21:03:09.4+00:00,2765817,2026-07-22T09:41:06.303Z,2919589,9512,8762778
2062675887812972618,small,2026-06-04T23:20:28+00:00,2026-06-05T05:30:07.647+00:00,56320,2026-07-22T09:41:06.303Z,96830,1709,14493
2062690809103687754,small,2026-06-05T00:19:46+00:00,2026-06-05T03:50:09.505+00:00,967387,2026-07-22T09:41:06.303Z,4684140,168884,326977
2062701831663579246,small,2026-06-05T01:03:34+00:00,2026-06-05T11:00:39.257+00:00,83957,2026-07-22T09:41:06.303Z,203787,7631,8812
2062715987737112663,small,2026-06-05T01:59:49+00:00,2026-06-06T01:17:36.904+00:00,80517,2026-07-22T09:41:06.303Z,118017,196,4017
2062734207261221194,small,2026-06-05T03:12:13+00:00,2026-06-05T22:15:25.699+00:00,60412,2026-07-22T09:41:06.303Z,73706,236,328
2062755089236783512,small,2026-06-05T04:35:12+00:00,2026-06-05T15:34:25.461+00:00,9064,2026-07-22T09:41:06.303Z,16888,7,3040
2062782422207307986,small,2026-06-05T06:23:48+00:00,2026-06-05T13:28:23.399+00:00,506336,2026-07-22T09:41:06.303Z,2765981,7019,17404
2062805249320980929,small,2026-06-05T07:54:31+00:00,2026-06-06T10:27:26.434+00:00,153888,2026-07-22T09:41:06.303Z,170171,13092,148352
2062851105428504724,small,2026-06-05T10:56:44+00:00,2026-06-05T16:36:40.469+00:00,76261,2026-07-22T09:41:06.303Z,287499,3137,859372
2062865013132648827,small,2026-06-05T11:51:59+00:00,2026-06-05T16:36:40.469+00:00,107606,2026-07-22T09:41:06.303Z,190175,5896,150451
2062873162145034642,small,2026-06-05T12:24:22+00:00,2026-06-05T14:23:22.203+00:00,36589,2026-07-22T09:41:06.303Z,1064137,1933,158447
2062878592724242793,small,2026-06-05T12:45:57+00:00,2026-06-05T15:34:25.461+00:00,56179,2026-07-22T09:41:06.303Z,109257,1573,42126850
2062887200401011137,small,2026-06-05T13:20:09+00:00,2026-06-06T11:46:17.748+00:00,1332449,2026-07-22T09:41:06.303Z,1462255,28564,2387
2062909763902460230,small,2026-06-05T14:49:49+00:00,2026-06-06T03:45:42.442+00:00,2086574,2026-07-22T09:41:06.303Z,2753236,11593,1147
2062917262269428038,small,2026-06-05T15:19:37+00:00,2026-06-05T17:30:05.403+00:00,186367,2026-07-22T09:41:06.303Z,1400860,19661,86656
2062923658507481369,small,2026-06-05T15:45:02+00:00,2026-06-05T20:24:57.152+00:00,147753,2026-07-22T09:41:06.303Z,535681,2857,11826
2062930461802811720,small,2026-06-05T16:12:04+00:00,2026-06-05T18:55:57.247+00:00,201345,2026-07-22T09:41:06.303Z,1558761,4216,4543
2062943768517480783,small,2026-06-05T17:04:56+00:00,2026-06-06T06:26:47.526+00:00,110969,2026-07-22T09:41:06.303Z,150578,262,15079
2062957361543647265,small,2026-06-05T17:58:57+00:00,2026-06-05T21:03:09.4+00:00,15818,2026-07-22T09:41:06.303Z,88101,131,354
2062967180019335467,small,2026-06-05T18:37:58+00:00,2026-06-05T21:03:09.4+00:00,81091,2026-07-22T09:41:06.303Z,250515,1317,207414
2062982378096636107,small,2026-06-05T19:38:21+00:00,2026-06-06T01:17:36.904+00:00,638268,2026-07-22T09:41:06.303Z,3548444,13271,4212379
2062987415346667773,small,2026-06-05T19:58:22+00:00,2026-06-06T06:26:47.526+00:00,12645743,2026-07-22T09:41:06.303Z,24162591,117490,7478
2062996888823931182,small,2026-06-05T20:36:01+00:00,2026-06-06T02:19:00.037+00:00,380694,2026-07-22T09:41:06.303Z,1448902,75069,2010700
2063020417753706629,small,2026-06-05T22:09:31+00:00,2026-06-06T17:40:46.218+00:00,27561,2026-07-22T09:41:06.303Z,30222,54,29073
2063033683817226432,small,2026-06-05T23:02:14+00:00,2026-06-07T20:01:04.716+00:00,336943,2026-07-22T09:41:06.303Z,367543,33281,136647
2063044175184945300,small,2026-06-05T23:43:55+00:00,2026-06-06T03:45:42.442+00:00,51946,2026-07-22T09:41:06.303Z,86464,1666,86311
2063085179883986999,small,2026-06-06T02:26:51+00:00,2026-06-06T17:40:46.218+00:00,53143,2026-07-22T09:41:06.303Z,122206,692,63413
2063104170362802439,small,2026-06-06T03:42:19+00:00,2026-06-06T09:32:07.448+00:00,125048,2026-07-22T09:41:06.303Z,449108,13863,1223
2063139188984431021,small,2026-06-06T06:01:28+00:00,2026-06-06T15:36:14.527+00:00,63279,2026-07-22T09:41:06.303Z,424925,10197,239275
2063163783581986931,small,2026-06-06T07:39:12+00:00,2026-06-06T13:32:25.902+00:00,18357,2026-07-22T09:41:06.303Z,99942,3041,22499
2063198377442267479,small,2026-06-06T09:56:40+00:00,2026-06-06T13:32:25.902+00:00,144695,2026-07-22T09:41:06.303Z,470137,919,3329
2063236087745544364,small,2026-06-06T12:26:31+00:00,2026-06-06T18:08:48.841+00:00,85829,2026-07-22T09:41:06.303Z,255423,17948,206231
2063255150941073761,small,2026-06-06T13:42:16+00:00,2026-06-06T15:36:14.527+00:00,2678,2026-07-22T09:41:06.303Z,12997,1583,81783
2063271888076353815,small,2026-06-06T14:48:46+00:00,2026-06-06T18:43:51.405+00:00,84747,2026-07-22T09:41:06.303Z,208067,2132,7752
2063283487445049574,small,2026-06-06T15:34:52+00:00,2026-06-07T09:50:13.98+00:00,1805191,2026-07-22T09:41:06.303Z,2418345,27358,1464
2063294743082078610,small,2026-06-06T16:19:35+00:00,2026-06-07T08:34:13.153+00:00,92391,2026-07-22T09:41:06.303Z,343743,1214,8518
2063314649345663114,small,2026-06-06T17:38:41+00:00,2026-06-06T22:22:37.119+00:00,22927,2026-07-22T09:41:06.303Z,91468,7803,57536
2063321221366739135,small,2026-06-06T18:04:48+00:00,2026-06-07T00:30:17.378+00:00,40883,2026-07-22T09:41:06.303Z,216648,2171,164019
2063337625486782844,small,2026-06-06T19:09:59+00:00,2026-06-06T22:50:03.239+00:00,13145,2026-07-22T09:41:06.303Z,37178,2261,257245
2063353408313020727,small,2026-06-06T20:12:42+00:00,2026-06-06T23:51:16.339+00:00,394435,2026-07-22T09:41:06.303Z,705378,9158,10172
2063376344797364249,small,2026-06-06T21:43:50+00:00,2026-06-07T07:20:32.728+00:00,2574922,2026-07-22T09:41:06.303Z,3411214,10835,45122
2063400135946580387,small,2026-06-06T23:18:23+00:00,2026-06-07T19:32:23.24+00:00,1155284,2026-07-22T09:41:06.303Z,1687268,20977,99831
2063414967668519268,small,2026-06-07T00:17:19+00:00,2026-06-07T04:09:02.58+00:00,26927,2026-07-22T09:41:06.303Z,85081,4181,215604
2063440659667980731,small,2026-06-07T01:59:24+00:00,2026-06-07T15:06:19.464+00:00,80934,2026-07-22T09:41:06.303Z,238251,2941,373258
2063504468725977276,small,2026-06-07T06:12:58+00:00,2026-06-07T17:29:32.737+00:00,105275,2026-07-22T09:41:06.303Z,177540,6397,38
2063547496430006442,small,2026-06-07T09:03:56+00:00,2026-06-07T23:08:25.026+00:00,263118,2026-07-22T09:41:06.303Z,284135,2400,18218
2063580373372506303,small,2026-06-07T11:14:35+00:00,2026-06-07T20:01:04.716+00:00,88912,2026-07-22T09:41:06.303Z,415865,20402,1176643
2063609787665781245,small,2026-06-07T13:11:28+00:00,2026-06-07T21:09:43.422+00:00,59246,2026-07-22T09:41:06.303Z,167752,3214,72809
2063636632058712510,small,2026-06-07T14:58:08+00:00,2026-06-07T19:32:23.24+00:00,37587,2026-07-22T09:41:06.303Z,73217,2331,372364
2063655018167677115,small,2026-06-07T16:11:11+00:00,2026-06-07T18:55:51.853+00:00,53876,2026-07-22T09:41:06.303Z,81857,5830,54370
2063671457893269680,small,2026-06-07T17:16:31+00:00,2026-06-07T22:38:52.079+00:00,141019,2026-07-22T09:41:06.303Z,610269,1072,60096
2063680491522265406,small,2026-06-07T17:52:25+00:00,2026-06-07T22:08:24.669+00:00,68766,2026-07-22T09:41:06.303Z,110474,1619,23027
2063693495421018388,small,2026-06-07T18:44:05+00:00,2026-06-07T21:43:06.695+00:00,141871,2026-07-22T09:41:06.303Z,828038,24734,327792
2063701727937769753,small,2026-06-07T19:16:48+00:00,2026-06-07T21:09:43.422+00:00,21903,2026-07-22T09:41:06.303Z,66362,4592,269250
2063711369921179721,small,2026-06-07T19:55:07+00:00,2026-06-08T17:42:12.574+00:00,2266758,2026-07-22T09:41:06.303Z,3693945,151703,8686
2063754461261058407,small,2026-06-07T22:46:20+00:00,2026-06-08T08:54:47.346+00:00,354806,2026-07-22T09:41:06.303Z,1059810,81774,14047
2063776444514492531,small,2026-06-08T00:13:42+00:00,2026-06-08T16:38:18.721+00:00,25640,2026-07-22T09:41:06.303Z,27721,2633,143415
2063794505690542243,small,2026-06-08T01:25:28+00:00,2026-06-08T16:38:18.721+00:00,39220,2026-07-22T09:41:06.303Z,44869,3126,2238
2063813436480303350,small,2026-06-08T02:40:41+00:00,2026-06-08T23:52:58.07+00:00,284374,2026-07-22T09:41:06.303Z,379104,7510,136820
2063851619733983537,small,2026-06-08T05:12:25+00:00,2026-06-08T12:18:20.418+00:00,39944,2026-07-22T09:41:06.303Z,147784,1034,69149
2063883895276294614,small,2026-06-08T07:20:40+00:00,2026-06-08T13:57:22.537+00:00,1784,2026-07-22T09:41:06.303Z,3496,6,1377
2063924568947859890,small,2026-06-08T10:02:17+00:00,2026-06-08T12:18:20.418+00:00,113251,2026-07-22T09:41:06.303Z,1416132,420,5303
2063945749029621796,small,2026-06-08T11:26:27+00:00,2026-06-09T00:26:45.415+00:00,59942,2026-07-22T09:41:06.303Z,221848,4909,2356
2063962114793075141,small,2026-06-08T12:31:29+00:00,2026-06-08T22:06:43.617+00:00,624941,2026-07-22T09:41:06.303Z,1158976,18217,7143
2063993997844979918,small,2026-06-08T14:38:10+00:00,2026-06-08T19:35:02.797+00:00,194403,2026-07-22T09:41:06.303Z,849547,8519,465
2064007039366668489,small,2026-06-08T15:30:00+00:00,2026-06-08T22:48:29.443+00:00,60856,2026-07-22T09:41:06.303Z,130445,9305,320087
2064015216816312362,small,2026-06-08T16:02:29+00:00,2026-06-08T22:06:43.617+00:00,990091,2026-07-22T09:41:06.303Z,2139555,41364,978195
2064031410822713363,small,2026-06-08T17:06:50+00:00,2026-06-08T17:42:12.574+00:00,17429,2026-07-22T09:41:07.145Z,364500,26110,4564592
2064042856483090556,small,2026-06-08T17:52:19+00:00,2026-06-08T18:36:47.606+00:00,114899,2026-07-22T09:41:07.145Z,705940,8081,2066366
2064077717092626520,small,2026-06-08T20:10:51+00:00,2026-06-08T22:06:43.617+00:00,13235,2026-07-22T09:41:07.145Z,197680,5385,1021736
2064124676792824146,small,2026-06-08T23:17:27+00:00,2026-06-09T01:23:09.096+00:00,476588,2026-07-22T09:41:07.145Z,2993214,68963,1666491
2064143938642989418,small,2026-06-09T00:33:59+00:00,2026-06-09T14:45:48.625+00:00,40083,2026-07-22T09:41:07.145Z,88349,1204,178217
2064150838164213993,small,2026-06-09T01:01:24+00:00,2026-06-09T02:18:59.981+00:00,232764,2026-07-22T09:41:07.145Z,407272,4266,980557
2064158587329380846,small,2026-06-09T01:32:12+00:00,2026-06-09T02:18:59.981+00:00,162822,2026-07-22T09:41:07.145Z,951490,20764,1575986
2064184365710500283,small,2026-06-09T03:14:38+00:00,2026-06-09T15:48:37.063+00:00,3528007,2026-07-22T09:41:07.145Z,5783584,230581,12711733
2064212508253048991,small,2026-06-09T05:06:27+00:00,2026-06-09T10:41:01.797+00:00,72988,2026-07-22T09:41:07.145Z,518485,5229,15688
2064258410447593581,small,2026-06-09T08:08:51+00:00,2026-06-09T16:54:09.544+00:00,370001,2026-07-22T09:41:07.145Z,783154,10818,224477
2064273791778226672,small,2026-06-09T09:09:58+00:00,2026-06-10T04:47:49.669+00:00,63532,2026-07-22T09:41:07.145Z,84078,7657,107445
2064305711820005635,small,2026-06-09T11:16:49+00:00,2026-06-09T13:51:19.345+00:00,17308,2026-07-22T09:41:07.145Z,142795,2370,197652
2064322876795146443,small,2026-06-09T12:25:01+00:00,2026-06-10T01:48:14.245+00:00,2172355,2026-07-22T09:41:07.145Z,2998008,28340,1177036
2064333677673467973,small,2026-06-09T13:07:56+00:00,2026-06-09T15:48:37.063+00:00,71186,2026-07-22T09:41:07.145Z,1363789,40499,567147
2064348073552122193,small,2026-06-09T14:05:09+00:00,2026-06-10T03:04:20.634+00:00,209528,2026-07-22T09:41:07.145Z,253847,2122,102386
2064358239358111753,small,2026-06-09T14:45:32+00:00,2026-06-10T06:32:45.534+00:00,4237880,2026-07-22T09:41:07.145Z,10076540,57409,12327
2064367603573764262,small,2026-06-09T15:22:45+00:00,2026-06-09T21:00:10.816+00:00,75303,2026-07-22T09:41:07.145Z,920528,455,20908
2064376980431048835,small,2026-06-09T16:00:01+00:00,2026-06-10T03:04:20.634+00:00,315747,2026-07-22T09:41:07.145Z,406158,2641,4896
2064388337587089442,small,2026-06-09T16:45:08+00:00,2026-06-09T23:58:59.688+00:00,178368,2026-07-22T09:41:07.145Z,431566,7149,40119
2064403899721933296,small,2026-06-09T17:46:59+00:00,2026-06-10T06:32:45.534+00:00,517790,2026-07-22T09:41:07.145Z,742075,6328,113
2064431530953384402,small,2026-06-09T19:36:46+00:00,2026-06-09T21:41:23.914+00:00,396591,2026-07-22T09:41:07.145Z,1029007,3656,6767
2064443545524838678,small,2026-06-09T20:24:31+00:00,2026-06-10T03:04:20.634+00:00,30754,2026-07-22T09:41:07.145Z,45938,729,12947
2064455997670785346,small,2026-06-09T21:14:00+00:00,2026-06-09T21:41:23.914+00:00,3110,2026-07-22T09:41:07.145Z,57868,753,61486
2064462166065897631,small,2026-06-09T21:38:30+00:00,2026-06-10T00:58:32.722+00:00,162011,2026-07-22T09:41:07.145Z,452351,28055,1709361
2064474675644608957,small,2026-06-09T22:28:13+00:00,2026-06-10T22:56:34.619+00:00,579319,2026-07-22T09:41:07.145Z,1603088,23412,946
2064509115200684392,small,2026-06-10T00:45:04+00:00,2026-06-10T12:06:34.444+00:00,202611,2026-07-22T09:41:07.145Z,665664,18478,258864
2064527519923982376,small,2026-06-10T01:58:12+00:00,2026-06-10T04:47:49.669+00:00,135817,2026-07-22T09:41:07.145Z,349002,4902,608566
2064554870242464236,small,2026-06-10T03:46:53+00:00,2026-06-10T10:49:23.901+00:00,34085,2026-07-22T09:41:07.145Z,137765,2096,373329
2064600813356417133,small,2026-06-10T06:49:26+00:00,2026-06-10T16:12:14.574+00:00,342835,2026-07-22T09:41:07.145Z,1886375,29247,348450
2064624039092764873,small,2026-06-10T08:21:44+00:00,2026-06-10T10:49:23.901+00:00,76265,2026-07-22T09:41:07.145Z,700124,2623,1733922
2064664295435125197,small,2026-06-10T11:01:42+00:00,2026-06-11T20:34:49.758+00:00,260633,2026-07-22T09:41:07.145Z,316577,13226,19418
2064706887199698993,small,2026-06-10T13:50:56+00:00,2026-06-10T16:12:14.574+00:00,53813,2026-07-22T09:41:07.145Z,278259,9509,214140
2064726368848376264,small,2026-06-10T15:08:21+00:00,2026-06-10T19:23:46.727+00:00,76264,2026-07-22T09:41:07.145Z,197771,2838,463977
2064750974682460580,small,2026-06-10T16:46:08+00:00,2026-06-10T18:21:14.249+00:00,163920,2026-07-22T09:41:07.145Z,2187983,2217,500142
2064769546381091121,small,2026-06-10T17:59:56+00:00,2026-06-10T20:18:50.253+00:00,39650,2026-07-22T09:41:07.145Z,85866,423,704532
2064784764171620494,small,2026-06-10T19:00:24+00:00,2026-06-11T22:17:46.747+00:00,1547189,2026-07-22T09:41:07.145Z,1576104,60560,383647
2064797079138865217,small,2026-06-10T19:49:20+00:00,2026-06-11T00:04:19.428+00:00,558364,2026-07-22T09:41:07.145Z,1332350,36938,6747081
2064812181410259251,small,2026-06-10T20:49:21+00:00,2026-06-11T01:25:38.711+00:00,169030,2026-07-22T09:41:07.145Z,465286,57992,560079
2064847800836485245,small,2026-06-10T23:10:53+00:00,2026-06-11T07:08:35.301+00:00,684387,2026-07-22T09:41:07.145Z,9569262,58225,173806
2064861623970320594,small,2026-06-11T00:05:49+00:00,2026-06-11T12:09:39.548+00:00,82789,2026-07-22T09:41:07.145Z,720529,4299,59476
2064877412144329021,small,2026-06-11T01:08:33+00:00,2026-06-11T10:32:18.916+00:00,356078,2026-07-22T09:41:07.145Z,406071,6999,1049186
2064897111460544800,small,2026-06-11T02:26:49+00:00,2026-06-11T10:32:18.916+00:00,626240,2026-07-22T09:41:07.145Z,2819444,41860,57300
2064912147960791103,small,2026-06-11T03:26:34+00:00,2026-06-11T12:09:39.548+00:00,265241,2026-07-22T09:41:07.145Z,438610,1137,112675
2064937153294115222,small,2026-06-11T05:05:56+00:00,2026-06-11T08:52:43.118+00:00,17850,2026-07-22T09:41:07.145Z,83473,1270,230
2064968626940023181,small,2026-06-11T07:11:00+00:00,2026-06-12T03:47:23.431+00:00,84279,2026-07-22T09:41:07.145Z,110372,3159,4860
2064997973075906603,small,2026-06-11T09:07:37+00:00,2026-06-11T15:01:36.946+00:00,8515,2026-07-22T09:41:07.145Z,16906,1113,96777
2065048943541592261,small,2026-06-11T12:30:09+00:00,2026-06-11T19:41:11.481+00:00,101695,2026-07-22T09:41:07.145Z,729154,10400,951495
2065068061149835553,small,2026-06-11T13:46:07+00:00,2026-06-11T16:32:36.634+00:00,2895950,2026-07-22T09:41:07.145Z,9600157,202767,27813855
2065089661383409865,small,2026-06-11T15:11:57+00:00,2026-06-12T18:16:02.045+00:00,378268,2026-07-22T09:41:07.145Z,746883,7094,1078
2065103682031472953,small,2026-06-11T16:07:40+00:00,2026-06-12T18:16:02.045+00:00,2566923,2026-07-22T09:41:07.145Z,3332347,174293,39393
2065130790120296464,small,2026-06-11T17:55:23+00:00,2026-06-11T20:34:49.758+00:00,292011,2026-07-22T09:41:07.145Z,1006499,4817,10673214
2065148261480939628,small,2026-06-11T19:04:48+00:00,2026-06-11T22:56:55.8+00:00,28923,2026-07-22T09:41:07.145Z,342475,122,1041410
2065158218314121699,small,2026-06-11T19:44:22+00:00,2026-06-11T23:31:29.084+00:00,243365,2026-07-22T09:41:07.145Z,4281755,170989,5055
2065169498085150832,small,2026-06-11T20:29:11+00:00,2026-06-11T22:56:55.8+00:00,26809,2026-07-22T09:41:07.145Z,75741,1570,704485
2065191112801968578,small,2026-06-11T21:55:05+00:00,2026-06-12T16:14:15.585+00:00,219460,2026-07-22T09:41:07.145Z,299085,2991,94
2065208712118096147,small,2026-06-11T23:05:01+00:00,2026-06-12T02:21:22.349+00:00,106331,2026-07-22T09:41:07.145Z,393652,3327,117595
2065244860810952958,small,2026-06-12T01:28:39+00:00,2026-06-12T05:22:45.111+00:00,161655,2026-07-22T09:41:07.145Z,1235057,6649,9918
2065269878593032395,small,2026-06-12T03:08:04+00:00,2026-06-12T12:41:11.961+00:00,41190,2026-07-22T09:41:07.145Z,86273,3531,95054
2065349699385848071,small,2026-06-12T08:25:15+00:00,2026-06-13T02:19:55.647+00:00,17181,2026-07-22T09:41:07.145Z,26377,340,4294
2065382645278642651,small,2026-06-12T10:36:10+00:00,2026-06-12T15:03:48.842+00:00,546897,2026-07-22T09:41:07.145Z,997635,6352,12967
2065419340917219538,small,2026-06-12T13:01:59+00:00,2026-06-12T15:03:48.842+00:00,105483,2026-07-22T09:41:07.145Z,1977485,6071,229821
2065451991074013498,small,2026-06-12T15:11:43+00:00,2026-06-13T11:03:54.293+00:00,41234,2026-07-22T09:41:07.145Z,47565,502,2170
2065464700612284483,small,2026-06-12T16:02:13+00:00,2026-06-13T01:26:21.827+00:00,11895,2026-07-22T09:41:07.145Z,14483,139,1157
2065474465492779158,small,2026-06-12T16:41:01+00:00,2026-06-12T18:16:02.045+00:00,110729,2026-07-22T09:41:07.145Z,3420109,6025,1324175
2065483728973910206,small,2026-06-12T17:17:50+00:00,2026-06-12T19:46:50.132+00:00,75549,2026-07-22T09:41:07.145Z,273774,905,473314
2065497242547736646,small,2026-06-12T18:11:32+00:00,2026-06-13T03:48:32.513+00:00,447158,2026-07-22T09:41:07.145Z,719921,51236,666582
2065504454401577337,small,2026-06-12T18:40:11+00:00,2026-06-13T02:19:55.647+00:00,93718,2026-07-22T09:41:07.145Z,332789,2098,50233
2065513806801899989,small,2026-06-12T19:17:21+00:00,2026-06-13T03:48:32.513+00:00,1313333,2026-07-22T09:41:07.145Z,2034426,10476,198125
2065523649441087779,small,2026-06-12T19:56:28+00:00,2026-06-13T18:59:05.758+00:00,119307,2026-07-22T09:41:07.145Z,242909,3052,391213
2065541278499033298,small,2026-06-12T21:06:31+00:00,2026-06-13T00:04:49.142+00:00,123096,2026-07-22T09:41:07.145Z,772679,61079,1128221
2065559303960879255,small,2026-06-12T22:18:08+00:00,2026-06-13T13:59:29.102+00:00,91823,2026-07-22T09:41:07.145Z,130175,10213,458698
2065567434417840292,small,2026-06-12T22:50:27+00:00,2026-06-13T02:19:55.647+00:00,23338,2026-07-22T09:41:07.145Z,106471,91,450
2065583386807132344,small,2026-06-12T23:53:50+00:00,2026-06-13T01:26:21.827+00:00,45452,2026-07-22T09:41:07.145Z,109158,5910,2013257
2065627297877471375,small,2026-06-13T02:48:19+00:00,2026-06-13T17:58:04.382+00:00,1763665,2026-07-22T09:41:07.145Z,2415869,38663,159736
2065660717018022186,small,2026-06-13T05:01:07+00:00,2026-06-13T17:58:04.382+00:00,140388,2026-07-22T09:41:07.145Z,161667,15642,225770
2065721190098870530,small,2026-06-13T09:01:25+00:00,2026-06-14T02:24:03.247+00:00,2463350,2026-07-22T09:41:07.145Z,3691608,9797,387360
2065766464531939825,small,2026-06-13T12:01:19+00:00,2026-06-14T03:47:16.726+00:00,2811880,2026-07-22T09:41:07.145Z,4793086,82242,1705455
2065793882806251959,small,2026-06-13T13:50:16+00:00,2026-06-13T20:07:04.077+00:00,61399,2026-07-22T09:41:07.145Z,171543,6749,55791
2065809308697456935,small,2026-06-13T14:51:34+00:00,2026-06-14T14:16:06.302+00:00,2323943,2026-07-22T09:41:07.145Z,4342336,66605,1881813
2065826928813068494,small,2026-06-13T16:01:35+00:00,2026-06-13T22:39:06.742+00:00,16343,2026-07-22T09:41:07.145Z,26727,2191,153097
2065848843992748439,small,2026-06-13T17:28:40+00:00,2026-06-14T07:04:26.213+00:00,80371,2026-07-22T09:41:07.145Z,151483,751,2285
2065870095394415058,small,2026-06-13T18:53:07+00:00,2026-06-14T05:23:07.27+00:00,49261,2026-07-22T09:41:07.145Z,70027,6296,51578
2065894499675521232,small,2026-06-13T20:30:05+00:00,2026-06-14T11:04:47.107+00:00,158138,2026-07-22T09:41:07.145Z,1169295,16251,167821
2065923455535452428,small,2026-06-13T22:25:09+00:00,2026-06-13T23:40:32.502+00:00,139694,2026-07-22T09:41:07.145Z,2217759,36775,995818
2065938711729070420,small,2026-06-13T23:25:46+00:00,2026-06-15T07:38:08.876+00:00,714731,2026-07-22T09:41:07.145Z,765617,37097,4794
2065984763026882740,small,2026-06-14T02:28:46+00:00,2026-06-14T22:13:49.428+00:00,119683,2026-07-22T09:41:07.145Z,155473,5587,21014
2066018492810461442,small,2026-06-14T04:42:48+00:00,2026-06-14T17:47:49.595+00:00,149025,2026-07-22T09:41:07.145Z,493062,9833,727136
2066055160389120134,small,2026-06-14T07:08:30+00:00,2026-06-14T21:12:21.727+00:00,224697,2026-07-22T09:41:07.145Z,720791,66196,26899
2066101524468584490,small,2026-06-14T10:12:44+00:00,2026-06-14T21:45:40.983+00:00,1435213,2026-07-22T09:41:07.145Z,6530967,9690,3191
2066136435787276477,small,2026-06-14T12:31:27+00:00,2026-06-14T16:31:42.3+00:00,107841,2026-07-22T09:41:07.145Z,256820,20190,521612
2066161596305428545,small,2026-06-14T14:11:26+00:00,2026-06-15T03:49:08.993+00:00,366456,2026-07-22T09:41:07.996Z,476799,4849,215044
2066178438604669067,small,2026-06-14T15:18:22+00:00,2026-06-14T19:32:12.816+00:00,244894,2026-07-22T09:41:07.996Z,1522418,67263,149855
2066193747780493731,small,2026-06-14T16:19:12+00:00,2026-06-14T22:41:09.387+00:00,54331,2026-07-22T09:41:07.996Z,326400,23565,17106
2066214857259511996,small,2026-06-14T17:43:05+00:00,2026-06-14T21:45:40.983+00:00,236361,2026-07-22T09:41:07.996Z,1497219,7552,562791
2066229112537243744,small,2026-06-14T18:39:43+00:00,2026-06-14T22:13:49.428+00:00,5569601,2026-07-22T09:41:07.996Z,14166135,9022,21767
2066234934700695796,small,2026-06-14T19:02:51+00:00,2026-06-14T20:08:10.291+00:00,88254,2026-07-22T09:41:07.996Z,188972,727,4158
2066259123021271550,small,2026-06-14T20:38:58+00:00,2026-06-15T03:49:08.993+00:00,3601158,2026-07-22T09:41:07.996Z,9183559,178247,1681
2066284472362733849,small,2026-06-14T22:19:42+00:00,2026-06-15T01:31:31.167+00:00,1184790,2026-07-22T09:41:07.996Z,2041704,19710,80237
2066293816684839034,small,2026-06-14T22:56:50+00:00,2026-06-15T07:38:08.876+00:00,30743,2026-07-22T09:41:07.996Z,91616,3404,618
2066307553475056015,small,2026-06-14T23:51:25+00:00,2026-06-15T01:31:31.167+00:00,192504,2026-07-22T09:41:07.996Z,748656,19562,392766
2066325903135605106,small,2026-06-15T01:04:20+00:00,2026-06-15T05:46:20.797+00:00,23292,2026-07-22T09:41:07.996Z,30309,583,7195
2066337446082781300,small,2026-06-15T01:50:12+00:00,2026-06-15T19:35:17.982+00:00,1169027,2026-07-22T09:41:07.996Z,1405236,38184,507
2066371967385575751,small,2026-06-15T04:07:23+00:00,2026-06-15T16:18:27.665+00:00,9248,2026-07-22T09:41:07.996Z,15480,743,33262
2066421048321417542,small,2026-06-15T07:22:24+00:00,2026-06-16T02:41:07.664+00:00,3015399,2026-07-22T09:41:07.996Z,3323135,14512,25831
2066465740295733637,small,2026-06-15T10:20:00+00:00,2026-06-15T23:13:13.625+00:00,42625,2026-07-22T09:41:07.996Z,48832,1487,989733
2066497494150713842,small,2026-06-15T12:26:10+00:00,2026-06-15T16:18:27.665+00:00,2346295,2026-07-22T09:41:07.996Z,56321269,15373,1648029
2066531416523837851,small,2026-06-15T14:40:58+00:00,2026-06-15T16:18:27.665+00:00,11762,2026-07-22T09:41:07.996Z,56268,1701,307770
2066541640773181952,small,2026-06-15T15:21:36+00:00,2026-06-15T19:35:17.982+00:00,38935,2026-07-22T09:41:07.996Z,125830,898,684263
2066553716346372551,small,2026-06-15T16:09:35+00:00,2026-06-15T20:42:52.884+00:00,232833,2026-07-22T09:41:07.996Z,849977,2095,158849
2066568245092474887,small,2026-06-15T17:07:19+00:00,2026-06-16T08:21:09.662+00:00,305658,2026-07-22T09:41:07.996Z,481675,15393,4748196
2066591040187109463,small,2026-06-15T18:37:54+00:00,2026-06-16T20:16:06.692+00:00,605028,2026-07-22T09:41:07.996Z,617513,7274,1326616
2066615255040450655,small,2026-06-15T20:14:07+00:00,2026-06-15T23:53:46.631+00:00,116608,2026-07-22T09:41:07.996Z,502956,15940,4824194
2066636964602728873,small,2026-06-15T21:40:23+00:00,2026-06-16T17:42:49.797+00:00,44501,2026-07-22T09:41:07.996Z,398107,118,9303032
2066649504233758926,small,2026-06-15T22:30:12+00:00,2026-06-16T04:09:24.505+00:00,1764244,2026-07-22T09:41:07.996Z,6924470,62440,26301
2066668633837940907,small,2026-06-15T23:46:13+00:00,2026-06-16T01:42:15.384+00:00,6172,2026-07-22T09:41:07.996Z,70240,3788,149848
2066696382832914721,small,2026-06-16T01:36:29+00:00,2026-06-16T04:09:24.505+00:00,208068,2026-07-22T09:41:07.996Z,582542,817,26770
2066785876978348311,small,2026-06-16T07:32:06+00:00,2026-06-16T21:21:25.219+00:00,155693,2026-07-22T09:41:07.996Z,307192,10298,366544
2066823121118629934,small,2026-06-16T10:00:06+00:00,2026-06-17T02:30:06.708+00:00,203796,2026-07-22T09:41:07.996Z,353604,4336,186918
2066858235147977166,small,2026-06-16T12:19:38+00:00,2026-06-16T15:55:46.551+00:00,33594,2026-07-22T09:41:07.996Z,161916,2989,1748182
2066872397056114927,small,2026-06-16T13:15:54+00:00,2026-06-17T15:08:50.165+00:00,540252,2026-07-22T09:41:07.996Z,546761,27221,158667
2066883054900064702,small,2026-06-16T13:58:15+00:00,2026-06-17T01:32:06.704+00:00,162632,2026-07-22T09:41:07.996Z,408553,10827,67042
2066894056253173990,small,2026-06-16T14:41:58+00:00,2026-06-17T07:32:04.782+00:00,1868351,2026-07-22T09:41:07.996Z,3216909,11778,4328702
2066917633996325117,small,2026-06-16T16:15:40+00:00,2026-06-17T05:37:59.758+00:00,90605,2026-07-22T09:41:07.996Z,136962,18555,333341
2066929783456301508,small,2026-06-16T17:03:56+00:00,2026-06-17T01:32:06.704+00:00,16858,2026-07-22T09:41:07.996Z,26205,137,6970
2066944676171493751,small,2026-06-16T18:03:07+00:00,2026-06-17T13:48:53.392+00:00,1064308,2026-07-22T09:41:07.996Z,2107558,112826,1315
2066957761540169962,small,2026-06-16T18:55:07+00:00,2026-06-16T23:33:55.684+00:00,337263,2026-07-22T09:41:07.996Z,2278517,8674,4662
2066973612364505373,small,2026-06-16T19:58:06+00:00,2026-06-16T21:21:25.219+00:00,1081,2026-07-22T09:41:07.996Z,41316,64,1373
2066993319511507111,small,2026-06-16T21:16:24+00:00,2026-06-17T00:11:50.764+00:00,89188,2026-07-22T09:41:07.996Z,165520,4678,4748447
2067012275433849167,small,2026-06-16T22:31:44+00:00,2026-06-17T05:37:59.758+00:00,380059,2026-07-22T09:41:07.996Z,1378618,32632,144360
2067071135976427779,small,2026-06-17T02:25:37+00:00,2026-06-18T04:10:07.264+00:00,959118,2026-07-22T09:41:07.996Z,1335193,124246,329588
2067096548203462809,small,2026-06-17T04:06:36+00:00,2026-06-17T10:59:41.483+00:00,157369,2026-07-22T09:41:07.996Z,309184,5924,157250
2067136412177338856,small,2026-06-17T06:45:00+00:00,2026-06-18T04:10:07.264+00:00,1784104,2026-07-22T09:41:07.996Z,3890911,41334,238447
2067183721145315399,small,2026-06-17T09:53:00+00:00,2026-06-18T05:55:57.085+00:00,1635951,2026-07-22T09:41:07.996Z,3492449,26193,367
2067211949415526573,small,2026-06-17T11:45:10+00:00,2026-06-18T02:41:41.835+00:00,248052,2026-07-22T09:41:07.996Z,580088,13434,4994
2067233340260827343,small,2026-06-17T13:10:10+00:00,2026-06-17T16:54:35.137+00:00,13687,2026-07-22T09:41:07.996Z,39014,40,240778
2067261736042783209,small,2026-06-17T15:03:00+00:00,2026-06-17T16:54:35.137+00:00,42503,2026-07-22T09:41:07.996Z,125843,1505,1595037
2067281014158766159,small,2026-06-17T16:19:36+00:00,2026-06-18T18:18:26.448+00:00,89425,2026-07-22T09:41:07.996Z,163648,1103,88297
2067296857353601324,small,2026-06-17T17:22:33+00:00,2026-06-18T14:34:35.583+00:00,3367618,2026-07-22T09:41:07.996Z,10741833,16182,2419
2067310038683951423,small,2026-06-17T18:14:56+00:00,2026-06-17T20:24:03.255+00:00,14014,2026-07-22T09:41:07.996Z,1490234,6786,243006
2067326632743018952,small,2026-06-17T19:20:52+00:00,2026-06-18T21:02:29.509+00:00,127290,2026-07-22T09:41:07.996Z,269335,36586,23439
2067337776539070556,small,2026-06-17T20:05:09+00:00,2026-06-17T21:16:24.923+00:00,40288,2026-07-22T09:41:07.996Z,412339,12393,1371870
2067348329650856041,small,2026-06-17T20:47:05+00:00,2026-06-18T01:37:38.632+00:00,37695,2026-07-22T09:41:07.996Z,45885,586,3297842
2067360275477705006,small,2026-06-17T21:34:34+00:00,2026-06-18T00:36:27.602+00:00,32530,2026-07-22T09:41:07.996Z,89388,4108,595347
2067404727080399229,small,2026-06-18T00:31:12+00:00,2026-06-18T04:10:07.264+00:00,78067,2026-07-22T09:41:07.996Z,575162,47996,369610
2067437287198097653,small,2026-06-18T02:40:35+00:00,2026-06-18T16:06:28.259+00:00,3544656,2026-07-22T09:41:07.996Z,6661570,24925,206910
2067566312994349156,small,2026-06-18T11:13:17+00:00,2026-06-19T04:13:39.853+00:00,73604,2026-07-22T09:41:07.996Z,165723,5036,4610
2067596481092083932,small,2026-06-18T13:13:09+00:00,2026-06-19T09:51:42.518+00:00,329900,2026-07-22T09:41:07.996Z,413577,26024,101485
2067616181834436984,small,2026-06-18T14:31:26+00:00,2026-06-18T19:15:24.466+00:00,60912,2026-07-22T09:41:07.996Z,457056,1434,248
2067627139839520848,small,2026-06-18T15:14:59+00:00,2026-06-18T19:15:24.466+00:00,340181,2026-07-22T09:41:07.996Z,983070,19544,60132
2067637672902901924,small,2026-06-18T15:56:50+00:00,2026-06-18T20:11:16.083+00:00,88065,2026-07-22T09:41:07.996Z,220266,3110,29147845
2067652478103855158,small,2026-06-18T16:55:40+00:00,2026-06-18T18:18:26.448+00:00,119575,2026-07-22T09:41:07.996Z,1646257,12776,4835710
2067668728595030152,small,2026-06-18T18:00:14+00:00,2026-06-19T15:24:31.759+00:00,138073,2026-07-22T09:41:07.996Z,224431,7941,22760
2067683284532744695,small,2026-06-18T18:58:05+00:00,2026-06-19T06:02:24.553+00:00,78651,2026-07-22T09:41:07.996Z,270722,10953,31537
2067699118370161143,small,2026-06-18T20:01:00+00:00,2026-06-19T06:02:24.553+00:00,480751,2026-07-22T09:41:07.996Z,598420,2178,21419
2067721529861816393,small,2026-06-18T21:30:03+00:00,2026-06-24T20:12:43.046+00:00,55656,2026-07-22T09:41:07.996Z,59860,226,217
2067784031257702416,small,2026-06-19T01:38:25+00:00,2026-06-19T15:24:31.759+00:00,50745,2026-07-22T09:41:07.996Z,298715,19189,1811
2067842127850012885,small,2026-06-19T05:29:16+00:00,2026-06-19T11:32:06.688+00:00,221156,2026-07-22T09:41:07.996Z,1476298,76107,38286
2067875319282045329,small,2026-06-19T07:41:10+00:00,2026-06-19T21:26:15.885+00:00,127031,2026-07-22T09:41:07.996Z,353737,3760,3129
2067927378660118790,small,2026-06-19T11:08:01+00:00,2026-06-20T09:23:46.786+00:00,1906013,2026-07-22T09:41:07.996Z,3413264,12914,6834054
2067957298115526745,small,2026-06-19T13:06:55+00:00,2026-06-19T20:56:34.328+00:00,39264,2026-07-22T09:41:07.996Z,109723,1883,44620
2067982416170647961,small,2026-06-19T14:46:43+00:00,2026-06-19T22:48:30.134+00:00,1387123,2026-07-22T09:41:07.996Z,2566515,2250,19347
2068000024294740434,small,2026-06-19T15:56:42+00:00,2026-06-19T20:21:04.054+00:00,20318,2026-07-22T09:41:07.996Z,668717,1448,199654
2068018141901345189,small,2026-06-19T17:08:41+00:00,2026-06-19T18:09:46.121+00:00,79994,2026-07-22T09:41:07.996Z,396044,2988,401745
2068041902931222865,small,2026-06-19T18:43:06+00:00,2026-06-19T20:56:34.328+00:00,71540,2026-07-22T09:41:07.996Z,1618546,5062,733581
2068068735080906805,small,2026-06-19T20:29:43+00:00,2026-06-20T15:55:39.639+00:00,111559,2026-07-22T09:41:07.996Z,1071490,28230,1595316
2068086546314445197,small,2026-06-19T21:40:30+00:00,2026-06-21T16:53:54.893+00:00,2041040,2026-07-22T09:41:07.996Z,11632491,26679,6481
2068115352211329301,small,2026-06-19T23:34:58+00:00,2026-06-20T19:01:12.874+00:00,18533,2026-07-22T09:41:07.996Z,23040,8,175
2068143666720395721,small,2026-06-20T01:27:29+00:00,2026-06-20T12:51:55.311+00:00,1419547,2026-07-22T09:41:07.996Z,3255034,3878,419267
2068182030785912887,small,2026-06-20T03:59:55+00:00,2026-06-20T20:46:11.317+00:00,6478679,2026-07-22T09:41:07.996Z,9118032,90540,3000
2068261276732841991,small,2026-06-20T09:14:49+00:00,2026-06-21T15:25:05.496+00:00,54711,2026-07-22T09:41:07.996Z,68275,495,46664
2068285788547321943,small,2026-06-20T10:52:13+00:00,2026-06-20T14:32:41.486+00:00,272689,2026-07-22T09:41:07.996Z,3259132,1010,1863
2068322970687180847,small,2026-06-20T13:19:58+00:00,2026-06-21T07:20:51.841+00:00,61474,2026-07-22T09:41:07.996Z,83452,4525,20434
2068346724259660079,small,2026-06-20T14:54:21+00:00,2026-06-21T00:08:55.428+00:00,1139021,2026-07-22T09:41:07.996Z,3791446,60094,428
2068383122081697888,small,2026-06-20T17:18:59+00:00,2026-06-20T21:14:35.541+00:00,533559,2026-07-22T09:41:07.996Z,2568224,28834,50638
2068403673000996967,small,2026-06-20T18:40:39+00:00,2026-06-20T22:41:45.005+00:00,928406,2026-07-22T09:41:07.996Z,2241835,26752,58412806
2068423641642184826,small,2026-06-20T20:00:00+00:00,2026-06-21T17:31:58.581+00:00,47020,2026-07-22T09:41:07.996Z,49524,637,4717
2068441257521684905,small,2026-06-20T21:10:00+00:00,2026-06-21T12:16:38.647+00:00,25559,2026-07-22T09:41:07.996Z,86721,9673,40305
2068501829353148484,small,2026-06-21T01:10:41+00:00,2026-06-22T00:15:12.978+00:00,974648,2026-07-22T09:41:08.815Z,1720335,42285,2982
2068539531759116291,small,2026-06-21T03:40:30+00:00,2026-06-21T22:00:59.364+00:00,146425,2026-07-22T09:41:08.815Z,1416718,7762,42919
2068578138158960668,small,2026-06-21T06:13:55+00:00,2026-06-21T22:36:38.124+00:00,703032,2026-07-22T09:41:08.815Z,5538124,18947,321
2068636057407463930,small,2026-06-21T10:04:04+00:00,2026-06-21T21:29:11.359+00:00,279368,2026-07-22T09:41:08.815Z,1801228,185846,177087
2068680334783517076,small,2026-06-21T13:00:00+00:00,2026-06-21T20:48:40.231+00:00,584141,2026-07-22T09:41:08.815Z,1859952,14133,348351
2068711940386398236,small,2026-06-21T15:05:36+00:00,2026-06-21T23:46:56.705+00:00,461360,2026-07-22T09:41:08.815Z,692857,20932,244049
2068740873311900022,small,2026-06-21T17:00:34+00:00,2026-06-21T23:46:56.705+00:00,1232419,2026-07-22T09:41:08.815Z,8204413,6997,25595
2068782450273087954,small,2026-06-21T19:45:46+00:00,2026-06-21T23:46:56.705+00:00,88468,2026-07-22T09:41:08.815Z,868794,2307,314016
2068804629974929630,small,2026-06-21T21:13:54+00:00,2026-06-23T02:20:53.658+00:00,100443,2026-07-22T09:41:08.815Z,124161,3319,26163
2068826146519634212,small,2026-06-21T22:39:24+00:00,2026-06-22T22:16:19.433+00:00,537159,2026-07-22T09:41:08.815Z,592938,67258,335
2068841089419661362,small,2026-06-21T23:38:47+00:00,2026-06-23T03:46:14.591+00:00,232339,2026-07-22T09:41:08.815Z,257549,6787,192
2068861731086950701,small,2026-06-22T01:00:48+00:00,2026-06-23T02:20:53.658+00:00,12446087,2026-07-22T09:41:08.815Z,19280168,30882,234822
2068919832100413917,small,2026-06-22T04:51:41+00:00,2026-06-22T10:29:22.593+00:00,59035,2026-07-22T09:41:08.815Z,1595671,61274,22989
2068980635465654282,small,2026-06-22T08:53:17+00:00,2026-06-22T18:03:38.001+00:00,5124116,2026-07-22T09:41:08.815Z,8631669,29564,4489448
2069009484924776575,small,2026-06-22T10:47:56+00:00,2026-06-22T23:30:38.056+00:00,554594,2026-07-22T09:41:08.815Z,3250194,8906,7610
2069039500194435414,small,2026-06-22T12:47:12+00:00,2026-06-22T16:19:18.318+00:00,885906,2026-07-22T09:41:08.815Z,5014290,17119,227063
2069054146787909998,small,2026-06-22T13:45:24+00:00,2026-06-23T17:28:05.398+00:00,468179,2026-07-22T09:41:08.815Z,531452,21362,60472
2069076794184278400,small,2026-06-22T15:15:23+00:00,2026-06-23T15:45:27.065+00:00,1136035,2026-07-22T09:41:08.815Z,1202065,28869,35211
2069114288111816763,small,2026-06-22T17:44:23+00:00,2026-06-22T22:16:19.433+00:00,312022,2026-07-22T09:41:08.815Z,1401320,14889,60
2069123012909994042,small,2026-06-22T18:19:03+00:00,2026-06-22T21:26:01.524+00:00,41554,2026-07-22T09:41:08.815Z,76768,699,256660
2069143729483419905,small,2026-06-22T19:41:22+00:00,2026-06-23T15:45:27.065+00:00,48357,2026-07-22T09:41:08.815Z,66463,5051,71462
2069166157333164238,small,2026-06-22T21:10:29+00:00,2026-06-23T00:37:23.532+00:00,78477,2026-07-22T09:41:08.815Z,279267,10225,117762
2069194076021309884,small,2026-06-22T23:01:26+00:00,2026-06-23T06:35:41.439+00:00,570331,2026-07-22T09:41:08.815Z,5353255,66247,23366
2069214870155702393,small,2026-06-23T00:24:03+00:00,2026-06-23T05:12:46.611+00:00,88860,2026-07-22T09:41:08.815Z,2357809,87181,6053
2069247672930725963,small,2026-06-23T02:34:24+00:00,2026-06-23T17:28:05.398+00:00,180348,2026-07-22T09:41:08.815Z,343218,12536,76722
2069284415813959966,small,2026-06-23T05:00:24+00:00,2026-06-23T20:28:51.018+00:00,2965399,2026-07-22T09:41:08.815Z,5987429,14222,13632
2069335684641341623,small,2026-06-23T08:24:08+00:00,2026-06-23T23:24:54.801+00:00,3117772,2026-07-22T09:41:08.815Z,6053149,4758,587258
2069401386559717485,small,2026-06-23T12:45:12+00:00,2026-06-23T16:37:10.497+00:00,119058,2026-07-22T09:41:08.815Z,273642,1238,61132
2069426588903489843,small,2026-06-23T14:25:21+00:00,2026-06-25T09:10:27.894+00:00,6430063,2026-07-22T09:41:08.815Z,6818443,226835,179140
2069461087032901992,small,2026-06-23T16:42:26+00:00,2026-06-23T18:12:33.073+00:00,70299,2026-07-22T09:41:08.815Z,383454,7325,153219
2069494504671908328,small,2026-06-23T18:55:13+00:00,2026-06-24T03:46:54.464+00:00,385518,2026-07-22T09:41:08.815Z,1135871,10111,95720
2069511328465641506,small,2026-06-23T20:02:05+00:00,2026-06-24T20:52:50.459+00:00,17953,2026-07-22T09:41:08.815Z,91399,646,15722
2069527433468932551,small,2026-06-23T21:06:04+00:00,2026-06-24T12:18:19.833+00:00,40037,2026-07-22T09:41:08.815Z,53118,51,15400
2069555890978750793,small,2026-06-23T22:59:09+00:00,2026-06-24T01:22:17.628+00:00,160700,2026-07-22T09:41:08.815Z,998621,19441,1724112
2069578137780854876,small,2026-06-24T00:27:33+00:00,2026-06-24T05:18:39.296+00:00,526363,2026-07-22T09:41:08.815Z,6885467,16712,698698
2069605342858617063,small,2026-06-24T02:15:39+00:00,2026-06-24T17:55:38.315+00:00,1711504,2026-07-22T09:41:08.815Z,3819981,13271,5278
2069628920803078370,small,2026-06-24T03:49:21+00:00,2026-06-25T22:02:25.326+00:00,49261,2026-07-22T09:41:08.815Z,53255,1446,12993
2069685303380467716,small,2026-06-24T07:33:23+00:00,2026-06-24T17:03:13.354+00:00,1039637,2026-07-22T09:41:08.815Z,4610932,22377,1176018
2069732095266861182,small,2026-06-24T10:39:19+00:00,2026-06-24T21:32:31.387+00:00,3782914,2026-07-22T09:41:08.815Z,7950386,3072,3054
2069768028196069783,small,2026-06-24T13:02:07+00:00,2026-06-24T17:55:38.315+00:00,86792,2026-07-22T09:41:08.815Z,272134,9323,60634
2069788257311707420,small,2026-06-24T14:22:30+00:00,2026-06-25T00:11:18.122+00:00,14984,2026-07-22T09:41:08.815Z,83418,3970,176
2069806569022497254,small,2026-06-24T15:35:15+00:00,2026-06-24T20:12:43.046+00:00,129097,2026-07-22T09:41:08.815Z,371724,9991,2131
2069816904441536710,small,2026-06-24T16:16:20+00:00,2026-06-24T19:20:55+00:00,74038,2026-07-22T09:41:08.815Z,374058,8218,462430
2069832722462437836,small,2026-06-24T17:19:11+00:00,2026-06-24T20:12:43.046+00:00,18617,2026-07-22T09:41:08.815Z,122204,1074,57993
2069856707812221157,small,2026-06-24T18:54:29+00:00,2026-06-25T01:19:13.631+00:00,43437,2026-07-22T09:41:08.815Z,105403,5782,96637
2069868820068749643,small,2026-06-24T19:42:37+00:00,2026-06-25T09:10:27.894+00:00,137035,2026-07-22T09:41:08.815Z,418065,7833,18015
2069902855704920299,small,2026-06-24T21:57:52+00:00,2026-06-25T13:09:00.71+00:00,231977,2026-07-22T09:41:08.815Z,676770,19935,213694
2069926068023177366,small,2026-06-24T23:30:06+00:00,2026-06-25T13:09:00.71+00:00,8623,2026-07-22T09:41:08.815Z,458132,99,5608
2069950541774324012,small,2026-06-25T01:07:21+00:00,2026-06-25T05:13:40.797+00:00,147484,2026-07-22T09:41:08.815Z,262883,11436,39681
2070004215028613297,small,2026-06-25T04:40:38+00:00,2026-06-25T22:02:25.326+00:00,4451856,2026-07-22T09:41:08.815Z,8108051,24038,11145
2070044070504743168,small,2026-06-25T07:19:00+00:00,2026-06-26T02:19:14.087+00:00,71701,2026-07-22T09:41:08.815Z,92580,4800,140343
2070090192887709945,small,2026-06-25T10:22:17+00:00,2026-06-25T22:40:39.299+00:00,37926,2026-07-22T09:41:08.815Z,98223,638,34554
2070146925244883165,small,2026-06-25T14:07:43+00:00,2026-06-26T18:17:59.051+00:00,2799243,2026-07-22T09:41:08.815Z,3501886,206189,6722
2070163938428260695,small,2026-06-25T15:15:19+00:00,2026-06-27T17:25:06.975+00:00,23,2026-07-22T09:41:08.815Z,37,0,1057
2070178659793592801,small,2026-06-25T16:13:49+00:00,2026-06-26T08:03:42.837+00:00,2567261,2026-07-22T09:41:08.815Z,6034632,3190,12156
2070192228320886797,small,2026-06-25T17:07:44+00:00,2026-06-25T19:14:25.945+00:00,652636,2026-07-22T09:41:08.815Z,7442347,17384,388849
2070205996102811826,small,2026-06-25T18:02:26+00:00,2026-06-25T22:02:25.326+00:00,567301,2026-07-22T09:41:08.815Z,3961195,50025,1012680
2070223895769059367,small,2026-06-25T19:13:34+00:00,2026-06-25T22:40:39.299+00:00,909688,2026-07-22T09:41:08.815Z,2201134,21763,58431030
2070247129780539534,small,2026-06-25T20:45:53+00:00,2026-06-26T16:17:53.893+00:00,1205986,2026-07-22T09:41:08.815Z,1312461,8084,362
2070305158748135458,small,2026-06-26T00:36:28+00:00,2026-06-26T05:14:28.899+00:00,58136,2026-07-22T09:41:08.815Z,248973,3248,332221
2070348110614659560,small,2026-06-26T03:27:09+00:00,2026-06-26T17:01:18.422+00:00,674885,2026-07-22T09:41:08.815Z,3961294,37874,383258
2070372734643707955,small,2026-06-26T05:05:00+00:00,2026-06-26T22:12:46.706+00:00,2023902,2026-07-22T09:41:08.815Z,2359922,8988,3644544
2070458091313729628,small,2026-06-26T10:44:10+00:00,2026-06-26T16:17:53.893+00:00,18169,2026-07-22T09:41:08.815Z,24841,1514,34185
2070490313999675633,small,2026-06-26T12:52:13+00:00,2026-06-27T01:17:27.558+00:00,626570,2026-07-22T09:41:08.815Z,847137,2128,3700
2070509590282649784,small,2026-06-26T14:08:49+00:00,2026-06-26T17:42:12.589+00:00,9671,2026-07-22T09:41:08.815Z,1401586,3112,6436
2070526199382605986,small,2026-06-26T15:14:49+00:00,2026-06-27T15:27:25.524+00:00,3744267,2026-07-22T09:41:08.815Z,3917941,23168,19410
2070547745136672811,small,2026-06-26T16:40:26+00:00,2026-06-26T21:12:33.365+00:00,60970,2026-07-22T09:41:08.815Z,317234,771,51462
2070576757875384657,small,2026-06-26T18:35:43+00:00,2026-06-26T21:12:33.365+00:00,170015,2026-07-22T09:41:08.815Z,874642,27889,1750237
2070597351169814799,small,2026-06-26T19:57:33+00:00,2026-06-27T00:08:29.785+00:00,2567100,2026-07-22T09:41:08.815Z,13718648,7196,18372739
2070636722241826839,small,2026-06-26T22:33:59+00:00,2026-06-27T03:46:02.038+00:00,56562,2026-07-22T09:41:08.815Z,144298,6706,154156
2070660254476763613,small,2026-06-27T00:07:30+00:00,2026-06-27T13:32:29.451+00:00,154969,2026-07-22T09:41:08.815Z,569962,6613,3412
2070696138823635352,small,2026-06-27T02:30:05+00:00,2026-06-27T22:49:27.633+00:00,973584,2026-07-22T09:41:08.815Z,1631794,9148,1497
2070735955733193205,small,2026-06-27T05:08:18+00:00,2026-06-27T06:25:12.594+00:00,861734,2026-07-22T09:41:08.815Z,8248829,14832,623796
2070785439452033369,small,2026-06-27T08:24:56+00:00,2026-06-27T09:35:15.487+00:00,7300,2026-07-22T09:41:08.815Z,237056,4470,452184
2070821287594000666,small,2026-06-27T10:47:23+00:00,2026-06-28T15:44:20.429+00:00,984404,2026-07-22T09:41:08.815Z,1922334,20312,2124
2070850969777389662,small,2026-06-27T12:45:20+00:00,2026-06-28T10:13:53.01+00:00,2483646,2026-07-22T09:41:08.815Z,4813289,110969,1303691
2070884125624406378,small,2026-06-27T14:57:05+00:00,2026-06-27T19:30:27.337+00:00,304468,2026-07-22T09:41:08.815Z,497036,2833,800053
2070898391526084697,small,2026-06-27T15:53:46+00:00,2026-06-28T02:27:57.921+00:00,313283,2026-07-22T09:41:08.815Z,2137082,30118,2022
2070915162417107006,small,2026-06-27T17:00:25+00:00,2026-06-27T21:23:11.003+00:00,37750,2026-07-22T09:41:08.815Z,186659,4339,245604
2070930909193478519,small,2026-06-27T18:02:59+00:00,2026-06-28T16:41:47.418+00:00,137572,2026-07-22T09:41:08.815Z,176736,9410,2557
2070944140125213057,small,2026-06-27T18:55:33+00:00,2026-06-28T05:16:18.077+00:00,8406658,2026-07-22T09:41:08.815Z,16292411,56894,34349
2070963528089956450,small,2026-06-27T20:12:36+00:00,2026-06-28T17:09:20.304+00:00,1161745,2026-07-22T09:41:08.815Z,2217077,6825,40378
2070990558110118012,small,2026-06-27T22:00:00+00:00,2026-06-28T03:49:21.131+00:00,790550,2026-07-22T09:41:08.815Z,3114635,25777,698676
2071009438182359063,small,2026-06-27T23:15:02+00:00,2026-06-28T09:16:21.768+00:00,735176,2026-07-22T09:41:08.815Z,8756837,38184,23063
2071043389588709562,small,2026-06-28T01:29:56+00:00,2026-06-28T14:40:57.941+00:00,209446,2026-07-22T09:41:08.815Z,254921,2508,301211
2071056383898681586,small,2026-06-28T02:21:34+00:00,2026-06-28T03:49:21.131+00:00,42991,2026-07-22T09:41:08.815Z,305319,6227,928580
2071151378055954522,small,2026-06-28T08:39:03+00:00,2026-06-28T10:58:10.896+00:00,664149,2026-07-22T09:41:08.815Z,9783035,8228,12063
2071184974540136698,small,2026-06-28T10:52:33+00:00,2026-06-28T12:46:01.599+00:00,37943,2026-07-22T09:41:08.815Z,223008,6351,1176917
2071208509207896259,small,2026-06-28T12:26:04+00:00,2026-06-29T08:55:06.365+00:00,527121,2026-07-22T09:41:08.815Z,1161168,48275,912860
2071228871995740227,small,2026-06-28T13:46:59+00:00,2026-06-29T03:46:43.03+00:00,1228860,2026-07-22T09:41:08.815Z,1936313,3881,1012665
2071242897773543833,small,2026-06-28T14:42:43+00:00,2026-06-28T17:41:30.596+00:00,67131,2026-07-22T09:41:08.815Z,275036,1427,720191
2071259562145980427,small,2026-06-28T15:48:56+00:00,2026-06-29T19:01:15.837+00:00,713959,2026-07-22T09:41:09.796Z,768896,47441,2306236
2071272309256585437,small,2026-06-28T16:39:35+00:00,2026-06-29T07:08:45.114+00:00,2977902,2026-07-22T09:41:09.796Z,6130574,20728,45488
2071314011711316004,small,2026-06-28T19:25:18+00:00,2026-06-29T03:46:43.03+00:00,746611,2026-07-22T09:41:09.796Z,2525761,37706,256
2071331738820006344,small,2026-06-28T20:35:44+00:00,2026-06-28T21:38:49.555+00:00,12727,2026-07-22T09:41:09.796Z,85815,3747,564893
2071351813387722890,small,2026-06-28T21:55:30+00:00,2026-06-29T08:55:06.365+00:00,1754540,2026-07-22T09:41:09.796Z,3986252,6414,810280
2071379745468510405,small,2026-06-28T23:46:30+00:00,2026-06-29T19:01:15.837+00:00,510902,2026-07-22T09:41:09.796Z,613136,11415,954294
2071399901091795405,small,2026-06-29T01:06:35+00:00,2026-06-30T23:22:31.224+00:00,80745,2026-07-22T09:41:09.796Z,102104,3506,300211
2071447741452959934,small,2026-06-29T04:16:41+00:00,2026-06-29T18:16:18.048+00:00,48741,2026-07-22T09:41:09.796Z,79866,4090,12735
2071494451218747772,small,2026-06-29T07:22:18+00:00,2026-06-29T19:42:06.549+00:00,1131736,2026-07-22T09:41:09.796Z,2055168,4475,6208
2071571936241475706,small,2026-06-29T12:30:12+00:00,2026-06-29T15:09:06.199+00:00,1296994,2026-07-22T09:41:09.796Z,3297344,45743,240618014
2071594480885440814,small,2026-06-29T13:59:47+00:00,2026-06-29T18:16:18.048+00:00,223253,2026-07-22T09:41:09.796Z,1082882,16871,796542
2071614587531587847,small,2026-06-29T15:19:41+00:00,2026-06-29T19:01:15.837+00:00,87929,2026-07-22T09:41:09.796Z,427525,10956,24901
2071636534617375037,small,2026-06-29T16:46:53+00:00,2026-06-29T19:42:06.549+00:00,338701,2026-07-22T09:41:09.796Z,776876,6538,1710454
2071667012645061102,small,2026-06-29T18:48:00+00:00,2026-06-29T21:04:48.01+00:00,24585,2026-07-22T09:41:09.796Z,865305,849,1372
2071688124426559726,small,2026-06-29T20:11:53+00:00,2026-06-30T00:08:35.724+00:00,338973,2026-07-22T09:41:09.796Z,1900554,29554,150772
2071713580492161073,small,2026-06-29T21:53:02+00:00,2026-06-30T19:52:48.742+00:00,23027,2026-07-22T09:41:09.796Z,28266,806,2525
2071732332327747761,small,2026-06-29T23:07:33+00:00,2026-06-30T01:19:17.445+00:00,182329,2026-07-22T09:41:09.796Z,674478,10946,2300899
2071751570337980607,small,2026-06-30T00:24:00+00:00,2026-06-30T01:19:17.445+00:00,47716,2026-07-22T09:41:09.796Z,10620818,27556,1374528
2071785742830055530,small,2026-06-30T02:39:47+00:00,2026-06-30T19:52:48.742+00:00,104329,2026-07-22T09:41:09.796Z,206170,15015,204305
2071809095242592380,small,2026-06-30T04:12:35+00:00,2026-06-30T21:23:20.924+00:00,2418295,2026-07-22T09:41:09.796Z,6135627,74658,17673
2071853990707712063,small,2026-06-30T07:10:59+00:00,2026-06-30T18:37:42.891+00:00,93743,2026-07-22T09:41:09.796Z,163818,7618,20169
2071880949747376510,small,2026-06-30T08:58:06+00:00,2026-06-30T13:38:16.549+00:00,65389,2026-07-22T09:41:09.796Z,96348,200,422237
2071903146293571648,small,2026-06-30T10:26:18+00:00,2026-06-30T11:54:25.155+00:00,39003,2026-07-22T09:41:09.796Z,259271,6575,325802
2071926706357604353,small,2026-06-30T11:59:55+00:00,2026-07-01T00:52:30.307+00:00,259102,2026-07-22T09:41:09.796Z,396703,39858,51850
2071949739159847411,small,2026-06-30T13:31:27+00:00,2026-06-30T14:53:28.626+00:00,62590,2026-07-22T09:41:09.796Z,186938,3501,2013430
2071960118917206442,small,2026-06-30T14:12:42+00:00,2026-07-03T10:50:34.802+00:00,148192,2026-07-22T09:41:09.796Z,150957,291,53597837
2071969276039246010,small,2026-06-30T14:49:05+00:00,2026-06-30T19:21:37.913+00:00,113827,2026-07-22T09:41:09.796Z,412380,7061,8130517
2071977466067878086,small,2026-06-30T15:21:38+00:00,2026-06-30T16:45:03.791+00:00,285587,2026-07-22T09:41:09.796Z,3616423,37534,1377642
2071988065326030931,small,2026-06-30T16:03:45+00:00,2026-06-30T20:22:25.058+00:00,282157,2026-07-22T09:41:09.796Z,779008,30039,287419
2071993296801448125,small,2026-06-30T16:24:32+00:00,2026-06-30T19:21:37.913+00:00,84140,2026-07-22T09:41:09.796Z,198349,15190,193480
2072003416881090933,small,2026-06-30T17:04:45+00:00,2026-06-30T19:21:37.913+00:00,579877,2026-07-22T09:41:09.796Z,1356620,11533,5609343
2072016827509625193,small,2026-06-30T17:58:02+00:00,2026-07-01T00:21:58.365+00:00,26210,2026-07-22T09:41:09.796Z,41200,1788,78855
2072044956450234620,small,2026-06-30T19:49:49+00:00,2026-07-01T13:50:16.186+00:00,77933,2026-07-22T09:41:09.796Z,598768,2285,829821
2072062052173049959,small,2026-06-30T20:57:44+00:00,2026-07-01T01:50:23.63+00:00,114593,2026-07-22T09:41:09.796Z,473306,3071,1912373
2072094008575430859,small,2026-06-30T23:04:43+00:00,2026-07-01T03:51:08.558+00:00,43915,2026-07-22T09:41:09.796Z,60212,91,224
2072110434673639580,small,2026-07-01T00:10:00+00:00,2026-07-02T04:21:22.711+00:00,858009,2026-07-22T09:41:09.796Z,1076577,67374,1423472
2072138061232628126,small,2026-07-01T01:59:46+00:00,2026-07-01T04:20:21.854+00:00,224695,2026-07-22T09:41:09.796Z,761005,90524,1697473
2072193429346631846,small,2026-07-01T05:39:47+00:00,2026-07-01T13:50:16.186+00:00,39006,2026-07-22T09:41:09.796Z,162607,162,3130932
2072217747681919108,small,2026-07-01T07:16:25+00:00,2026-07-01T09:20:31.114+00:00,17434,2026-07-22T09:41:09.796Z,58726,741,631469
2072257800789733649,small,2026-07-01T09:55:35+00:00,2026-07-01T12:51:58.458+00:00,34903,2026-07-22T09:41:09.796Z,393190,3701,315231
2072289330287222812,small,2026-07-01T12:00:52+00:00,2026-07-01T12:51:58.458+00:00,2344823,2026-07-22T09:41:09.796Z,181762525,66652,43971276
2072306810954879200,small,2026-07-01T13:10:19+00:00,2026-07-02T02:21:43.604+00:00,336633,2026-07-22T09:41:09.796Z,1010833,21061,11935
2072319377823633473,small,2026-07-01T14:00:16+00:00,2026-07-01T19:00:10.713+00:00,711504,2026-07-22T09:41:09.796Z,2746959,29048,803406
2072335289448587477,small,2026-07-01T15:03:29+00:00,2026-07-01T18:27:45.685+00:00,65385,2026-07-22T09:41:09.796Z,356723,19554,461996
2072369589561041184,small,2026-07-01T17:19:47+00:00,2026-07-01T22:21:37.591+00:00,53100,2026-07-22T09:41:09.796Z,111293,1776,37275
2072382302168989801,small,2026-07-01T18:10:18+00:00,2026-07-01T21:21:09.369+00:00,202627,2026-07-22T09:41:09.796Z,879634,9358,78062
2072425696862076979,small,2026-07-01T21:02:44+00:00,2026-07-02T02:51:05.013+00:00,6,2026-07-22T09:41:09.796Z,11,0,103
2072439159407452237,small,2026-07-01T21:56:14+00:00,2026-07-02T02:21:43.604+00:00,49928,2026-07-22T09:41:09.796Z,110300,3194,53128
2072461820749562359,small,2026-07-01T23:26:17+00:00,2026-07-02T01:27:37.718+00:00,16928,2026-07-22T09:41:09.796Z,515730,16596,119962
2072492038566858769,small,2026-07-02T01:26:21+00:00,2026-07-02T04:21:22.711+00:00,243592,2026-07-22T09:41:09.796Z,1406418,44479,41882
2072516337579008501,small,2026-07-02T03:02:55+00:00,2026-07-02T17:51:55.849+00:00,94695,2026-07-22T09:41:09.796Z,249972,8366,10493
2072553490350538869,small,2026-07-02T05:30:32+00:00,2026-07-02T22:21:41.143+00:00,399967,2026-07-22T09:41:09.796Z,476787,42349,4908
2072664134748127446,small,2026-07-02T12:50:12+00:00,2026-07-02T17:20:46.236+00:00,145166,2026-07-22T09:41:09.796Z,382873,6899,1712710
2072684056605773913,small,2026-07-02T14:09:22+00:00,2026-07-02T17:20:46.236+00:00,94862,2026-07-22T09:41:09.796Z,291970,8603,1712710
2072740542467756239,small,2026-07-02T17:53:49+00:00,2026-07-02T18:51:23.112+00:00,19958,2026-07-22T09:41:09.796Z,963691,9521,5273
2072753522160902407,small,2026-07-02T18:45:24+00:00,2026-07-02T21:21:03.314+00:00,1579802,2026-07-22T09:41:09.796Z,6265326,22973,104249
2072773989957845333,small,2026-07-02T20:06:44+00:00,2026-07-04T06:50:48.375+00:00,924262,2026-07-22T09:41:09.796Z,1125088,93081,927167
2072801888525840476,small,2026-07-02T21:57:35+00:00,2026-07-02T22:51:06.101+00:00,124741,2026-07-22T09:41:09.796Z,5833803,35973,2677215
2072834835626827882,small,2026-07-03T00:08:30+00:00,2026-07-03T09:51:10.292+00:00,476934,2026-07-22T09:41:09.796Z,1721265,13788,2768
2072858017331384582,small,2026-07-03T01:40:37+00:00,2026-07-03T19:21:58.659+00:00,407125,2026-07-22T09:41:09.796Z,639066,7746,7579
2072964222753939744,small,2026-07-03T08:42:39+00:00,2026-07-03T09:51:10.292+00:00,10386,2026-07-22T09:41:09.796Z,270601,7396,326278
2073046611869979101,small,2026-07-03T14:10:02+00:00,2026-07-03T17:21:05+00:00,409821,2026-07-22T09:41:09.796Z,935967,10664,1724359
2073068970878308738,small,2026-07-03T15:38:53+00:00,2026-07-03T19:21:58.659+00:00,1265591,2026-07-22T09:41:09.796Z,6907358,152946,3905860
2073110789611749533,small,2026-07-03T18:25:03+00:00,2026-07-03T19:51:22.381+00:00,965251,2026-07-22T09:41:09.796Z,4828349,13633,139900
2073125170684830102,small,2026-07-03T19:22:12+00:00,2026-07-04T23:20:40.636+00:00,133549,2026-07-22T09:41:09.796Z,202115,15986,301431
2073152041187266739,small,2026-07-03T21:08:58+00:00,2026-07-03T21:51:02.777+00:00,2200,2026-07-22T09:41:09.796Z,94462,8908,63843
2073164884100194394,small,2026-07-03T22:00:00+00:00,2026-07-04T00:50:43.79+00:00,19412,2026-07-22T09:41:09.796Z,257743,9271,256634
2073207879444693277,small,2026-07-04T00:50:51+00:00,2026-07-04T01:20:37.094+00:00,19412,2026-07-22T09:41:09.796Z,65229,1221,1065291
2073232230839624169,small,2026-07-04T02:27:37+00:00,2026-07-04T07:51:38.002+00:00,120926,2026-07-22T09:41:09.796Z,621293,52205,5139
2073342232485048421,small,2026-07-04T09:44:43+00:00,2026-07-04T21:21:00.532+00:00,271899,2026-07-22T09:41:09.796Z,464106,22535,34035
2073385164667809900,small,2026-07-04T12:35:19+00:00,2026-07-04T16:51:27.187+00:00,151941,2026-07-22T09:41:09.796Z,226611,3410,452972
2073406342224617667,small,2026-07-04T13:59:28+00:00,2026-07-04T16:20:33.285+00:00,55060,2026-07-22T09:41:09.796Z,376904,9718,1991678
2073430941037666347,small,2026-07-04T15:37:13+00:00,2026-07-04T19:50:23.336+00:00,31747,2026-07-22T09:41:09.796Z,57319,1032,703339
2073447507942617151,small,2026-07-04T16:43:03+00:00,2026-07-05T00:20:52.732+00:00,335256,2026-07-22T09:41:09.796Z,906791,7619,288408
2073463910062284887,small,2026-07-04T17:48:13+00:00,2026-07-05T00:50:48.017+00:00,68610,2026-07-22T09:41:09.796Z,86466,1908,1495008
2073486597270434286,small,2026-07-04T19:18:22+00:00,2026-07-05T04:50:27.772+00:00,31531,2026-07-22T09:41:09.796Z,55281,2638,33458
2073508219348308147,small,2026-07-04T20:44:18+00:00,2026-07-05T21:20:34.633+00:00,377920,2026-07-22T09:41:09.796Z,541661,62451,2014083
2073545823057543308,small,2026-07-04T23:13:43+00:00,2026-07-05T07:51:34.837+00:00,70325,2026-07-22T09:41:09.796Z,172183,7476,133293
2073586850782949486,small,2026-07-05T01:56:45+00:00,2026-07-06T21:21:09.171+00:00,9662284,2026-07-22T09:41:09.796Z,10219889,352176,14071
2073626493679538448,small,2026-07-05T04:34:16+00:00,2026-07-05T20:20:27.768+00:00,1561292,2026-07-22T09:41:09.796Z,6681014,6311,2747
2073670494931521937,small,2026-07-05T07:29:07+00:00,2026-07-05T15:56:10.357+00:00,105342,2026-07-22T09:41:09.796Z,880099,29758,230973
2073735908256338092,small,2026-07-05T11:49:03+00:00,2026-07-06T01:50:21.124+00:00,31367,2026-07-22T09:41:09.796Z,59571,3418,194
2073761861938327574,small,2026-07-05T13:32:11+00:00,2026-07-05T22:50:33.491+00:00,18432,2026-07-22T09:41:09.796Z,20370,1247,3637
2073784213841846686,small,2026-07-05T15:01:00+00:00,2026-07-05T15:23:03.035+00:00,64733,2026-07-22T09:41:09.796Z,541646,2631,4506802
2073799295233294514,small,2026-07-05T16:00:55+00:00,2026-07-05T17:51:12.401+00:00,526678,2026-07-22T09:41:09.796Z,7827513,53707,25991
2073819491323048143,small,2026-07-05T17:21:11+00:00,2026-07-05T20:50:53.112+00:00,23211,2026-07-22T09:41:09.796Z,51939,2162,138162
2073834783193399542,small,2026-07-05T18:21:56+00:00,2026-07-05T19:50:46.271+00:00,165152,2026-07-22T09:41:09.796Z,3927345,12285,1012318
2073851719297945674,small,2026-07-05T19:29:14+00:00,2026-07-05T20:50:53.112+00:00,1151219,2026-07-22T09:41:09.796Z,10968036,52150,1398372
2073881459882889710,small,2026-07-05T21:27:25+00:00,2026-07-05T22:50:33.491+00:00,20813,2026-07-22T09:41:09.796Z,58881,867,165591
2073904721060823500,small,2026-07-05T22:59:51+00:00,2026-07-06T11:51:07.342+00:00,222723,2026-07-22T09:41:09.796Z,286409,5034,1487
2073942254918447255,small,2026-07-06T01:29:00+00:00,2026-07-07T12:23:48.645+00:00,53561,2026-07-22T09:41:09.796Z,95188,784,37656
2074003304204689841,small,2026-07-06T05:31:35+00:00,2026-07-06T13:20:37.885+00:00,3210948,2026-07-22T09:41:09.796Z,4896573,4786,4631
2074087976506626201,small,2026-07-06T11:08:02+00:00,2026-07-06T16:51:02.192+00:00,3479602,2026-07-22T09:41:10.754Z,21851367,212134,4957874
2074103958184894547,small,2026-07-06T12:11:33+00:00,2026-07-06T14:21:23.046+00:00,415985,2026-07-22T09:41:10.754Z,5434927,9103,3869195
2074124398018089418,small,2026-07-06T13:32:46+00:00,2026-07-06T14:50:50.688+00:00,17261,2026-07-22T09:41:10.754Z,69405,350,288830
2074132488759193937,small,2026-07-06T14:04:55+00:00,2026-07-07T07:50:38.434+00:00,897453,2026-07-22T09:41:10.754Z,1475847,53754,5436642
2074148984742986093,small,2026-07-06T15:10:28+00:00,2026-07-07T00:52:21.483+00:00,164848,2026-07-22T09:41:10.754Z,278704,10275,48000
2074160315562885122,small,2026-07-06T15:55:29+00:00,2026-07-06T17:20:32.194+00:00,3018616,2026-07-22T09:41:10.754Z,11299988,13071,401784
2074182589468803380,small,2026-07-06T17:24:00+00:00,2026-07-06T17:50:30.802+00:00,23466,2026-07-22T09:41:10.754Z,88972,1741,1946458
2074198809635410166,small,2026-07-06T18:28:27+00:00,2026-07-07T00:20:40.672+00:00,382182,2026-07-22T09:41:10.754Z,2422770,18913,14700
2074226030324089191,small,2026-07-06T20:16:37+00:00,2026-07-06T21:51:09.512+00:00,169563,2026-07-22T09:41:10.754Z,1735824,19285,2301337
2074266837454393427,small,2026-07-06T22:58:46+00:00,2026-07-07T02:21:08.399+00:00,54083,2026-07-22T09:41:10.754Z,176582,1476,5930
2074321341638172904,small,2026-07-07T02:35:21+00:00,2026-07-08T13:20:05.005+00:00,5677,2026-07-22T09:41:10.754Z,385789,123,946
2074384045140488489,small,2026-07-07T06:44:31+00:00,2026-07-07T11:51:28.317+00:00,90772,2026-07-22T09:41:10.754Z,309486,6103,10433
2074426222369472621,small,2026-07-07T09:32:07+00:00,2026-07-07T19:20:39.826+00:00,603478,2026-07-22T09:41:10.754Z,772071,27281,18012
2074464349737902227,small,2026-07-07T12:03:37+00:00,2026-07-07T18:20:38.039+00:00,638637,2026-07-22T09:41:10.754Z,1256920,75913,24124
2074486102203777300,small,2026-07-07T13:30:03+00:00,2026-07-07T18:20:38.039+00:00,380138,2026-07-22T09:41:10.754Z,2086161,9668,209473
2074517023288373653,small,2026-07-07T15:32:55+00:00,2026-07-08T14:49:56.518+00:00,1773958,2026-07-22T09:41:10.754Z,1858229,28038,2649
2074528438061289859,small,2026-07-07T16:18:17+00:00,2026-07-07T23:20:59.441+00:00,63683,2026-07-22T09:41:10.754Z,109113,2725,168976
2074546504535007360,small,2026-07-07T17:30:04+00:00,2026-07-07T19:20:39.826+00:00,6514,2026-07-22T09:41:10.754Z,105739,2850,890
2074560454144192584,small,2026-07-07T18:25:30+00:00,2026-07-07T20:21:14.144+00:00,335517,2026-07-22T09:41:10.754Z,17381007,259144,53286
2074571357762068618,small,2026-07-07T19:08:50+00:00,2026-07-07T22:21:56.475+00:00,34753,2026-07-22T09:41:10.754Z,88743,201,975
2074594839816020400,small,2026-07-07T20:42:08+00:00,2026-07-07T21:50:41.83+00:00,319706,2026-07-22T09:41:10.754Z,2481422,29151,53324
2074639515839279186,small,2026-07-07T23:39:40+00:00,2026-07-08T08:22:38.724+00:00,306003,2026-07-22T09:41:10.754Z,1506694,38766,882
2074711345316888805,small,2026-07-08T04:25:05+00:00,2026-07-08T05:20:29.871+00:00,32793,2026-07-22T09:41:10.754Z,122836,10690,1691308
2074823186181657032,small,2026-07-08T11:49:30+00:00,2026-07-08T13:50:07.504+00:00,780297,2026-07-22T09:41:10.754Z,3179050,20183,1798028
2074863853750350032,small,2026-07-08T14:31:06+00:00,2026-07-09T14:50:51.79+00:00,85733,2026-07-22T09:41:10.754Z,109520,8556,104040
2074931864951738584,small,2026-07-08T19:01:21+00:00,2026-07-09T16:21:24.283+00:00,286635,2026-07-22T09:41:10.754Z,718595,64914,1812
2074987309108236327,small,2026-07-08T22:41:40+00:00,2026-07-09T18:51:05.61+00:00,1258534,2026-07-22T09:41:10.754Z,1553544,48163,1175
2075014389045092700,small,2026-07-09T00:29:16+00:00,2026-07-09T09:20:10.178+00:00,77398,2026-07-22T09:41:10.754Z,93764,2025,608996
2075037856356266074,small,2026-07-09T02:02:31+00:00,2026-07-10T21:20:26.688+00:00,357664,2026-07-22T09:41:10.754Z,392929,22317,187947
2075181671846936863,small,2026-07-09T11:34:00+00:00,2026-07-10T10:50:28.202+00:00,559673,2026-07-22T09:41:10.754Z,681373,7895,196261
2075222487701315628,small,2026-07-09T14:16:11+00:00,2026-07-09T17:50:53.089+00:00,598770,2026-07-22T09:41:10.754Z,4194330,62008,967275
2075256517574463760,small,2026-07-09T16:31:24+00:00,2026-07-09T19:21:05.187+00:00,673989,2026-07-22T09:41:10.754Z,1549760,25861,335170
2075278681585443195,small,2026-07-09T17:59:29+00:00,2026-07-09T18:51:05.61+00:00,113145,2026-07-22T09:41:10.754Z,1485903,30757,7822612
2075326517056536669,small,2026-07-09T21:09:34+00:00,2026-07-10T23:49:48.849+00:00,111195,2026-07-22T09:41:10.754Z,174955,17287,19302
2075354163651756417,small,2026-07-09T22:59:25+00:00,2026-07-10T15:20:10.361+00:00,131315,2026-07-22T09:41:10.754Z,198530,7675,165349
2075375524684218655,small,2026-07-10T00:24:18+00:00,2026-07-10T08:12:40.032+00:00,2017077,2026-07-22T09:41:10.754Z,3889716,32898,6129819
2075391990980804745,small,2026-07-10T01:29:44+00:00,2026-07-10T08:12:40.032+00:00,110907,2026-07-22T09:41:10.754Z,153725,2946,3297613
2075476342481519042,small,2026-07-10T07:04:55+00:00,2026-07-10T15:20:10.361+00:00,285439,2026-07-22T09:41:10.754Z,1002499,13126,469332
2075553729512657330,small,2026-07-10T12:12:25+00:00,2026-07-10T17:20:46.394+00:00,1713074,2026-07-22T09:41:10.754Z,3564356,88966,1694566
2075590159559700820,small,2026-07-10T14:37:11+00:00,2026-07-10T17:20:46.394+00:00,30093,2026-07-22T09:41:10.754Z,431060,2185,9501
2075605242628944061,small,2026-07-10T15:37:07+00:00,2026-07-10T18:20:19.582+00:00,285295,2026-07-22T09:41:10.754Z,1730035,2224,1153782
2075649022593802454,small,2026-07-10T18:31:05+00:00,2026-07-11T01:19:45.01+00:00,41381,2026-07-22T09:41:10.754Z,61058,4216,14365
2075673472479719749,small,2026-07-10T20:08:14+00:00,2026-07-10T21:20:26.688+00:00,200089,2026-07-22T09:41:10.754Z,2218681,83604,4144394
2075681812051828905,small,2026-07-10T20:41:22+00:00,2026-07-12T19:20:18.836+00:00,4787842,2026-07-22T09:41:10.754Z,5260460,34367,2554
2075703749813874953,small,2026-07-10T22:08:33+00:00,2026-07-10T23:19:57.238+00:00,23216,2026-07-22T09:41:10.754Z,235662,6985,8239
2075747147903844717,small,2026-07-11T01:01:00+00:00,2026-07-12T21:49:58.693+00:00,1580695,2026-07-22T09:41:10.754Z,1748040,35708,89
2075766016890568895,small,2026-07-11T02:15:58+00:00,2026-07-11T14:19:34.936+00:00,251530,2026-07-22T09:41:10.754Z,548349,30676,767
2075799618541982123,small,2026-07-11T04:29:30+00:00,2026-07-11T14:19:34.936+00:00,4749302,2026-07-22T09:41:10.754Z,20634123,117642,5516833
2075853319906672736,small,2026-07-11T08:02:53+00:00,2026-07-11T17:19:45.926+00:00,221840,2026-07-22T09:41:10.754Z,434229,4269,588368
2075891269738336677,small,2026-07-11T10:33:41+00:00,2026-07-11T22:50:17.303+00:00,793297,2026-07-22T09:41:10.754Z,1607903,111750,31203
2075944525386694731,small,2026-07-11T14:05:18+00:00,2026-07-13T02:50:02.914+00:00,1700725,2026-07-22T09:41:10.754Z,1807560,45588,1658
2075955606431613092,small,2026-07-11T14:49:20+00:00,2026-07-12T02:19:40.676+00:00,240761,2026-07-22T09:41:10.754Z,1045322,9455,790
2075988635409916141,small,2026-07-11T17:00:35+00:00,2026-07-11T22:50:17.303+00:00,79117,2026-07-22T09:41:10.754Z,547345,21666,945832
2076046567790809345,small,2026-07-11T20:50:47+00:00,2026-07-11T23:20:20.655+00:00,51740,2026-07-22T09:41:10.754Z,389478,11638,112648
2076074738674466984,small,2026-07-11T22:42:43+00:00,2026-07-12T02:49:38.75+00:00,579474,2026-07-22T09:41:10.754Z,1752375,3291,19163
2076105676271554824,small,2026-07-12T00:45:40+00:00,2026-07-12T21:19:52.956+00:00,27532,2026-07-22T09:41:10.754Z,50005,515,2366
2076161956495675619,small,2026-07-12T04:29:18+00:00,2026-07-12T19:49:39.383+00:00,1576140,2026-07-22T09:41:10.754Z,2867879,7563,338422
2076225628844577126,small,2026-07-12T08:42:18+00:00,2026-07-12T22:20:23.112+00:00,38185,2026-07-22T09:41:10.754Z,105111,154,1072
2076245425292464450,small,2026-07-12T10:00:58+00:00,2026-07-12T20:49:56.426+00:00,441858,2026-07-22T09:41:10.754Z,1538430,8435,12841
2076274281072193701,small,2026-07-12T11:55:38+00:00,2026-07-12T16:50:11.296+00:00,195370,2026-07-22T09:41:10.754Z,486270,7435,102977
2076289391866061101,small,2026-07-12T12:55:41+00:00,2026-07-12T21:49:58.693+00:00,77294,2026-07-22T09:41:10.754Z,123164,3089,1045600
2076309304987017346,small,2026-07-12T14:14:48+00:00,2026-07-12T19:49:39.383+00:00,120439,2026-07-22T09:41:10.754Z,763591,67688,6654
2076338483052822668,small,2026-07-12T16:10:45+00:00,2026-07-12T18:19:53.194+00:00,537167,2026-07-22T09:41:10.754Z,1605347,14532,904241
2076367008351076799,small,2026-07-12T18:04:06+00:00,2026-07-12T19:20:18.836+00:00,20354,2026-07-22T09:41:10.754Z,87042,573,1225866
2076400452460015729,small,2026-07-12T20:17:00+00:00,2026-07-12T20:49:56.426+00:00,141786,2026-07-22T09:41:10.754Z,1523202,2182,44084004
2076417468659020081,small,2026-07-12T21:24:37+00:00,2026-07-12T23:50:22.735+00:00,957991,2026-07-22T09:41:10.754Z,42982169,15493,38064
2076450643850489986,small,2026-07-12T23:36:26+00:00,2026-07-13T03:49:31.441+00:00,3091336,2026-07-22T09:41:10.754Z,26735606,748363,11041
2076517135333925135,small,2026-07-13T04:00:39+00:00,2026-07-19T03:52:40.556+00:00,9087,2026-07-22T09:41:10.754Z,9168,129,78542
2076596013226139932,small,2026-07-13T09:14:05+00:00,2026-07-13T23:20:26.048+00:00,3477928,2026-07-22T09:41:10.754Z,8870607,20375,66082
2076635646668443673,small,2026-07-13T11:51:34+00:00,2026-07-13T18:50:40.832+00:00,1095091,2026-07-22T09:41:10.754Z,1767843,17494,2735
2076662251231281378,small,2026-07-13T13:37:17+00:00,2026-07-13T18:50:40.832+00:00,98266,2026-07-22T09:41:10.754Z,420721,1357,15351
2076684393821643016,small,2026-07-13T15:05:17+00:00,2026-07-13T20:19:53.261+00:00,179064,2026-07-22T09:41:10.754Z,1033224,2700,1012531
2076696568036487649,small,2026-07-13T15:53:39+00:00,2026-07-14T00:20:38.503+00:00,49356,2026-07-22T09:41:10.754Z,66939,1484,1097700
2076707380180467755,small,2026-07-13T16:36:37+00:00,2026-07-13T21:49:52.196+00:00,94090,2026-07-22T09:41:10.754Z,218028,12500,188055
2076722684709290360,small,2026-07-13T17:37:26+00:00,2026-07-14T20:20:14.18+00:00,95145,2026-07-22T09:41:10.754Z,124054,3554,3435
2076739850280079512,small,2026-07-13T18:45:38+00:00,2026-07-14T00:20:38.503+00:00,340154,2026-07-22T09:41:10.754Z,1729150,37723,622661
2076771759743762497,small,2026-07-13T20:52:26+00:00,2026-07-13T21:20:08.621+00:00,55414,2026-07-22T09:41:10.754Z,304650,4228,478541
2076780404275892413,small,2026-07-13T21:26:47+00:00,2026-07-14T00:49:56.975+00:00,78433,2026-07-22T09:41:10.754Z,811385,1387,148260
2076790323947184323,small,2026-07-13T22:06:12+00:00,2026-07-14T04:19:47.059+00:00,56467,2026-07-22T09:41:10.754Z,215741,3783,272329
2076802342867833318,small,2026-07-13T22:53:58+00:00,2026-07-14T02:50:21.787+00:00,511766,2026-07-22T09:41:10.754Z,1695867,1369,42211
2076828663228575854,small,2026-07-14T00:38:33+00:00,2026-07-14T06:50:05.56+00:00,942155,2026-07-22T09:41:10.754Z,4008665,17383,35795
2076886367603241472,small,2026-07-14T04:27:51+00:00,2026-07-14T07:19:40.03+00:00,154723,2026-07-22T09:41:10.754Z,1223306,34588,2202968
2077009378188632537,small,2026-07-14T12:36:39+00:00,2026-07-14T19:19:49.903+00:00,3507978,2026-07-22T09:41:10.754Z,4859636,20282,481888
2077043679194456450,small,2026-07-14T14:52:57+00:00,2026-07-14T19:19:49.903+00:00,370871,2026-07-22T09:41:10.754Z,711287,41621,1715752
2077068431367577685,small,2026-07-14T16:31:18+00:00,2026-07-14T19:19:49.903+00:00,80184,2026-07-22T09:41:10.754Z,764214,34794,130192
2077091225833013647,small,2026-07-14T18:01:53+00:00,2026-07-15T20:49:43.357+00:00,8366645,2026-07-22T09:41:10.754Z,14640150,507878,8105
2077115246246834270,small,2026-07-14T19:37:20+00:00,2026-07-14T20:50:01.516+00:00,168531,2026-07-22T09:41:10.754Z,1027450,23135,6703031
2077141368871309589,small,2026-07-14T21:21:08+00:00,2026-07-15T02:19:44.01+00:00,951665,2026-07-22T09:41:10.754Z,1702869,70539,2295875
2077176135922983363,small,2026-07-14T23:39:17+00:00,2026-07-15T02:19:44.01+00:00,190296,2026-07-22T09:41:10.754Z,1029439,9429,72736
2077221359285887266,small,2026-07-15T02:38:59+00:00,2026-07-15T20:19:47.16+00:00,13033,2026-07-22T09:41:10.754Z,18021,874,422
