tweet_id,feed,posted_at,snapshot_at,snapshot_impressions,current_at,current_impressions,current_likes,author_followers
345865509734084608,xxl_dump,2013-06-15T11:28:58+00:00,2026-07-18T14:28:26.183+00:00,0,2026-07-22T10:02:00.901Z,0,4284,10286992
1730235498021478681,xxl_dump,2023-11-30T14:41:03+00:00,2026-07-18T14:28:26.183+00:00,3933193,2026-07-22T10:02:03.629Z,4073167,15613,40594
1913312718414840154,xxl_dump,2025-04-18T19:24:34+00:00,2026-07-18T14:28:26.183+00:00,8045,2026-07-22T10:05:50.303Z,8107,221,2476
2034566141163569260,xxl_dump,2026-03-19T09:42:23+00:00,2026-07-18T14:28:26.183+00:00,33,2026-07-22T10:02:03.629Z,39,0,3180
2054531851310579963,xxl_dump,2026-05-13T11:58:59+00:00,2026-07-18T14:28:26.183+00:00,30,2026-07-22T10:05:50.303Z,34,0,2231
2069453252358275453,xxl_dump,2026-06-23T16:11:18+00:00,2026-07-18T14:28:26.183+00:00,244043,2026-07-22T10:02:03.629Z,247362,1074,1177712
2072524891992003031,xxl_dump,2026-07-02T03:36:54+00:00,2026-07-18T14:28:26.183+00:00,9775,2026-07-22T10:05:50.303Z,9830,187,123
2075809096163590252,xxl_dump,2026-07-11T05:07:09+00:00,2026-07-18T14:28:26.183+00:00,30,2026-07-22T10:02:03.629Z,33,0,175
2076298148771758195,xxl_dump,2026-07-12T13:30:29+00:00,2026-07-18T14:28:26.183+00:00,34153,2026-07-22T10:05:50.303Z,35565,398,623551
2076720524386836694,xxl_dump,2026-07-13T17:28:51+00:00,2026-07-18T14:28:26.183+00:00,16,2026-07-22T10:02:03.629Z,18,0,49
2076924693626626130,xxl_dump,2026-07-14T07:00:09+00:00,2026-07-18T14:28:26.183+00:00,38832,2026-07-22T10:05:50.303Z,40577,1232,77914
2077084031129145659,xxl_dump,2026-07-14T17:33:18+00:00,2026-07-18T14:28:26.183+00:00,2185,2026-07-22T10:02:03.629Z,2730,92,3873
2077154476721582260,xxl_dump,2026-07-14T22:13:13+00:00,2026-07-18T14:28:26.183+00:00,10610,2026-07-22T10:05:50.303Z,10657,18,81195
2077284497834357175,xxl_dump,2026-07-15T06:49:53+00:00,2026-07-18T14:28:26.183+00:00,3016,2026-07-22T10:02:03.629Z,3084,230,951
2077320893156507751,xxl_dump,2026-07-15T09:14:30+00:00,2026-07-18T14:28:26.183+00:00,71,2026-07-22T10:05:50.303Z,71,0,2
2077392887608750331,xxl_dump,2026-07-15T14:00:35+00:00,2026-07-18T14:28:26.183+00:00,2375,2026-07-22T10:02:03.629Z,2381,6,39
2077414193029161360,xxl_dump,2026-07-15T15:25:14+00:00,2026-07-18T14:28:26.183+00:00,1226,2026-07-22T10:05:50.303Z,1284,39,946
2077449364163744098,xxl_dump,2026-07-15T17:45:00+00:00,2026-07-18T14:28:26.183+00:00,5615,2026-07-22T10:02:03.629Z,5663,16,209508
2077462007482024212,xxl_dump,2026-07-15T18:35:14+00:00,2026-07-18T14:28:26.183+00:00,122256,2026-07-22T10:05:50.303Z,126644,106,4739
2077491843860975934,xxl_dump,2026-07-15T20:33:48+00:00,2026-07-18T14:28:26.183+00:00,46,2026-07-22T10:02:03.629Z,57,2,1943
2077501642593681452,xxl_dump,2026-07-15T21:12:44+00:00,2026-07-18T14:28:26.183+00:00,30471,2026-07-22T10:05:50.303Z,30731,930,15496
2077520102505730514,xxl_dump,2026-07-15T22:26:05+00:00,2026-07-18T14:28:26.183+00:00,295236,2026-07-22T10:02:03.629Z,298818,2562,597
2077528813718684128,xxl_dump,2026-07-15T23:00:42+00:00,2026-07-18T14:28:26.183+00:00,2918560,2026-07-22T10:05:50.303Z,2932088,35255,152211
2077548020393017371,xxl_dump,2026-07-16T00:17:01+00:00,2026-07-18T14:28:26.183+00:00,457706,2026-07-22T10:02:03.629Z,490791,26991,359154
2077557969261134053,xxl_dump,2026-07-16T00:56:33+00:00,2026-07-18T14:28:26.183+00:00,176235,2026-07-22T10:05:50.303Z,176331,2102,10237
2077576035265294417,xxl_dump,2026-07-16T02:08:20+00:00,2026-07-18T14:28:26.183+00:00,18895,2026-07-22T10:02:03.629Z,19145,334,88
2077587168172851441,xxl_dump,2026-07-16T02:52:35+00:00,2026-07-18T14:28:26.183+00:00,75417,2026-07-22T10:05:50.303Z,76676,3375,321839
2077604687117705556,xxl_dump,2026-07-16T04:02:12+00:00,2026-07-18T14:28:26.183+00:00,1325000,2026-07-22T10:02:03.629Z,1335357,314,8835
2077615393674285230,xxl_dump,2026-07-16T04:44:44+00:00,2026-07-18T14:28:26.183+00:00,146117,2026-07-22T10:05:50.303Z,157066,8114,428686
2077631637957849091,xxl_dump,2026-07-16T05:49:17+00:00,2026-07-18T14:28:26.183+00:00,189631,2026-07-22T10:02:03.629Z,190562,127,8178
2077639043118952553,xxl_dump,2026-07-16T06:18:43+00:00,2026-07-18T14:28:26.183+00:00,288946,2026-07-22T10:05:50.303Z,290746,3620,15099
2077649569668563297,xxl_dump,2026-07-16T07:00:32+00:00,2026-07-18T14:28:26.183+00:00,115,2026-07-22T10:02:03.629Z,165,2,8039
2077657442729550147,xxl_dump,2026-07-16T07:31:50+00:00,2026-07-18T14:28:26.183+00:00,675157,2026-07-22T10:05:50.303Z,686161,410,4881
2077670149528649771,xxl_dump,2026-07-16T08:22:19+00:00,2026-07-18T14:28:26.183+00:00,3611,2026-07-22T10:02:03.629Z,3618,20,533
2077674253672124598,xxl_dump,2026-07-16T08:38:38+00:00,2026-07-18T14:28:26.183+00:00,6846,2026-07-22T10:05:50.303Z,6876,21,11
2077684671324799344,xxl_dump,2026-07-16T09:20:01+00:00,2026-07-18T14:28:26.183+00:00,12036,2026-07-22T10:02:03.629Z,248555,61,292098
2077690142144475351,xxl_dump,2026-07-16T09:41:46+00:00,2026-07-18T14:28:26.183+00:00,7471,2026-07-22T10:05:50.303Z,7657,397,406554
2077698637795152253,xxl_dump,2026-07-16T10:15:31+00:00,2026-07-18T14:28:26.183+00:00,3326,2026-07-22T10:02:03.629Z,3396,45,2629
2077701276444340551,xxl_dump,2026-07-16T10:26:00+00:00,2026-07-18T14:28:26.183+00:00,324334,2026-07-22T10:05:50.303Z,330928,6458,147016
2077709411011727666,xxl_dump,2026-07-16T10:58:20+00:00,2026-07-18T14:28:26.183+00:00,32911,2026-07-22T10:02:03.629Z,33048,1363,3356
2077713079790399943,xxl_dump,2026-07-16T11:12:54+00:00,2026-07-18T14:28:26.183+00:00,2205,2026-07-22T10:05:50.303Z,2533,24,2678
2077719391601377559,xxl_dump,2026-07-16T11:37:59+00:00,2026-07-18T14:28:26.183+00:00,10,2026-07-22T10:02:03.629Z,12,1,430
2077722119509578044,xxl_dump,2026-07-16T11:48:50+00:00,2026-07-18T14:28:26.183+00:00,4012,2026-07-22T10:05:50.303Z,4058,148,146296
2077726728525586742,xxl_dump,2026-07-16T12:07:09+00:00,2026-07-18T14:28:26.183+00:00,15023,2026-07-22T10:02:03.629Z,15564,1255,9762
2077729291530326071,xxl_dump,2026-07-16T12:17:20+00:00,2026-07-18T14:28:26.183+00:00,110994,2026-07-22T10:05:50.303Z,117144,8272,53118
2077734478412165483,xxl_dump,2026-07-16T12:37:56+00:00,2026-07-18T14:28:26.183+00:00,37,2026-07-22T10:02:03.629Z,39,2,1782
2077737095486214178,xxl_dump,2026-07-16T12:48:20+00:00,2026-07-18T14:28:26.183+00:00,262007,2026-07-22T10:05:50.303Z,302224,4102,8384486
2077742176180805973,xxl_dump,2026-07-16T13:08:32+00:00,2026-07-18T14:28:26.183+00:00,696,2026-07-22T10:02:03.629Z,702,20,555
2077744019304583389,xxl_dump,2026-07-16T13:15:51+00:00,2026-07-18T14:28:26.183+00:00,429,2026-07-22T10:05:50.303Z,433,4,425
2077747706399961361,xxl_dump,2026-07-16T13:30:30+00:00,2026-07-18T14:28:26.183+00:00,1342,2026-07-22T10:02:03.629Z,1363,149,219643
2077749451121107100,xxl_dump,2026-07-16T13:37:26+00:00,2026-07-18T14:28:26.183+00:00,125954,2026-07-22T10:05:50.303Z,135258,1234,1882637
2077752928979304634,xxl_dump,2026-07-16T13:51:15+00:00,2026-07-18T14:28:26.183+00:00,460927,2026-07-22T10:02:03.629Z,471978,13670,1735848
2077754271299252245,xxl_dump,2026-07-16T13:56:35+00:00,2026-07-18T14:28:26.183+00:00,2384541,2026-07-22T10:05:50.303Z,2702229,88345,322278
2077757673622102315,xxl_dump,2026-07-16T14:10:06+00:00,2026-07-18T14:28:26.183+00:00,16399,2026-07-22T10:02:03.629Z,16577,896,30371
2077759489185333753,xxl_dump,2026-07-16T14:17:19+00:00,2026-07-18T14:28:26.183+00:00,129843,2026-07-22T10:05:50.303Z,130794,23,33299
2077762761245827285,xxl_dump,2026-07-16T14:30:19+00:00,2026-07-18T14:28:26.183+00:00,4190,2026-07-22T10:02:03.629Z,4303,224,30371
2077763948942667967,xxl_dump,2026-07-16T14:35:03+00:00,2026-07-18T14:28:26.183+00:00,201193,2026-07-22T10:05:50.303Z,220375,5515,1099390
2077767366188912907,xxl_dump,2026-07-16T14:48:37+00:00,2026-07-18T14:28:26.183+00:00,647,2026-07-22T10:02:03.629Z,666,14,584
2077768766138564963,xxl_dump,2026-07-16T14:54:11+00:00,2026-07-18T14:28:26.183+00:00,6323,2026-07-22T10:05:50.303Z,6457,420,100799
2077770936049184978,xxl_dump,2026-07-16T15:02:48+00:00,2026-07-18T14:28:26.183+00:00,46,2026-07-22T10:02:03.629Z,54,2,2
2077772295246877146,xxl_dump,2026-07-16T15:08:12+00:00,2026-07-18T14:28:26.183+00:00,3572,2026-07-22T10:05:50.303Z,3580,273,826
2077775278588187127,xxl_dump,2026-07-16T15:20:04+00:00,2026-07-18T14:28:26.183+00:00,350741,2026-07-22T10:02:03.629Z,359434,1659,6574
2077777068943900706,xxl_dump,2026-07-16T15:27:11+00:00,2026-07-18T14:28:26.183+00:00,153429,2026-07-22T10:05:50.303Z,172667,10502,6314
2077778972348182574,xxl_dump,2026-07-16T15:34:44+00:00,2026-07-18T14:28:26.183+00:00,67109,2026-07-22T10:02:03.629Z,74250,695,17410
2077780112083144749,xxl_dump,2026-07-16T15:39:16+00:00,2026-07-18T14:28:26.183+00:00,993,2026-07-22T10:05:50.303Z,1005,41,62265
2077782378701803697,xxl_dump,2026-07-16T15:48:17+00:00,2026-07-18T14:28:26.183+00:00,4020,2026-07-22T10:02:03.629Z,4074,14,14656
2077783775396929707,xxl_dump,2026-07-16T15:53:50+00:00,2026-07-18T14:28:26.183+00:00,2894,2026-07-22T10:05:50.303Z,2956,4,1857067
2077785926525493602,xxl_dump,2026-07-16T16:02:22+00:00,2026-07-18T14:28:26.183+00:00,77,2026-07-22T10:02:03.629Z,77,1,668
2077786917161058335,xxl_dump,2026-07-16T16:06:19+00:00,2026-07-18T14:28:26.183+00:00,39350,2026-07-22T10:05:50.303Z,40096,139,29928
2077789622369751448,xxl_dump,2026-07-16T16:17:04+00:00,2026-07-18T14:28:26.183+00:00,35,2026-07-22T10:02:02.671Z,35,0,8482
2077790905969627366,xxl_dump,2026-07-16T16:22:10+00:00,2026-07-18T14:28:26.183+00:00,452,2026-07-22T10:05:50.303Z,457,3,1579
2077793408970870903,xxl_dump,2026-07-16T16:32:06+00:00,2026-07-18T14:28:26.183+00:00,11397,2026-07-22T10:02:02.671Z,14404,306,2786
2077794524030451914,xxl_dump,2026-07-16T16:36:32+00:00,2026-07-18T14:28:26.183+00:00,166588,2026-07-22T10:05:50.303Z,167490,1706,684987
2077796913525748042,xxl_dump,2026-07-16T16:46:02+00:00,2026-07-18T14:28:26.183+00:00,6284,2026-07-22T10:02:02.671Z,6326,21,70192
2077798218448904326,xxl_dump,2026-07-16T16:51:13+00:00,2026-07-18T14:28:26.183+00:00,8337,2026-07-22T10:05:50.303Z,8406,132,69406
2077800407477432599,xxl_dump,2026-07-16T16:59:55+00:00,2026-07-18T14:28:26.183+00:00,26367,2026-07-22T10:02:02.671Z,27098,113,1408
2077801202201637232,xxl_dump,2026-07-16T17:03:04+00:00,2026-07-18T14:28:26.183+00:00,21870,2026-07-22T10:05:50.303Z,21986,340,13954
2077803839856492788,xxl_dump,2026-07-16T17:13:33+00:00,2026-07-18T14:28:26.183+00:00,110999,2026-07-22T10:02:02.671Z,114791,443,1145
2077804838428291291,xxl_dump,2026-07-16T17:17:31+00:00,2026-07-18T14:28:26.183+00:00,317,2026-07-22T10:05:50.303Z,326,3,1537
2077806859407274069,xxl_dump,2026-07-16T17:25:33+00:00,2026-07-18T14:28:26.183+00:00,34,2026-07-22T10:02:02.671Z,36,1,3178
2077807994801139968,xxl_dump,2026-07-16T17:30:04+00:00,2026-07-18T14:28:26.183+00:00,113565,2026-07-22T10:05:50.303Z,114165,3534,1509
2077809543841816833,xxl_dump,2026-07-16T17:36:13+00:00,2026-07-18T14:28:26.183+00:00,2937,2026-07-22T10:02:02.671Z,2993,2,271
2077810493834563832,xxl_dump,2026-07-16T17:40:00+00:00,2026-07-18T14:28:26.183+00:00,43964,2026-07-22T10:05:50.303Z,53071,866,4341384
2077812267114967063,xxl_dump,2026-07-16T17:47:03+00:00,2026-07-18T14:28:26.183+00:00,100367,2026-07-22T10:02:02.671Z,105193,3757,863137
2077813300801229298,xxl_dump,2026-07-16T17:51:09+00:00,2026-07-18T14:28:26.183+00:00,882,2026-07-22T10:05:50.303Z,966,22,289
2077815046227595436,xxl_dump,2026-07-16T17:58:05+00:00,2026-07-18T14:28:26.183+00:00,749789,2026-07-22T10:02:02.671Z,764138,27331,2557
2077815828246839501,xxl_dump,2026-07-16T18:01:12+00:00,2026-07-18T14:28:26.183+00:00,6275,2026-07-22T10:05:50.303Z,6454,115,863
2077817620653306034,xxl_dump,2026-07-16T18:08:19+00:00,2026-07-18T14:28:26.183+00:00,211,2026-07-22T10:02:02.671Z,214,0,318
2077819863674859776,xxl_dump,2026-07-16T18:17:14+00:00,2026-07-18T14:28:26.183+00:00,28622,2026-07-22T10:02:02.671Z,29253,2304,18858
2077821016730923295,xxl_dump,2026-07-16T18:21:49+00:00,2026-07-18T14:28:26.183+00:00,62,2026-07-22T10:05:50.303Z,64,3,372
2077822754943033723,xxl_dump,2026-07-16T18:28:43+00:00,2026-07-18T14:28:26.183+00:00,1423924,2026-07-22T10:02:02.671Z,1440454,32459,2720435
2077823661692633097,xxl_dump,2026-07-16T18:32:19+00:00,2026-07-18T14:28:26.183+00:00,47,2026-07-22T10:05:50.303Z,49,2,25
2077825352622035179,xxl_dump,2026-07-16T18:39:02+00:00,2026-07-18T14:28:26.183+00:00,43,2026-07-22T10:02:02.671Z,45,0,167
2077826658590216404,xxl_dump,2026-07-16T18:44:14+00:00,2026-07-18T14:28:26.183+00:00,815681,2026-07-22T10:05:50.303Z,823051,2260,188273
2077828861715206236,xxl_dump,2026-07-16T18:52:59+00:00,2026-07-18T14:28:26.183+00:00,2888,2026-07-22T10:05:50.303Z,2956,149,42360
2077830436609265710,xxl_dump,2026-07-16T18:59:14+00:00,2026-07-18T14:28:26.183+00:00,103,2026-07-22T10:02:02.671Z,113,0,2713
2077830983026643214,xxl_dump,2026-07-16T19:01:25+00:00,2026-07-18T14:28:26.183+00:00,18,2026-07-22T10:05:50.303Z,24,0,128
2077832637972955459,xxl_dump,2026-07-16T19:07:59+00:00,2026-07-18T14:28:26.183+00:00,3954848,2026-07-22T10:02:02.671Z,9873356,19059,5080482
2077833240405025234,xxl_dump,2026-07-16T19:10:23+00:00,2026-07-18T14:28:26.183+00:00,48717,2026-07-22T10:05:50.303Z,54646,29,183
2077835261707255915,xxl_dump,2026-07-16T19:18:25+00:00,2026-07-18T14:28:26.183+00:00,176,2026-07-22T10:02:02.671Z,179,3,496
2077836187071623597,xxl_dump,2026-07-16T19:22:05+00:00,2026-07-18T14:28:26.183+00:00,10,2026-07-22T10:05:50.303Z,13,0,12
2077837440040173906,xxl_dump,2026-07-16T19:27:04+00:00,2026-07-18T14:28:26.183+00:00,1956889,2026-07-22T10:02:02.671Z,1981267,2060,948
2077838011228995944,xxl_dump,2026-07-16T19:29:20+00:00,2026-07-18T14:28:26.183+00:00,38,2026-07-22T10:05:50.303Z,41,2,273
2077839381243535376,xxl_dump,2026-07-16T19:34:47+00:00,2026-07-18T14:28:26.183+00:00,8510,2026-07-22T10:02:02.671Z,8752,222,16045
2077840154257924604,xxl_dump,2026-07-16T19:37:51+00:00,2026-07-18T14:28:26.183+00:00,270,2026-07-22T10:05:50.303Z,293,9,267
2077841479700193564,xxl_dump,2026-07-16T19:43:07+00:00,2026-07-18T14:28:26.183+00:00,1166698,2026-07-22T10:02:02.671Z,1270513,988,34903
2077842192979152990,xxl_dump,2026-07-16T19:45:57+00:00,2026-07-18T14:28:26.183+00:00,3648,2026-07-22T10:05:50.303Z,3780,14,513
2077843468131442924,xxl_dump,2026-07-16T19:51:01+00:00,2026-07-18T14:28:26.183+00:00,847118,2026-07-22T10:02:02.671Z,906643,66088,102623
2077844213559963969,xxl_dump,2026-07-16T19:53:59+00:00,2026-07-18T14:28:26.183+00:00,1679854,2026-07-22T10:05:50.303Z,1697811,14572,17973
2077845489114821081,xxl_dump,2026-07-16T19:59:03+00:00,2026-07-18T14:28:26.183+00:00,10848,2026-07-22T10:02:02.671Z,11386,512,18806
2077845994293674348,xxl_dump,2026-07-16T20:01:04+00:00,2026-07-18T14:28:26.183+00:00,146676,2026-07-22T10:05:50.303Z,151485,1482,3972106
2077847109945176288,xxl_dump,2026-07-16T20:05:30+00:00,2026-07-18T14:28:26.183+00:00,1723,2026-07-22T10:02:02.671Z,1865,11,200
2077847707507413164,xxl_dump,2026-07-16T20:07:52+00:00,2026-07-18T14:28:26.183+00:00,30854,2026-07-22T10:05:50.303Z,38097,120,568476
2077849148984827958,xxl_dump,2026-07-16T20:13:36+00:00,2026-07-18T14:28:26.183+00:00,41,2026-07-22T10:02:02.671Z,41,1,562
2077849628100182517,xxl_dump,2026-07-16T20:15:30+00:00,2026-07-18T14:28:26.183+00:00,2831,2026-07-22T10:05:50.303Z,3038,58,29060
2077850764374892657,xxl_dump,2026-07-16T20:20:01+00:00,2026-07-18T14:28:26.183+00:00,42,2026-07-22T10:02:02.671Z,54,1,2750
2077851376386764859,xxl_dump,2026-07-16T20:22:27+00:00,2026-07-18T14:28:26.183+00:00,102258,2026-07-22T10:05:50.303Z,106027,608,5523767
2077852465383321898,xxl_dump,2026-07-16T20:26:47+00:00,2026-07-18T14:28:26.183+00:00,8564,2026-07-22T10:02:02.671Z,8684,232,14101
2077852935594160150,xxl_dump,2026-07-16T20:28:39+00:00,2026-07-18T14:28:26.183+00:00,1256,2026-07-22T10:05:50.303Z,1269,86,827
2077854080949420131,xxl_dump,2026-07-16T20:33:12+00:00,2026-07-18T14:28:26.183+00:00,893,2026-07-22T10:02:02.671Z,899,1,2283
2077854780932673701,xxl_dump,2026-07-16T20:35:59+00:00,2026-07-18T14:28:26.183+00:00,152939,2026-07-22T10:05:50.303Z,160953,14478,216131
2077855889109782861,xxl_dump,2026-07-16T20:40:23+00:00,2026-07-18T14:28:26.183+00:00,34223,2026-07-22T10:02:02.671Z,34570,152,669582
2077856461804228721,xxl_dump,2026-07-16T20:42:39+00:00,2026-07-18T14:28:26.183+00:00,177451,2026-07-22T10:05:50.303Z,183044,7005,1919088
2077857476574052730,xxl_dump,2026-07-16T20:46:41+00:00,2026-07-18T14:28:26.183+00:00,799269,2026-07-22T10:02:02.671Z,815738,2969,5586
2077858148644196667,xxl_dump,2026-07-16T20:49:22+00:00,2026-07-18T14:28:26.183+00:00,2769,2026-07-22T10:05:50.303Z,2861,41,794
2077859437792858294,xxl_dump,2026-07-16T20:54:29+00:00,2026-07-18T14:28:26.183+00:00,1592,2026-07-22T10:02:02.671Z,1616,214,4259
2077859863187628315,xxl_dump,2026-07-16T20:56:10+00:00,2026-07-18T14:28:26.183+00:00,17789,2026-07-22T10:05:50.303Z,18116,1595,895
2077860984606294064,xxl_dump,2026-07-16T21:00:38+00:00,2026-07-18T14:28:26.183+00:00,30,2026-07-22T10:02:02.671Z,30,2,3401
2077861526027792702,xxl_dump,2026-07-16T21:02:47+00:00,2026-07-18T14:28:26.183+00:00,190,2026-07-22T10:05:50.303Z,207,0,76
2077862720246788336,xxl_dump,2026-07-16T21:07:31+00:00,2026-07-18T14:28:26.183+00:00,7041,2026-07-22T10:02:02.671Z,7205,130,10716
2077863188603834487,xxl_dump,2026-07-16T21:09:23+00:00,2026-07-18T14:28:26.183+00:00,79,2026-07-22T10:05:50.303Z,84,0,108
2077864266519183654,xxl_dump,2026-07-16T21:13:40+00:00,2026-07-18T14:28:26.183+00:00,2449,2026-07-22T10:02:02.671Z,2456,73,6951
2077864908192940474,xxl_dump,2026-07-16T21:16:13+00:00,2026-07-18T14:28:26.183+00:00,518,2026-07-22T10:05:50.303Z,532,13,853
2077866009210339591,xxl_dump,2026-07-16T21:20:36+00:00,2026-07-18T14:28:26.183+00:00,1281224,2026-07-22T10:02:02.671Z,1288620,9922,133422
2077866752378098166,xxl_dump,2026-07-16T21:23:33+00:00,2026-07-18T14:28:26.183+00:00,194956,2026-07-22T10:05:49.421Z,565436,361,72
2077867835921957043,xxl_dump,2026-07-16T21:27:51+00:00,2026-07-18T14:28:26.183+00:00,71117,2026-07-22T10:02:02.671Z,72532,3744,216153
2077868377238798623,xxl_dump,2026-07-16T21:30:00+00:00,2026-07-18T14:28:26.183+00:00,1021,2026-07-22T10:05:49.421Z,1756,67,145
2077869389358014536,xxl_dump,2026-07-16T21:34:02+00:00,2026-07-18T14:28:26.183+00:00,38040,2026-07-22T10:02:02.671Z,38487,670,32344
2077869793311404120,xxl_dump,2026-07-16T21:35:38+00:00,2026-07-18T14:28:26.183+00:00,86,2026-07-22T10:05:49.421Z,99,5,556
2077870630985212402,xxl_dump,2026-07-16T21:38:58+00:00,2026-07-18T14:28:26.183+00:00,24259,2026-07-22T10:02:02.671Z,24372,811,9077
2077871091825951211,xxl_dump,2026-07-16T21:40:47+00:00,2026-07-18T14:28:26.183+00:00,62350,2026-07-22T10:05:49.421Z,65096,565,6842841
2077872386511122638,xxl_dump,2026-07-16T21:45:56+00:00,2026-07-18T14:28:26.183+00:00,27138,2026-07-22T10:02:02.671Z,27543,117,1910
2077873125690052847,xxl_dump,2026-07-16T21:48:52+00:00,2026-07-18T14:28:26.183+00:00,432165,2026-07-22T10:05:49.421Z,443365,388,152211
2077874123586302325,xxl_dump,2026-07-16T21:52:50+00:00,2026-07-18T14:28:26.183+00:00,83,2026-07-22T10:02:02.671Z,210,1,12821
2077874743319855179,xxl_dump,2026-07-16T21:55:18+00:00,2026-07-18T14:28:26.183+00:00,6177,2026-07-22T10:05:49.421Z,6191,39,1570
2077875613243732272,xxl_dump,2026-07-16T21:58:45+00:00,2026-07-18T14:28:26.183+00:00,158521,2026-07-22T10:02:02.671Z,173550,4426,2777064
2077876196029632763,xxl_dump,2026-07-16T22:01:04+00:00,2026-07-18T14:28:26.183+00:00,46255,2026-07-22T10:05:49.421Z,48255,643,3545
2077877296719913407,xxl_dump,2026-07-16T22:05:27+00:00,2026-07-18T14:28:26.183+00:00,43754,2026-07-22T10:02:02.671Z,45338,571,167933
2077877823843242040,xxl_dump,2026-07-16T22:07:32+00:00,2026-07-18T14:28:26.183+00:00,138867,2026-07-22T10:05:49.421Z,141886,1236,510686
2077878754857390413,xxl_dump,2026-07-16T22:11:14+00:00,2026-07-18T14:28:26.183+00:00,150847,2026-07-22T10:02:02.671Z,161560,5165,1328283
2077879208911470956,xxl_dump,2026-07-16T22:13:03+00:00,2026-07-18T14:28:26.183+00:00,317,2026-07-22T10:05:49.421Z,321,0,123
2077880496235712643,xxl_dump,2026-07-16T22:18:10+00:00,2026-07-18T14:28:26.183+00:00,902205,2026-07-22T10:02:02.671Z,942854,10953,4757017
2077881007265493112,xxl_dump,2026-07-16T22:20:11+00:00,2026-07-18T14:28:26.183+00:00,19745,2026-07-22T10:05:49.421Z,20280,24,9298939
2077881903135257085,xxl_dump,2026-07-16T22:23:45+00:00,2026-07-18T14:28:26.183+00:00,855933,2026-07-22T10:02:02.671Z,927394,37656,1265868
2077882441507676562,xxl_dump,2026-07-16T22:25:53+00:00,2026-07-18T14:28:26.183+00:00,35913,2026-07-22T10:05:49.421Z,36192,177,153582
2077883370751643769,xxl_dump,2026-07-16T22:29:35+00:00,2026-07-18T14:28:26.183+00:00,427,2026-07-22T10:02:02.671Z,466,5,9102
2077883879982289208,xxl_dump,2026-07-16T22:31:36+00:00,2026-07-18T14:28:26.183+00:00,485,2026-07-22T10:05:49.421Z,501,4,1265
2077885059529355324,xxl_dump,2026-07-16T22:36:18+00:00,2026-07-18T14:28:26.183+00:00,126,2026-07-22T10:02:02.671Z,128,21,416
2077885458890334690,xxl_dump,2026-07-16T22:37:53+00:00,2026-07-18T14:28:26.183+00:00,687,2026-07-22T10:05:49.421Z,696,18,1430
2077886740086378898,xxl_dump,2026-07-16T22:42:58+00:00,2026-07-18T14:28:26.183+00:00,30690,2026-07-22T10:02:02.671Z,30991,404,99670
2077887233332560045,xxl_dump,2026-07-16T22:44:56+00:00,2026-07-18T14:28:26.183+00:00,135,2026-07-22T10:05:49.421Z,152,6,98
2077888174940938559,xxl_dump,2026-07-16T22:48:40+00:00,2026-07-18T14:28:26.183+00:00,196,2026-07-22T10:02:02.671Z,210,16,702
2077888886986965221,xxl_dump,2026-07-16T22:51:30+00:00,2026-07-18T14:28:26.183+00:00,1,2026-07-22T10:05:49.421Z,2,0,163
2077890123312865287,xxl_dump,2026-07-16T22:56:25+00:00,2026-07-18T14:28:26.183+00:00,888,2026-07-22T10:02:02.671Z,895,2,4399
2077890677677887624,xxl_dump,2026-07-16T22:58:37+00:00,2026-07-18T14:28:26.183+00:00,130169,2026-07-22T10:05:49.421Z,176937,2904,240927593
2077891641076248676,xxl_dump,2026-07-16T23:02:27+00:00,2026-07-18T14:28:26.183+00:00,6718463,2026-07-22T10:02:02.671Z,7099902,8388,219761
2077892341910929808,xxl_dump,2026-07-16T23:05:14+00:00,2026-07-18T14:28:26.183+00:00,1202,2026-07-22T10:05:49.421Z,1211,41,1714
2077893508212380042,xxl_dump,2026-07-16T23:09:52+00:00,2026-07-18T14:28:26.183+00:00,20,2026-07-22T10:02:02.671Z,22,1,594
2077894020106187120,xxl_dump,2026-07-16T23:11:54+00:00,2026-07-18T14:28:26.183+00:00,31060,2026-07-22T10:05:49.421Z,31312,2225,218309
2077895255131824153,xxl_dump,2026-07-16T23:16:48+00:00,2026-07-18T14:28:26.183+00:00,36,2026-07-22T10:02:02.671Z,39,1,5705
2077895772893258156,xxl_dump,2026-07-16T23:18:52+00:00,2026-07-18T14:28:26.183+00:00,3399,2026-07-22T10:05:49.421Z,3468,27,7709
2077896927157403778,xxl_dump,2026-07-16T23:23:27+00:00,2026-07-18T14:28:26.183+00:00,2316593,2026-07-22T10:02:02.671Z,2330751,1480,303
2077897514036986296,xxl_dump,2026-07-16T23:25:47+00:00,2026-07-18T14:28:26.183+00:00,88981,2026-07-22T10:05:49.421Z,89738,11972,13202
2077898638336872684,xxl_dump,2026-07-16T23:30:15+00:00,2026-07-18T14:28:26.183+00:00,3601,2026-07-22T10:02:02.671Z,3683,100,78061
2077899172385010163,xxl_dump,2026-07-16T23:32:22+00:00,2026-07-18T14:28:26.183+00:00,2281,2026-07-22T10:05:49.421Z,2579,60,26245
2077900223213416558,xxl_dump,2026-07-16T23:36:33+00:00,2026-07-18T14:28:26.183+00:00,18856,2026-07-22T10:02:02.671Z,19112,491,517502
2077900765939527911,xxl_dump,2026-07-16T23:38:42+00:00,2026-07-18T14:28:26.183+00:00,13,2026-07-22T10:05:49.421Z,19,0,8863631
2077901839144476901,xxl_dump,2026-07-16T23:42:58+00:00,2026-07-18T14:28:26.183+00:00,295719,2026-07-22T10:02:02.671Z,297680,7075,1025992
2077902370101408054,xxl_dump,2026-07-16T23:45:05+00:00,2026-07-18T14:28:26.183+00:00,339,2026-07-22T10:05:49.421Z,346,5,5108
2077903674064683511,xxl_dump,2026-07-16T23:50:16+00:00,2026-07-18T14:28:26.183+00:00,198057,2026-07-22T10:02:02.671Z,209266,3741,568382
2077904355311640640,xxl_dump,2026-07-16T23:52:58+00:00,2026-07-18T14:28:26.183+00:00,45,2026-07-22T10:05:49.421Z,45,0,532
2077905480262008880,xxl_dump,2026-07-16T23:57:26+00:00,2026-07-18T14:28:26.183+00:00,608370,2026-07-22T10:02:02.671Z,798291,64830,40328
2077906126725939524,xxl_dump,2026-07-17T00:00:00+00:00,2026-07-18T14:28:26.183+00:00,28652,2026-07-22T10:05:49.421Z,30006,37,1754664
2077907242121101766,xxl_dump,2026-07-17T00:04:26+00:00,2026-07-18T14:28:26.183+00:00,17,2026-07-22T10:02:02.671Z,17,0,86
2077907978850627725,xxl_dump,2026-07-17T00:07:22+00:00,2026-07-18T14:28:26.183+00:00,98,2026-07-22T10:05:49.421Z,105,1,363
2077908908727755167,xxl_dump,2026-07-17T00:11:04+00:00,2026-07-18T14:28:26.183+00:00,861,2026-07-22T10:02:02.671Z,1165,39,83
2077909483116785711,xxl_dump,2026-07-17T00:13:21+00:00,2026-07-18T14:28:26.183+00:00,232516,2026-07-22T10:05:49.421Z,239485,2324,18372
2077911079771095550,xxl_dump,2026-07-17T00:19:41+00:00,2026-07-18T14:28:26.183+00:00,51,2026-07-22T10:02:02.671Z,55,1,17
2077911777363251410,xxl_dump,2026-07-17T00:22:28+00:00,2026-07-18T14:28:26.183+00:00,110362,2026-07-22T10:05:49.421Z,111089,1912,85633
2077913037005099366,xxl_dump,2026-07-17T00:27:28+00:00,2026-07-18T14:28:26.183+00:00,4238204,2026-07-22T10:02:02.671Z,4900102,8148,697299
2077913691769499887,xxl_dump,2026-07-17T00:30:04+00:00,2026-07-18T14:28:26.183+00:00,191106,2026-07-22T10:05:49.421Z,197856,510,53670205
2077914620442869946,xxl_dump,2026-07-17T00:33:45+00:00,2026-07-18T14:28:26.183+00:00,12550,2026-07-22T10:02:02.671Z,15622,252,336
2077915311353757933,xxl_dump,2026-07-17T00:36:30+00:00,2026-07-18T14:28:26.183+00:00,107603,2026-07-22T10:05:49.421Z,111556,2294,260954
2077916531049328674,xxl_dump,2026-07-17T00:41:21+00:00,2026-07-18T14:28:26.183+00:00,23371,2026-07-22T10:02:02.671Z,24774,2465,1411245
2077917173268513142,xxl_dump,2026-07-17T00:43:54+00:00,2026-07-18T14:28:26.183+00:00,339,2026-07-22T10:05:49.421Z,415,7,1137
2077918260838723867,xxl_dump,2026-07-17T00:48:13+00:00,2026-07-18T14:28:26.183+00:00,14967,2026-07-22T10:02:02.671Z,15158,137,4062
2077918867695812939,xxl_dump,2026-07-17T00:50:38+00:00,2026-07-18T14:28:26.183+00:00,170089,2026-07-22T10:05:49.421Z,185523,1318,29262657
2077920306941894870,xxl_dump,2026-07-17T00:56:21+00:00,2026-07-18T14:28:26.183+00:00,3497,2026-07-22T10:02:02.671Z,3528,373,139154
2077920959693017263,xxl_dump,2026-07-17T00:58:57+00:00,2026-07-18T14:28:26.183+00:00,618921,2026-07-22T10:05:49.421Z,635396,9401,573693
2077921874026135857,xxl_dump,2026-07-17T01:02:35+00:00,2026-07-18T14:28:26.183+00:00,515361,2026-07-22T10:02:02.671Z,521099,2344,582452
2077922319322780075,xxl_dump,2026-07-17T01:04:21+00:00,2026-07-18T14:28:26.183+00:00,61626,2026-07-22T10:05:49.421Z,62405,4301,1456190
2077923392397734018,xxl_dump,2026-07-17T01:08:37+00:00,2026-07-18T14:28:26.183+00:00,139,2026-07-22T10:02:02.671Z,144,2,1730
2077923934641463357,xxl_dump,2026-07-17T01:10:46+00:00,2026-07-18T14:28:26.183+00:00,26773,2026-07-22T10:05:49.421Z,27412,220,101115
2077924669928120778,xxl_dump,2026-07-17T01:13:41+00:00,2026-07-18T14:28:26.183+00:00,116343,2026-07-22T10:02:02.671Z,117253,4867,1134065
2077925063714541736,xxl_dump,2026-07-17T01:15:15+00:00,2026-07-18T14:28:26.183+00:00,931042,2026-07-22T10:05:49.421Z,936555,5360,228414
2077925814495011079,xxl_dump,2026-07-17T01:18:14+00:00,2026-07-18T14:28:26.183+00:00,35685,2026-07-22T10:02:02.671Z,35803,190,9
2077926139931017227,xxl_dump,2026-07-17T01:19:32+00:00,2026-07-18T14:28:26.183+00:00,5163,2026-07-22T10:05:49.421Z,5306,96,284
2077926721467105755,xxl_dump,2026-07-17T01:21:51+00:00,2026-07-18T14:28:26.183+00:00,17436,2026-07-22T10:02:02.671Z,18632,316,497558
2077927016918397416,xxl_dump,2026-07-17T01:23:01+00:00,2026-07-18T14:28:26.183+00:00,514,2026-07-22T10:05:49.421Z,519,2,619
2077927754914574475,xxl_dump,2026-07-17T01:25:57+00:00,2026-07-18T14:28:26.183+00:00,14411,2026-07-22T10:02:02.671Z,14455,122,473
2077928113938256114,xxl_dump,2026-07-17T01:27:23+00:00,2026-07-18T14:28:26.183+00:00,76005,2026-07-22T10:05:49.421Z,80289,1354,133422
2077928872717295775,xxl_dump,2026-07-17T01:30:23+00:00,2026-07-18T14:28:26.183+00:00,255558,2026-07-22T10:02:02.671Z,262510,16220,4757016
2077929112484925897,xxl_dump,2026-07-17T01:31:21+00:00,2026-07-18T14:28:26.183+00:00,257893,2026-07-22T10:05:49.421Z,276312,19121,494506
2077929798396174610,xxl_dump,2026-07-17T01:34:04+00:00,2026-07-18T14:28:26.183+00:00,23730,2026-07-22T10:02:02.671Z,24641,5,49
2077930159810736503,xxl_dump,2026-07-17T01:35:30+00:00,2026-07-18T14:28:26.183+00:00,49485,2026-07-22T10:05:49.421Z,51454,2170,1063073
2077930923593502910,xxl_dump,2026-07-17T01:38:32+00:00,2026-07-18T14:28:26.183+00:00,327570,2026-07-22T10:02:02.671Z,332951,18102,1115250
2077931142733246532,xxl_dump,2026-07-17T01:39:25+00:00,2026-07-18T14:28:26.183+00:00,82446,2026-07-22T10:05:49.421Z,85866,2721,143262
2077931946202538302,xxl_dump,2026-07-17T01:42:36+00:00,2026-07-18T14:28:26.183+00:00,96435,2026-07-22T10:02:02.671Z,109453,1577,4476866
2077932253045281078,xxl_dump,2026-07-17T01:43:49+00:00,2026-07-18T14:28:26.183+00:00,1111,2026-07-22T10:05:49.421Z,1125,0,1458
2077933167860752628,xxl_dump,2026-07-17T01:47:28+00:00,2026-07-18T14:28:26.183+00:00,39052,2026-07-22T10:02:02.671Z,39980,1255,69406
2077933528722047206,xxl_dump,2026-07-17T01:48:54+00:00,2026-07-18T14:28:26.183+00:00,6502,2026-07-22T10:05:49.421Z,6622,67,3645
2077934315418087776,xxl_dump,2026-07-17T01:52:01+00:00,2026-07-18T14:28:26.183+00:00,5960,2026-07-22T10:02:02.671Z,6336,184,1273
2077934703839936892,xxl_dump,2026-07-17T01:53:34+00:00,2026-07-18T14:28:26.183+00:00,320,2026-07-22T10:05:49.421Z,322,5,198
2077935481635865001,xxl_dump,2026-07-17T01:56:39+00:00,2026-07-18T14:28:26.183+00:00,2857308,2026-07-22T10:02:02.671Z,3079524,10570,134959
2077935824507682919,xxl_dump,2026-07-17T01:58:01+00:00,2026-07-18T14:28:26.183+00:00,993,2026-07-22T10:05:49.421Z,1044,25,324275
2077936680322183313,xxl_dump,2026-07-17T02:01:25+00:00,2026-07-18T14:28:26.183+00:00,4454,2026-07-22T10:02:02.671Z,4609,29,181325
2077937156513845505,xxl_dump,2026-07-17T02:03:18+00:00,2026-07-18T14:28:26.183+00:00,111479,2026-07-22T10:05:49.421Z,114878,4918,1693883
2077938394210984185,xxl_dump,2026-07-17T02:08:14+00:00,2026-07-18T14:28:26.183+00:00,4,2026-07-22T10:02:02.671Z,4,0,194
2077938975793135947,xxl_dump,2026-07-17T02:10:32+00:00,2026-07-18T14:28:26.183+00:00,315143,2026-07-22T10:05:49.421Z,361561,5296,331031
2077939928550314066,xxl_dump,2026-07-17T02:14:19+00:00,2026-07-18T14:28:26.183+00:00,154505,2026-07-22T10:02:02.671Z,170660,1690,195
2077940465983214040,xxl_dump,2026-07-17T02:16:28+00:00,2026-07-18T14:28:26.183+00:00,1445,2026-07-22T10:05:49.421Z,1534,31,1505467
2077941325161545989,xxl_dump,2026-07-17T02:19:52+00:00,2026-07-18T14:28:26.183+00:00,45470,2026-07-22T10:02:02.671Z,46399,4200,12902
2077941688312471563,xxl_dump,2026-07-17T02:21:19+00:00,2026-07-18T14:28:26.183+00:00,33,2026-07-22T10:05:49.421Z,33,2,20
2077942710078493062,xxl_dump,2026-07-17T02:25:23+00:00,2026-07-18T14:28:26.183+00:00,13,2026-07-22T10:02:02.671Z,13,0,1174
2077943350162800991,xxl_dump,2026-07-17T02:27:55+00:00,2026-07-18T14:28:26.183+00:00,53853,2026-07-22T10:05:49.421Z,55087,407,38980
2077944380992979002,xxl_dump,2026-07-17T02:32:01+00:00,2026-07-18T14:28:26.183+00:00,82882,2026-07-22T10:02:02.671Z,83939,285,763347
2077944912738459827,xxl_dump,2026-07-17T02:34:08+00:00,2026-07-18T14:28:26.183+00:00,32053,2026-07-22T10:05:49.421Z,32352,350,1302
2077945933350719861,xxl_dump,2026-07-17T02:38:11+00:00,2026-07-18T14:28:26.183+00:00,112,2026-07-22T10:02:02.671Z,135,1,27680
2077946624752439720,xxl_dump,2026-07-17T02:40:56+00:00,2026-07-18T14:28:26.183+00:00,39910,2026-07-22T10:05:49.421Z,42480,1079,3322264
2077948021506203836,xxl_dump,2026-07-17T02:46:29+00:00,2026-07-18T14:28:26.183+00:00,272001,2026-07-22T10:02:02.671Z,282382,3630,2720435
2077948612861170162,xxl_dump,2026-07-17T02:48:50+00:00,2026-07-18T14:28:26.183+00:00,336,2026-07-22T10:05:49.421Z,348,5,34190
2077949888545898765,xxl_dump,2026-07-17T02:53:54+00:00,2026-07-18T14:28:26.183+00:00,1767,2026-07-22T10:02:02.671Z,1808,0,11
2077950537048174932,xxl_dump,2026-07-17T02:56:29+00:00,2026-07-18T14:28:26.183+00:00,1008134,2026-07-22T10:05:49.421Z,1134730,18219,8448
2077951537259880789,xxl_dump,2026-07-17T03:00:27+00:00,2026-07-18T14:28:26.183+00:00,138,2026-07-22T10:02:02.671Z,149,15,3668
2077952251935498310,xxl_dump,2026-07-17T03:03:18+00:00,2026-07-18T14:28:26.183+00:00,81745,2026-07-22T10:05:49.421Z,82288,8113,591
2077953853002043488,xxl_dump,2026-07-17T03:09:39+00:00,2026-07-18T14:28:26.183+00:00,71,2026-07-22T10:02:02.671Z,74,3,2283
2077955691105726802,xxl_dump,2026-07-17T03:16:57+00:00,2026-07-18T14:28:26.183+00:00,52806,2026-07-22T10:02:02.671Z,56280,3397,257
2077956521363935680,xxl_dump,2026-07-17T03:20:15+00:00,2026-07-18T14:28:26.183+00:00,1320,2026-07-22T10:05:49.421Z,1430,11,992
2077957814220103758,xxl_dump,2026-07-17T03:25:24+00:00,2026-07-18T14:28:26.183+00:00,220276,2026-07-22T10:02:02.671Z,238301,26884,1031509
2077958431374553232,xxl_dump,2026-07-17T03:27:51+00:00,2026-07-18T14:28:26.183+00:00,1354,2026-07-22T10:05:49.421Z,1394,39,1131
2077959714823172183,xxl_dump,2026-07-17T03:32:57+00:00,2026-07-18T14:28:26.183+00:00,85006,2026-07-22T10:02:02.671Z,87227,368,9653328
2077960417503055981,xxl_dump,2026-07-17T03:35:44+00:00,2026-07-18T14:28:26.183+00:00,91,2026-07-22T10:05:49.421Z,91,0,699
2077961531715973269,xxl_dump,2026-07-17T03:40:10+00:00,2026-07-18T14:28:26.183+00:00,44577,2026-07-22T10:02:02.671Z,78195,381,499
2077962343007596595,xxl_dump,2026-07-17T03:43:23+00:00,2026-07-18T14:28:26.183+00:00,18757,2026-07-22T10:05:49.421Z,19277,426,621
2077963870572802342,xxl_dump,2026-07-17T03:49:28+00:00,2026-07-18T14:28:26.183+00:00,59,2026-07-22T10:02:02.671Z,65,1,834
2077964633399591282,xxl_dump,2026-07-17T03:52:29+00:00,2026-07-18T14:28:26.183+00:00,12963,2026-07-22T10:05:49.421Z,14370,967,654137
2077965986561400906,xxl_dump,2026-07-17T03:57:52+00:00,2026-07-18T14:28:26.183+00:00,7,2026-07-22T10:02:02.671Z,7,1,507
2077966640604487800,xxl_dump,2026-07-17T04:00:28+00:00,2026-07-18T14:28:26.183+00:00,50171,2026-07-22T10:05:49.421Z,56905,586,9298939
2077968118010507604,xxl_dump,2026-07-17T04:06:20+00:00,2026-07-18T14:28:26.183+00:00,26941,2026-07-22T10:02:02.671Z,27795,337,3136
2077969034423709797,xxl_dump,2026-07-17T04:09:59+00:00,2026-07-18T14:28:26.183+00:00,6365847,2026-07-22T10:05:49.421Z,6692778,30288,17746
2077970657447391723,xxl_dump,2026-07-17T04:16:26+00:00,2026-07-18T14:28:26.183+00:00,290146,2026-07-22T10:02:02.671Z,298242,4954,588255
2077971636746403972,xxl_dump,2026-07-17T04:20:19+00:00,2026-07-18T14:28:26.183+00:00,6609,2026-07-22T10:05:49.421Z,8040,60,13729
2077973272621191494,xxl_dump,2026-07-17T04:26:49+00:00,2026-07-18T14:28:26.183+00:00,2047,2026-07-22T10:02:02.671Z,2172,79,238297
2077974072882078176,xxl_dump,2026-07-17T04:30:00+00:00,2026-07-18T14:28:26.183+00:00,33349,2026-07-22T10:05:49.421Z,35070,3482,543554
2077975615873933339,xxl_dump,2026-07-17T04:36:08+00:00,2026-07-18T14:28:26.183+00:00,54,2026-07-22T10:02:02.671Z,76,1,61
2077976412242186592,xxl_dump,2026-07-17T04:39:18+00:00,2026-07-18T14:28:26.183+00:00,217,2026-07-22T10:05:49.421Z,223,15,1021
2077978132078821690,xxl_dump,2026-07-17T04:46:08+00:00,2026-07-18T14:28:26.183+00:00,42720,2026-07-22T10:02:01.714Z,44255,3901,1183172
2077978812390797817,xxl_dump,2026-07-17T04:48:50+00:00,2026-07-18T14:28:26.183+00:00,185,2026-07-22T10:05:49.421Z,198,4,6798
2077980433040412799,xxl_dump,2026-07-17T04:55:16+00:00,2026-07-18T14:28:26.183+00:00,460648,2026-07-22T10:02:01.714Z,482490,1181,2391740
2077981621886861614,xxl_dump,2026-07-17T05:00:00+00:00,2026-07-18T14:28:26.183+00:00,3490,2026-07-22T10:05:49.421Z,4162,147,26405
2077982989619724666,xxl_dump,2026-07-17T05:05:26+00:00,2026-07-18T14:28:26.183+00:00,1283,2026-07-22T10:02:01.714Z,1356,125,530
2077983979848843724,xxl_dump,2026-07-17T05:09:22+00:00,2026-07-18T14:28:26.183+00:00,4753,2026-07-22T10:05:49.421Z,4980,379,1238
2077985990308688143,xxl_dump,2026-07-17T05:17:21+00:00,2026-07-18T14:28:26.183+00:00,399,2026-07-22T10:02:01.714Z,409,7,302
2077987125098958853,xxl_dump,2026-07-17T05:21:52+00:00,2026-07-18T14:28:26.183+00:00,92,2026-07-22T10:05:49.421Z,97,3,443
2077989129296502866,xxl_dump,2026-07-17T05:29:50+00:00,2026-07-18T14:28:26.183+00:00,25,2026-07-22T10:02:01.714Z,25,1,2835
2077989755057254463,xxl_dump,2026-07-17T05:32:19+00:00,2026-07-18T14:28:26.183+00:00,282,2026-07-22T10:05:49.421Z,282,0,14
2077991868571545854,xxl_dump,2026-07-17T05:40:43+00:00,2026-07-18T14:28:26.183+00:00,2670,2026-07-22T10:02:01.714Z,2751,158,24696
2077992703833321474,xxl_dump,2026-07-17T05:44:02+00:00,2026-07-18T14:28:26.183+00:00,71699,2026-07-22T10:05:49.421Z,83482,2157,15150399
2077994422050881822,xxl_dump,2026-07-17T05:50:52+00:00,2026-07-18T14:28:26.183+00:00,139667,2026-07-22T10:02:01.714Z,148163,3561,42225288
2077995713544298726,xxl_dump,2026-07-17T05:56:00+00:00,2026-07-18T14:28:26.183+00:00,113956,2026-07-22T10:05:49.421Z,114544,1663,6861
2077998036299502012,xxl_dump,2026-07-17T06:05:13+00:00,2026-07-18T14:28:26.183+00:00,18178,2026-07-22T10:02:01.714Z,18300,23,39
2077998939073102317,xxl_dump,2026-07-17T06:08:49+00:00,2026-07-18T14:28:26.183+00:00,376634,2026-07-22T10:05:49.421Z,379358,888,16951
2078000202435133751,xxl_dump,2026-07-17T06:13:50+00:00,2026-07-18T14:28:26.183+00:00,201,2026-07-22T10:02:01.714Z,239,0,3312
2078001419819286983,xxl_dump,2026-07-17T06:18:40+00:00,2026-07-18T14:28:26.183+00:00,21197,2026-07-22T10:05:49.421Z,22187,269,336054
2078003737277460811,xxl_dump,2026-07-17T06:27:53+00:00,2026-07-18T14:28:26.183+00:00,169320,2026-07-22T10:02:01.714Z,179319,6921,578981
2078004794745098708,xxl_dump,2026-07-17T06:32:05+00:00,2026-07-18T14:28:26.183+00:00,123,2026-07-22T10:05:49.421Z,163,0,8863630
2078006816974229762,xxl_dump,2026-07-17T06:40:07+00:00,2026-07-18T14:28:26.183+00:00,5930,2026-07-22T10:02:01.714Z,6350,83,46577
2078007701590663625,xxl_dump,2026-07-17T06:43:38+00:00,2026-07-18T14:28:26.183+00:00,1027020,2026-07-22T10:05:49.421Z,1032931,16334,3859346
2078009601732304953,xxl_dump,2026-07-17T06:51:11+00:00,2026-07-18T14:28:26.183+00:00,4608,2026-07-22T10:02:01.714Z,5080,535,8646
2078010542367596551,xxl_dump,2026-07-17T06:54:55+00:00,2026-07-18T14:28:26.183+00:00,88926,2026-07-22T10:05:49.421Z,93410,3320,5928
2078012072076742948,xxl_dump,2026-07-17T07:01:00+00:00,2026-07-18T14:28:26.183+00:00,15872,2026-07-22T10:02:01.714Z,16433,256,16349
2078013144312484015,xxl_dump,2026-07-17T07:05:15+00:00,2026-07-18T14:28:26.183+00:00,24,2026-07-22T10:05:49.421Z,24,3,253
2078014911716679944,xxl_dump,2026-07-17T07:12:17+00:00,2026-07-18T14:28:26.183+00:00,498773,2026-07-22T10:02:01.714Z,506872,7251,371045
2078015601398751412,xxl_dump,2026-07-17T07:15:01+00:00,2026-07-18T14:28:26.183+00:00,258,2026-07-22T10:05:49.421Z,259,3,13
2078016991923970346,xxl_dump,2026-07-17T07:20:33+00:00,2026-07-18T14:28:26.183+00:00,29044,2026-07-22T10:02:01.714Z,29585,80,29121
2078018155436228921,xxl_dump,2026-07-17T07:25:10+00:00,2026-07-18T14:28:26.183+00:00,1018,2026-07-22T10:05:49.421Z,1294,12,3528
2078019912312738151,xxl_dump,2026-07-17T07:32:09+00:00,2026-07-18T14:28:26.183+00:00,2849,2026-07-22T10:02:01.714Z,2876,11,26598
2078020787835945244,xxl_dump,2026-07-17T07:35:38+00:00,2026-07-18T14:28:26.183+00:00,54456,2026-07-22T10:05:49.421Z,91078,238,3
2078022873617424822,xxl_dump,2026-07-17T07:43:55+00:00,2026-07-18T14:28:26.183+00:00,473,2026-07-22T10:02:01.714Z,485,0,29
2078024058982281273,xxl_dump,2026-07-17T07:48:38+00:00,2026-07-18T14:28:26.183+00:00,231,2026-07-22T10:05:49.421Z,267,5,1410
2078025884733251588,xxl_dump,2026-07-17T07:55:53+00:00,2026-07-18T14:28:26.183+00:00,35832,2026-07-22T10:02:01.714Z,36992,35,18444102
2078026855957844036,xxl_dump,2026-07-17T07:59:44+00:00,2026-07-18T14:28:26.183+00:00,11996,2026-07-22T10:05:49.421Z,17476,2725,27
2078028338166190189,xxl_dump,2026-07-17T08:05:38+00:00,2026-07-18T14:28:26.183+00:00,81974,2026-07-22T10:02:01.714Z,105266,792,15363
2078029097020621118,xxl_dump,2026-07-17T08:08:39+00:00,2026-07-18T14:28:26.183+00:00,20,2026-07-22T10:05:49.421Z,24,1,1130
2078030797123342659,xxl_dump,2026-07-17T08:15:24+00:00,2026-07-18T14:28:26.183+00:00,96,2026-07-22T10:02:01.714Z,97,1,10
2078031573455098256,xxl_dump,2026-07-17T08:18:29+00:00,2026-07-18T14:28:26.183+00:00,11424,2026-07-22T10:05:49.421Z,13031,196,68746
2078033448338354250,xxl_dump,2026-07-17T08:25:56+00:00,2026-07-18T14:28:26.183+00:00,10366,2026-07-22T10:02:01.714Z,10609,120,1374
2078034051525669313,xxl_dump,2026-07-17T08:28:20+00:00,2026-07-18T14:28:26.183+00:00,8,2026-07-22T10:05:49.421Z,8,0,1443
2078035860453540133,xxl_dump,2026-07-17T08:35:31+00:00,2026-07-18T14:28:26.183+00:00,1995,2026-07-22T10:02:01.714Z,2044,1,201
2078036854335533490,xxl_dump,2026-07-17T08:39:28+00:00,2026-07-18T14:28:26.183+00:00,249226,2026-07-22T10:05:49.421Z,261587,1197,1718056
2078038968025985437,xxl_dump,2026-07-17T08:47:52+00:00,2026-07-18T14:28:26.183+00:00,1401,2026-07-22T10:02:01.714Z,1449,32,165
2078040054446907434,xxl_dump,2026-07-17T08:52:11+00:00,2026-07-18T14:28:26.183+00:00,11,2026-07-22T10:05:49.421Z,11,2,8863631
2078041866000314414,xxl_dump,2026-07-17T08:59:23+00:00,2026-07-18T14:28:26.183+00:00,154799,2026-07-22T10:02:01.714Z,163365,1733,6842840
2078042340694921680,xxl_dump,2026-07-17T09:01:16+00:00,2026-07-18T14:28:26.183+00:00,176,2026-07-22T10:05:49.421Z,200,39,87
2078043864099627231,xxl_dump,2026-07-17T09:07:20+00:00,2026-07-18T14:28:26.183+00:00,154,2026-07-22T10:02:01.714Z,160,10,518
2078044610023027088,xxl_dump,2026-07-17T09:10:17+00:00,2026-07-18T14:28:26.183+00:00,554,2026-07-22T10:05:49.421Z,563,21,22837
2078046432976941424,xxl_dump,2026-07-17T09:17:32+00:00,2026-07-18T14:28:26.183+00:00,5607,2026-07-22T10:02:01.714Z,5896,21,57
2078047248592802293,xxl_dump,2026-07-17T09:20:46+00:00,2026-07-18T14:28:26.183+00:00,9144,2026-07-22T10:05:49.421Z,9455,386,51619
2078048753265578073,xxl_dump,2026-07-17T09:26:45+00:00,2026-07-18T14:28:26.183+00:00,28,2026-07-22T10:02:01.714Z,33,1,2631
2078049640101097903,xxl_dump,2026-07-17T09:30:17+00:00,2026-07-18T14:28:26.183+00:00,11,2026-07-22T10:05:49.421Z,13,0,8
2078051156626972797,xxl_dump,2026-07-17T09:36:18+00:00,2026-07-18T14:28:26.183+00:00,27,2026-07-22T10:02:01.714Z,32,2,376
2078052232927604746,xxl_dump,2026-07-17T09:40:35+00:00,2026-07-18T14:28:26.183+00:00,1885,2026-07-22T10:05:49.421Z,1961,238,5261
2078053542540034386,xxl_dump,2026-07-17T09:45:47+00:00,2026-07-18T14:28:26.183+00:00,23,2026-07-22T10:02:01.714Z,24,1,2565
2078054488741396869,xxl_dump,2026-07-17T09:49:33+00:00,2026-07-18T14:28:26.183+00:00,456187,2026-07-22T10:05:49.421Z,481163,10029,94383
2078055959155642736,xxl_dump,2026-07-17T09:55:23+00:00,2026-07-18T14:28:26.183+00:00,50801,2026-07-22T10:02:01.714Z,53049,2369,3318
2078056746040332767,xxl_dump,2026-07-17T09:58:31+00:00,2026-07-18T14:28:26.183+00:00,20683,2026-07-22T10:05:49.421Z,30319,2391,370
2078058216777289801,xxl_dump,2026-07-17T10:04:21+00:00,2026-07-18T14:28:26.183+00:00,5099,2026-07-22T10:02:01.714Z,5903,72,21978
2078059156846911492,xxl_dump,2026-07-17T10:08:06+00:00,2026-07-18T14:28:26.183+00:00,11,2026-07-22T10:05:49.421Z,11,0,1977
2078060769795838005,xxl_dump,2026-07-17T10:14:30+00:00,2026-07-18T14:28:26.183+00:00,276,2026-07-22T10:02:01.714Z,389,48,502
2078061674880483717,xxl_dump,2026-07-17T10:18:06+00:00,2026-07-18T14:28:26.183+00:00,30,2026-07-22T10:05:49.421Z,43,1,1158
2078063403822633444,xxl_dump,2026-07-17T10:24:58+00:00,2026-07-18T14:28:26.183+00:00,664,2026-07-22T10:02:01.714Z,746,69,1680
2078064148252893188,xxl_dump,2026-07-17T10:27:56+00:00,2026-07-18T14:28:26.183+00:00,58,2026-07-22T10:05:49.421Z,75,0,399
2078065723037949966,xxl_dump,2026-07-17T10:34:11+00:00,2026-07-18T14:28:26.183+00:00,328818,2026-07-22T10:02:01.714Z,395445,3003,1951789
2078066630609834264,xxl_dump,2026-07-17T10:37:48+00:00,2026-07-18T14:28:26.183+00:00,95,2026-07-22T10:05:48.608Z,105,11,2354
2078067886782857228,xxl_dump,2026-07-17T10:42:47+00:00,2026-07-18T14:28:26.183+00:00,81,2026-07-22T10:02:01.714Z,82,1,39
2078068597285597269,xxl_dump,2026-07-17T10:45:36+00:00,2026-07-18T14:28:26.183+00:00,323,2026-07-22T10:05:48.608Z,336,14,1039
2078070080039207150,xxl_dump,2026-07-17T10:51:30+00:00,2026-07-18T14:28:26.183+00:00,28369,2026-07-22T10:02:01.714Z,28788,102,48
2078070989141725592,xxl_dump,2026-07-17T10:55:07+00:00,2026-07-18T14:28:26.183+00:00,250777,2026-07-22T10:05:48.608Z,290757,6440,1115034
2078072266735124777,xxl_dump,2026-07-17T11:00:11+00:00,2026-07-18T14:28:26.183+00:00,5554,2026-07-22T10:02:01.714Z,6728,83,4113
2078072950692122989,xxl_dump,2026-07-17T11:02:54+00:00,2026-07-18T14:28:26.183+00:00,73187,2026-07-22T10:05:48.608Z,88044,657,10638
2078074132885880961,xxl_dump,2026-07-17T11:07:36+00:00,2026-07-18T14:28:26.183+00:00,2846,2026-07-22T10:02:01.714Z,2983,18,3526
2078075074632876208,xxl_dump,2026-07-17T11:11:21+00:00,2026-07-18T14:28:26.183+00:00,13,2026-07-22T10:05:48.608Z,18,0,211
2078076482501398784,xxl_dump,2026-07-17T11:16:56+00:00,2026-07-18T14:28:26.183+00:00,41603,2026-07-22T10:02:01.714Z,43879,263,196605
2078077059155574972,xxl_dump,2026-07-17T11:19:14+00:00,2026-07-18T14:28:26.183+00:00,32,2026-07-22T10:05:48.608Z,39,0,1
2078078384916058467,xxl_dump,2026-07-17T11:24:30+00:00,2026-07-18T14:28:26.183+00:00,23,2026-07-22T10:02:01.714Z,26,0,22
2078079069758050556,xxl_dump,2026-07-17T11:27:13+00:00,2026-07-18T14:28:26.183+00:00,1023,2026-07-22T10:05:48.608Z,1561,49,10216
2078080088307089844,xxl_dump,2026-07-17T11:31:16+00:00,2026-07-18T14:28:26.183+00:00,16104,2026-07-22T10:02:01.714Z,16278,114,9443
2078080785534378274,xxl_dump,2026-07-17T11:34:02+00:00,2026-07-18T14:28:26.183+00:00,2041,2026-07-22T10:05:48.608Z,2277,84,1
2078081973180923926,xxl_dump,2026-07-17T11:38:45+00:00,2026-07-18T14:28:26.183+00:00,7,2026-07-22T10:02:01.714Z,8,0,22
2078082541731361192,xxl_dump,2026-07-17T11:41:01+00:00,2026-07-18T14:28:26.183+00:00,6632,2026-07-22T10:05:48.608Z,11109,752,7031
2078083851793162462,xxl_dump,2026-07-17T11:46:13+00:00,2026-07-18T14:28:26.183+00:00,12624,2026-07-22T10:02:01.714Z,13528,39,24517
2078084519555465308,xxl_dump,2026-07-17T11:48:53+00:00,2026-07-18T14:28:26.183+00:00,6904,2026-07-22T10:05:48.608Z,7078,1014,226526
2078086324146323905,xxl_dump,2026-07-17T11:56:03+00:00,2026-07-18T14:28:26.183+00:00,2678,2026-07-22T10:02:01.714Z,2806,39,73874
2078087118983663712,xxl_dump,2026-07-17T11:59:12+00:00,2026-07-18T14:28:26.183+00:00,36,2026-07-22T10:05:48.608Z,36,2,209
2078088039113367672,xxl_dump,2026-07-17T12:02:52+00:00,2026-07-18T14:28:26.183+00:00,144091,2026-07-22T10:02:01.714Z,150400,75,130
2078088587917275625,xxl_dump,2026-07-17T12:05:03+00:00,2026-07-18T14:28:26.183+00:00,7,2026-07-22T10:05:48.608Z,8,0,350
2078089754818597106,xxl_dump,2026-07-17T12:09:41+00:00,2026-07-18T14:28:26.183+00:00,8,2026-07-22T10:02:01.714Z,9,1,3873
2078090343073849599,xxl_dump,2026-07-17T12:12:01+00:00,2026-07-18T14:28:26.183+00:00,821,2026-07-22T10:05:48.608Z,821,2,244
2078091319151366647,xxl_dump,2026-07-17T12:15:54+00:00,2026-07-18T14:28:26.183+00:00,52,2026-07-22T10:02:01.714Z,54,1,127
2078092166342312010,xxl_dump,2026-07-17T12:19:16+00:00,2026-07-18T14:28:26.183+00:00,4381,2026-07-22T10:05:48.608Z,4903,28,3579
2078093378168791132,xxl_dump,2026-07-17T12:24:05+00:00,2026-07-18T14:28:26.183+00:00,11696,2026-07-22T10:02:01.714Z,12220,382,35270
2078094023886057770,xxl_dump,2026-07-17T12:26:39+00:00,2026-07-18T14:28:26.183+00:00,28,2026-07-22T10:05:48.608Z,34,1,3801
2078095254264443248,xxl_dump,2026-07-17T12:31:32+00:00,2026-07-18T14:28:26.183+00:00,66460,2026-07-22T10:02:01.714Z,79932,3152,136131
2078095756586877079,xxl_dump,2026-07-17T12:33:32+00:00,2026-07-18T14:28:26.183+00:00,156085,2026-07-22T10:05:48.608Z,183517,12789,174951
2078097043952644360,xxl_dump,2026-07-17T12:38:39+00:00,2026-07-18T14:28:26.183+00:00,68078,2026-07-22T10:02:01.714Z,70215,393,736391
2078097829239656724,xxl_dump,2026-07-17T12:41:46+00:00,2026-07-18T14:28:26.183+00:00,11744,2026-07-22T10:05:48.608Z,26721,57,61
2078099127620030963,xxl_dump,2026-07-17T12:46:55+00:00,2026-07-18T14:28:26.183+00:00,444,2026-07-22T10:02:01.714Z,484,9,10386
2078099732434391141,xxl_dump,2026-07-17T12:49:20+00:00,2026-07-18T14:28:26.183+00:00,39889,2026-07-22T10:05:48.608Z,40521,3907,138535
2078100931640467858,xxl_dump,2026-07-17T12:54:06+00:00,2026-07-18T14:28:26.183+00:00,777950,2026-07-22T10:02:01.714Z,1090773,11561,7080918
2078101689069101461,xxl_dump,2026-07-17T12:57:06+00:00,2026-07-18T14:28:26.183+00:00,415,2026-07-22T10:05:48.608Z,529,4,96
2078102640018235749,xxl_dump,2026-07-17T13:00:53+00:00,2026-07-18T14:28:26.183+00:00,13296,2026-07-22T10:02:01.714Z,13490,296,4060
2078103112217149869,xxl_dump,2026-07-17T13:02:45+00:00,2026-07-18T14:28:26.183+00:00,80,2026-07-22T10:05:48.608Z,110,6,54
2078104359661961398,xxl_dump,2026-07-17T13:07:43+00:00,2026-07-18T14:28:26.183+00:00,21651,2026-07-22T10:02:01.714Z,22266,34,963031
2078104966309273925,xxl_dump,2026-07-17T13:10:07+00:00,2026-07-18T14:28:26.183+00:00,11398,2026-07-22T10:05:48.608Z,12056,400,1870
2078106333799399795,xxl_dump,2026-07-17T13:15:33+00:00,2026-07-18T14:28:26.183+00:00,15393,2026-07-22T10:02:01.714Z,25151,750,23022
2078106731188486411,xxl_dump,2026-07-17T13:17:08+00:00,2026-07-18T14:28:26.183+00:00,9428,2026-07-22T10:05:48.608Z,13867,79,121785
2078107556614963588,xxl_dump,2026-07-17T13:20:25+00:00,2026-07-18T14:28:26.183+00:00,4005735,2026-07-22T10:02:01.714Z,4038504,2342,8867
2078108314659926049,xxl_dump,2026-07-17T13:23:26+00:00,2026-07-18T14:28:26.183+00:00,10616,2026-07-22T10:05:48.608Z,15192,12,448
2078109221644546540,xxl_dump,2026-07-17T13:27:02+00:00,2026-07-18T14:28:26.183+00:00,7989,2026-07-22T10:02:01.714Z,8986,148,286669
2078109715394088984,xxl_dump,2026-07-17T13:29:00+00:00,2026-07-18T14:28:26.183+00:00,5017,2026-07-22T10:05:48.608Z,5276,255,14780
2078110549410242590,xxl_dump,2026-07-17T13:32:19+00:00,2026-07-18T14:28:26.183+00:00,131894,2026-07-22T10:02:01.714Z,827081,37107,13874
2078110948892545520,xxl_dump,2026-07-17T13:33:54+00:00,2026-07-18T14:28:26.183+00:00,10663,2026-07-22T10:05:48.608Z,12047,186,149748
2078112002363343146,xxl_dump,2026-07-17T13:38:05+00:00,2026-07-18T14:28:26.183+00:00,9,2026-07-22T10:02:01.714Z,11,1,552
2078112518237507674,xxl_dump,2026-07-17T13:40:08+00:00,2026-07-18T14:28:26.183+00:00,250160,2026-07-22T10:05:48.608Z,377337,30990,64249
2078113541677060162,xxl_dump,2026-07-17T13:44:12+00:00,2026-07-18T14:28:26.183+00:00,11,2026-07-22T10:02:01.714Z,11,2,260
2078113974093037958,xxl_dump,2026-07-17T13:45:55+00:00,2026-07-18T14:28:26.183+00:00,3,2026-07-22T10:05:48.608Z,5,0,117
2078115168039403589,xxl_dump,2026-07-17T13:50:40+00:00,2026-07-18T14:28:26.183+00:00,777,2026-07-22T10:02:01.714Z,828,11,112762
2078115848410046602,xxl_dump,2026-07-17T13:53:22+00:00,2026-07-18T14:28:26.183+00:00,36594,2026-07-22T10:05:48.608Z,37294,765,43429
2078116893257244983,xxl_dump,2026-07-17T13:57:31+00:00,2026-07-18T14:28:26.183+00:00,34025,2026-07-22T10:02:01.714Z,50435,3234,1259676
2078117306727637423,xxl_dump,2026-07-17T13:59:10+00:00,2026-07-18T14:28:26.183+00:00,178,2026-07-22T10:05:48.608Z,214,5,2076
2078118522841161939,xxl_dump,2026-07-17T14:04:00+00:00,2026-07-18T14:28:26.183+00:00,90,2026-07-22T10:02:01.714Z,96,2,425
2078118954694795712,xxl_dump,2026-07-17T14:05:43+00:00,2026-07-18T14:28:26.183+00:00,61915,2026-07-22T10:05:48.608Z,68635,1211,1049935
2078119944621838832,xxl_dump,2026-07-17T14:09:39+00:00,2026-07-18T14:28:26.183+00:00,118588,2026-07-22T10:02:01.714Z,123156,2849,1719
2078120450287407191,xxl_dump,2026-07-17T14:11:39+00:00,2026-07-18T14:28:26.183+00:00,555,2026-07-22T10:05:48.608Z,609,3,417
2078121686478561610,xxl_dump,2026-07-17T14:16:34+00:00,2026-07-18T14:28:26.183+00:00,510,2026-07-22T10:02:01.714Z,522,47,3824
2078122228416467088,xxl_dump,2026-07-17T14:18:43+00:00,2026-07-18T14:28:26.183+00:00,156,2026-07-22T10:05:48.608Z,182,1,413
2078123273720652021,xxl_dump,2026-07-17T14:22:52+00:00,2026-07-18T14:28:26.183+00:00,372938,2026-07-22T10:02:01.714Z,392751,3975,1602106
2078123675652411728,xxl_dump,2026-07-17T14:24:28+00:00,2026-07-18T14:28:26.183+00:00,2622,2026-07-22T10:05:48.608Z,2753,83,12697
2078124677755437200,xxl_dump,2026-07-17T14:28:27+00:00,2026-07-18T14:28:26.183+00:00,35,2026-07-22T10:02:01.714Z,47,0,6723
2078125086255485204,xxl_dump,2026-07-17T14:30:04+00:00,2026-07-18T14:28:26.183+00:00,26,2026-07-22T10:05:48.608Z,40,3,415
2078125418893267151,xxl_dump,2026-07-17T14:31:24+00:00,2026-07-18T14:28:26.183+00:00,9357,2026-07-22T10:05:51.148Z,99327,4454,61075
2078125914664149255,xxl_dump,2026-07-17T14:33:22+00:00,2026-07-18T14:28:26.183+00:00,8820,2026-07-22T10:02:01.714Z,9525,50,43059
2078126454328664348,xxl_dump,2026-07-17T14:35:31+00:00,2026-07-18T14:28:26.183+00:00,36751,2026-07-22T10:05:48.608Z,41998,1613,78635
2078126929153011831,xxl_dump,2026-07-17T14:37:24+00:00,2026-07-18T14:28:26.183+00:00,34840,2026-07-22T10:05:51.148Z,36423,83,45475
2078127335820141049,xxl_dump,2026-07-17T14:39:01+00:00,2026-07-18T14:28:26.183+00:00,5,2026-07-22T10:02:01.714Z,6,0,155
2078127905251500115,xxl_dump,2026-07-17T14:41:17+00:00,2026-07-18T14:28:26.183+00:00,51,2026-07-22T10:05:48.608Z,52,1,2122
2078128399583793349,xxl_dump,2026-07-17T14:43:14+00:00,2026-07-18T14:28:26.183+00:00,10962,2026-07-22T10:05:51.148Z,11481,1988,283220
2078128817663824268,xxl_dump,2026-07-17T14:44:54+00:00,2026-07-18T14:28:26.183+00:00,2776125,2026-07-22T10:02:01.714Z,4673361,12882,83442
2078129316265922639,xxl_dump,2026-07-17T14:46:53+00:00,2026-07-18T14:28:26.183+00:00,2118,2026-07-22T10:05:48.608Z,2317,55,6185
2078129734706241831,xxl_dump,2026-07-17T14:48:33+00:00,2026-07-18T14:28:26.183+00:00,58,2026-07-22T10:05:51.148Z,80,1,29
2078130144557043906,xxl_dump,2026-07-17T14:50:10+00:00,2026-07-18T14:28:26.183+00:00,399,2026-07-22T10:02:01.714Z,511,14,2338
2078130519015911673,xxl_dump,2026-07-17T14:51:40+00:00,2026-07-18T14:28:26.183+00:00,74912,2026-07-22T10:05:48.608Z,88201,3885,1950600
2078130985317614067,xxl_dump,2026-07-17T14:53:31+00:00,2026-07-18T14:28:26.183+00:00,42,2026-07-22T10:05:51.148Z,61,1,245
2078131514861133900,xxl_dump,2026-07-17T14:55:37+00:00,2026-07-18T14:28:26.183+00:00,119,2026-07-22T10:02:01.714Z,129,0,84
2078132181017268497,xxl_dump,2026-07-17T14:58:16+00:00,2026-07-18T14:28:26.183+00:00,121,2026-07-22T10:05:48.608Z,133,3,19283
2078132626804633712,xxl_dump,2026-07-17T15:00:02+00:00,2026-07-18T14:28:26.183+00:00,110414,2026-07-22T10:05:51.148Z,392266,13440,57627
2078133107476078896,xxl_dump,2026-07-17T15:01:57+00:00,2026-07-18T14:28:26.183+00:00,6734,2026-07-22T10:02:01.714Z,6953,209,370234
2078133566010171632,xxl_dump,2026-07-17T15:03:46+00:00,2026-07-18T14:28:26.183+00:00,9319,2026-07-22T10:05:48.608Z,10978,158,23661
2078134014309777884,xxl_dump,2026-07-17T15:05:33+00:00,2026-07-18T14:28:26.183+00:00,206266,2026-07-22T10:05:51.148Z,418558,10511,68692
2078134409748689113,xxl_dump,2026-07-17T15:07:07+00:00,2026-07-18T14:28:26.183+00:00,1083,2026-07-22T10:02:01.714Z,1242,91,2574
2078134981537214700,xxl_dump,2026-07-17T15:09:24+00:00,2026-07-18T14:28:26.183+00:00,13495,2026-07-22T10:05:48.608Z,13774,431,1280
2078135517347303659,xxl_dump,2026-07-17T15:11:31+00:00,2026-07-18T14:28:26.183+00:00,36,2026-07-22T10:05:51.148Z,36,1,41
2078135941915377869,xxl_dump,2026-07-17T15:13:13+00:00,2026-07-18T14:28:26.183+00:00,37,2026-07-22T10:02:01.714Z,38,0,681
2078136449476472940,xxl_dump,2026-07-17T15:15:14+00:00,2026-07-18T14:28:26.183+00:00,54417,2026-07-22T10:05:48.608Z,57016,869,870642
2078136883704385563,xxl_dump,2026-07-17T15:16:57+00:00,2026-07-18T14:28:26.183+00:00,681,2026-07-22T10:05:51.148Z,702,39,21032
2078137288341471438,xxl_dump,2026-07-17T15:18:34+00:00,2026-07-18T14:28:26.183+00:00,439,2026-07-22T10:02:01.714Z,554,5,470
2078137768518058081,xxl_dump,2026-07-17T15:20:28+00:00,2026-07-18T14:28:26.183+00:00,8116,2026-07-22T10:05:48.608Z,9646,192,508425
2078138180037943462,xxl_dump,2026-07-17T15:22:06+00:00,2026-07-18T14:28:26.183+00:00,26267,2026-07-22T10:05:51.148Z,38844,131,125219
2078138673980145972,xxl_dump,2026-07-17T15:24:04+00:00,2026-07-18T14:28:26.183+00:00,181,2026-07-22T10:02:01.714Z,289,7,9218
2078139035592122616,xxl_dump,2026-07-17T15:25:30+00:00,2026-07-18T14:28:26.183+00:00,11459,2026-07-22T10:05:48.608Z,12716,226,112889
2078139562514141640,xxl_dump,2026-07-17T15:27:36+00:00,2026-07-18T14:28:26.183+00:00,20,2026-07-22T10:05:51.148Z,21,0,527
2078140166426984856,xxl_dump,2026-07-17T15:30:00+00:00,2026-07-18T14:28:26.183+00:00,524724,2026-07-22T10:02:01.714Z,542448,8886,3194224
2078140717814493289,xxl_dump,2026-07-17T15:32:11+00:00,2026-07-18T14:28:26.183+00:00,5529,2026-07-22T10:05:48.608Z,5866,353,332452
2078141240730697945,xxl_dump,2026-07-17T15:34:16+00:00,2026-07-18T14:28:26.183+00:00,282375,2026-07-22T10:05:51.148Z,292880,6030,1772774
2078141665945260085,xxl_dump,2026-07-17T15:35:57+00:00,2026-07-18T14:28:26.183+00:00,3979,2026-07-22T10:02:01.714Z,4020,21,4307
2078142156087181588,xxl_dump,2026-07-17T15:37:54+00:00,2026-07-18T14:28:26.183+00:00,163,2026-07-22T10:05:48.608Z,378,3,6368
2078142684154507612,xxl_dump,2026-07-17T15:40:00+00:00,2026-07-18T14:28:26.183+00:00,3307,2026-07-22T10:05:51.148Z,3785,18,70983
2078143300112880006,xxl_dump,2026-07-17T15:42:27+00:00,2026-07-18T14:28:26.183+00:00,86269,2026-07-22T10:02:01.714Z,109327,1874,306
2078143765974224985,xxl_dump,2026-07-17T15:44:18+00:00,2026-07-18T14:28:26.183+00:00,19,2026-07-22T10:05:48.608Z,31,0,696
2078144177293148476,xxl_dump,2026-07-17T15:45:56+00:00,2026-07-18T14:28:26.183+00:00,37279,2026-07-22T10:05:51.148Z,53333,613,54014
2078144527379099684,xxl_dump,2026-07-17T15:47:20+00:00,2026-07-18T14:28:26.183+00:00,115120,2026-07-22T10:02:01.714Z,127210,2604,160044
2078144967503925677,xxl_dump,2026-07-17T15:49:04+00:00,2026-07-18T14:28:26.183+00:00,1575190,2026-07-22T10:05:48.608Z,2338928,59128,4757014
2078145434371920113,xxl_dump,2026-07-17T15:50:56+00:00,2026-07-18T14:28:26.183+00:00,25,2026-07-22T10:05:51.148Z,31,0,22
2078145953253765570,xxl_dump,2026-07-17T15:52:59+00:00,2026-07-18T14:28:26.183+00:00,81,2026-07-22T10:02:01.714Z,112,2,384
2078146478749467133,xxl_dump,2026-07-17T15:55:05+00:00,2026-07-18T14:28:26.183+00:00,1667,2026-07-22T10:05:48.608Z,35906,1370,2151
2078146941343719773,xxl_dump,2026-07-17T15:56:55+00:00,2026-07-18T14:28:26.183+00:00,35577,2026-07-22T10:05:51.148Z,39547,37,389
2078147430449664087,xxl_dump,2026-07-17T15:58:52+00:00,2026-07-18T14:28:26.183+00:00,79704,2026-07-22T10:02:01.714Z,132370,257,8708
2078147733093863703,xxl_dump,2026-07-17T16:00:04+00:00,2026-07-18T14:28:26.183+00:00,35198,2026-07-22T10:05:48.608Z,39167,744,161783
2078148306979496419,xxl_dump,2026-07-17T16:02:21+00:00,2026-07-18T14:28:26.183+00:00,3167,2026-07-22T10:05:51.148Z,3351,186,5663
2078148692826005646,xxl_dump,2026-07-17T16:03:53+00:00,2026-07-18T14:28:26.183+00:00,1719,2026-07-22T10:02:01.714Z,1835,110,44599
2078149279936385263,xxl_dump,2026-07-17T16:06:13+00:00,2026-07-18T14:28:26.183+00:00,9266,2026-07-22T10:05:48.608Z,10385,34,813738
2078149749723578415,xxl_dump,2026-07-17T16:08:05+00:00,2026-07-18T14:28:26.183+00:00,193050,2026-07-22T10:05:51.148Z,207745,831,170
2078150237428867083,xxl_dump,2026-07-17T16:10:01+00:00,2026-07-18T14:28:26.183+00:00,13,2026-07-22T10:02:01.714Z,19,0,128
2078150847620690193,xxl_dump,2026-07-17T16:12:26+00:00,2026-07-18T14:28:26.183+00:00,952,2026-07-22T10:05:48.608Z,1189,25,5808
2078151239012147539,xxl_dump,2026-07-17T16:14:00+00:00,2026-07-18T14:28:26.183+00:00,85237,2026-07-22T10:05:51.148Z,101638,250,402441
2078151759877345567,xxl_dump,2026-07-17T16:16:04+00:00,2026-07-18T14:28:26.183+00:00,398,2026-07-22T10:02:01.714Z,431,10,60588
2078152279648051596,xxl_dump,2026-07-17T16:18:08+00:00,2026-07-18T14:28:26.183+00:00,7191684,2026-07-22T10:05:48.608Z,8411299,224060,28335591
2078152781429420124,xxl_dump,2026-07-17T16:20:07+00:00,2026-07-18T14:28:26.183+00:00,55,2026-07-22T10:05:51.148Z,61,0,661
2078153291385491849,xxl_dump,2026-07-17T16:22:09+00:00,2026-07-18T14:28:26.183+00:00,3809,2026-07-22T10:02:01.714Z,4987,35,14376
2078153845801140557,xxl_dump,2026-07-17T16:24:21+00:00,2026-07-18T14:28:26.183+00:00,3671,2026-07-22T10:05:48.608Z,4298,57,55
2078154416213893531,xxl_dump,2026-07-17T16:26:37+00:00,2026-07-18T14:28:26.183+00:00,70,2026-07-22T10:05:51.148Z,77,1,57
2078154972139503687,xxl_dump,2026-07-17T16:28:50+00:00,2026-07-18T14:28:26.183+00:00,874450,2026-07-22T10:02:01.714Z,1285472,7596,526516
2078155359844532321,xxl_dump,2026-07-17T16:30:22+00:00,2026-07-18T14:28:26.183+00:00,1489,2026-07-22T10:05:48.608Z,1706,105,30294
2078155918152192213,xxl_dump,2026-07-17T16:32:35+00:00,2026-07-18T14:28:26.183+00:00,107675,2026-07-22T10:05:51.148Z,122000,392,996847
2078156457858757064,xxl_dump,2026-07-17T16:34:44+00:00,2026-07-18T14:28:26.183+00:00,218954,2026-07-22T10:02:01.714Z,230896,145,37044
2078156922738409863,xxl_dump,2026-07-17T16:36:35+00:00,2026-07-18T14:28:26.183+00:00,482235,2026-07-22T10:05:48.608Z,642037,7051,85548
2078157227932741973,xxl_dump,2026-07-17T16:37:48+00:00,2026-07-18T14:28:26.183+00:00,413,2026-07-22T10:05:51.148Z,443,0,382
2078157751461802076,xxl_dump,2026-07-17T16:39:52+00:00,2026-07-18T14:28:26.183+00:00,15794,2026-07-22T10:02:01.714Z,16721,1030,2137
2078158137341727133,xxl_dump,2026-07-17T16:41:24+00:00,2026-07-18T14:28:26.183+00:00,137,2026-07-22T10:05:48.608Z,144,7,1183
2078158609490301329,xxl_dump,2026-07-17T16:43:17+00:00,2026-07-18T14:28:26.183+00:00,18925,2026-07-22T10:05:51.148Z,20492,876,311894
2078159032607551530,xxl_dump,2026-07-17T16:44:58+00:00,2026-07-18T14:28:26.183+00:00,14,2026-07-22T10:02:01.714Z,15,1,1819
2078159494966661536,xxl_dump,2026-07-17T16:46:48+00:00,2026-07-18T14:28:26.183+00:00,3452,2026-07-22T10:05:48.608Z,3667,338,45763
2078160027047624856,xxl_dump,2026-07-17T16:48:55+00:00,2026-07-18T14:28:26.183+00:00,4,2026-07-22T10:05:51.148Z,4,0,447
2078160516602646786,xxl_dump,2026-07-17T16:50:52+00:00,2026-07-18T14:28:26.183+00:00,35563,2026-07-22T10:02:01.714Z,36250,2,3
2078161084410708128,xxl_dump,2026-07-17T16:53:07+00:00,2026-07-18T14:28:26.183+00:00,45,2026-07-22T10:05:48.608Z,54,3,245
2078161646992720330,xxl_dump,2026-07-17T16:55:21+00:00,2026-07-18T14:28:26.183+00:00,1239,2026-07-22T10:05:51.148Z,1374,92,60156
2078162189815353596,xxl_dump,2026-07-17T16:57:31+00:00,2026-07-18T14:28:26.183+00:00,20553,2026-07-22T10:02:01.714Z,29038,619,70903
2078162697389035779,xxl_dump,2026-07-17T16:59:32+00:00,2026-07-18T14:28:26.183+00:00,70250,2026-07-22T10:05:48.608Z,80615,13261,4397
2078163207705997792,xxl_dump,2026-07-17T17:01:33+00:00,2026-07-18T14:28:26.183+00:00,20471,2026-07-22T10:05:51.148Z,23369,395,10638
2078163609683923316,xxl_dump,2026-07-17T17:03:09+00:00,2026-07-18T14:28:26.183+00:00,153,2026-07-22T10:02:01.714Z,153,3,307
2078164170843750787,xxl_dump,2026-07-17T17:05:23+00:00,2026-07-18T14:28:26.183+00:00,134618,2026-07-22T10:05:48.608Z,145732,8667,1478479
2078164631827439853,xxl_dump,2026-07-17T17:07:13+00:00,2026-07-18T14:28:26.183+00:00,279,2026-07-22T10:05:51.148Z,333,8,5544
2078165303301714337,xxl_dump,2026-07-17T17:09:53+00:00,2026-07-18T14:28:26.183+00:00,927,2026-07-22T10:02:01.714Z,1044,35,335
2078165638070010016,xxl_dump,2026-07-17T17:11:13+00:00,2026-07-18T14:28:26.183+00:00,16,2026-07-22T10:05:48.608Z,63,1,95
2078166111393083857,xxl_dump,2026-07-17T17:13:06+00:00,2026-07-18T14:28:26.183+00:00,83,2026-07-22T10:05:51.148Z,88,1,1630
2078166590064046315,xxl_dump,2026-07-17T17:15:00+00:00,2026-07-18T14:28:26.183+00:00,3154112,2026-07-22T10:02:01.714Z,4774499,14402,45816665
2078167095809102215,xxl_dump,2026-07-17T17:17:00+00:00,2026-07-18T14:28:26.183+00:00,6108,2026-07-22T10:05:48.608Z,7606,551,54247
2078167540275249452,xxl_dump,2026-07-17T17:18:46+00:00,2026-07-18T14:28:26.183+00:00,99761,2026-07-22T10:05:51.148Z,103683,999,1151133
2078167922024100209,xxl_dump,2026-07-17T17:20:17+00:00,2026-07-18T14:28:26.183+00:00,30190,2026-07-22T10:02:01.714Z,35396,317,170637
2078168480281473397,xxl_dump,2026-07-17T17:22:30+00:00,2026-07-18T14:28:26.183+00:00,243,2026-07-22T10:05:48.608Z,252,21,382
2078168867348590868,xxl_dump,2026-07-17T17:24:03+00:00,2026-07-18T14:28:26.183+00:00,6,2026-07-22T10:05:51.148Z,6,0,131
2078169297176637739,xxl_dump,2026-07-17T17:25:45+00:00,2026-07-18T14:28:26.183+00:00,802,2026-07-22T10:02:01.714Z,846,1,685
2078169693978755442,xxl_dump,2026-07-17T17:27:20+00:00,2026-07-18T14:28:26.183+00:00,148535,2026-07-22T10:05:48.608Z,158470,1117,1772773
2078170178391867839,xxl_dump,2026-07-17T17:29:15+00:00,2026-07-18T14:28:26.183+00:00,2479,2026-07-22T10:05:51.148Z,27937,62,10955
2078170793725309107,xxl_dump,2026-07-17T17:31:42+00:00,2026-07-18T14:28:26.183+00:00,24,2026-07-22T10:02:01.714Z,24,0,131
2078171366751355132,xxl_dump,2026-07-17T17:33:59+00:00,2026-07-18T14:28:26.183+00:00,252256,2026-07-22T10:05:48.608Z,306562,9930,1275208
2078171892574499005,xxl_dump,2026-07-17T17:36:04+00:00,2026-07-18T14:28:26.183+00:00,386300,2026-07-22T10:05:51.148Z,454818,8363,2127
2078172382359859385,xxl_dump,2026-07-17T17:38:01+00:00,2026-07-18T14:28:26.183+00:00,66,2026-07-22T10:02:01.714Z,79,8,44
2078172859730473171,xxl_dump,2026-07-17T17:39:55+00:00,2026-07-18T14:28:26.183+00:00,45563,2026-07-22T10:05:48.608Z,64100,2226,154985
2078173531355951499,xxl_dump,2026-07-17T17:42:35+00:00,2026-07-18T14:28:26.183+00:00,15,2026-07-22T10:05:51.148Z,15,0,154
2078174202490736872,xxl_dump,2026-07-17T17:45:15+00:00,2026-07-18T14:28:26.183+00:00,8955,2026-07-22T10:02:00.901Z,9047,17,70787
2078174658164400320,xxl_dump,2026-07-17T17:47:03+00:00,2026-07-18T14:28:26.183+00:00,302495,2026-07-22T10:05:48.608Z,638652,2494,7813
2078175120728961254,xxl_dump,2026-07-17T17:48:54+00:00,2026-07-18T14:28:26.183+00:00,14,2026-07-22T10:05:51.148Z,14,0,78
2078175734426632272,xxl_dump,2026-07-17T17:51:20+00:00,2026-07-18T14:28:26.183+00:00,45891,2026-07-22T10:02:00.901Z,57577,18,4706
2078176271586951181,xxl_dump,2026-07-17T17:53:28+00:00,2026-07-18T14:28:26.183+00:00,169016,2026-07-22T10:05:48.608Z,329446,7474,460427
2078177166320185429,xxl_dump,2026-07-17T17:57:01+00:00,2026-07-18T14:28:26.183+00:00,55,2026-07-22T10:02:00.901Z,57,0,37
2078177919768433124,xxl_dump,2026-07-17T18:00:01+00:00,2026-07-18T14:28:26.183+00:00,79758,2026-07-22T10:05:48.608Z,130215,1420,93877
2078178279916273926,xxl_dump,2026-07-17T18:01:27+00:00,2026-07-18T14:28:26.183+00:00,18551,2026-07-22T10:05:51.148Z,20192,106,2511214
2078178787326660701,xxl_dump,2026-07-17T18:03:28+00:00,2026-07-18T14:28:26.183+00:00,232464,2026-07-22T10:02:00.901Z,279181,11551,855035
2078179238046240994,xxl_dump,2026-07-17T18:05:15+00:00,2026-07-18T14:28:26.183+00:00,39295,2026-07-22T10:05:48.608Z,43635,593,963031
2078179861877723547,xxl_dump,2026-07-17T18:07:44+00:00,2026-07-18T14:28:26.183+00:00,66721,2026-07-22T10:05:51.148Z,206967,1890,161475
2078180368008806549,xxl_dump,2026-07-17T18:09:45+00:00,2026-07-18T14:28:26.183+00:00,4829,2026-07-22T10:02:00.901Z,4847,0,12
2078180851557560817,xxl_dump,2026-07-17T18:11:40+00:00,2026-07-18T14:28:26.183+00:00,260020,2026-07-22T10:05:48.608Z,348529,11430,17748
2078181399006515588,xxl_dump,2026-07-17T18:13:50+00:00,2026-07-18T14:28:26.183+00:00,2947121,2026-07-22T10:05:51.148Z,5717934,27025,3137
2078181775499551000,xxl_dump,2026-07-17T18:15:20+00:00,2026-07-18T14:28:26.183+00:00,137,2026-07-22T10:02:00.901Z,167,0,179380
2078182390023831596,xxl_dump,2026-07-17T18:17:47+00:00,2026-07-18T14:28:26.183+00:00,1544,2026-07-22T10:05:48.608Z,1784,35,46577
2078182828076838943,xxl_dump,2026-07-17T18:19:31+00:00,2026-07-18T14:28:26.183+00:00,4631,2026-07-22T10:05:51.148Z,5378,233,13949
2078183217526428027,xxl_dump,2026-07-17T18:21:04+00:00,2026-07-18T14:28:26.183+00:00,362011,2026-07-22T10:02:00.901Z,368897,1536,300682
2078183782402633973,xxl_dump,2026-07-17T18:23:19+00:00,2026-07-18T14:28:26.183+00:00,8,2026-07-22T10:05:48.608Z,8,0,2210
2078184266668683618,xxl_dump,2026-07-17T18:25:14+00:00,2026-07-18T14:28:26.183+00:00,23781,2026-07-22T10:05:51.148Z,26795,346,879879
2078185047300190718,xxl_dump,2026-07-17T18:28:20+00:00,2026-07-18T14:28:26.183+00:00,19351,2026-07-22T10:02:00.901Z,22712,374,194617
2078185464872452417,xxl_dump,2026-07-17T18:30:00+00:00,2026-07-18T14:28:26.183+00:00,234377,2026-07-22T10:05:48.608Z,555111,27592,4341378
2078185930498662651,xxl_dump,2026-07-17T18:31:51+00:00,2026-07-18T14:28:26.183+00:00,1265,2026-07-22T10:05:51.148Z,1521,60,26865
2078186395936461089,xxl_dump,2026-07-17T18:33:42+00:00,2026-07-18T14:28:26.183+00:00,52308,2026-07-22T10:02:00.901Z,59766,910,2201329
2078186889350181206,xxl_dump,2026-07-17T18:35:39+00:00,2026-07-18T14:28:26.183+00:00,125757,2026-07-22T10:05:48.608Z,158904,6698,11597618
2078187718371090724,xxl_dump,2026-07-17T18:38:57+00:00,2026-07-18T14:28:26.183+00:00,42,2026-07-22T10:05:51.148Z,46,2,4
2078188218013684140,xxl_dump,2026-07-17T18:40:56+00:00,2026-07-18T14:28:26.183+00:00,3528,2026-07-22T10:02:00.901Z,3791,30,222697
2078188769933447177,xxl_dump,2026-07-17T18:43:08+00:00,2026-07-18T14:28:26.183+00:00,65344,2026-07-22T10:05:48.608Z,72266,404,11260
2078189242908336137,xxl_dump,2026-07-17T18:45:01+00:00,2026-07-18T14:28:26.183+00:00,19,2026-07-22T10:05:51.148Z,19,0,89
2078189754328502691,xxl_dump,2026-07-17T18:47:02+00:00,2026-07-18T14:28:26.183+00:00,45,2026-07-22T10:02:00.901Z,68,0,342
2078190318596550817,xxl_dump,2026-07-17T18:49:17+00:00,2026-07-18T14:28:26.183+00:00,15409,2026-07-22T10:05:48.608Z,18366,1077,125182
2078190909561229516,xxl_dump,2026-07-17T18:51:38+00:00,2026-07-18T14:28:26.183+00:00,3270,2026-07-22T10:05:51.148Z,3793,110,24641
2078191675055243352,xxl_dump,2026-07-17T18:54:40+00:00,2026-07-18T14:28:26.183+00:00,242610,2026-07-22T10:02:00.901Z,469971,44657,62259
2078192143361868001,xxl_dump,2026-07-17T18:56:32+00:00,2026-07-18T14:28:26.183+00:00,253,2026-07-22T10:05:48.608Z,276,6,39
2078192926929146328,xxl_dump,2026-07-17T18:59:39+00:00,2026-07-18T14:28:26.183+00:00,1328,2026-07-22T10:05:51.148Z,1419,49,1436
2078193312779960448,xxl_dump,2026-07-17T19:01:11+00:00,2026-07-18T14:28:26.183+00:00,10,2026-07-22T10:02:00.901Z,12,0,154
2078193838372356539,xxl_dump,2026-07-17T19:03:16+00:00,2026-07-18T14:28:26.183+00:00,694,2026-07-22T10:05:48.608Z,978,6,175
2078194372890218936,xxl_dump,2026-07-17T19:05:24+00:00,2026-07-18T14:28:26.183+00:00,15079,2026-07-22T10:05:51.148Z,22348,1519,6030
2078195189529584071,xxl_dump,2026-07-17T19:08:38+00:00,2026-07-18T14:28:26.183+00:00,62,2026-07-22T10:02:00.901Z,68,1,45
2078195732818088209,xxl_dump,2026-07-17T19:10:48+00:00,2026-07-18T14:28:26.183+00:00,6366,2026-07-22T10:05:48.608Z,7766,76,251709
2078196306053583214,xxl_dump,2026-07-17T19:13:05+00:00,2026-07-18T14:28:26.183+00:00,128331,2026-07-22T10:05:51.148Z,148912,8254,394506
2078196732966375822,xxl_dump,2026-07-17T19:14:46+00:00,2026-07-18T14:28:26.183+00:00,50,2026-07-22T10:02:00.901Z,78,1,3202
2078197922852954282,xxl_dump,2026-07-17T19:19:30+00:00,2026-07-18T14:28:26.183+00:00,23,2026-07-22T10:05:51.148Z,24,0,9
2078198531421016557,xxl_dump,2026-07-17T19:21:55+00:00,2026-07-18T14:28:26.183+00:00,4332,2026-07-22T10:02:00.901Z,4512,72,36632
2078199157022396695,xxl_dump,2026-07-17T19:24:24+00:00,2026-07-18T14:28:26.183+00:00,43,2026-07-22T10:05:48.608Z,50,1,171
2078199735123390800,xxl_dump,2026-07-17T19:26:42+00:00,2026-07-18T14:28:26.183+00:00,19,2026-07-22T10:05:51.148Z,20,0,2081
2078200334380318841,xxl_dump,2026-07-17T19:29:05+00:00,2026-07-18T14:28:26.183+00:00,114635,2026-07-22T10:02:00.901Z,151502,16436,889135
2078200724152778826,xxl_dump,2026-07-17T19:30:38+00:00,2026-07-18T14:28:26.183+00:00,25473,2026-07-22T10:05:48.608Z,31939,58,16835
2078201146099810774,xxl_dump,2026-07-17T19:32:18+00:00,2026-07-18T14:28:26.183+00:00,106645,2026-07-22T10:05:51.148Z,141636,1217,370234
2078201666445443150,xxl_dump,2026-07-17T19:34:23+00:00,2026-07-18T14:28:26.183+00:00,186,2026-07-22T10:02:00.901Z,277,0,157
2078202489103692103,xxl_dump,2026-07-17T19:37:39+00:00,2026-07-18T14:28:26.183+00:00,12541,2026-07-22T10:05:48.608Z,13918,137,10826
2078203083251683722,xxl_dump,2026-07-17T19:40:00+00:00,2026-07-18T14:28:26.183+00:00,370925,2026-07-22T10:05:51.148Z,425759,4121,176168
2078203723801637079,xxl_dump,2026-07-17T19:42:33+00:00,2026-07-18T14:28:26.183+00:00,2344,2026-07-22T10:02:00.901Z,2960,52,1134
2078204447558160759,xxl_dump,2026-07-17T19:45:26+00:00,2026-07-18T14:28:26.183+00:00,4919,2026-07-22T10:05:48.608Z,6014,239,80198
2078205137001316562,xxl_dump,2026-07-17T19:48:10+00:00,2026-07-18T14:28:26.183+00:00,14,2026-07-22T10:05:51.148Z,14,0,230
2078205614853882135,xxl_dump,2026-07-17T19:50:04+00:00,2026-07-18T14:28:26.183+00:00,99489,2026-07-22T10:02:00.901Z,136734,3946,69407
2078206147635368382,xxl_dump,2026-07-17T19:52:11+00:00,2026-07-18T14:28:26.183+00:00,2369631,2026-07-22T10:05:48.608Z,4116198,6371,424628
2078206873384386606,xxl_dump,2026-07-17T19:55:04+00:00,2026-07-18T14:28:26.183+00:00,125242,2026-07-22T10:05:51.148Z,135534,3335,2094400
2078207487631642829,xxl_dump,2026-07-17T19:57:30+00:00,2026-07-18T14:28:26.183+00:00,4570,2026-07-22T10:02:00.901Z,4868,226,15703
2078208039887175924,xxl_dump,2026-07-17T19:59:42+00:00,2026-07-18T14:28:26.183+00:00,152910,2026-07-22T10:05:48.608Z,164043,1200,12389
2078208526376391050,xxl_dump,2026-07-17T20:01:38+00:00,2026-07-18T14:28:26.183+00:00,48,2026-07-22T10:05:51.148Z,63,1,168
2078209097883607507,xxl_dump,2026-07-17T20:03:54+00:00,2026-07-18T14:28:26.183+00:00,378,2026-07-22T10:02:00.901Z,408,5,22783
2078209606765949360,xxl_dump,2026-07-17T20:05:56+00:00,2026-07-18T14:28:26.183+00:00,67878,2026-07-22T10:05:48.608Z,85146,2063,86945
2078210263640350890,xxl_dump,2026-07-17T20:08:32+00:00,2026-07-18T14:28:26.183+00:00,3693,2026-07-22T10:05:51.148Z,4037,197,78515
2078210766843380135,xxl_dump,2026-07-17T20:10:32+00:00,2026-07-18T14:28:26.183+00:00,85671,2026-07-22T10:02:00.901Z,301584,1371,2361
2078211475680743662,xxl_dump,2026-07-17T20:13:21+00:00,2026-07-18T14:28:26.183+00:00,199,2026-07-22T10:05:48.608Z,3295,1,9077
2078212124065878402,xxl_dump,2026-07-17T20:15:56+00:00,2026-07-18T14:28:26.183+00:00,2038,2026-07-22T10:05:51.148Z,2330,39,7739
2078212822668861781,xxl_dump,2026-07-17T20:18:42+00:00,2026-07-18T14:28:26.183+00:00,3,2026-07-22T10:02:00.901Z,4,0,1506
2078213497758814450,xxl_dump,2026-07-17T20:21:23+00:00,2026-07-18T14:28:26.183+00:00,311297,2026-07-22T10:05:48.608Z,561281,47054,5226
2078214021807849640,xxl_dump,2026-07-17T20:23:28+00:00,2026-07-18T14:28:26.183+00:00,1976,2026-07-22T10:05:51.148Z,2023,27,3940
2078214580052873367,xxl_dump,2026-07-17T20:25:41+00:00,2026-07-18T14:28:26.183+00:00,2981,2026-07-22T10:02:00.901Z,3656,49,20640
2078215446466343375,xxl_dump,2026-07-17T20:29:08+00:00,2026-07-18T14:28:26.183+00:00,55923,2026-07-22T10:05:48.608Z,63139,484,5766
2078216036810158174,xxl_dump,2026-07-17T20:31:29+00:00,2026-07-18T14:28:26.183+00:00,143,2026-07-22T10:05:51.148Z,390,7,170
2078216625149366738,xxl_dump,2026-07-17T20:33:49+00:00,2026-07-18T14:28:26.183+00:00,35506,2026-07-22T10:02:00.901Z,39155,1001,1755633
2078217327271707014,xxl_dump,2026-07-17T20:36:36+00:00,2026-07-18T14:28:26.183+00:00,4705,2026-07-22T10:05:48.608Z,5890,203,55904
2078217921457721589,xxl_dump,2026-07-17T20:38:58+00:00,2026-07-18T14:28:26.183+00:00,72,2026-07-22T10:05:51.148Z,76,0,204
2078218448484610521,xxl_dump,2026-07-17T20:41:04+00:00,2026-07-18T14:28:26.183+00:00,5672,2026-07-22T10:02:00.901Z,11326,194,223
2078218927302386071,xxl_dump,2026-07-17T20:42:58+00:00,2026-07-18T14:28:26.183+00:00,99780,2026-07-22T10:05:48.608Z,125587,5414,136275
2078219425040196069,xxl_dump,2026-07-17T20:44:57+00:00,2026-07-18T14:28:26.183+00:00,253582,2026-07-22T10:05:51.148Z,482713,8812,9935247
2078220070648476027,xxl_dump,2026-07-17T20:47:30+00:00,2026-07-18T14:28:26.183+00:00,1137449,2026-07-22T10:02:00.901Z,1239306,4235,1572
2078220978879148489,xxl_dump,2026-07-17T20:51:07+00:00,2026-07-18T14:28:26.183+00:00,1265823,2026-07-22T10:05:48.608Z,2001063,6775,58411
2078221652815384584,xxl_dump,2026-07-17T20:53:48+00:00,2026-07-18T14:28:26.183+00:00,46,2026-07-22T10:05:51.148Z,52,0,184
2078223214946480503,xxl_dump,2026-07-17T21:00:00+00:00,2026-07-18T14:28:26.183+00:00,820894,2026-07-22T10:05:48.608Z,1471479,83709,22000
2078223946881683763,xxl_dump,2026-07-17T21:02:55+00:00,2026-07-18T14:28:26.183+00:00,81,2026-07-22T10:05:51.148Z,87,0,2229
2078224562840371458,xxl_dump,2026-07-17T21:05:21+00:00,2026-07-18T14:28:26.183+00:00,22235,2026-07-22T10:02:00.901Z,24242,345,193125
2078225230946853262,xxl_dump,2026-07-17T21:08:01+00:00,2026-07-18T14:28:26.183+00:00,3811,2026-07-22T10:05:48.608Z,4068,62,4737
2078226007891272083,xxl_dump,2026-07-17T21:11:06+00:00,2026-07-18T14:28:26.183+00:00,7,2026-07-22T10:05:51.148Z,7,0,130
2078226775784452352,xxl_dump,2026-07-17T21:14:09+00:00,2026-07-18T14:28:26.183+00:00,11326,2026-07-22T10:02:00.901Z,12141,20,658592
2078227695226269999,xxl_dump,2026-07-17T21:17:48+00:00,2026-07-18T14:28:26.183+00:00,31,2026-07-22T10:05:48.608Z,32,0,8
2078228293828964831,xxl_dump,2026-07-17T21:20:11+00:00,2026-07-18T14:28:26.183+00:00,20051,2026-07-22T10:05:51.148Z,22208,467,36104
2078228976107966969,xxl_dump,2026-07-17T21:22:54+00:00,2026-07-18T14:28:26.183+00:00,26,2026-07-22T10:02:00.901Z,29,0,293
2078229558805876881,xxl_dump,2026-07-17T21:25:13+00:00,2026-07-18T14:28:26.183+00:00,16,2026-07-22T10:05:48.608Z,19,0,51
2078230444584165839,xxl_dump,2026-07-17T21:28:44+00:00,2026-07-18T14:28:26.183+00:00,1824,2026-07-22T10:05:51.148Z,3126,57,25180
2078230900614353069,xxl_dump,2026-07-17T21:30:33+00:00,2026-07-18T14:28:26.183+00:00,811,2026-07-22T10:02:00.901Z,971,24,2512
2078231600215863450,xxl_dump,2026-07-17T21:33:19+00:00,2026-07-18T14:28:26.183+00:00,22,2026-07-22T10:05:48.608Z,23,1,6511
2078232259841454546,xxl_dump,2026-07-17T21:35:57+00:00,2026-07-18T14:28:26.183+00:00,4603,2026-07-22T10:05:51.148Z,5307,53,76521
2078232877628629361,xxl_dump,2026-07-17T21:38:24+00:00,2026-07-18T14:28:26.183+00:00,40261,2026-07-22T10:02:00.901Z,55689,5817,394489
2078233705244766307,xxl_dump,2026-07-17T21:41:41+00:00,2026-07-18T14:28:26.183+00:00,1743,2026-07-22T10:02:03.629Z,2033,149,24309
2078234588455817695,xxl_dump,2026-07-17T21:45:12+00:00,2026-07-18T14:28:26.183+00:00,10584,2026-07-22T10:05:51.148Z,11916,38,5153660
2078235315903377853,xxl_dump,2026-07-17T21:48:05+00:00,2026-07-18T14:28:26.183+00:00,201,2026-07-22T10:02:00.901Z,225,5,128
2078236219142455723,xxl_dump,2026-07-17T21:51:41+00:00,2026-07-18T14:28:26.183+00:00,155972,2026-07-22T10:02:03.629Z,197637,1582,757084
2078236802616541564,xxl_dump,2026-07-17T21:54:00+00:00,2026-07-18T14:28:26.183+00:00,5445,2026-07-22T10:05:51.148Z,7772,147,11295
2078237593284595810,xxl_dump,2026-07-17T21:57:08+00:00,2026-07-18T14:28:26.183+00:00,83,2026-07-22T10:02:00.901Z,100,10,307
2078238329389412434,xxl_dump,2026-07-17T22:00:04+00:00,2026-07-18T14:28:26.183+00:00,226,2026-07-22T10:02:03.629Z,339,3,2600
2078239045755494594,xxl_dump,2026-07-17T22:02:54+00:00,2026-07-18T14:28:26.183+00:00,18194,2026-07-22T10:05:51.148Z,22660,183,93075
2078239615685915103,xxl_dump,2026-07-17T22:05:10+00:00,2026-07-18T14:28:26.183+00:00,832,2026-07-22T10:02:00.901Z,936,36,8437
2078240339081441788,xxl_dump,2026-07-17T22:08:03+00:00,2026-07-18T14:28:26.183+00:00,10024,2026-07-22T10:02:03.629Z,11291,5,543
2078241495979872294,xxl_dump,2026-07-17T22:12:39+00:00,2026-07-18T14:28:26.183+00:00,1600,2026-07-22T10:05:51.148Z,1736,22,316
2078242142338888052,xxl_dump,2026-07-17T22:15:13+00:00,2026-07-18T14:28:26.183+00:00,7731,2026-07-22T10:02:00.901Z,14753,957,24856
2078242792321511445,xxl_dump,2026-07-17T22:17:48+00:00,2026-07-18T14:28:26.183+00:00,142,2026-07-22T10:02:03.629Z,231,17,1026
2078243500739416363,xxl_dump,2026-07-17T22:20:37+00:00,2026-07-18T14:28:26.183+00:00,3567,2026-07-22T10:05:51.148Z,4897,498,62316
2078244138626031912,xxl_dump,2026-07-17T22:23:09+00:00,2026-07-18T14:28:26.183+00:00,613693,2026-07-22T10:02:00.901Z,1709285,12680,240927527
2078244739736830391,xxl_dump,2026-07-17T22:25:32+00:00,2026-07-18T14:28:26.183+00:00,5125,2026-07-22T10:02:03.629Z,6627,398,107255
2078245632683237404,xxl_dump,2026-07-17T22:29:05+00:00,2026-07-18T14:28:26.183+00:00,176,2026-07-22T10:05:51.148Z,297,0,1836
2078246388085981476,xxl_dump,2026-07-17T22:32:05+00:00,2026-07-18T14:28:26.183+00:00,3479,2026-07-22T10:02:00.901Z,4810,87,621
2078247002488311959,xxl_dump,2026-07-17T22:34:32+00:00,2026-07-18T14:28:26.183+00:00,37,2026-07-22T10:02:03.629Z,42,1,173
2078247786789609765,xxl_dump,2026-07-17T22:37:39+00:00,2026-07-18T14:28:26.183+00:00,12,2026-07-22T10:05:51.148Z,14,0,129
2078248747033604463,xxl_dump,2026-07-17T22:41:27+00:00,2026-07-18T14:28:26.183+00:00,1317,2026-07-22T10:02:00.901Z,1531,67,426
2078249602944487740,xxl_dump,2026-07-17T22:44:52+00:00,2026-07-18T14:28:26.183+00:00,831,2026-07-22T10:02:03.629Z,988,1,5
2078250204860457170,xxl_dump,2026-07-17T22:47:15+00:00,2026-07-18T14:28:26.183+00:00,298635,2026-07-22T10:05:51.148Z,401862,4862,240927530
2078251143566913740,xxl_dump,2026-07-17T22:50:59+00:00,2026-07-18T14:28:26.183+00:00,32727,2026-07-22T10:02:00.901Z,39079,177,217063
2078251821202591800,xxl_dump,2026-07-17T22:53:40+00:00,2026-07-18T14:28:26.183+00:00,8,2026-07-22T10:02:03.629Z,8,0,18
2078252538261102799,xxl_dump,2026-07-17T22:56:31+00:00,2026-07-18T14:28:26.183+00:00,213230,2026-07-22T10:05:51.148Z,297553,24499,1499839
2078253242878677493,xxl_dump,2026-07-17T22:59:19+00:00,2026-07-18T14:28:26.183+00:00,42676,2026-07-22T10:02:00.901Z,45419,1458,139972
2078253638527385811,xxl_dump,2026-07-17T23:00:54+00:00,2026-07-18T14:28:26.183+00:00,3627,2026-07-22T10:02:03.629Z,4562,74,377
2078254604983349363,xxl_dump,2026-07-17T23:04:44+00:00,2026-07-18T14:28:26.183+00:00,2520,2026-07-22T10:05:51.148Z,2577,18,432
2078255283013390615,xxl_dump,2026-07-17T23:07:26+00:00,2026-07-18T14:28:26.183+00:00,37074,2026-07-22T10:02:00.901Z,221107,803,272874
2078256069147496719,xxl_dump,2026-07-17T23:10:33+00:00,2026-07-18T14:28:26.183+00:00,73,2026-07-22T10:02:03.629Z,91,9,14378
2078257126795862266,xxl_dump,2026-07-17T23:14:45+00:00,2026-07-18T14:28:26.183+00:00,8122,2026-07-22T10:05:51.148Z,11044,95,2796
2078257965254004814,xxl_dump,2026-07-17T23:18:05+00:00,2026-07-18T14:28:26.183+00:00,5,2026-07-22T10:02:00.901Z,6,0,873
2078258812042007010,xxl_dump,2026-07-17T23:21:27+00:00,2026-07-18T14:28:26.183+00:00,2,2026-07-22T10:02:03.629Z,2,0,14
2078259790464065577,xxl_dump,2026-07-17T23:25:20+00:00,2026-07-18T14:28:26.183+00:00,431,2026-07-22T10:05:51.148Z,2661,11,341
2078260788612026427,xxl_dump,2026-07-17T23:29:18+00:00,2026-07-18T14:28:26.183+00:00,6,2026-07-22T10:02:00.901Z,7,0,352
2078261774617649568,xxl_dump,2026-07-17T23:33:13+00:00,2026-07-18T14:28:26.183+00:00,129953,2026-07-22T10:02:03.629Z,432021,2048,362180
2078262381663126007,xxl_dump,2026-07-17T23:35:38+00:00,2026-07-18T14:28:26.183+00:00,240,2026-07-22T10:05:51.148Z,323,4,820
2078263176408236318,xxl_dump,2026-07-17T23:38:48+00:00,2026-07-18T14:28:26.183+00:00,74,2026-07-22T10:02:00.901Z,136,0,3138
2078264177051803942,xxl_dump,2026-07-17T23:42:46+00:00,2026-07-18T14:28:26.183+00:00,585,2026-07-22T10:02:03.629Z,829,55,384
2078265103305093203,xxl_dump,2026-07-17T23:46:27+00:00,2026-07-18T14:28:26.183+00:00,67,2026-07-22T10:05:51.148Z,75,2,1453
2078265974151864766,xxl_dump,2026-07-17T23:49:55+00:00,2026-07-18T14:28:26.183+00:00,238,2026-07-22T10:02:00.901Z,346,18,2985
2078266716048564492,xxl_dump,2026-07-17T23:52:52+00:00,2026-07-18T14:28:26.183+00:00,59,2026-07-22T10:02:03.629Z,106,0,2601
2078267194891243714,xxl_dump,2026-07-17T23:54:46+00:00,2026-07-18T14:28:26.183+00:00,36,2026-07-22T10:05:51.148Z,39,0,237
2078268189574566157,xxl_dump,2026-07-17T23:58:43+00:00,2026-07-18T14:28:26.183+00:00,270739,2026-07-22T10:02:00.901Z,840362,30679,194
2078269197130322410,xxl_dump,2026-07-18T00:02:43+00:00,2026-07-18T14:28:26.183+00:00,3292,2026-07-22T10:02:03.629Z,3467,175,21255
2078270385087185058,xxl_dump,2026-07-18T00:07:26+00:00,2026-07-18T14:28:26.183+00:00,12,2026-07-22T10:05:51.148Z,12,0,91
2078271586550087731,xxl_dump,2026-07-18T00:12:13+00:00,2026-07-18T14:28:26.183+00:00,48,2026-07-22T10:02:00.901Z,74,0,830
2078272301162799225,xxl_dump,2026-07-18T00:15:03+00:00,2026-07-18T14:28:26.183+00:00,10274,2026-07-22T10:02:03.629Z,17658,228,10518
2078273613690503311,xxl_dump,2026-07-18T00:20:16+00:00,2026-07-18T14:28:26.183+00:00,1278,2026-07-22T10:05:51.148Z,1569,158,848
2078274566678307248,xxl_dump,2026-07-18T00:24:03+00:00,2026-07-18T14:28:26.183+00:00,375,2026-07-22T10:02:00.901Z,505,0,3744
2078275553140810058,xxl_dump,2026-07-18T00:27:59+00:00,2026-07-18T14:28:26.183+00:00,204,2026-07-22T10:02:03.629Z,241,6,201
2078276586755809569,xxl_dump,2026-07-18T00:32:05+00:00,2026-07-18T14:28:26.183+00:00,23,2026-07-22T10:05:51.148Z,27,1,20770
2078277626100154816,xxl_dump,2026-07-18T00:36:13+00:00,2026-07-18T14:28:26.183+00:00,19,2026-07-22T10:02:00.901Z,22,0,143
2078278578081354056,xxl_dump,2026-07-18T00:40:00+00:00,2026-07-18T14:28:26.183+00:00,55396,2026-07-22T10:02:03.629Z,61107,115,26108351
2078279714213355529,xxl_dump,2026-07-18T00:44:31+00:00,2026-07-18T14:28:26.183+00:00,427,2026-07-22T10:05:51.148Z,536,24,6301
2078280407192150040,xxl_dump,2026-07-18T00:47:16+00:00,2026-07-18T14:28:26.183+00:00,6062,2026-07-22T10:02:00.901Z,8807,158,96
2078281632738353287,xxl_dump,2026-07-18T00:52:08+00:00,2026-07-18T14:28:26.183+00:00,300,2026-07-22T10:02:03.629Z,410,41,233738
2078282423628898627,xxl_dump,2026-07-18T00:55:17+00:00,2026-07-18T14:28:26.183+00:00,75,2026-07-22T10:05:51.148Z,140,1,1026
2078283379653697719,xxl_dump,2026-07-18T00:59:05+00:00,2026-07-18T14:28:26.183+00:00,30557,2026-07-22T10:02:00.901Z,48344,3067,81152
2078284119910322594,xxl_dump,2026-07-18T01:02:01+00:00,2026-07-18T14:28:26.183+00:00,22,2026-07-22T10:02:03.629Z,22,1,1146
2078285060411736315,xxl_dump,2026-07-18T01:05:45+00:00,2026-07-18T14:28:26.183+00:00,28,2026-07-22T10:05:51.148Z,40,1,5508
2078286660303806731,xxl_dump,2026-07-18T01:12:07+00:00,2026-07-18T14:28:26.183+00:00,7,2026-07-22T10:02:00.901Z,7,0,25
2078287840128229379,xxl_dump,2026-07-18T01:16:48+00:00,2026-07-18T14:28:26.183+00:00,337,2026-07-22T10:02:03.629Z,405,4,1577
2078289027329892381,xxl_dump,2026-07-18T01:21:31+00:00,2026-07-18T14:28:26.183+00:00,343,2026-07-22T10:05:51.148Z,429,3,7801
2078290238053466290,xxl_dump,2026-07-18T01:26:20+00:00,2026-07-18T14:28:26.183+00:00,7060,2026-07-22T10:02:00.901Z,9939,664,49155
2078291271576088902,xxl_dump,2026-07-18T01:30:26+00:00,2026-07-18T14:28:26.183+00:00,26,2026-07-22T10:02:03.629Z,29,2,5131
2078292147699155086,xxl_dump,2026-07-18T01:33:55+00:00,2026-07-18T14:28:26.183+00:00,381558,2026-07-22T10:05:51.148Z,1155424,80232,34521
2078293446486540423,xxl_dump,2026-07-18T01:39:05+00:00,2026-07-18T14:28:26.183+00:00,619,2026-07-22T10:02:00.901Z,827,9,1554
2078294527438446950,xxl_dump,2026-07-18T01:43:22+00:00,2026-07-18T14:28:26.183+00:00,3001,2026-07-22T10:02:03.629Z,14479,451,1203
2078295592799785260,xxl_dump,2026-07-18T01:47:36+00:00,2026-07-18T14:28:26.183+00:00,28,2026-07-22T10:05:51.148Z,31,0,1404
2078297018481483871,xxl_dump,2026-07-18T01:53:16+00:00,2026-07-18T14:28:26.183+00:00,416,2026-07-22T10:02:00.901Z,425,0,3229
2078298245466321157,xxl_dump,2026-07-18T01:58:09+00:00,2026-07-18T14:28:26.183+00:00,973,2026-07-22T10:02:03.629Z,1150,27,9
2078299023656534438,xxl_dump,2026-07-18T02:01:14+00:00,2026-07-18T14:28:26.183+00:00,112,2026-07-22T10:05:51.148Z,175,2,215
2078299970210238701,xxl_dump,2026-07-18T02:05:00+00:00,2026-07-18T14:28:26.183+00:00,37293,2026-07-22T10:02:00.901Z,47502,94,9653318
2078301186290073634,xxl_dump,2026-07-18T02:09:50+00:00,2026-07-18T14:28:26.183+00:00,219,2026-07-22T10:02:03.629Z,326,4,5712
2078302487841526019,xxl_dump,2026-07-18T02:15:00+00:00,2026-07-18T14:28:26.183+00:00,30136,2026-07-22T10:05:51.148Z,47607,318,38883
2078303219898552328,xxl_dump,2026-07-18T02:17:55+00:00,2026-07-18T14:28:26.183+00:00,211822,2026-07-22T10:02:00.901Z,407468,18512,3428137
2078304642342207775,xxl_dump,2026-07-18T02:23:34+00:00,2026-07-18T14:28:26.183+00:00,20537,2026-07-22T10:02:03.629Z,21387,46,4532487
2078305791140929656,xxl_dump,2026-07-18T02:28:08+00:00,2026-07-18T14:28:26.183+00:00,669,2026-07-22T10:05:51.148Z,1255,36,1103
2078306851268022591,xxl_dump,2026-07-18T02:32:21+00:00,2026-07-18T14:28:26.183+00:00,1229,2026-07-22T10:02:00.901Z,1746,9,44489
2078308421724409972,xxl_dump,2026-07-18T02:38:35+00:00,2026-07-18T14:28:26.183+00:00,7,2026-07-22T10:02:03.629Z,8,0,75
2078309572360679698,xxl_dump,2026-07-18T02:43:09+00:00,2026-07-18T14:28:26.183+00:00,890,2026-07-22T10:05:51.148Z,1132,3,6050
2078310889837502523,xxl_dump,2026-07-18T02:48:23+00:00,2026-07-18T14:28:26.183+00:00,2681,2026-07-22T10:02:00.901Z,3117,85,29
2078312200762994690,xxl_dump,2026-07-18T02:53:36+00:00,2026-07-18T14:28:26.183+00:00,11,2026-07-22T10:02:03.629Z,45,0,35
2078313814668570901,xxl_dump,2026-07-18T03:00:01+00:00,2026-07-18T14:28:26.183+00:00,949,2026-07-22T10:05:51.148Z,1977,121,18022
2078314727923503568,xxl_dump,2026-07-18T03:03:39+00:00,2026-07-18T14:28:26.183+00:00,38,2026-07-22T10:02:00.901Z,80,6,35
2078315889292964281,xxl_dump,2026-07-18T03:08:15+00:00,2026-07-18T14:28:26.183+00:00,51858,2026-07-22T10:02:03.629Z,78307,1526,2065
2078317013928436188,xxl_dump,2026-07-18T03:12:44+00:00,2026-07-18T14:28:26.183+00:00,188,2026-07-22T10:05:51.148Z,197,0,78
2078318775305187356,xxl_dump,2026-07-18T03:19:43+00:00,2026-07-18T14:28:26.183+00:00,2665,2026-07-22T10:02:00.901Z,3821,19,509
2078320150751928691,xxl_dump,2026-07-18T03:25:11+00:00,2026-07-18T14:28:26.183+00:00,7,2026-07-22T10:02:03.629Z,9,0,74
2078321622314852593,xxl_dump,2026-07-18T03:31:02+00:00,2026-07-18T14:28:26.183+00:00,6,2026-07-22T10:05:51.148Z,22,0,4
2078322797030293886,xxl_dump,2026-07-18T03:35:42+00:00,2026-07-18T14:28:26.183+00:00,182,2026-07-22T10:02:00.901Z,723,6,458
2078324358175404492,xxl_dump,2026-07-18T03:41:55+00:00,2026-07-18T14:28:26.183+00:00,14744,2026-07-22T10:02:03.629Z,21780,250,345868
2078325568001503430,xxl_dump,2026-07-18T03:46:43+00:00,2026-07-18T14:28:26.183+00:00,5,2026-07-22T10:05:51.148Z,6,0,801
2078326601096311168,xxl_dump,2026-07-18T03:50:49+00:00,2026-07-18T14:28:26.183+00:00,3836,2026-07-22T10:02:00.901Z,8242,113,18033
2078327969768939741,xxl_dump,2026-07-18T03:56:16+00:00,2026-07-18T14:28:26.183+00:00,334879,2026-07-22T10:02:03.629Z,438576,16499,42225285
2078328993011368284,xxl_dump,2026-07-18T04:00:20+00:00,2026-07-18T14:28:26.183+00:00,26053,2026-07-22T10:05:51.148Z,32468,34,9298939
2078330795031515235,xxl_dump,2026-07-18T04:07:29+00:00,2026-07-18T14:28:26.183+00:00,930,2026-07-22T10:02:00.901Z,1368,13,14474
2078332195450867898,xxl_dump,2026-07-18T04:13:03+00:00,2026-07-18T14:28:26.183+00:00,6,2026-07-22T10:02:03.629Z,7,0,500
2078333430643712286,xxl_dump,2026-07-18T04:17:58+00:00,2026-07-18T14:28:26.183+00:00,1381,2026-07-22T10:05:50.303Z,1499,251,6613
2078334960579264794,xxl_dump,2026-07-18T04:24:02+00:00,2026-07-18T14:28:26.183+00:00,42,2026-07-22T10:02:00.901Z,57,2,811
2078336331273404548,xxl_dump,2026-07-18T04:29:29+00:00,2026-07-18T14:28:26.183+00:00,3221,2026-07-22T10:02:03.629Z,3664,4,4114
2078337414200701093,xxl_dump,2026-07-18T04:33:47+00:00,2026-07-18T14:28:26.183+00:00,2149,2026-07-22T10:05:50.303Z,3927,8,185
2078338934778597802,xxl_dump,2026-07-18T04:39:50+00:00,2026-07-18T14:28:26.183+00:00,55,2026-07-22T10:02:00.901Z,62,1,63
2078340968991039555,xxl_dump,2026-07-18T04:47:55+00:00,2026-07-18T14:28:26.183+00:00,17328,2026-07-22T10:02:03.629Z,31751,1457,2762
2078342119920435638,xxl_dump,2026-07-18T04:52:29+00:00,2026-07-18T14:28:26.183+00:00,671,2026-07-22T10:05:50.303Z,788,51,3541
2078343766423777503,xxl_dump,2026-07-18T04:59:02+00:00,2026-07-18T14:28:26.183+00:00,625,2026-07-22T10:02:00.901Z,759,74,4340
2078345136606478388,xxl_dump,2026-07-18T05:04:29+00:00,2026-07-18T14:28:26.183+00:00,3,2026-07-22T10:02:03.629Z,3,0,1440
2078346371732758783,xxl_dump,2026-07-18T05:09:23+00:00,2026-07-18T14:28:26.183+00:00,332,2026-07-22T10:05:50.303Z,461,33,11
2078347510020808833,xxl_dump,2026-07-18T05:13:54+00:00,2026-07-18T14:28:26.183+00:00,13734,2026-07-22T10:02:00.901Z,14024,34,5128
2078349685903814944,xxl_dump,2026-07-18T05:22:33+00:00,2026-07-18T14:28:26.183+00:00,726,2026-07-22T10:02:03.629Z,1537,7,816
2078351200454684774,xxl_dump,2026-07-18T05:28:34+00:00,2026-07-18T14:28:26.183+00:00,5220,2026-07-22T10:05:50.303Z,9717,226,64566
2078352641995010136,xxl_dump,2026-07-18T05:34:18+00:00,2026-07-18T14:28:26.183+00:00,10,2026-07-22T10:02:00.901Z,11,0,15
2078353983173750876,xxl_dump,2026-07-18T05:39:38+00:00,2026-07-18T14:28:26.183+00:00,127,2026-07-22T10:02:03.629Z,335,13,7316
2078355823403712809,xxl_dump,2026-07-18T05:46:56+00:00,2026-07-18T14:28:26.183+00:00,312,2026-07-22T10:05:50.303Z,800,13,485
2078357581140013560,xxl_dump,2026-07-18T05:53:56+00:00,2026-07-18T14:28:26.183+00:00,1478,2026-07-22T10:02:00.901Z,1692,19,17
2078358645243592816,xxl_dump,2026-07-18T05:58:09+00:00,2026-07-18T14:28:26.183+00:00,95466,2026-07-22T10:02:03.629Z,179854,2013,564309
2078359824241193141,xxl_dump,2026-07-18T06:02:50+00:00,2026-07-18T14:28:26.183+00:00,2138,2026-07-22T10:05:50.303Z,5401,321,1956
2078361547127042151,xxl_dump,2026-07-18T06:09:41+00:00,2026-07-18T14:28:26.183+00:00,32562,2026-07-22T10:02:00.901Z,38249,253,6842840
2078362597125198126,xxl_dump,2026-07-18T06:13:51+00:00,2026-07-18T14:28:26.183+00:00,2409,2026-07-22T10:02:03.629Z,3991,21,21951
2078364108764872778,xxl_dump,2026-07-18T06:19:52+00:00,2026-07-18T14:28:26.183+00:00,133330,2026-07-22T10:05:50.303Z,184861,4885,422604
2078365868497457306,xxl_dump,2026-07-18T06:26:51+00:00,2026-07-18T14:28:26.183+00:00,516,2026-07-22T10:02:00.901Z,2538,26,1637
2078367219252121848,xxl_dump,2026-07-18T06:32:13+00:00,2026-07-18T14:28:26.183+00:00,481,2026-07-22T10:02:03.629Z,719,13,3082
2078368806276149431,xxl_dump,2026-07-18T06:38:32+00:00,2026-07-18T14:28:26.183+00:00,8465,2026-07-22T10:05:50.303Z,15160,95,1170315
2078370396454170852,xxl_dump,2026-07-18T06:44:51+00:00,2026-07-18T14:28:26.183+00:00,3173,2026-07-22T10:02:00.901Z,8886,84,101666
2078371799088111853,xxl_dump,2026-07-18T06:50:25+00:00,2026-07-18T14:28:26.183+00:00,3686189,2026-07-22T10:02:03.629Z,6138972,63351,28335575
2078374346075037918,xxl_dump,2026-07-18T07:00:33+00:00,2026-07-18T14:28:26.183+00:00,36623,2026-07-22T10:02:00.901Z,41742,121,2610571
2078375471767835066,xxl_dump,2026-07-18T07:05:01+00:00,2026-07-18T14:28:26.183+00:00,92056,2026-07-22T10:02:03.629Z,153833,469,5279
2078377218154414201,xxl_dump,2026-07-18T07:11:57+00:00,2026-07-18T14:28:26.183+00:00,10,2026-07-22T10:05:50.303Z,20,0,3952
2078380384883011620,xxl_dump,2026-07-18T07:24:32+00:00,2026-07-18T14:28:26.183+00:00,20921,2026-07-22T10:02:03.629Z,34960,49,26773
2078381957751230652,xxl_dump,2026-07-18T07:30:47+00:00,2026-07-18T14:28:26.183+00:00,45,2026-07-22T10:05:50.303Z,45,0,2377
2078383351514140747,xxl_dump,2026-07-18T07:36:20+00:00,2026-07-18T14:28:26.183+00:00,20,2026-07-22T10:02:00.901Z,25,0,885
2078385043009831389,xxl_dump,2026-07-18T07:43:03+00:00,2026-07-18T14:28:26.183+00:00,180,2026-07-22T10:02:03.629Z,322,19,5605
2078386621867569600,xxl_dump,2026-07-18T07:49:19+00:00,2026-07-18T14:28:26.183+00:00,20,2026-07-22T10:05:50.303Z,25,0,679
2078388271269450096,xxl_dump,2026-07-18T07:55:53+00:00,2026-07-18T14:28:26.183+00:00,407,2026-07-22T10:02:00.901Z,4672,8,5582
2078389804132106527,xxl_dump,2026-07-18T08:01:58+00:00,2026-07-18T14:28:26.183+00:00,2497,2026-07-22T10:02:03.629Z,3174,50,4468
2078390834521657621,xxl_dump,2026-07-18T08:06:04+00:00,2026-07-18T14:28:26.183+00:00,17240,2026-07-22T10:05:50.303Z,43381,1434,27249
2078392082041897171,xxl_dump,2026-07-18T08:11:01+00:00,2026-07-18T14:28:26.183+00:00,46143,2026-07-22T10:02:00.901Z,90553,3952,426860
2078393030600495232,xxl_dump,2026-07-18T08:14:47+00:00,2026-07-18T14:28:26.183+00:00,1200,2026-07-22T10:02:03.629Z,2031,160,27561
2078394627246457304,xxl_dump,2026-07-18T08:21:08+00:00,2026-07-18T14:28:26.183+00:00,744,2026-07-22T10:05:50.303Z,1070,9,84472
2078396141775798668,xxl_dump,2026-07-18T08:27:09+00:00,2026-07-18T14:28:26.183+00:00,1723,2026-07-22T10:02:00.901Z,5704,225,1669
2078397442203205668,xxl_dump,2026-07-18T08:32:19+00:00,2026-07-18T14:28:26.183+00:00,350,2026-07-22T10:02:03.629Z,485,34,9813
2078399421172133964,xxl_dump,2026-07-18T08:40:11+00:00,2026-07-18T14:28:26.183+00:00,24,2026-07-22T10:05:50.303Z,27,1,8863627
2078401238979272759,xxl_dump,2026-07-18T08:47:24+00:00,2026-07-18T14:28:26.183+00:00,32450,2026-07-22T10:02:00.901Z,39452,769,695289
2078402920484307079,xxl_dump,2026-07-18T08:54:05+00:00,2026-07-18T14:28:26.183+00:00,27,2026-07-22T10:02:03.629Z,67,0,292
2078404416567468376,xxl_dump,2026-07-18T09:00:02+00:00,2026-07-18T14:28:26.183+00:00,203780,2026-07-22T10:05:50.303Z,216307,231,350122
2078406089196892532,xxl_dump,2026-07-18T09:06:41+00:00,2026-07-18T14:28:26.183+00:00,2188,2026-07-22T10:02:00.901Z,4100,187,74558
2078407491352666162,xxl_dump,2026-07-18T09:12:15+00:00,2026-07-18T14:28:26.183+00:00,135502,2026-07-22T10:02:03.629Z,447238,11645,863133
2078409303052947553,xxl_dump,2026-07-18T09:19:27+00:00,2026-07-18T14:28:26.183+00:00,32,2026-07-22T10:05:50.303Z,36,1,23013
2078410198541037988,xxl_dump,2026-07-18T09:23:00+00:00,2026-07-18T14:28:26.183+00:00,492,2026-07-22T10:02:00.901Z,2068,36,2798
2078411956352868678,xxl_dump,2026-07-18T09:30:00+00:00,2026-07-18T14:28:26.183+00:00,70,2026-07-22T10:02:03.629Z,96,1,11090
2078413837334954026,xxl_dump,2026-07-18T09:37:28+00:00,2026-07-18T14:28:26.183+00:00,25662,2026-07-22T10:05:50.303Z,253685,19215,67014
2078415542021439526,xxl_dump,2026-07-18T09:44:14+00:00,2026-07-18T14:28:26.183+00:00,7,2026-07-22T10:02:00.901Z,9,0,23
2078417078940586479,xxl_dump,2026-07-18T09:50:21+00:00,2026-07-18T14:28:26.183+00:00,93607,2026-07-22T10:02:03.629Z,205645,1198,163546
2078418573622431949,xxl_dump,2026-07-18T09:56:17+00:00,2026-07-18T14:28:26.183+00:00,15,2026-07-22T10:05:50.303Z,16,0,68
2078419514086298014,xxl_dump,2026-07-18T10:00:01+00:00,2026-07-18T14:28:26.183+00:00,6399,2026-07-22T10:02:00.901Z,15787,1106,317115
2078420916284141882,xxl_dump,2026-07-18T10:05:36+00:00,2026-07-18T14:28:26.183+00:00,39450,2026-07-22T10:02:03.629Z,184592,983,51761
2078422349339099483,xxl_dump,2026-07-18T10:11:17+00:00,2026-07-18T14:28:26.183+00:00,46,2026-07-22T10:05:50.303Z,60,1,1190
2078424194098823354,xxl_dump,2026-07-18T10:18:37+00:00,2026-07-18T14:28:26.183+00:00,44071,2026-07-22T10:02:00.901Z,69871,754,6842841
2078425503703396559,xxl_dump,2026-07-18T10:23:50+00:00,2026-07-18T14:28:26.183+00:00,4120,2026-07-22T10:02:03.629Z,37010,2352,6734
2078427139909538222,xxl_dump,2026-07-18T10:30:20+00:00,2026-07-18T14:28:26.183+00:00,11,2026-07-22T10:05:50.303Z,24,1,188
2078429178945253725,xxl_dump,2026-07-18T10:38:26+00:00,2026-07-18T14:28:26.183+00:00,15,2026-07-22T10:02:00.901Z,16,0,3314
2078430832511893546,xxl_dump,2026-07-18T10:45:00+00:00,2026-07-18T14:28:26.183+00:00,20243,2026-07-22T10:02:03.629Z,26286,22,9653364
2078432728102674683,xxl_dump,2026-07-18T10:52:32+00:00,2026-07-18T14:28:26.183+00:00,11,2026-07-22T10:05:50.303Z,13,0,184
2078434301968822295,xxl_dump,2026-07-18T10:58:47+00:00,2026-07-18T14:28:26.183+00:00,1513,2026-07-22T10:02:00.901Z,8022,36,1626
2078435350712623286,xxl_dump,2026-07-18T11:02:57+00:00,2026-07-18T14:28:26.183+00:00,2568,2026-07-22T10:02:03.629Z,4103,410,460975
2078436934918238293,xxl_dump,2026-07-18T11:09:15+00:00,2026-07-18T14:28:26.183+00:00,64,2026-07-22T10:05:50.303Z,146,0,364
2078438471593517563,xxl_dump,2026-07-18T11:15:21+00:00,2026-07-18T14:28:26.183+00:00,3649,2026-07-22T10:02:00.901Z,5674,104,396034
2078440607069200576,xxl_dump,2026-07-18T11:23:50+00:00,2026-07-18T14:28:26.183+00:00,6960,2026-07-22T10:02:03.629Z,23060,625,6295
2078442191425352001,xxl_dump,2026-07-18T11:30:08+00:00,2026-07-18T14:28:26.183+00:00,95743,2026-07-22T10:05:50.303Z,160447,324,61848707
2078443550887612721,xxl_dump,2026-07-18T11:35:32+00:00,2026-07-18T14:28:26.183+00:00,205,2026-07-22T10:02:00.901Z,682,24,993
2078445184962945235,xxl_dump,2026-07-18T11:42:02+00:00,2026-07-18T14:28:26.183+00:00,1171,2026-07-22T10:02:03.629Z,1820,43,42939
2078446664881225860,xxl_dump,2026-07-18T11:47:55+00:00,2026-07-18T14:28:26.183+00:00,5863,2026-07-22T10:05:50.303Z,20608,491,53843
2078448012964106252,xxl_dump,2026-07-18T11:53:16+00:00,2026-07-18T14:28:26.183+00:00,61,2026-07-22T10:02:00.901Z,113,0,123
2078449533764178097,xxl_dump,2026-07-18T11:59:19+00:00,2026-07-18T14:28:26.183+00:00,207,2026-07-22T10:02:03.629Z,263,0,950
2078450795494682868,xxl_dump,2026-07-18T12:04:20+00:00,2026-07-18T14:28:26.183+00:00,343,2026-07-22T10:05:50.303Z,649,52,4649
2078452656297705689,xxl_dump,2026-07-18T12:11:43+00:00,2026-07-18T14:28:26.183+00:00,184,2026-07-22T10:02:00.901Z,373,15,24412
2078453959111352694,xxl_dump,2026-07-18T12:16:54+00:00,2026-07-18T14:28:26.183+00:00,6974,2026-07-22T10:02:03.629Z,33267,2022,255605
2078455884108189979,xxl_dump,2026-07-18T12:24:33+00:00,2026-07-18T14:28:26.183+00:00,15,2026-07-22T10:05:50.303Z,17,0,553
2078457361291977171,xxl_dump,2026-07-18T12:30:25+00:00,2026-07-18T14:28:26.183+00:00,50,2026-07-22T10:02:00.901Z,89,4,1105
2078459286158458888,xxl_dump,2026-07-18T12:38:04+00:00,2026-07-18T14:28:26.183+00:00,29862,2026-07-22T10:02:03.629Z,1119546,22613,338084
2078460536274977098,xxl_dump,2026-07-18T12:43:02+00:00,2026-07-18T14:28:26.183+00:00,82,2026-07-22T10:05:50.303Z,128,1,974
2078462825798758535,xxl_dump,2026-07-18T12:52:08+00:00,2026-07-18T14:28:26.183+00:00,40157,2026-07-22T10:02:00.901Z,287601,16055,1151134
2078464612408623333,xxl_dump,2026-07-18T12:59:14+00:00,2026-07-18T14:28:26.183+00:00,13937,2026-07-22T10:02:03.629Z,67691,943,254332
2078466190108770479,xxl_dump,2026-07-18T13:05:30+00:00,2026-07-18T14:28:26.183+00:00,33823,2026-07-22T10:05:50.303Z,94643,3711,9852
2078467324915421190,xxl_dump,2026-07-18T13:10:00+00:00,2026-07-18T14:28:26.183+00:00,14329,2026-07-22T10:02:00.901Z,27435,327,3652310
2078468996496601491,xxl_dump,2026-07-18T13:16:39+00:00,2026-07-18T14:28:26.183+00:00,6,2026-07-22T10:02:03.629Z,12,1,50
2078470631394279736,xxl_dump,2026-07-18T13:23:09+00:00,2026-07-18T14:28:26.183+00:00,2194,2026-07-22T10:05:50.303Z,15307,1097,115853
2078471846723194981,xxl_dump,2026-07-18T13:27:59+00:00,2026-07-18T14:28:26.183+00:00,19,2026-07-22T10:02:00.901Z,147,0,1750
2078473597769900034,xxl_dump,2026-07-18T13:34:56+00:00,2026-07-18T14:28:26.183+00:00,1946,2026-07-22T10:02:03.629Z,22505,113,51149
2078475547769012266,xxl_dump,2026-07-18T13:42:41+00:00,2026-07-18T14:28:26.183+00:00,3588,2026-07-22T10:05:50.303Z,35538,540,50762
2078477406021489047,xxl_dump,2026-07-18T13:50:04+00:00,2026-07-18T14:28:26.183+00:00,271,2026-07-22T10:02:00.901Z,2292,83,7408
2078479124096503872,xxl_dump,2026-07-18T13:56:54+00:00,2026-07-18T14:28:26.183+00:00,21578,2026-07-22T10:02:03.629Z,174440,2708,1811725
2078481334503178374,xxl_dump,2026-07-18T14:05:41+00:00,2026-07-18T14:28:26.183+00:00,638,2026-07-22T10:05:50.303Z,32855,2662,108578
