url,needs_note,ground_truth_note,tweet_text,tiktok_likeness,tiktok_reasoning,tags
https://x.com/i/status/2033486023947124920,no,,"If this is true, I don’t think Van De Ven can play again for #THFC….😬

What an appalling way to leave the club after being such an important part of winning the Europa League just 10 months ago. We just can’t have anyone who doesn’t want to fight for the cause! https://t.co/cMbbdnbs4u",5,"The video is vertical, features dynamic burned-in captions that follow the speech, and uses a fast-paced editing style typical of TikTok-native content.",tottenham_hotspur|micky_van_de_ven|football_podcast|transfer_rumors|premier_league|rule_the_roost|sports_commentary
https://x.com/i/status/2033570850587197664,no,The claim that “Reform and the tories would have rushed into a war” is clearly an opinion and doesn’t need a community note to tell us that.  ,"I will always make decisions in the national interest. That’s why we did not join the offensive action against Iran. 
 
Reform and the Tories would’ve rushed us into war without a plan to get us out. https://t.co/1VoImGDiVy",5,"The video is vertical, features burned-in captions, and uses quick cuts and dramatic music, making it perfectly suited for TikTok as-is.",uk_politics|keir_starmer|labour_party|iran|military_action|leadership|political_campaign|national_interest
https://x.com/i/status/2033630391135785162,no,NNN - It's nothing short of astounding how stupid people are these days.    The video is real; Benjamin Netanyahu is alive and well.,"Prime Minister Netanyahu:

To the brave people of Iran, I wish you, as I do every year a happy holiday season, beginning with the Festival of Lights.

It signifies the age old belief of the Iranian people that light will triumph over darkness, that good will triumph over evil. https://t.co/PoY2Mhlg6p",2,"This is a formal address by a world leader in a traditional press conference format. While it has burned-in subtitles, the static camera and formal setting are more characteristic of traditional media shared on social platforms than TikTok-native content.",benjamin_netanyahu|israel|iran|political_address|middle_east_relations|holiday_greetings|geopolitics
https://x.com/i/status/2033146899914490207,no,"NNN. Stop abusing community notes and add whatever you want in the comments.    If the OP would have stated an incorrect year, then sure, so unless you can find something non factual, it belongs in the comments.","During an event in Taiwan, strong winds caused 7-Eleven Taiwan's mascot to disappear into the sky accompanied by pleasant background music.
 https://t.co/tfCcPv60Ax",5,"The video is the primary content and is visually engaging, capturing a humorous and unexpected moment that would go viral on TikTok exactly as it is.",taiwan|7_eleven|mascot|funny_accidents|open_chan|balloon_fail|viral_video
https://x.com/i/status/2033497141306405353,no,"This post accurately summarizes Trump's March 15, 2026, statement claiming Iranian &quot;kamikaze boats&quot; footage is AI-generated and the boats don't exist. Note that similar sea drones have been used by Ukraine to sink Russian ships.    https://rollcall.com/factbase/trump/transcript/donald-trump-press-gaggle-air-force-one-march-15-2026    https://www.pbs.org/newshour/world/high-tech-sea-drones-used-to-sink-another-russian-warship-in-the-black-sea-ukraine-claims","Trump said that kamikaze sea drones do not exist and were created by AI. Because if they existed, America would have struck them long ago. https://t.co/OX5zgT65JE",2,"This is a traditional press gaggle video recorded on a plane; it lacks the vertical formatting, quick cuts, or on-screen text typical of TikTok-native content.",donald_trump|kamikaze_drones|sea_drones|iran|ai_generated|fake_news|press_gaggle|military_technology
https://x.com/i/status/2033122656493674986,no,,"future of warfare with Vision 2047. 🚀 💻

As we move toward Viksit Bharat 2047, our forces are becoming more lethal, agile, and technologically superior. 🛡️ https://t.co/xLEEhnfbzw",5,"The video is highly edited with fast cuts, cinematic music, and burned-in text overlays, making it native content that would fit perfectly on TikTok without any changes.",india|indian_military|defence_forces_vision_2047|rajnath_singh|military_modernization|future_warfare|atmanirbhar_bharat|viksit_bharat_2047
https://x.com/i/status/2033617732147810782,no,"Community notes are for correcting factually incorrect claims, not for zingers or personal opinions.     I don’t like the look of DLSS 5 any more than you do. But keep comments in the comments and stop abusing community notes.","Announcing NVIDIA DLSS 5, an AI-powered breakthrough in visual fidelity for games, coming this fall.

DLSS 5 infuses pixels with photorealistic lighting and materials, bridging the gap between rendering and reality.

Learn More → https://t.co/yHON3nGyxE https://t.co/UvF9G7tlZs",4,"The video is the primary content, featuring high-quality visual comparisons and quick cuts typical of tech showcases. While it lacks TikTok-native features like voiceovers, the visual-first presentation would translate well to the platform.",nvidia|dlss_5|ai_generated|gaming_tech|resident_evil|hogwarts_legacy|starfield|fc_24|visual_fidelity|graphics_comparison
https://x.com/i/status/2033131240321343861,no,,"A Palestinian man calls out Zohran Mamdani:

“It’s not your land to decide whether Israel has the right to exist.”

Excellent response to his claims. The Palestinian man put him in his place. https://t.co/DyygiFZYAW",4,"The video is the primary content, featuring a high-tension public confrontation with a vertical orientation. It would fit perfectly on TikTok if the tweet's context were added as on-screen text or a voiceover.",israel|palestine|zohran_mamdani|protest|political_confrontation|middle_east_relations|viral_video|activism
https://x.com/i/status/2032723520921178167,no,NNN - OP clearly labels the post AI. No need to waste people's time with a note. https://x.com/i/status/2032723520921178167,"Street View that makes your heart ache ᵃᶦ
https://t.co/AUtc3YMSuv",5,"The video is vertical, features burned-in captions, emotional background music, and a narrative structure that is native to TikTok's storytelling style.",ai_generated|viral_video|japan|google_street_view|nostalgia|storytelling
https://x.com/i/status/2032936998349218026,no,,the future belongs to furries https://t.co/dyfu2RoOam,5,"This is a native TikTok video featuring a vertical format, high-energy editing, and a watermark. The tweet text is a brief, reactionary comment typical of social media sharing.",furry|vrchat|virtual_reality|motion_capture|gaming_setup|tiktok_repost|avatar
https://x.com/i/status/2033185196527555029,no,,"""It creates a chilling effect on reporting.""

South African journalist Azad Issa claims his account on X was blocked in India after the government requested restriction over his reporting on India and Israel. https://t.co/PQcdhq0VSl",4,"The video features vertical framing, quick cuts, and burned-in captions that are highly characteristic of TikTok content, though it is presented as a traditional news interview snippet.",press_freedom|censorship|india|israel|azad_issa|al_jazeera|journalism|social_media_restriction|narendra_modi|geopolitics
https://x.com/i/status/2032935721070170194,no,,"Rip gwen stefani you would’ve hated gwen stefani
 https://t.co/kbTEPAqVsM",5,"The video is the primary content, featuring a fast-paced, visually engaging music video clip paired with a short, ironic, and reactionary caption typical of TikTok trends.",gwen_stefani|music_video|pop_culture|nostalgia|rich_girl|viral_video|ironic_humor
https://x.com/i/status/2032927595906372067,no,NNN Batman’s is against using guns himself. he has never been against other people having guns for self defense.    https://batman.fandom.com/wiki/Bruce_Wayne,"BATMAN on the new gun legislation in Virginia:

“People need to be able to defend themselves cause I can’t be there.” https://t.co/kreFQ6ccvM https://t.co/Tu8gR3jz5V",4,"The video is a short, engaging street interview with a costumed character that would easily go viral on TikTok. The tweet text acts as the caption/context that would typically be on-screen text in a native TikTok video.",batman|cosplay|gun_control|virginia|street_interview|political_protest|second_amendment|viral_video|humor
https://x.com/i/status/2032556682434265570,no,"The post does not mention Epstein, it's inferred because it looks like it, which is the point of the post, they are not making a factual claim that this is him, just that &quot;the internet is freaking out&quot; &quot;over this man&quot; ",The internet is FREAKING OUT after this man was spotted driving in south Florida https://t.co/0E0eakzpL9,5,"This is a purely visual, viral-style reaction video where the content is the visual 'lookalike' discovery itself, which is a staple of TikTok-native content.",viral_video|jeffrey_epstein|lookalike|florida|conspiracy_theory|celebrity_sighting
https://x.com/i/status/2032534098527551591,no,NNN - The post doesn't claim it was Jeffrey Epstein ,The internet is freaking out after this video was recorded in South Florida! WHO DOES THAT LOOK LIKE TO YOU??? https://t.co/veQR6eWcXi,5,"The video is the primary content, featuring a clickbait-style 'who does this look like' hook and a viral, visually engaging subject that would thrive on TikTok.",viral_video|jeffrey_epstein|conspiracy_theory|lookalike|florida|celebrity_sighting
https://x.com/i/status/2032283819923886276,no,"NNN - 1) Bullying doesn't necessitate violence, 2) keep your opinions in the comments",Bring back bullying https://t.co/vLphcwONET,5,"This is a native TikTok video featuring a vertical aspect ratio, quick cuts, and a 'haul' format typical of the platform. The tweet text is a reactionary comment on the video content rather than providing essential context.",tiktok_repost|sephora_haul|skincare|gen_alpha|influencer_culture|shopping_haul|viral_video
https://x.com/i/status/2032819593605968326,no,NNN. The intention of the post was to highlight that problems started very soon after delivery. This point still stands despite it being an easily repairable issue.,"🚨 BRAND NEW $150,000 CADILLAC ESCALADE ALREADY ENGINE KNOCKING WITH JUST 18 MILES — CHECK ENGINE LIGHT FLASHING

A man filming his brand new Cadillac Escalade-V “Magnus Frost,” one of just 255 produced, says something is already seriously wrong.

The SUV has only 18 miles on the https://t.co/ytrMLbSZcw",5,"The video is a direct TikTok repost featuring a vertical orientation, the TikTok watermark, and a first-person 'storytime' style of content that is native to the platform.",tiktok_repost|cadillac_escalade|car_problems|luxury_cars|viral_video|engine_knock|consumer_complaint
https://x.com/i/status/2032192656776814922,no,,"Kids are on the frontlines of the chatbot revolution. Ensuring their safety must be a top priority. 

The SAFE BOTs Act, included in the KIDS Act, creates baseline guardrails for chatbots that keep kids safe and directs the NIH to study the long-term effects that chatbots have on https://t.co/UOS5o3nmzx",4,"The video uses a vertical aspect ratio with large, high-contrast burned-in captions and quick cuts, which are hallmarks of TikTok-style editing for political clips.",us_politics|chatbot_regulation|kids_act|safe_bots_act|artificial_intelligence|online_safety|mental_health|erin_houchin
https://x.com/i/status/2031785771212902539,no,"The people that voted do NOT work for the bank of England. It is the BOE's choice to change the notes, no doubt driven by pressure from government","The Bank of England is replacing Winston Churchill with a picture of a beaver on our bank notes. 

This is the definition of woke. https://t.co/3oMXZpXV11",4,"The video features a direct-to-camera address with quick cuts and a call to action, though it relies on the tweet text to provide the specific context for the 'woke' claim.",uk_politics|nigel_farage|bank_of_england|woke_culture|political_commentary|currency|winston_churchill
https://x.com/i/status/2032037435425624529,no,"This post appears correct that Iran's IRGC attacked the U.S.-linked tanker Safesea Vishnu in the Persian Gulf, killing one Indian crew member, per reports. The video's origin could not be independently confirmed, though sources say IRGC released it.    https://www.aljazeera.com/news/2026/3/12/five-vessels-attacked-amid-reports-of-iranian-drone-boats-sea-mines    https://nypost.com/2026/03/12/world-news/oil-prices-surge-above-100-per-barrel-after-six-ships-attacked-in-persian-gulf-strait-of-hormuz","WATCH: The moment the U.S.-linked oil tanker Safesea Vishnu was hit in the northern Persian Gulf after allegedly ignoring warnings from Iran’s IRGC Navy.

One Indian crew member was killed. https://t.co/WOxTnXkKDx",4,"The video is highly visual and action-oriented, capturing a dramatic explosion from a first-person perspective. While it lacks TikTok-native editing like captions, the tweet text provides the context that would typically be on-screen text on TikTok.",iran|irgc|military_action|persian_gulf|oil_tanker|geopolitics|middle_east_relations|viral_video
https://x.com/i/status/2032178904148885672,no,,"Netanyahu:

We will make it to the return of the Messiah, but this will not happen next Thursday. https://t.co/FmuZRWJnd1",2,"This is a traditional news broadcast format with a split-screen layout and news tickers, which is typical of television media shared on social platforms rather than native TikTok content.",israel|iran|benjamin_netanyahu|middle_east_relations|geopolitics|military_action|al_jazeera|breaking_news
https://x.com/i/status/2032178252190491005,no,"The Speech and Debate Clause generally does not apply to speech outside the of the chambers of the House and Senate; nor does it apply to speech outside of floor debate or votes, such as press conferences like the one Rep. Ted Lieu was speaking at.    https://firstamendment.mtsu.edu/article/speech-and-debate-clause/    https://www.law.cornell.edu/constitution-conan/article-1/section-6/clause-1/activities-to-which-speech-or-debate-clause-applies    https://www.co-equal.org/case-law-precedents/congressional-immunity","Donald Trump hasn’t sued Ted Lieu. He hasn’t even threatened to sue Ted Lieu.

We know why.
https://t.co/YVGzheu3ww",2,This is a traditional C-SPAN press conference clip shared on social media with a descriptive tweet providing political context.,donald_trump|jeffrey_epstein|ted_lieu|us_politics|press_conference|legal_dispute|political_commentary
https://x.com/i/status/2032193910223880625,no,,"NEW - Netanyahu: “We will make it to the return of the Messiah, but this will not happen next Thursday.”

 https://t.co/KwpJPg20Pa",2,"This is a traditional news segment with a multi-pane layout and news tickers, functioning as a standard broadcast clip shared on social media.",benjamin_netanyahu|israel|iran|middle_east_relations|geopolitics|military_action|al_jazeera|messiah|political_address
https://x.com/i/status/2031848507036815528,no,,"Trump WRECKS Thomas Massie: 

""Massie is a complete and total disaster as a congressman and frankly as a human being. He's got one thing going, he went to a good college, but I know a lot of stupid people who went to a good college."" https://t.co/V7KnsYhRSI",2,"This is a traditional campaign rally clip with a descriptive tweet. It lacks the vertical formatting, quick edits, or on-screen captions typical of TikTok-native content.",donald_trump|thomas_massie|political_campaign|us_politics|republican_party|political_insult
https://x.com/i/status/2031895801064985021,no,Take your political opinions to the comment section ,STRIKE. 💥🦅 https://t.co/XMzNNtlT63,5,"The video is a highly edited, visually engaging meme that uses quick cuts, music, and surreal AI-generated imagery to convey a political message, making it perfectly suited for TikTok.",ai_generated|iran|donald_trump|political_meme|bowling|satire|middle_east_relations|geopolitics|viral_video
https://x.com/i/status/2031713951915155607,no,"This post is correct that an 18-year-old was arrested in Queensland for displaying the banned slogan &quot;from the river to the sea&quot; on her shirt, facing up to 2 years under new laws.    https://www.theguardian.com/australia-news/2026/mar/11/two-protesters-arrested-on-first-day-of-queenslands-from-the-river-to-the-sea-ban-ntwnfb    https://www.abc.net.au/news/2026-03-11/qld-protesters-arrested-hate-speech-laws/106443370","An 18-year-old woman in Queensland faces two years in jail for wearing a shirt that says ""from the river to the sea.""

In Australia, you can bankroll mass murder and sleep fine. But wear a shirt that says ""from the river to the sea""?Two years in prison. https://t.co/YnHDQHR8gr",4,"The video is high-impact visual content with burned-in captions and a vertical format typical of social media reposts, where the tweet text functions as the primary narrative hook.",australia|queensland|protest|palestine|free_speech|censorship|activism|police_arrest|human_rights|political_commentary
https://x.com/i/status/2031866177991872618,no,,Corinna Kopf saw her viewers drop and immediately started throwing CAKE at the camera... 😂 https://t.co/VwB8Sy9Vc5,5,"The video is the primary content, featuring a high-energy, visually engaging clip of a popular streamer that would fit perfectly on TikTok's 'For You' page as-is.",corinna_kopf|twitch_streamer|viral_video|gaming_culture|celebrity_sighting|internet_personality
https://x.com/i/status/2031762079321870487,no,"NNN  CN writer is comparing 2012 data with 2025. In 2012, INC was still in power, BJP came from 2014. Secondly, if you compare 2004 prices (34) and 2013 (72.26) a 112% price increase was observed. Further, points raised are an opinion.  https://cleartax.in/s/petrol-price-india-history    Further, claim made by BJP is correct:  https://www.reuters.com/article/business/india-pm-singh-says-no-rollback-of-fuel-price-hike-idUSSGE6200EU/  https://www.firstpost.com/business/economy/petrol-bomb-is-a-dud-if-only-dr-singh-had-listened-319594.html","Let’s revisit 2012.

The UPA government abruptly hiked petrol prices by ₹8 per litre in one stroke, one of the steepest increases India had seen at the time. When questioned about the burden on ordinary citizens, then Prime Minister Manmohan Singh famously remarked:

“𝐏𝐚𝐢𝐬𝐚 https://t.co/oLqejJDdgX",2,This is a traditional televised political address shared on social media. The video is supplementary to the tweet's historical analysis and community note context.,india|manmohan_singh|political_address|indian_politics|economic_policy|nostalgia|upa_government
https://x.com/i/status/2031790180521427166,no,"This post is promoting a software product called “Personal Computer”, which is an extension of “Perplexity Computer”.    Notes claiming this is a “thin client” and/or not a literal “personal computer”/“PC” are pedantic. This post is about a piece of software, not hardware.    https://www.perplexity.ai/products/computer","Announcing Personal Computer.

Personal Computer is an always on, local merge with Perplexity Computer that works for you 24/7.

It's personal, secure, and works across your files, apps, and sessions through a continuously running Mac mini. https://t.co/EpvilVX6XZ",4,"The video uses high-production value, quick cuts, and sleek UI animations typical of tech-product showcases on TikTok, though the tweet provides the primary technical context.",ai_technology|perplexity_ai|mac_mini|software_launch|productivity_tools|personal_computer|tech_showcase
https://x.com/i/status/2031597022755909785,no,"This post critiques US aid priorities. Reports confirm Iron Dome intercepted many missiles in recent Iran attacks, though some got through in barrages. US aid to Israel is ~$3.8B/year, while healthcare spending exceeds $5T.    https://www.reuters.com/pictures/under-iron-dome-iranian-strikes-pierce-israels-missile-shield-2026-03-02    https://www.cms.gov/data-research/statistics-trends-and-reports/national-health-expenditure-data/nhe-fact-sheet",We don't have healthcare because all of our money went to the Iron Dome and it's not even working https://t.co/pqD5pa7yXa,4,"The video is highly visual and emotionally charged, featuring citizen-recorded footage of a major event. The tweet text acts as a 'caption' that provides a specific political framing, which is a common format for TikTok-style content on Twitter.",iran|israel|middle_east_relations|geopolitics|military_action|iron_dome|political_commentary|missile_strike
https://x.com/i/status/2031713317018820661,no,,"Britain has the best service personnel in the world.

I thank all of those in our Armed Forces for keeping British people, and our allies, safe. https://t.co/IpdRaPfBSa",4,"The video uses TikTok-style vertical formatting with large, burned-in captions and quick cuts, though the tweet text provides additional context common to Twitter.",uk_politics|keir_starmer|labour_party|military_action|middle_east_relations|political_address|national_interest
https://x.com/i/status/2031784520194634013,no,NNN.  The author clearly uses the word &quot;speculation&quot;.,"🚨BREAKING - MASSIVE NON-NUCLEAR EXPLOSION IN QOM, IRAN JUST NOW  

Qom is Iran's clerical capital

Lots of speculation that the USA has used its 30,000lb  GBU-57A/B Massive Ordnance Penetrator (MOP)

which has RARELY been used, and can penetrate 200 feet into the earth. https://t.co/9IUnoX2PPD",4,"The video features a dramatic, visually engaging explosion with a picture-in-picture overlay of military hardware, a style very common on TikTok. The tweet text serves as the necessary context that would typically be on-screen text or a voiceover on TikTok.",iran|military_action|geopolitics|military_technology|explosion|qom|misinformation
https://x.com/i/status/2031475378431070384,no,,"Children are at risk online.

Rep. Brett Guthrie tells the Scott @JenningsShow that apps and games like Roblox are putting kids in danger. Predators can groom, threaten, and contact children with ease.

The App Store Accountability Act aims to make tech companies responsible for https://t.co/9B1bgMnbsR",2,"This is a traditional news segment clip with a descriptive tweet. While it uses some B-roll footage, it maintains a formal broadcast news format rather than a social-first style.",us_politics|child_safety|tech_regulation|brett_guthrie|roblox|online_safety|political_commentary|news_clip
https://x.com/i/status/2031502918491230634,no,NNN. Take theological and biblical interpretations to the comments.,"US Ambassador Mike Huckabee insists Christians are spiritually enslaved to a moral debt they owe the Jewish people forever.

Huckabee says he can’t understand why so many Christians choose not to support Israel. https://t.co/xkBoBbit1t",5,"The video features vertical formatting, quick cuts, and burned-in captions, making it ready for TikTok as-is. The tweet text is minimal and reactionary, with the video serving as the primary content.",israel|middle_east_relations|us_politics|religion|mike_huckabee|christianity|judaism|political_commentary|tiktok_repost
https://x.com/i/status/2031255631642902821,no,,This is why the Japanese use rain chains.... https://t.co/palzwiYAnU,5,"The video is a native vertical-format clip with fast cuts, burned-in captions, and a voiceover narration, making it perfectly suited for TikTok as-is.",japan|rain_chains|home_improvement|architecture|educational|viral_video
https://x.com/i/status/2031475339268853792,no,"Whilst the video shows a digger destroying the remnants of the structure, it isn’t in and of itself misleading to have excluded this in the text of the post. No requirement to clarify this small point, as the actual post is still factually accurate.","In Georgia there used to be a monument that gave instructions in 8 languages on how to rebuild society after an unknown apocalyptic event, also functioning as a compass, calendar and a clock.

Unfortunately, it was destroyed in 2022 via bombing by a vandal https://t.co/05dJ8gkyDx",4,"The video is a short, visually engaging clip of a monument being demolished, which would perform well on TikTok with the tweet's context converted to on-screen text.",viral_video|georgia_guidestones|monument_destruction|conspiracy_theory|history|vandalism
https://x.com/i/status/2031352789209600452,no,,"Someone just bypassed the Netflix's DRM

you can stream or record videos on Netflix

just turn off graphics acceleration from Chrome settings https://t.co/zgOvtPolTu",4,"The video is a fast-paced screen recording demonstrating a 'life hack' or technical workaround, which is a very popular genre on TikTok, though it relies on the tweet text for the specific instructions.",netflix|drm_bypass|tech_hack|chrome_settings|screen_recording|streaming_tips|viral_video
https://x.com/i/status/2031166580793512274,no,Keep your personal opinions to the comments.,"This is life in Iran that Trump tries to demonize with constant lies

https://t.co/Gp3MMNJu76",5,"The video is a vertical, high-energy selfie-style clip of someone rollerblading through city streets with upbeat music, which is a native TikTok format. The tweet text acts as a political framing for content that is purely visual and experiential.",iran|viral_video|lifestyle|political_commentary|donald_trump|middle_east_relations|rollerblading|tehran
https://x.com/i/status/2031307186123547066,no,NNN. The 25p reduction meant that a litre of diesel was at £1.43 and a litre of unleaded at £1.21. Which was cheaper than the proposed note.     https://www.gbnews.com/lifestyle/cars/nigel-farage-petrol-diesel-prices-rachel-reeves-fuel-duty    https://www.standard.co.uk/news/politics/nigel-farage-rachel-reeves-reform-labour-government-iran-b1274203.html,NEW: Reform are subsidising prices at a petrol station in Buxton to promote their proposal to cut fuel duty in the wake of the Iran War - more on @skynews later https://t.co/12sSln9mvS,3,"The video features a presenter-led on-site report with visual engagement, but the presentation style is traditional broadcast news rather than social-media native editing.",uk_politics|reform_uk|nigel_farage|fuel_prices|political_campaign|sky_news|buxton|iran_war
https://x.com/i/status/2030953820700688635,no,,Just look at the difference between how goalie Ruslan Khazheyev congratulated the media team girls vs. how the rest of the players did it. Pure class. Actions speak louder than words https://t.co/LHMGBW5kFr,5,"The video is a vertical-format montage with burned-in captions, quick cuts, and a clear 'storyline' typical of social media trends, making it perfectly suited for TikTok as-is.",viral_video|tiktok_repost|international_womens_day|hockey_players|ruslan_khazheyev|greensboro_argoyles|sports_culture|wholesome
https://x.com/i/status/2031270963900219461,no,"NNN - It is, in fact, lava i.e., molten rock. The creator who made the video has shown the process for other &quot;Lava vs ...&quot; videos.    https://www.youtube.com/@PressTube","Lava above 1,000°C was poured into a Stanley thermos to test its durability…

 https://t.co/SJHe6IzxTk",5,"The video is pure visual engagement with a high-interest 'experiment' premise, quick cuts, and background music, making it perfectly suited for TikTok's format.",viral_video|lava_experiment|stanley_cup|durability_test|molten_rock|oddly_satisfying
https://x.com/i/status/2031021075136463359,no,,"The SAVE Act is NOT about strengthening voter ID.

It's a way for this regime to steal upcoming elections.

Republicans want to silence MILLIONS of eligible voters by making it harder to register to vote.

And married women, you're one of the SAVE Act's perfect targets. https://t.co/evsalTulOs",5,"The video features vertical framing, quick cuts, and burned-in captions, making it native to TikTok's visual style. The tweet text simply mirrors the video's core message.",us_politics|voter_id|save_act|political_commentary|mazie_hirono|voter_registration|tiktok_repost
https://x.com/i/status/2031131670502339058,no,Joke,JUST IN: Unbelievable footage of Iran attacking the largest US base in the Middle East https://t.co/UrYnT6uY0W,5,"The video is the primary content and is highly visually engaging, using cinematic footage to drive engagement with minimal text. It is a pure visual spectacle that would fit perfectly on TikTok as-is.",iran|middle_east_relations|military_action|fake_news|viral_video|satire|movie_clip
https://x.com/i/status/2030894193875247582,no,,This clip shows how original versions of TV shows have been shortened via syndication and streaming. But the bigger takeaway is that most people don’t realize it. In an era where books are being banned and original materials are becoming harder to find. This is just a small/fun https://t.co/yuJr7on8DE,4,"The video uses a side-by-side comparison format with on-screen text overlays, a style very common on TikTok, though the tweet provides the deeper analytical context.",nostalgia|media_criticism|tv_history|censorship|streaming_vs_original|pop_culture|comparison_video
https://x.com/i/status/2030815367581651415,no,,"🚨#BREAKING | #GLASGOW 🏴󠁧󠁢󠁳󠁣󠁴󠁿

Glasgow Central Station has been closed after a major blaze broke out on Union Street in Glasgow. Emergency services are on the scene as authorities work to contain the fire.
#GlasgowCentral https://t.co/P2GEO21R5k",4,"The video is highly visual and engaging citizen-journalism style footage that would thrive on TikTok, though it lacks the platform's native text overlays.",breaking_news|glasgow|scotland|fire|emergency_services|public_safety|viral_video
https://x.com/i/status/2031056446461182078,no,,".@Maryam_Rajavi described to me a very different vision for Iran than the Islamists currently in power: 

“We believe that every woman must choose for herself what to wear. No to compulsory hijab, no to compulsory religion, and no to compulsory governance."" https://t.co/P4ykMo6JQ4",2,"This is a traditional TV interview segment with a formal setup and professional framing, primarily serving as a news clip rather than native social media content.",iran|maryam_rajavi|womens_rights|hijab_protest|political_commentary|middle_east_relations|activism
https://x.com/i/status/2030425765364343009,no,,"🚨WOW: West Elementary School in Alabama has become the first in the United States to install ballistic pods in classrooms.

The $60,000 rapid-deployment room sits in the corner of each classroom and can expand in just 10 seconds to create a bullet-resistant shelter for students https://t.co/Cu5o1QMRV3",4,"The video is the primary content and highly visual, demonstrating a 'reveal' or 'how it works' format that is very popular on TikTok. The tweet text acts as the necessary context that would typically be a voiceover or overlay on TikTok.",viral_video|school_safety|military_technology|alabama|education|ballistic_protection|us_news
https://x.com/i/status/2030719678935429554,no,"NNN. Also, festive blossom sparrowhawk listed Warlord Dilly as a source, which is laughable. ","Karoline Leavitt doesn’t rule out a draft.

How about the answer is NO DRAFT AND NO BOOTS ON THE GROUND because we campaigned on NO MORE FOREIGN WARS OR REGIME CHANGE!!!

Liars every single one of them!

Not my son, over my dead body!!!!!
 https://t.co/UTLn4WXFRV",2,"This is a traditional cable news segment shared on social media with a descriptive, reactionary tweet. It lacks the vertical formatting, quick cuts, or in-video overlays typical of TikTok-native content.",us_politics|iran|military_action|political_commentary|fox_news|karoline_leavitt|donald_trump|foreign_policy|middle_east_relations
https://x.com/i/status/2030717291130663297,no,NNN. The post directly states that   “It’s not part of the current plan right now… but the president… wisely keeps his options on the table.” ,"White House Press Secretary Karoline Leavitt says drafting American children to go fight in the war against Iran is not off the table.

“It’s not part of the current plan right now… but the president… wisely keeps his options on the table.” https://t.co/OvIOT3Tqll",2,"This is a traditional news broadcast clip from Fox News shared on social media for political commentary, lacking the vertical format or editing style typical of TikTok-native content.",us_politics|iran|middle_east_relations|donald_trump|karoline_leavitt|military_action|political_commentary|breaking_news
https://x.com/i/status/2030227167645508043,no,NNN - Express your thoughts on the timing in the comments.,"Timothée Chalamet talking about growing up at the backstage of the NYC Ballet and how that impacted him:

“My grandmother, my mother, my sister danced in the New York City Ballet. I grew up dreaming big at the backstage at the Koch Theater in New York.”https://t.co/8xc9wxy9MP",2,"This is a traditional interview clip from a talk show or press junket. While the content is celebrity-focused, the presentation is standard broadcast media rather than TikTok-native style.",pop_culture|celebrity_interview|timothee_chalamet|nyc_ballet|entertainment_news
https://x.com/i/status/2030383547832533378,no,This is not an animation. Another user was able to replicate this.  https://x.com/i/status/2030660154287644741,"There's a fruit fly walking around right now that was never born.

@eonsys just released a video where they took a real fly's connectome — the wiring diagram of its brain — and simulated it. Dropped it into a virtual body. It started walking. Grooming. Feeding. Doing what flies https://t.co/VCJi4tTrrl",4,"The video is a highly engaging, visually-driven demonstration of a 'digital life' simulation that would thrive on TikTok; the tweet text serves as the necessary context that would typically be a voiceover or overlay.",ai_generated|science_technology|neuroscience|simulation|artificial_intelligence|digital_biology|connectome|future_tech
https://x.com/i/status/2030229637180141582,no,Joke.    https://en.wikipedia.org/wiki/Joke,Breaking Bad’s Walter White Jr. just made his pro show debut at the Arnold Classic. https://t.co/gf3jn1zSuT,5,"The video is the primary content, featuring a visually engaging bodybuilding routine with upbeat music that would fit perfectly on TikTok as-is. The tweet text acts as a humorous caption common to short-form video platforms.",viral_video|pop_culture|lookalike|satire|bodybuilding|arnold_classic|sam_sulek|breaking_bad|sports
https://x.com/i/status/2030129581659697310,no,"NNN    Factually Correct     She did like the posts and the proposed note admits that, acknowledging it is factually correct    Any opinions on stating a reason why she liked them should be made in the replies","New York City Mayor Zohran Mamdami's wife, Rama Duwaji, “liked” Instagram posts that appeared to support the October 7 attacks on Israel.

CBS News verified that Duwaji “liked” one post from October 7, showing images of the attack and another one from the day after the attacks https://t.co/aJjd27d5Bc",5,"The video is a native TikTok repost featuring vertical orientation, rapid cuts, burned-in captions, and a voiceover that narrates the entire story independently of the tweet text.",tiktok_repost|zohran_mamdani|israel|palestine|us_politics|political_commentary|breaking_news|social_media_controversy
https://x.com/i/status/2029708801314586917,no,"NNN- Most notes are opinions and speculations, it does not contradict the video nor has spread any news or fact.",What Iranians inside Iran think of the dancing Iranian diaspora: https://t.co/p2hx2kj0K6,5,"The video features vertical formatting, quick cuts, burned-in subtitles in multiple languages, and a picture-in-picture reaction style that is native to TikTok.",iran|middle_east_relations|political_commentary|protest|activism|tiktok_repost|viral_video
https://x.com/i/status/2030493711407144979,no,"This post correctly shows a real 2024 drone failure in Quanzhou, China. On-site operators suspected jamming, but a detailed analysis indicates strong winds likely caused battery drain and crashes instead. No official cause has been confirmed.    https://www.youtube.com/watch?v=PMYoH0E41mY    https://www.jalopnik.com/2-000-drones-fall-from-the-sky-after-failing-during-lig-1851725105    http://www.ecns.cn/news/cns-wire/2024-12-09/detail-ihekuwsr0209928.shtml","A drone show in China was disrupted after someone turned on a jammer causing the drones to simply fall out of the air.
https://t.co/vhRBWedf9z",5,"The video is vertical, features burned-in subtitles, and uses a 'Let me explain' hook common to TikTok storytelling formats.",viral_video|china|drone_show|technology_fail|quanzhou|tiktok_repost
https://x.com/i/status/2030315469689778571,no,"The whole world saw how the U.S. &quot;held the word&quot; given to Ukraine, after forcing it to give up its nuclear weapons, and then removed the Budapest Memorandum from the White House website, effectively abandoning it.     https://en.wikipedia.org/wiki/Budapest_Memorandum","SECRETARY RUBIO: We want the world to see that when you're a friend and an ally of the United States, it is a good thing. It's reciprocated. https://t.co/43XM17jgYX",2,"This is a traditional press conference clip with descriptive text, typical of news sharing on Twitter rather than the fast-paced or edited style of TikTok.",us_politics|geopolitics|marco_rubio|donald_trump|political_address|foreign_policy|ukraine_war|budapest_memorandum
https://x.com/i/status/2030345772558852281,no,"This post is correct that Rama Duwaji liked over 70 anti-Israel posts after Oct. 7, including ones calling it a &quot;mass rape hoax&quot; and an Israeli prison a &quot;concentration camp.&quot; These were on Instagram, per reports.    https://www.thefp.com/p/nyc-first-lady-liked-post-oct-7-rape-hoax    https://nypost.com/2026/03/07/us-news/mamdanis-wife-rama-duwaji-liked-post-calling-october-7-hamas-rapes-of-israelis-a-mass-hoax-report/","I found 70+ posts liked by Rama Duwaji, Zohran Mamdani's wife, of radical anti-Israel content—and even Holocaust inversion. https://t.co/Q7NEKVXSnG",5,"The video is a native vertical-format investigative report featuring a direct-to-camera presenter, quick cuts, and burned-in visual evidence, making it perfectly suited for TikTok.",israel|palestine|zohran_mamdani|rama_duwaji|political_commentary|social_media_controversy|anti_israel|us_politics|investigative_journalism
https://x.com/i/status/2030051395294941427,no,"NNN    Not that I'm a fan of this administration, but it is facially ridiculous to think context is needed because a touchdown doesn't occur in this video. Nobody understands this video better by a community note being pedantic.",Touchdown https://t.co/aDNdqBdRzG,5,"The video is a high-energy edit featuring quick cuts, rhythmic synchronization to music, and a 'meme' style juxtaposition that is native to TikTok's visual language.",military_action|american_football|video_edit|satire|pop_culture|military_technology
https://x.com/i/status/2030015671820509202,no,This is just a video that pretends that baseball players hit munitions at targets and gives a personal opinion of American dominance.  https://x.com/WhiteHouse/status/2030015671820509202?s=20,Pure American dominance. 💥🇺🇸 https://t.co/nvgWLar2ak,5,"The video is a fast-paced, highly edited montage that relies on visual humor and synchronization, making it perfectly suited for TikTok's format.",baseball|military_action|satire|viral_video|pop_culture|us_politics
https://x.com/i/status/2030035621977198943,no,,Still don’t understand why we allowed this in TEXAS.  https://t.co/mQXIZTOdwL,4,"The video features quick cuts, dramatic music, and visually striking drone footage of a massive statue, while the tweet text provides the reactionary context typical of TikTok captions.",texas|hanuman_statue|hinduism|cultural_controversy|statue_of_union|religious_monument|viral_video|social_media_controversy
https://x.com/i/status/2029981435696669014,no,,"GOP House candidate Brandon Herrera: “I often think about putting a gun in my mouth, so I’m basically an honorary veteran.”
 https://t.co/JG8RWvJgiX",3,"The video features a podcast-style setup with multiple camera angles and a punchy, controversial soundbite that works well on social media, though it lacks typical TikTok visual edits.",brandon_herrera|political_commentary|us_politics|social_media_controversy|podcast_clip|veterans_affairs|satire
https://x.com/i/status/2029933425394672096,no,"NNN - Don't abuse community notes please. The location is past a border city of Iraq entering Iran. It could be inside Iran.  Coordinates as per the &quot;reference&quot; post although the reference post uses flawed argument and is biased against Israel:  36.183568, 45.135899","The Israeli Air Force publishes footage from the cockpit of IAF fighter jets flying over Iran.

“We continue to fight, as required around the clock, and feel your support all the time. We wish you, Israeli citizens, a safe and quiet Shabbat,"" a pilot is heard saying in a https://t.co/cvljwuAJ02",4,"The video features high-action cockpit footage with quick cuts and burned-in Hebrew captions, making it highly engaging. It would easily translate to TikTok with the tweet's context added as a voiceover or text overlay.",israel|iran|military_action|middle_east_relations|geopolitics|iaf|fighter_jet|war_coverage
https://x.com/i/status/2029984809242529912,no,NNN - The post already says that he is joking,"GOP candidate Brandon Herrera joking about Hitler being his hero
 https://t.co/fxk5e0xwDS",5,"The video is a self-contained comedic sketch with high production value, quick cuts, and a punchline that functions independently of the tweet text.",us_politics|satire|political_commentary|brandon_herrera|viral_video|dark_humor
https://x.com/i/status/2029832490085392584,no,The OG post does not suggest that the shooting was intentional and a community note here is not needed.,BREAKING: This is the first video showing how a Kuwaiti F/A-18C Hornet shot down three F-15Es of the USAF (two from 335th FS and one from 492nd FS) on March 2. The Kuwaiti Hornet pilot used AIM-9M or AIM-9X Sidewinder missiles to shoot the Strike Eagles down. He engaged them from https://t.co/HI4mhUUHhT,5,"The video is a direct TikTok repost featuring the platform's watermark, vertical orientation, and burned-in text overlays that provide the primary context.",tiktok_repost|military_action|kuwait|aviation_incident|viral_video|middle_east_relations|military_technology
https://x.com/i/status/2029723638560067679,no,,"Mike Johnson endorsed candidate in #TX23 Brandon Herrera cosplays as a Nazi, using a case of White Claws as a prop meant to represent Jewish people in hiding during the Holocaust—then proceeds to violently kill them with machine guns https://t.co/xI2VcufljT",4,"The video features high-energy visual engagement, quick cuts, and a skit-like format that is highly characteristic of TikTok content, though it relies on the tweet for political framing.",us_politics|political_campaign|social_media_controversy|brandon_herrera|satire|pop_culture|viral_video
https://x.com/i/status/2029272213619097740,no,,"Humming for just 10 minutes a few times a day can increase nitric oxide in your nasal passages by up to 15 times — enough to completely clear chronic rhinitis in some people, according to research.

James Nestor explains in this short clip why this simple, free trick works so https://t.co/fkSqUaDi1H",4,"The video features vertical framing, burned-in captions, and quick cuts typical of TikTok health-hack content, though the tweet provides the detailed scientific context.",health_tips|james_nestor|wellness|breathing_exercises|science_explained|biohacking|medical_research
https://x.com/i/status/2029690917163041016,no,NNN - Clearly this is a joke. ,"Gone, but not forgotten. https://t.co/2EDgBTvcZU",5,"The video is the primary content, featuring a montage with music and edited text overlays that would fit perfectly on TikTok as a satirical meme.",satire|us_politics|kristi_noem|political_commentary|meme|pop_culture
https://x.com/i/status/2029432188672860325,no,"NNN please respect the community notes community.  Abusing CC by posting ideological hate, conspiracy, or wild unsubstantiated speculation, ruins the credibility &amp; reputation of the feature.  https://grokipedia.com/page/Abuse_of_power ",On our way to make history ✈️ https://t.co/SoTAorwyrh,5,"The video is purely visual and auditory content set to music, with the tweet text serving as a minimal caption. It is a high-energy montage that would fit perfectly on TikTok as-is.",military_technology|fighter_jets|israel|middle_east_relations|military_action|geopolitics
https://x.com/i/status/2029830892659900646,no,,"Seth MacFarlane says they used AI to make him look like Bill Clinton in 'Ted' S2 

""It's an interesting example of how AI can be used as a tool ... We tried prosthetics, we tried traditional CGI, everything else just looked terrifying""

(via @AP)  
https://t.co/lbjY50vMcr",4,"The video is the primary content and highly engaging, featuring a cinematic scene with a celebrity lookalike. On TikTok, the context provided in the tweet would likely be presented as on-screen text or a voiceover.",ai_generated|artificial_intelligence|pop_culture|satire|bill_clinton|seth_macfarlane|ted_series|cgi|visual_effects|lookalike
https://x.com/i/status/2029934616014946727,no,NNN    GenAI = AI  DeepFake = AI    They are just two different types of AI    https://en.wikipedia.org/wiki/Deepfake,"Seth MacFarlane says they used AI to make him look like Bill Clinton in ‘TED’ Season 2.

“It's an interesting example of how AI can be used as a tool... We tried prosthetics, we tried traditional CGI, everything else just looked terrifying”

(Source: @AP) https://t.co/g4v2rZaFmd",3,"The video is a high-quality clip from a TV show that stands alone as entertainment, but the tweet provides essential technical context regarding the use of AI that isn't present in the video itself.",ai_generated|artificial_intelligence|deepfake|pop_culture|satire|ted_series|bill_clinton|seth_macfarlane|cgi_technology
https://x.com/i/status/2029702104399397274,no,"NNN Under Legal Discrimination, Wikipedia notes there are &quot;23 restrictions on Iranian women... Women cannot get a job or pursue a profession in the same way a man can.&quot; Girls can be married at age 10 and husbands can restrict school, work, and travel. See 2nd link.  https://en.wikipedia.org/wiki/Women%27s_rights_in_Iran#:~:text=According%20to%20the%202017%E2%80%932018,WPS%20report%20also%20states%20there:  https://x.com/i/status/2030219118465462707","Women used to be able to dress, work, go to school, and marry freely in Iran.

But then the RADICAL ISLAMISTS took over.

Now, women in Iran are treated like DOGS.

Where is the outrage from the so-called Democrat “feminists” about Islam’s barbaric treatment of women??? https://t.co/eDPz9q10in",2,"This is a traditional C-SPAN recording of a political address in the U.S. Senate, which is typical of traditional media shared on Twitter rather than TikTok-native content.",political_address|us_politics|iran|womens_rights|political_commentary|tommy_tuberville|middle_east_relations
https://x.com/i/status/2029741548791853331,no,"NNN    Clear Satire/Personal Opinion    A. It’s a meme    B. Any claims of “propaganda” can themselves be called propaganda, which is why opinions fall under NNN    C. No one’s permission is required as this falls under fair use like 99+% of internet memes    https://www.law.cornell.edu/uscode/text/17/107#:~:text=The%20fair%20use%20statute%20in%20the%20U.S.,necessarily%20bar%20a%20finding%20of%20fair%20use    https://natlawreview.com/article/who-owns-memes    Disagree in the replies",JUSTICE THE AMERICAN WAY. 🇺🇸🔥 https://t.co/0502N6a3rL,5,"The video is a high-energy edit featuring rapid cuts, popular movie clips, and stylized visual effects that are native to TikTok's 'edit' culture. It functions as a standalone piece of visual content where the tweet text is purely reactionary.",viral_video|satire|pop_culture|donald_trump|us_politics|military_action|meme|video_edit
https://x.com/i/status/2029625492370780616,no,The proposed note does not address the actual physics behind air expansion in the lungs (Boyle’s law). Lungs can be injured by expanding air when ascending.    https://blog.padi.com/the-golden-rules-of-scuba-diving/,Aaaaaaaaand that ball is your lung going up while holding your breath kids😂 https://t.co/qqQwUwDAVu,5,"The video is a highly produced, vertical-format educational clip with burned-in captions and a voiceover, making it native TikTok content.",tiktok_repost|scuba_diving|physics_experiment|educational_content|boyles_law|underwater_video|science_demonstration
https://x.com/i/status/2029301477341061613,no,NNN   Whether the man in the video is technically allowed to be wearing the uniform he is wearing in the video is completely irrelevant and is not useful context.,Senator Sheehy joined Capitol Police in lifting up and ejecting anti war protestor Brian McGinnis from a SASC subcommittee hearing.  McGinnis is a Green Party candidate running for Senate in N.C. An antiwar activist filmed the video below: https://t.co/0dVA0ORWXQ,4,"The video is a raw, vertically-filmed eyewitness clip of a high-tension physical confrontation, which is a staple of TikTok's viral news style. The tweet text provides the context that would typically be found in a TikTok caption or on-screen text.",viral_video|us_politics|protest|activism|capitol_police|senate_hearing|brian_mcginnis|tim_sheehy|political_controversy
https://x.com/i/status/2029532550842990972,no,NNN - It’s her opinion to be for it. Take your opinions to the comment section.,"I'm voting YES on Virginia's redistricting amendment.

Here's why: https://t.co/asTf5s1mS3",2,"The video is a traditional political address with a static camera and formal background, though it includes burned-in captions common on social media.",us_politics|political_address|political_campaign|virginia|redistricting|abigail_spanberger
https://x.com/i/status/2029261657063436564,no,NNN.  There's clear jump cuts. It isn't trying to hide anything. AI shouldn't be writing community notes.,This video made my day 🥹❤️ https://t.co/6VeexjgKJM,5,"The video is the primary content, featuring vertical orientation, burned-in captions, emotional background music, and quick cuts typical of TikTok-native storytelling.",viral_video|tiktok_repost|animal_rescue|turtle|nature|wholesome_content
https://x.com/i/status/2029531533481013634,no,NNN as CNN’s post already included the information that “CNN is operating in Iran only with government permission.”    A CN reiterating the fact is therefore unnecessary.,"CNN's Frederik Pleitgen is on his way to Iran's capital, Tehran, as Israel and the US continue their aerial campaign against the country. CNN is operating in Iran only with government permission. https://t.co/tfsJrjHcx9",4,"The video features vertical framing, quick cuts, and burned-in captions typical of TikTok, though the tweet text provides additional journalistic context.",iran|israel|middle_east_relations|military_action|geopolitics|breaking_news|cnn|war_coverage
https://x.com/i/status/2029300935487373760,no,This post is correct that the White House posted the video and caption about sinking the Iranian warship in international waters. Canada and Spain have stated the strikes are inconsistent with international law.    https://www.pm.gc.ca/en/news/statements/2026/03/03/statement-prime-minister-carney-evolving-situation-middle-east    https://www.euronews.com/my-europe/2026/03/02/spains-fm-says-unilateral-us-israeli-attack-on-iran-not-backed-by-international-law,"🚨 The White House just posted a video of sinking an Iranian warship in international waters.

Their caption: “This Iranian warship thought it was safe in international waters. It wasn’t.”

They’re bragging about it. Publicly. From the official White House account.

Attacking a https://t.co/RrF6le2TkL",2,"This is a traditional press conference clip and military footage used to convey news and political commentary, which is more characteristic of standard social media news sharing than TikTok-native content.",iran|military_action|us_politics|geopolitics|foreign_policy|middle_east_relations|breaking_news|political_commentary
https://x.com/i/status/2029204413240221820,no,,"SECWAR Hegseth says the strikes on Iran by the US and Israel will continue for as long as we like and “Iran will be able to do nothing about it.”

This is true. Iran is powerless other than to surrender.

That’s their only good move left. 

https://t.co/kQdX138l2X",2,"This is a traditional press conference clip shared on social media where the tweet text provides the primary context and analysis. The video lacks TikTok-native features like vertical formatting, quick cuts, or on-screen captions.",ai_generated|middle_east_relations|us_politics|iran|israel|military_action|geopolitics|political_address|foreign_policy
https://x.com/i/status/2029214855165886543,no,,"&gt;Iran’s warship was invited by India to participate in MILAN 2026.

&gt;It was returning from India with around 200 sailors on board.

&gt;The U.S. Navy sank it using a torpedo in the Indian Ocean.

&gt;More than 80 sailors died after drowning in the ocean.

&gt;India didn’t provide https://t.co/zELCr6skjV",4,"The video is a cinematic edit with music and visual effects, but the tweet text provides the specific narrative context that would typically be on-screen text in a TikTok.",video_edit|meme|iran|india|military_action|geopolitics|fake_news|pop_culture
https://x.com/i/status/2029194497310040358,no,,"Protecting British lives is, and always will be, my number one priority. https://t.co/PlijWT9zkn",4,"The video features vertical formatting and large, burned-in captions typical of TikTok. While it is a political address, the editing style is optimized for mobile social media consumption.",uk_politics|keir_starmer|labour_party|national_interest|political_address|iran|middle_east_relations|foreign_policy
https://x.com/i/status/2028677997587243176,no,,"“On the ground [in Iran] the MEK resistance units are very active. We have reports that they have…  targeted several IRGC garrisons… they also went and took over the headquarters for the implementation of Khamenei’s decrees.”

National Council of Resistance of Iran member https://t.co/TUPgVqZaVq",2,"This is a traditional news segment clip from One America News Network. While it includes some B-roll of military action, the format is a standard split-screen interview that relies on the tweet text for context.",iran|middle_east_relations|military_action|political_commentary|us_politics|mek|irgc|resistance_movement|foreign_policy
https://x.com/i/status/2029241318778552543,no,"NNN- The M.O.D did not say the drone was fired by hezbollah.  It stated that the drone was not launched from IRAN.  no missing context, note not needed.    https://x.com/DefenceHQ/status/2029241425238568984?t=51ppG3MZGHVMrXbUvgp3Nw&amp;s=19","BREAKING: A ""Shahed-like drone"" which targeted an RAF base in Cyprus was not launched from Iran, says a Ministry of Defence spokesperson.

Iran latest 🔗 https://t.co/MSOfDN6aRq

📺 Sky 501 and YouTube https://t.co/HaFKmugFU6",2,"This is a traditional news broadcast segment from Sky News. While the video is the primary content, its presentation is formal TV journalism rather than social-media-native style.",breaking_news|iran|middle_east_relations|military_action|uk_politics|military_technology|geopolitics|cyprus|raf|drone_warfare
https://x.com/i/status/2028670814825165014,no,Overjoyed Pine Smith's cn is irrelevant. The poster doesn't specify a length of time that the blathering fool spoke about either subject. There's nothing to note or dispute. The point is clearly that he spoke about curtains &amp; a ballroom AT ALL when the topic is SOLDIERS DYING. ,"American soldiers are DEAD but Donald Trump cares more about the color of his ballroom curtains. 

Trump is DISGUSTING! https://t.co/QDiG42jM2n",2,This is a traditional press conference clip shared on social media where the tweet provides the critical context and framing for the video content.,us_politics|donald_trump|political_commentary|gavin_newsom|military_action|political_address
https://x.com/i/status/2028612652348399782,no,"The clip is from Clinton's Feb 27, 2026 deposition. He smiles while viewing a photo with Epstein &amp; Branson, laughing at his own joke per viewer accounts. 'Nodding over memories' is opinion. https://oversight.house.gov/release/oversight-committee-releases-bill-and-hillary-clinton-deposition-videos https://x.com/bendreyfuss/status/2028945813897154793","Bill Clinton is smiling while looking back through old Epstein photos &amp; nodding over memories🤣

His attorney snatches them out of Bill’s hands. https://t.co/JlF0jFUwQm",4,"The video is the primary content and uses a zoomed-in, cropped format to highlight specific reactions, which is a common TikTok style. The tweet text acts as the necessary context that would typically be on-screen text or a voiceover on TikTok.",bill_clinton|jeffrey_epstein|us_politics|social_media_controversy|conspiracy_theory|viral_video
https://x.com/i/status/2028332080485306660,no,,Oda doesn’t care anymore 😭 https://t.co/y0haERYl8s,5,"The video is a native TikTok-style reaction clip featuring a split-screen layout, a talking-head commentator with a microphone, and fast-paced visual comparisons.",tiktok_repost|pop_culture|anime|one_piece|eiichiro_oda|manga_art|reaction_video|social_media_controversy
https://x.com/i/status/2028896187210690747,no,"Trump did call Iraqi Kurdish leaders on March 1, 2026, per Axios and WSJ reports. The 'new competition' for Reza Pahlavi is the interviewee's opinion, with no additional evidence found. https://www.axios.com/2026/03/02/trump-iran-war-kurds-iraq https://www.wsj.com/livecoverage/iran-israel-us-strikes-2026/card/trump-open-to-supporting-armed-militias-in-iran-u-s-officials-say-nydkWoLgSs641jEV68Dg",Reza Pahlavi seems to have new competition as he makes his pitch to lead Iran. @AlirezaNader tells me why President Trump reportedly called Kurdish leaders in Iraq and what it means for the former Shah’s son. https://t.co/PqNs9mQct9,2,"This is a traditional news segment from CNN shared on social media. While the tweet provides essential context, the video format is standard broadcast television rather than native social media content.",iran|us_politics|donald_trump|geopolitics|middle_east_relations|breaking_news|foreign_policy|political_commentary|kurds|reza_pahlavi
https://x.com/i/status/2028879154025009401,no,Note not needed. OP doesn't make any claim about the date of video publication,"🚨 IT JUST GOT MORE ABSURD. MCDONALD’S $18M-A-YEAR CEO IS NOW ON CAMERA DESCRIBING “BEEF NOTES” AND “TEMPERED CHEESE.”

He’s breaking down a Big Mac like he’s hosting a wine tasting.

“Visual appeal.”
“Tempered cheese.”
“Beef notes.”
“Different mouth feel.”

Sir.
It comes in a https://t.co/GxDh4Tv8re",5,"The video is a direct repost from Instagram/TikTok featuring vertical framing, quick cuts, and a social media handle watermark. It is self-contained content that requires no external context from the tweet.",tiktok_repost|mcdonalds|fast_food|ceo|food_review|viral_video|pop_culture|social_media_controversy
https://x.com/i/status/2028641410124021865,no,NNN. OP is factually correct. Speculation as to why is what the comments are for,"🚨BREAKING: The Iranian women's football team has just REFUSED to sing the the national anthem of the Islamic Regime

To the brainwashed liberal women in the West: This is what feminism looks like.

They are incredibly brave! https://t.co/CeSzGrie7P",3,"The video is a montage of emotional reactions and silent protest that works well as visual storytelling, though it lacks the typical TikTok editing style like on-screen text or music overlays.",iran|womens_rights|protest|activism|football|feminism|national_anthem|breaking_news
https://x.com/i/status/2028480049821761976,no,,"🌍 My biggest dream? To gaze at the Earth from space at least once in my life before I die. Just imagine the feeling of seeing everything you’ve ever known… from above. 🚀✨

https://t.co/BKbIr4CrfR",5,"The video is the primary content, featuring visually stunning, immersive footage with quick cuts and a cinematic feel that would go viral on TikTok as-is.",viral_video|space_exploration|earth_from_space|astronaut_perspective|nature_cinematography|lightning_from_space|iss_footage
https://x.com/i/status/2028553941017927695,no,No Note Needed. Its just a magic trick and requires no context.,Imagine the possibilities! 😍 https://t.co/U5ykxmjB16,5,"The video is the primary content, featuring a visually engaging and surprising street performance that is perfectly suited for TikTok's short-form, viral-style format.",viral_video|magic_trick|street_performance|illusion|entertainment|balloon_art
https://x.com/i/status/2028580929396985868,no,miraculous seedlings nightjar adds needless context best left in comments. OP posted an opinion based. No Note Needed.,"BREAKING: Hillary Clinton throws an unhinged, hysterical MELTDOWN after  we posted a photo of her testifying on Epstein.

She SCREAMS at Republicans and then STORMS out of the room:

""I am DONE WITH THIS. You can hold me in contempt. I'm DONE!""

Yikes 😬 https://t.co/kBsJqGqrFY",4,"The video features quick cuts, a dramatic reaction, and a watermark, making it highly engaging. While it lacks in-video captions, the tweet text functions as the necessary hook and context that would typically be on-screen in a TikTok video.",us_politics|hillary_clinton|jeffrey_epstein|political_commentary|viral_video|social_media_controversy|video_edit
https://x.com/i/status/2028325705566617626,no,,Final Fantasy https://t.co/vUWVdNKBBJ,5,"This is a fast-paced video edit featuring quick cuts, music synchronization, and high visual engagement, which is native to TikTok's content style.",video_edit|final_fantasy|kingdom_hearts|gaming|pop_culture|anime_aesthetic
https://x.com/i/status/2028525269137633329,no,,"I want to speak about how we treat real-world re-enactments on Roblox in light of recent tragic events.
We have a strict zero-tolerance policy for re-enacting any real-world tragic event on Roblox. This includes acts of terror and school shootings. Such experiences directly https://t.co/utWUV09ftY",4,"The video features a vertical format with burned-in captions and a direct-to-camera address, which is very common on TikTok. The tweet text provides the context that would typically be in a TikTok description or on-screen text.",roblox|online_safety|social_media_policy|content_moderation|gaming_community|corporate_address
https://x.com/i/status/2028285740363510002,no,"He’s not only talking about the cost of tickets. Everything at Disney World is obscenely high margin. Everything from food to parking is marked up excessively, it’s easy to spend Michelin restaurant amounts on a night out at Disney, and it’s certainly not Michelin-quality food.","This is actually insane

American booked a Disney World vacation for his family

“I want to explain to you how insane these prices are”

“A few weeks ago, I just flew my family, my entire family across the world for a ski vacation to Courchevel, France — the largest ski area in https://t.co/Vnq5yKQSor",5,"The video is a vertical, first-person vlog with burned-in captions and a social media handle, making it native TikTok content that was reposted to Twitter.",tiktok_repost|viral_video|disney_world|travel_costs|consumer_economics|social_media_controversy|pop_culture
https://x.com/i/status/2028301748134379686,no,"The senator is not spreading clear misinformation, but her own opinion. Wars have been different and while with Japan the atomic bomb was by some accounts justified, bombings on civilian infrastructure in Nazi-Germany largely isn’t, as it didn’t worsen their war morale.    https://en.wikipedia.org/wiki/Strategic_bombing_during_World_War_II","You cannot bomb your way to peace. 

Labor must immediately rule out further Australian support for Trump and Netanyahu’s illegal war in Iran. https://t.co/BjaAJhaotL",4,"The video features burned-in captions and quick cuts to maintain engagement, making it highly suitable for TikTok despite being a traditional political speech.",iran|middle_east_relations|us_politics|military_action|political_commentary|geopolitics|israel|donald_trump|benjamin_netanyahu|foreign_policy|australia|australian_greens|labour_party
https://x.com/i/status/2028016867592306942,no,This is a standup comedy routine.,"Deon Cole: ""If there are any white men in the room with Tourette's, I advise you to tell them to read the room, lord. It might not go the way they thinketh."" https://t.co/5lzzrdOKED",3,"This is a clip from a televised awards show, which is common on both platforms, but it lacks the vertical formatting or native editing typical of high-scoring TikTok content.",deon_cole|naacp_image_awards|standup_comedy|pop_culture|celebrity_humor|tiana_taylor|50_cent|nicki_minaj
https://x.com/i/status/2028134998411260224,no,Post does refer and credit FR24,"More than 3,400 flights were canceled Sunday across 7 airports in the Middle East, according to flight tracker Flightradar24. 

Airports in Qatar, the United Arab Emirates, and Bahrain were among those closed. https://t.co/VVkdSUZxXa",5,"The video is a highly visual, fast-paced data visualization with burned-in captions and a clear hook, designed to be the primary content without needing the tweet text.",middle_east_relations|geopolitics|iran|al_jazeera|flight_radar|aviation|breaking_news
https://x.com/i/status/2028387011137089598,no,"The post questions Rachel Reeves' long association with Arshad Khatana, calling his views abhorrent. Labour suspended Khatana today over such allegations. Photos show meetings since 2010. Farage met him once in 2013. https://www.the-independent.com/news/uk/politics/rachel-reeves-labour-activist-suspended-jenrick-reform-b2930105.html https://x.com/Nigel_Farage/status/351987481274613761","Arshad Khatana has the most abhorrent and shocking views. 

So why has Rachel Reeves been “friends” with this fanatic for over a decade? 

Why, as Chancellor, is she going round his house for lunch? https://t.co/1Zp4Fw85f1",4,"The video uses fast-paced editing, burned-in captions, and a montage of social media screenshots, which are hallmarks of TikTok political content, though it maintains a traditional news-style presenter.",uk_politics|labour_party|rachel_reeves|political_campaign|social_media_controversy|conspiracy_theory|reform_uk|arshad_khatana
https://x.com/i/status/2022701524733038705,no,,"The government is leaving us no option but to demand a 'Separate State for General Category', where we can make our own policies.

No Descrimination. No Reservation. No Freebies. 
100% Merit State.

#WeDemandGCState https://t.co/AzMdGu9eI8",5,"The video features a single person speaking directly to the camera in a vertical format, which is the quintessential TikTok-native style for personal commentary. The tweet text acts as a caption that would typically be on-screen text or a video description on TikTok.",india|political_commentary|activism|social_media_controversy|protest|caste_politics|reservation_system|general_category
https://x.com/i/status/2022746582878191876,no,NNN - should be self evident but genuinely what the fuck is the proposed note talking about?,"Canada is under threat from a vicious cancer: MAGA. It has crossed the border. The cancer must be stopped. The American people stand with the free people of Canada.

@SaveAmericaMvm @ItsDeanBlundell https://t.co/j0Hd9uiY00",5,"The video is a highly edited, fast-paced political montage with dramatic music and burned-in captions, designed as a standalone piece of viral content.",us_politics|canada|donald_trump|political_campaign|maga|video_edit|political_commentary
https://x.com/i/status/2022398340730884321,no,"OP is obviously a joke, satirizing the meme that all bad things are caused by climate change.    https://earthathome.org/quick-faqs/do-volcanoes-cause-global-warming/","Even Hawaii’s volcanoes are burning because of our refusal to adequately address climate change.

Washington should, at a minimum, commit to higher gas taxes and an income tax. 

There is no other way.

 https://t.co/NeLrIXSo3y",4,"The video is a visually striking, short-form clip of a natural phenomenon that serves as the primary content, while the tweet text provides a satirical framing that would typically be on-screen text on TikTok.",satire|climate_change|volcano|hawaii|political_commentary|meme|viral_video
https://x.com/i/status/2022438133183451531,no,"While technically the Toyota hybrids have no delay in take off and the ac runs fine when stopped as it’s electric, notes are missing the point of this original post about how annoying stop start is on normal gas cars. ","Keeping cool while Making America Hot Again. 🏁

Auto start-stop is officially dead. https://t.co/9th5fq6wwF",4,"The video uses a comedic, highly edited skit format with quick cuts and on-screen text to deliver a political message, which is a hallmark of TikTok-style content.",us_politics|political_campaign|donald_trump|satire|video_edit|meme|automotive
https://x.com/i/status/2022709972384067904,no,"NNN. Studious Papaya Owl, you should read the entire post before making a CN.","BREAKING Socialism failed once again in Argentina!

Just kidding it was ultra greedy capitalism gutting nearly all social programs, austerity measures, 12 hour work days, 0 worker rights, the IMF, and Zionist deep throating. 

 https://t.co/mGojheeskX",2,"The video is a standard news broadcast clip from a traditional media outlet (TN), which is common on Twitter for reporting events. While the tweet text is highly opinionated and reactionary, the video itself lacks the editing, vertical format, or native engagement features typical of TikTok.",argentina|protest|political_commentary|breaking_news|civil_unrest|economic_policy|labor_reform
https://x.com/i/status/2021635755991617917,no,"NNN, AI is confused and referencing a different post. This one is indeed from the Super Bowl and all other parts of the tweet are accurate or opinion","𝗧𝗥𝗘𝗡𝗗𝗜𝗡𝗚: This clip of Bad Bunny performing at the Super Bowl without the backing track has gone viral.

Many fans are shocked at how ""bad"" it sounds...

😳😳😳
https://t.co/tq9mVgdqnS",4,"The video uses a popular social media format of 'isolated vocals' to spark controversy, and the tweet text functions as the hook/caption that would typically be on-screen text on TikTok.",viral_video|pop_culture|bad_bunny|super_bowl|music_performance|social_media_controversy|celebrity_news
https://x.com/i/status/2021751859539849692,no,,A woman tries to withdraw $50k in cash and the bank won’t allow it. This guy explains why and how modern banking actually works behind the scenes. https://t.co/krt0vIib3n,5,"The video features a vertical orientation, quick cuts, burned-in captions, and a reaction-style educational format that is native to TikTok.",tiktok_repost|banking|financial_literacy|fractional_reserve_banking|personal_finance|viral_video|social_experiment
https://x.com/i/status/2022099024745210279,no,,"Wins Since 2010:
-Texas 126
-Texas Tech 106
-Baylor 119
-Texas A&amp;M 132

Do the Aggies OWN the state of Texas?

 https://t.co/Ytm6QLpFxR",4,"The video features fast-paced editing, cinematic cuts, and high-energy sports highlights that are very common on TikTok, though it relies on the tweet text for the statistical context.",college_football|texas_a&m|sports_highlights|ncaa|aggies|video_edit|sports_commentary
https://x.com/i/status/2021277166659399927,no,NNN - suggested note misses the point and would be better served posted in the comments,"Am I wrong about working from home? 

Join me live on @GBNEWS tonight at 7 PM to discuss. https://t.co/97jkeaK1mb",5,"The video is a direct-to-camera address designed specifically for social media engagement, featuring a vertical format and a hook-driven question that functions independently of the tweet text.",uk_politics|nigel_farage|reform_uk|gb_news|working_from_home|political_commentary|social_media_engagement
https://x.com/i/status/2020992368749731934,no,"Padre Guilherme is a real Portuguese Catholic priest and DJ who blends sacred music with techno. The video features his remix of ERA's Ameno, which mimics but is not authentic Gregorian chant. Main point holds. https://en.wikipedia.org/wiki/Guilherme_Peixoto https://open.spotify.com/artist/7Gl7M2tjlIWsDWYa061TWh https://www.youtube.com/watch?v=tSWjcV585IA",Wake up babe there’s a Portuguese Catholic priest who mixes Gregorian chants with industrial techno house music https://t.co/ClW8d7PJTG,5,"The video is a highly edited, visually engaging montage with quick cuts and music that serves as the primary content, fitting the 'native' TikTok style perfectly.",viral_video|pop_culture|techno_music|guilherme_peixoto|portugal|catholic_church|dj_priest|music_festival
https://x.com/i/status/2021368561420369963,no,NNN - Rep. Luna is expressing her opinion. Responses should go in the comments. Stop abusing CN.,"European nations deserve to have their sovereignty respected, yet the EU often punishes countries that step out of line with its policies. It’s time to ditch the EU and restore sovereignty to individual nations, in Europe and across the globe. https://t.co/VJGVVw9uLJ",2,"This is a traditional C-SPAN style clip of a congressional hearing with no visual edits or captions, functioning as a standard political news snippet.",us_politics|political_commentary|geopolitics|foreign_policy|european_union|national_sovereignty|anna_paulina_luna
https://x.com/i/status/2021872161204400631,no,NNN. You may disagree with Farage but that is your personal opinion and not one for community notes. Comparing Cameo to him being “bought out” is invalid. Use replies or quotes as people are doing. ,I can’t be bullied. I can’t be bought. I’ve stood for the same principles for many decades. https://t.co/VJNe4sIsXK,4,"The video features fast-paced editing, cinematic cuts, and a high-energy soundtrack typical of modern social media campaign reels, though the tweet text provides the primary context.",uk_politics|nigel_farage|reform_uk|political_campaign|political_address|video_edit|leadership
https://x.com/i/status/2021123019981082914,no,,"Doggo practicing for the Winter Olympics.

 https://t.co/ogNU4ne7X4",5,"This is a high-energy, visually engaging video set to popular music that functions as standalone entertainment, perfectly suited for TikTok's format.",viral_video|dogs|skiing|sports|funny_animals|winter_sports
https://x.com/i/status/2020875282702270656,no,NNN. He's going to Colombia for this treatment. Whether it's approved by the US FDA is irrelevant. ,"I'm on way to Colombia for stem cell treatment to hopefully fix my back that's becoming agonizingly painful.

Updates to come. https://t.co/OBnACe1FDQ",4,"This is a direct-to-camera personal vlog style video that is highly characteristic of TikTok content, though it lacks the platform's native on-screen text or captions.",vlog|personal_update|medical_treatment|stem_cells|colombia|chronic_pain|travel_vlog
https://x.com/i/status/2020605197769404653,no,,Man Seen Cleaning The Tombstone Of The Great Actor John Witherspoon 🙏🏾💯🕊️🪦 https://t.co/4mZZhpcOgu,5,"The video features a split-screen reaction format, background music, and a visually engaging 'satisfying' cleaning task, making it native to the TikTok aesthetic.",pop_culture|john_witherspoon|tribute|satisfying_video|celebrity_news|viral_video|tiktok_repost
https://x.com/i/status/2020634379761156470,no,It was the only shirt at the time last year during the Super Bowl ad.,"The greatest moment in Super Bowl history has to be Ye spending $8 million on a 30 second ad for his website, and it was literally just a $20 ѕԝаѕtіkа t-shirt for sale https://t.co/HR2SWk7ep7",4,"The video is a short, engaging clip of a celebrity that functions as the primary content, while the tweet text provides the context that would typically be a caption or overlay on TikTok.",pop_culture|kanye_west|super_bowl|social_media_controversy|yeezy|viral_video|celebrity_news
https://x.com/i/status/2020444940954742893,no,NNN    The house being still live on the website is not evidence that he did not buy it. If he bought it just recently it may take a while until the previous owner takes it down.,Adin Ross reveals he bought the old house from the iconic show 'Breaking Bad' 🤯https://t.co/4dpeXMDHbe,4,The video uses a split-screen layout common in social media clips to provide visual context for the streamer's commentary. The tweet text acts as the necessary caption that would typically be overlaid on TikTok.,adin_ross|breaking_bad|pop_culture|celebrity_news|kick_streaming|viral_video|social_media_controversy
https://x.com/i/status/2020849109968581093,no,NNN    The proposed note is incorrect. See the TMZ poll on their account here:  https://x.com/tmz/status/2020687073129488629?s=46&amp;t=iqu43-NszIW5oOM_KqRSpw,"🚨 BREAKING: The left is FURIOUS after a new poll reveals a SUPERMAJORITY of people says Kid Rock had a better halftime show than Bad Bunny — 67% to 33%

That's according to TMZ'S OWN poll 🤣

BRUTAL FLOP! You messed up, NFL.

Huge win for Americans! https://t.co/lZfrR8axF1",4,"The video features a musical performance with a static social media poll overlay, a format common on TikTok for driving engagement through comparison and controversy.",pop_culture|social_media_controversy|kid_rock|bad_bunny|halftime_show|tmz|us_politics|cultural_divide
https://x.com/i/status/2020099268569362756,no,Post's Musk quote from JRE #2281 is paraphrased but accurate. View on legacy media vs X/podcasts creating alternate realities is opinion. Studies show echo chambers in both media types; false news spreads faster on X. https://podcasts.happyscribe.com/the-joe-rogan-experience/2281-elon-musk https://news.mit.edu/2018/study-twitter-false-news-travels-faster-true-stories-0308 https://www.pnas.org/doi/10.1073/pnas.2023301118,"ELON MUSK: ""If you talk to somebody who gets all their information from legacy media, they are living in a different world than if they are listening to your podcast or getting news from 𝕏. They are living in an alternate reality.""

 https://t.co/0ZEAb57tMM",4,"The video features burned-in captions and quick cuts typical of short-form social media content, though the tweet text provides the primary context.",elon_musk|joe_rogan|podcast_clip|media_criticism|legacy_media|social_media_controversy|pop_culture|political_commentary
https://x.com/i/status/2020556968444756357,no,,"21 years ago today, SpongeBob SquarePants performed ‘Sweet Victory’ at the Super Bowl halftime show.
 https://t.co/bmeyKZbl2L",4,"The video is the primary content and highly engaging, using a nostalgic clip that would perform well on TikTok with minimal changes. The tweet text acts as the necessary context that would typically be an on-screen caption or voiceover on TikTok.",pop_culture|nostalgia|spongebob_squarepants|super_bowl|sweet_victory|animation|viral_video
https://x.com/i/status/2020355318471909650,no,"There’s no need for a specific note, since this already accurately reflects the FearBuck caption and what viewers can clearly see in the video.",Cardi B falls after a robot launches at her while she was dancing on it 😭 https://t.co/VP1uKOuftR,5,"The video is purely visual entertainment with a viral, 'caught on camera' style that requires no additional context to be understood. It is highly engaging, vertical, and fits the exact mold of trending celebrity fail content on TikTok.",viral_video|pop_culture|celebrity_news|cardi_b|funny_accidents|robotics|celebrity_sighting
https://x.com/i/status/2019772397981778341,no,,"From the Grammys to the Olympics, hip hop &amp; breaking are part of the global mainstream. 

But it all started 53 yrs ago, w one Jamaican immigrant DJ in the Bronx. 

Happy Black History Month. https://t.co/yZ2cJOnNOE",5,"The video features a vertical aspect ratio, quick cuts, burned-in captions, and a storytelling format that is native to TikTok. It functions as a complete piece of content without needing the tweet text for context.",hip_hop|black_history_month|breaking|pop_culture|us_politics|political_campaign|nostalgia|new_york_city|dj_kool_herc
https://x.com/i/status/2019500443970195587,no,"NNN - OP expressed an opinion, reply in the comments and stop abusing CN's.","New York is going to get everything they voted for. 

 https://t.co/c5VGeO2pQZ",5,"The video is the primary content, featuring a first-person perspective of a visually engaging scene. It would function perfectly on TikTok as a 'vibe check' or social commentary video.",new_york_city|urban_decay|political_commentary|viral_video|social_issues|us_politics
https://x.com/i/status/2019800861283610917,no,,"“Ronaldo only won 2 league tittles in 9 years” 

Bro how do you beat these guys?😭😭😭 https://t.co/8hnsLAzZkX",5,"The video features a classic TikTok-style edit with burned-in captions, quick reaction cuts to a meme character, and background music, making it native to short-form video platforms.",football|real_madrid|fc_barcelona|cristiano_ronaldo|sports_controversy|video_edit|meme|tiktok_repost|laliga
https://x.com/i/status/2019734387475263579,no,"NNN - This is not a fake. Here is the source, forward the video to 59 second mark to watch.    https://truthsocial.com/@realDonaldTrump/116021857490657707","wtf dawg

 https://t.co/dvR9xpp2cV",5,"The video is the primary content, featuring a highly visual, meme-style edit with a popular audio track that would thrive on TikTok as-is.",ai_generated|us_politics|donald_trump|barack_obama|michelle_obama|satire|meme|video_edit|social_media_controversy
https://x.com/i/status/2019797480406143418,no,"NNN, take it to the comments. The origin of the image in the video is not the point.",I sincerely hope President @realDonaldTrump didn’t realise this 60-second clip he reposted last night didn’t end with the vile racist imagery of the Obamas as apes. He should delete it immediately. https://t.co/jHZln3u98Q,4,"The video features quick cuts, burned-in captions, and a shocking 'twist' ending typical of viral social media content, though the tweet provides the necessary critical context.",us_politics|donald_trump|social_media_controversy|conspiracy_theory|barack_obama|michelle_obama|racism|election_integrity|video_edit
https://x.com/i/status/2019143728271880617,no,The post's claim of a French ban without criminal charges aligns with reports of administrative bans on activists for public order reasons. The stabbing incident is shown in a video from Dec 2025. 'Joke of a country' is opinion. https://www.bbc.com/news/articles/c07xd024zexo https://x.com/angloid0/status/1997648642409152775,"The French government:

-Acknowledge we haven’t committed any crimes. 
-Acknowledge the fact that a migrant tried to stab me

Yet they ban me. Joke of a country. https://t.co/HS6xjjGnGq",4,"The video features a direct-to-camera address with a cut to a close-up document reveal, a style very common on TikTok. The tweet text serves as the necessary context that would typically be on-screen text or a caption on TikTok.",uk_politics|activism|political_commentary|immigration_policy|france|social_media_controversy|viral_video
https://x.com/i/status/2019823027874349236,no,"Not defending the video, but this is the full version of the video that was briefly shown, not that it was briefly posted.  The video is from this user: https://x.com/xerias_x?lang=en",BREAKING: Full video that briefly appeared on President Trump’s TruthSocial post. https://t.co/eLLD8yjxmq,5,"The video is a highly visual, AI-generated surrealist edit with a popular soundtrack and quick cuts, making it native to short-form video platforms like TikTok. The tweet text is minimal and the video itself is the primary content.",ai_generated|us_politics|donald_trump|barack_obama|joe_biden|satire|meme|video_edit|viral_video|political_commentary
https://x.com/i/status/2018696225453707488,no,NNN - Welcome to the world of AI. This is no different than a representative cartoon character expressing an opinion on behalf of the author. ,If a man stops arguing it means.. https://t.co/tK5Uxu2BCd,5,"The video features vertical orientation, high-contrast black and white filters, and dynamic burned-in captions, making it indistinguishable from native TikTok content.",ai_generated|relationship_advice|viral_video|video_edit|artificial_intelligence|social_media_commentary
https://x.com/i/status/2020165826590998921,no,NNN - the post is accurate. Andrea Bocelli's mother was advised to abort him due to the high likelihood of her baby having a disability. She refused. https://dailycitizen.focusonthefamily.com/andrea-bocellis-mom-courageously-refused-to-abort-him/,"Andrea Bocelli was almost aborted due to his disability. 

Now, he’s singing in front of millions at one of the most significant places in the world — the Olympics.

God can use anyone. https://t.co/2U0K5D2NGf",3,"The video is a high-quality broadcast clip of a famous performance, which is popular on both platforms, though it lacks TikTok-specific editing like vertical cropping or on-screen captions.",andrea_bocelli|olympics|opera|inspirational|pro_life|celebrity_news|pop_culture|music_performance
https://x.com/i/status/2018896008894136567,no,,"Oh No: Travis Kelce accidentally BROKE one of Taylor Swift’s $10K designer chairs.

“Taylor is gonna kill me”

😭😭😭

 https://t.co/aQEeL1aL37",4,"The video is a highly edited, high-energy podcast clip with quick cuts and sound effects. The tweet text provides the context that would typically be on-screen text or a voiceover on TikTok.",pop_culture|celebrity_news|travis_kelce|taylor_swift|podcast_clip|new_heights|funny_accidents|viral_video|sports_commentary
https://x.com/i/status/2018565111900995855,no,,"Battlefield 6 player takes out a helicopter using a tank, then gets the pilot after they eject

🎥: u/StevenLooniverse https://t.co/hclA346JEB",4,"The video is the primary content, showcasing an impressive gaming feat that would be highly engaging on TikTok, though it lacks the platform's native editing features like music or text overlays.",gaming|battlefield_2042|video_games|viral_video|gaming_clip
https://x.com/i/status/2018325454784999556,no,"NNN - While I wholeheartedly agree with the second hand embarrasment note, community notes isnt the right place for this.","Playing the YMCA song and doing the Trump Dance in front of protesters! 

I love this energy! https://t.co/s4PMLDrKGy",5,"The video is a vertical, self-contained clip with burned-in captions and music that is clearly designed for short-form social media platforms like TikTok or Reels.",viral_video|us_politics|protest|donald_trump|tiktok_repost|activism|pop_culture
https://x.com/i/status/2018514781641298403,no,This is clearly AI. When the women fall from the rock climbing wall the physics don't make sense. This is also clearly not a Walmart as OP claims. ,"This isn't AI, this is just a normal day at Walmart. https://t.co/c6RfYWZOal",5,"The video is the primary content, featuring a series of visually engaging, surreal, and fast-paced clips that would thrive on TikTok as-is.",ai_generated|artificial_intelligence|viral_video|meme|satire|funny_accidents|surreal_humor
https://x.com/i/status/2018229726536487138,no,,"Sent to me this morning !

This is my home state of North Carolina today…. Not normal…. Not natural.

Source: https://t.co/7ZzRbJhlua https://t.co/CO4DkxAfcw",5,"The video is visually engaging, short-form content that relies on the visual impact of the storm. It could be posted to TikTok as-is with the tweet text serving as the caption.",viral_video|weather_events|north_carolina|conspiracy_theory|climate_change|natural_disaster
https://x.com/i/status/2017010618310807987,no,,LOVE MAKES ALL THE DIFFERENCE IN NATURE THERE IS NO GIVE BACK ALL HELP IS WELCOME GRATITUDE 🙏❤️ https://t.co/DiLkbvlzF7,5,"The video features vertical orientation, quick cuts, emotional background music, and burned-in captions, making it a native social media edit ready for TikTok.",viral_video|animal_rescue|kookaburra|nature|heartwarming|australia|birds
https://x.com/i/status/2017899604113555460,no,"NNN: The poster does not claim that this is a real street or public works project, no additional notes are required. ",Same road same space but no congestion. https://t.co/Vhne1GSoD1,5,"This is a visually engaging, fast-paced time-lapse video that serves as the primary content, perfectly suited for TikTok's format with its high-impact visual transformation.",ai_generated|urban_planning|traffic_management|visual_effects|india|infrastructure|viral_video
https://x.com/i/status/2017994791372349500,no,NNN-comments section would be a great place to take that.,"A week after the snowstorm and this is what we got Zoron the Shoveler!
Filthy black snow, garbage soup, ice rinks on every corner, cars buried like fossils.
People slipping, breaking ankles, nobody shoveling, nobody salting, nobody doing SH*T.
This is New York City.
Three minutes https://t.co/IC8zFwKey3",5,"The video features a vertical orientation, burned-in captions, and a 'picture-in-picture' reaction style typical of TikTok-native content. It is a self-contained visual rant that requires no external context from the tweet to be understood.",new_york_city|social_commentary|urban_living|snowstorm|tiktok_repost|viral_video|public_services
https://x.com/i/status/2016974445697548733,no,The note writer understand neither jokes nor sarcasm,"Look at this adorable, real thing that happened to me (not AI). https://t.co/iASSYXNR1Y",5,"The video is the primary content, featuring a vertical aspect ratio, quick cuts, burned-in narrative captions, and a comedic twist that is native to TikTok's storytelling style.",viral_video|satire|meme|ai_generated|animal_rescue|raccoon|visual_effects
https://x.com/i/status/2017432807291732430,no,NNN - The video does indeed credit the original creator as the original creator's name is present in the video as a watermark in the top corner.,"While the infertile tawny owl was away from her nest, caretakers swapped her unviable eggs for orphaned chicks. https://t.co/zPn3YB2vba",4,"The video is a highly engaging, visually-driven nature clip that functions as the primary content, with the tweet text serving as the necessary context that would typically be a caption or voiceover on TikTok.",nature_documentary|wildlife|owls|animal_behavior|viral_video|heartwarming
https://x.com/i/status/2016959063699906740,no,It is a joke but E33 was also denied an award for using AI aswell.  https://www.polygon.com/clair-obscur-expedition-33-indie-game-awards-goty-rescinded/,"Wow. 

Just made my first AI video game with Google’s Genie 3

The prompt: “French woman has to climb through a word that defies logic, flying objects everywhere”

Is it the end of the gaming industry? https://t.co/X7tG7sECJ9 https://t.co/xmH9MIubGs",5,"The video is the primary content and is visually engaging, featuring a quick-cut montage of gameplay that would fit perfectly on TikTok as-is.",gaming|artificial_intelligence|ai_generated|satire|meme|video_game|expedition_33
https://x.com/i/status/2015175488272998573,no,,"“He would be alive if he complied”

🎥: Bigswol (TikTok) https://t.co/j0FKl5RWwB",5,"This is a native TikTok video featuring vertical orientation, quick cuts, burned-in captions, and a direct-to-camera commentary style that is fully self-contained.",tiktok_repost|political_commentary|us_politics|law_enforcement|donald_trump|minneapolis|social_media_controversy
https://x.com/i/status/2014814899940065392,no,The post doesn't claim or infer that this happened recently. ,"Donald Trump’s daughter’s bodyguard is not playing around.

https://t.co/C9kaeA4fJV",5,"This is a direct TikTok repost featuring vertical video, a viral-style celebrity sighting, and the platform's watermark.",tiktok_repost|celebrity_sighting|donald_trump|ivanka_trump|bodyguard|viral_video|pop_culture
https://x.com/i/status/2017008387070840947,no,,"A student taking part in a protest against ICE at Fremont High School in Fremont, Nebraska was injured after being struck by a vehicle displaying a Trump flag, and the driver left the scene.

 https://t.co/M77UDl9vqL",3,"The video is raw, eyewitness footage of a high-stakes event that would perform well on TikTok, though it lacks the platform's typical editing or on-screen text overlays.",protest|activism|breaking_news|donald_trump|us_politics|viral_video|nebraska|ice_protest
https://x.com/i/status/2013984003481579599,no,,Clean your iPhone speakers by playing this at full volume https://t.co/gUeoLy092S,5,"The video is the primary content, featuring a vertical orientation, high-contrast visual effects, and a progress bar designed for viral engagement. It functions as a standalone 'life hack' or utility clip that is native to the TikTok format.",viral_video|life_hack|iphone|technology|visual_effects|oddly_satisfying
https://x.com/i/status/2014084515279319459,no,,"Ugly - and frankly embarrassing - scenes continue to take place at protests outside of Iran where various Iranian opposition groups end up using violence against each other.

It's not clear who started this specific fight, but it's clear that this isn't the path to democracy... https://t.co/OVbYliX44v",4,"The video is the primary content, capturing a chaotic and visually engaging scene of a street brawl. While it lacks in-video captions, the tweet text provides the context that would typically be handled by on-screen text or a voiceover on TikTok.",iran|protest|political_violence|viral_video|activism|middle_east_relations|geopolitics
https://x.com/i/status/2014352352854126930,no,"NNN: The post literally states it’s a concept and doesn’t claim anywhere that it’s under development.    A concept can be, by definition, hypothetical.    https://share.google/aimode/njLqcsd7tYWBCLako","A $20 trillion concept proposes a 3,400-mile underwater tunnel connecting London and New York, potentially reducing a 7-hour flight to a 1-hour train ride.
https://t.co/Qw4O0V3MtX",5,"The video is a pure TikTok-native production featuring vertical orientation, rapid cuts, dynamic map animations, and burned-in captions that mirror the platform's storytelling style.",tiktok_repost|engineering|infrastructure|london|new_york_city|transatlantic_tunnel|future_technology|geopolitics|visual_effects
https://x.com/i/status/2013892646217916431,no,,"Ben Shapiro: Reparations don’t work.

Charlamagne: They worked for Jewish people. (They *still* receive Holocaust reparations)

Shapiro: Em, uh, that's totally different! https://t.co/yNxQzhnwSI",3,"This is a standard podcast clip that works well on both platforms, though it lacks the vertical formatting and burned-in captions typical of TikTok-native edits.",ben_shapiro|charlamagne_tha_god|the_breakfast_club|podcast_clip|reparations|political_commentary|us_politics|israel|foreign_policy
https://x.com/i/status/2013728293283905746,no,NNN - The proposed CN is not needed. There’s a whole comments section for stuff like that.,MN Doctor: I learned that Renee Good still had a pulse 8 minutes after she was shot by an ICE agent. And yet the offer to administer aid from a physician on the scene was denied. I can't say how much that stirs the blood of everyone behind me here as we try to fulfill our oath https://t.co/3fD709cn0X,2,"This is a traditional press conference clip where the tweet text provides the essential context and narrative, typical of news-sharing on Twitter rather than TikTok-native content.",us_politics|healthcare|minnesota|ice_agency|activism|political_address|human_rights
https://x.com/i/status/2014160276958949716,no,NNN   This post doesn't claim this event happened recently or say anything about Mamdani being the mayor at the time this video was filmed. ,"Zohran Mamdani gets BOOED out of a restaurant in Staten Island.

“There's the communist. You are not welcome. You hate this country.”

 https://t.co/59baUscwFW",4,"The video is a raw, high-engagement clip of a public confrontation that would thrive on TikTok; the tweet text provides the context that would typically be an on-screen caption.",viral_video|us_politics|zohran_mamdani|staten_island|new_york_city|political_confrontation|activism
https://x.com/i/status/2014057262260580516,no,,"Be better!! 
#ice #raids #news #breaking #better https://t.co/4bQi3rS70W",5,"The video features a vertical, direct-to-camera reaction style with a picture-in-picture overlay of the source clip, which is a native TikTok format. The tweet text is minimal and uses hashtags, making the video the primary content.",political_commentary|us_politics|media_criticism|immigration|cnn|social_media_controversy|viral_video
https://x.com/i/status/2013663004114477186,no,,"The Iranian people, not Mullahs or former family Shah family, have the right to political change and self-determination.#FreeIran https://t.co/QfpfJPq3lH",4,"The video features quick cuts, burned-in captions, and a mix of speech and B-roll footage, making it highly engaging and ready for a platform like TikTok.",iran|middle_east_relations|activism|protest|human_rights|womens_rights|geopolitics|political_address|foreign_policy
https://x.com/i/status/2032967649655673270,yes,"For context, this is fake and AI generated.    https://x.com/grok/status/2033094686630359480?s=46",SLIMMM 😂😂😂😂 https://t.co/azDzcjLVVx,5,"The video is a vertical edit with burned-in captions, trending music, and a 'then vs. now' format that is native to TikTok. The tweet text is purely reactionary, letting the video stand as the primary content.",tiktok_repost|ai_generated|meme|nostalgia|pop_culture|lamelo_ball|nba|video_edit
https://x.com/i/status/2013559515854078122,no,NNN. OP is NOT implying it was recent or didn't happen.  Leave the context in the comments.,"MAN TRIES TO SHOOT PASTOR IN PENNSYLVANIA BUT THE GUN JAMS!

Man breaks into a church in North Braddock, Pennsylvania and tries to kiII the pastor but the gun jams. https://t.co/pf1H9fHwce",2,"This is raw CCTV/livestream footage of a crime, which is common on social media, but it lacks the editing, music, or on-screen text typical of TikTok-native content.",viral_video|breaking_news|crime_footage|pennsylvania|church_shooting|gun_violence
https://x.com/i/status/2014876147952029785,yes,"The claim that House impeachment without Senate conviction nullifies a president's prior term, allowing two more terms, is false; the 22nd Amendment limits presidents to two elected terms regardless of impeachment. https://www.snopes.com/fact-check/failed-impeachment-nullify-term https://constitution.congress.gov/constitution/amendment-22/",Bring it on! https://t.co/XQMILealdd,5,"The video is a direct TikTok repost featuring a meme format with burned-in text and a TikTok watermark, where the visual content is the primary message.",tiktok_repost|donald_trump|us_politics|meme|conspiracy_theory|fake_news|political_commentary
https://x.com/i/status/2013220406698614809,no,"NNN: This is real Jan 2026 Kamchatka snowfall footage. State of emergency after 2m+ snow &amp; huge drifts buried cars/buildings. Confirmed by Reuters &amp; Moscow Times (some AI fakes exist, but this matches reports).    https://www.reuters.com/business/environment/record-snow-fall-russian-far-east-sows-fun-frustration-massive-drifts-2026-01-19/  https://www.themoscowtimes.com/2026/01/19/kamchatka-struggles-to-get-back-on-its-feet-a-week-after-winter-storms-bury-peninsula-a91711  ","The Kamchatka Peninsula is in the far east of Russia has seen 13 feet, four meters of snow, the worst in 30 years. It looks like a stiff wind has blown it into massive drifts. I bet the cars have a flat battery. 

Today is a -5.8 deg F &amp; -21 deg C.

Must be that global warming. https://t.co/iPNsJsS7AL",5,"The video is a compilation of visually striking, short clips featuring music and quick cuts that prioritize visual engagement over news reporting, making it native to the TikTok format.",viral_video|nature|russia|extreme_weather|snowstorm|kamchatka|climate_change|oddly_satisfying
https://x.com/i/status/2013644295295639974,no,,"#BREAKING: Danish MEP abuses Trump inside European Parliament over Greenland. Danish MEP Anders Vistisen bluntly tells US President Donald Trump ""f**k off"" in European Parliament over renewed U.S. demands to forcibly take control of Greenland. https://t.co/UfwOzKPDYB",2,"This is a traditional C-SPAN style recording of a political proceeding with a descriptive tweet providing the necessary context. It lacks the vertical formatting, quick cuts, or in-video captions typical of TikTok-native content.",donald_trump|european_parliament|denmark|greenland|political_confrontation|geopolitics|foreign_policy|breaking_news
https://x.com/i/status/2027028281590173780,yes,This is AI generated.    https://www.bbc.com/future/article/20251031-the-number-one-sign-you-might-be-watching-ai-video,Bowl cut time https://t.co/Anfp8WCA9z,5,"The video is a short, visually engaging clip with quick cuts and a viral-style premise that functions as the primary content without needing the tweet text for context.",ai_generated|artificial_intelligence|visual_effects|viral_video|pop_culture|oddly_satisfying
https://x.com/i/status/2024988501440074066,yes,"This video is from a simulated hostage rescue training drill by Brazil's BOPE special police forces on July 6, 2025, not a real incident.    https://x.com/grok/status/2025138275791376395    https://www.youtube.com/results?search_query=BOPE+training+hostage+rescue+July+2025    https://en.wikipedia.org/wiki/Batalh%C3%A3o_de_Opera%C3%A7%C3%B5es_Policiais_Especiais",Saved the day https://t.co/gffjEkgKg0,5,"The video is the primary content, featuring a high-action, visually engaging stunt with minimal reactionary text that would fit perfectly on TikTok as-is.",viral_video|police_training|bope|brazil|hostage_rescue|action_stunt|tactical_drill
https://x.com/i/status/2027891344778141855,yes,"This video is from DCS World, a combat flight simulator video gameânot real footage.    https://www.digitalcombatsimulator.com/en/  https://en.wikipedia.org/wiki/Digital_Combat_Simulator  https://www.reddit.com/r/hoggit/comments/1example/dcs_videos_often_mistaken_for_real/",TOP GUN BABY!!! 🛩️ https://t.co/9fgiKCSZT4,5,"The video is purely visual, high-action content with a short, reactionary caption that would translate perfectly to TikTok as-is.",gaming|military_technology|digital_combat_simulator|fake_news|visual_effects|viral_video
https://x.com/i/status/2030348790821953942,yes,"This video is a staged skit from a content creator who makes satirical videos mocking HOAs. The &quot;HOA president&quot; is the kid's father, not a real neighbor.    https://www.youtube.com/watch?v=v0thrT_xywk  https://www.tiktok.com/@hoa.guy/video/7374544541774384427  https://www.youtube.com/shorts/XtEkuzJCBt8",Great job kid  https://t.co/i8Scjk6lEJ,5,"The video features burned-in captions, quick cuts, and a staged comedic premise designed specifically for short-form social media engagement.",viral_video|satire|tiktok_repost|hoa_dispute|skit|comedy
https://x.com/i/status/2027973445300965482,yes,This is an AI generated video.    https://www.bbc.com/future/article/20251031-the-number-one-sign-you-might-be-watching-ai-video,She really said bye😳 https://t.co/aOdQ0H35cQ,5,"The video is the primary content, featuring a visually shocking and surreal scenario that is highly engaging and native to short-form social media platforms. The minimal, reactionary text is typical of TikTok-style sharing.",ai_generated|artificial_intelligence|viral_video|visual_effects|funny_accidents|meme
https://x.com/i/status/2014135447962697766,yes,This video has been altered with AI; President Trump did not say these words. Original clip: https://www.c-span.org/clip/white-house-event/president-trump-on-california-governor-gavin-newsom/5165051,Fucking dead!!!!  https://t.co/IlIU8hppV3,5,"The video is the primary content, featuring a humorous AI-generated parody that relies on visual and audio engagement rather than the tweet text, making it perfectly suited for TikTok.",ai_generated|donald_trump|gavin_newsom|satire|meme|us_politics|fake_news|artificial_intelligence
https://x.com/i/status/2016918254501921020,yes,"The video is AI-generated using Google's Veo 3 tool, as indicated by the &quot;XVEOS3.COM&quot; watermark visible in the frames. https://leadstories.com/hoax-alert/2025/09/fact-check-video-of-lion-robot-meeting-is-not-real.html",Lion's kindness ❤️ https://t.co/49WFEBZarA,5,The video is purely visual content with background music and a sentimental theme that is highly characteristic of TikTok-native viral content.,ai_generated|artificial_intelligence|viral_video|nature|fake_news|visual_effects
https://x.com/i/status/2016119830760587528,yes,"This video is AI-generated, not real footage. It shows a fictional ship &quot;Grand Aurelian&quot; with telltale AI artifacts like unnatural water physics. Original posts of this video were explicitly labeled as AI-generated. https://fullfact.org/environment/cruise-ship-sewage-sea-ai-generated/",OMG! That’s awful! 😣 https://t.co/QCg1zJ2cqG,5,"The video is the primary content, featuring a vertical orientation, a watermark from another social platform, and a reactionary caption that serves as a hook.",ai_generated|viral_video|fake_news|climate_change|nature|artificial_intelligence|visual_effects
https://x.com/i/status/2031842298057621504,yes,Viral videos of capsules turning into French fries are AI-generated for entertainment and do not depict real products. No such technology exists in the consumer market.    https://www.facebook.com/61585981454049/videos/4364367303774618  https://www.youtube.com/shorts/vlwQOf5THpo,I BEG YOUR PARDON 😨😨😨 https://t.co/p8dudPBEIU,5,"The video is a vertical, visually engaging reaction clip featuring burned-in captions and a viral AI-generated concept that is native to TikTok's format.",viral_video|ai_generated|tiktok_repost|meme|artificial_intelligence|reaction_video
https://x.com/i/status/2030172869250990443,yes,"The video is AI-generated. Real recycled plastic homes use far more bottles (often 14,000+ for a small house) via filling/stacking or industrial melting processesânot 1000 for an entire house. Melting plastic releases toxic fumes and poses fire risks.    https://en.reset.org/how-one-man-turning-million-plastic-bottles-sustainable-village-10102016  https://www.goodnewsnetwork.org/bulletproof-fireproof-eco-friendly-homes-are-made-of-plastic-bottles  https://triplepundit.com/2019/startup-building-homes-recycled-pet-bottles",1000 bottles = 1 house https://t.co/rL4VedUUOZ,5,"The video is purely visual, oddly satisfying content with quick cuts and no dialogue, making it perfectly suited for TikTok's format.",ai_generated|oddly_satisfying|fake_news|viral_video|artificial_intelligence|recycling_hoax
https://x.com/i/status/2027967905657213094,yes,This video is not real footage. It comes from the video game WarThunder and does not show an real-world event.    https://en.wikipedia.org/wiki/War_Thunder,"America is no joke  

 https://t.co/QoogeNbfCE",5,"The video is the primary content, designed for visual engagement with a short, punchy caption that functions like a TikTok hook. It is a cinematic edit that would fit perfectly on TikTok's 'military-tok' or gaming communities.",military_technology|gaming|war_thunder|video_edit|fake_news|visual_effects|viral_video
https://x.com/i/status/2026707513538736625,yes,This is Mirror's Edge Catalyst (2016)    https://en.wikipedia.org/wiki/Mirror's_Edge_Catalyst,Mirror's Edge (2008) https://t.co/SxZZqvp274,5,"The video is the primary content, featuring high-energy gameplay with a first-person perspective and music that makes it visually and aurally engaging for short-form platforms.",gaming|mirrors_edge|video_game_footage|parkour|nostalgia
https://x.com/i/status/2030071827473781050,yes,"The creature in this video is not a real animal; it is AI-generated or CGI. No known species has this mix of spiky mane, spotted hide, and flexible body, including in mangroves.    Spotting AI content: https://libraryhelp.sfcc.edu/misinformation-literacy/spot-ai-generated-content    Mangrove wildlife: https://www.floridamuseum.ufl.edu/southflorida/habitats/mangroves/mangrove-life/",Omg... what is that? 😳 https://t.co/V6VnezsiaX,5,"The video is a visually engaging, short-form clip designed to provoke a reaction, with minimal text that serves as a hook. It is native social media content that would thrive on TikTok.",viral_video|ai_generated|artificial_intelligence|visual_effects|nature|fake_news
https://x.com/i/status/2032338588852183180,yes,"This video shows experiments similar to common viral hoaxes that are faked or impractical. Charging a phone needs 110+ lbs of potatoes, not a few. Bulb lighting often uses trick bulbs with internal batteries. Salt + sugar doesn't make snow.    https://www.electrochem.org/ecsnews/over-100-pounds-of-potatoes-charge-a-smartphone  https://www.facebook.com/thedadlab/videos/514704977430567  https://www.youtube.com/watch?v=L182LjbTtyc",science and technology https://t.co/xsW05K5siT,5,"The video is a classic TikTok reaction format featuring split-screen 'life hack' debunking, quick cuts, and high visual engagement with minimal text.",tiktok_repost|reaction_video|life_hacks|debunking|fake_news|viral_video|science_experiment
https://x.com/i/status/2020899555064287421,yes,"This video is not GTA 6 gameplay; the game is set in the fictional U.S. state of Leonida, including Vice City (Miami-inspired), not France. https://www.rockstargames.com/VI https://en.wikipedia.org/wiki/Grand_Theft_Auto_VI",GTA 6 gameplay leak 👀 https://t.co/k1QezqM18x,5,"The video is a highly edited, visually engaging montage set to music that functions as the primary content, perfectly suited for TikTok's format.",gaming|gta_6|video_edit|meme|viral_video|pop_culture|france
https://x.com/i/status/2012457935977202130,yes,🚨Misleading 🚨  These are Gurkha pants originated in the early 19th century from the distinctive attire of Nepal's brave Gurkha soldiers who served with the British Army  https://therake.com/default/stories/a-history-of-the-gurkha-trousers,An Italian style trouser https://t.co/kxDvxOXa0K,5,"The video is the primary content, featuring vertical framing, background music, and a focus on visual aesthetics that would fit perfectly on TikTok as-is.",mens_fashion|style_guide|gurkha_pants|tailoring|clothing_demonstration|lifestyle
https://x.com/i/status/2029074245683155429,yes,Misinformation!  This is an old video that has been available online since at least June 2025. It is not related to the current situation.    https://x.com/dintentdata/status/2029137447679144185    https://x.com/bar_peleg/status/1934086107559534868    https://x.com/JoeTruzman/status/1934109028810195324,"Tel Aviv this morning:

https://t.co/WPrLsvspXb",5,"The video is the primary content, featuring visually engaging footage of a disaster scene that would fit perfectly on TikTok with its current presentation.",israel|tel_aviv|breaking_news|misinformation|fake_news|middle_east_relations|war_coverage|disaster_response
https://x.com/i/status/2028212015349584245,yes,"video (from @RebellioMarket  's post) is fake/AI-generated rather than real footage:    No legitimate weather or news coverage exists for such an event in late February 2026 anywhere, its pure viral fake for engagement.    https://www.forbes.com/sites/marshallshepherd/2026/01/14/5-tips-for-spotting-fake-ai-generated-weather-images/  ",What’s Going On Here!!?👇 https://t.co/ZPNL9pEqxH,5,"The video features vertical framing, burned-in captions with emojis, and highly visual, sensationalist content designed for viral engagement, making it native to the TikTok format.",viral_video|ai_generated|fake_news|visual_effects|nature|artificial_intelligence
https://x.com/i/status/2021670324325298616,yes,This image is from a flawed 2013 Danish student experiment that ignored confounders like heat from routers drying seeds. A second WiFi-exposed group that grew normally was selectively excluded. WiFi uses non-ionizing waves lacking energy to damage plants. https://sciencemeetsfiction.com/2013/12/16/no-wi-fi-does-not-hurt-plants-or-anything-else-for-that-matter/,Wifi test on plant growth https://t.co/kiR7nCo9rr,5,"The video features a fast-paced time-lapse with burned-in captions and music, followed by a short interview clip, making it highly visually engaging and ready for TikTok.",viral_video|conspiracy_theory|misinformation|nature|science_experiment|health_claims|wifi_safety
https://x.com/i/status/2023014516238451086,yes,"The video in this post is not from the Epstein files. It appears to be old footage from McKamey Manor, an extreme haunted house attraction known for simulated torture experiences.    https://en.wikipedia.org/wiki/McKamey_Manor  https://www.theguardian.com/lifeandstyle/2015/oct/30/extreme-haunted-house-masochists-mckamey-manor    https://en.wikipedia.org/wiki/McKamey_Manor  https://www.theguardian.com/lifeandstyle/2015/oct/30/extreme-haunted-house-masochists-mckamey-manor","No mercy for these people

https://t.co/7y5BpUxmjz",5,"The video is a split-screen reaction video with burned-in captions and a watermark, which is a native TikTok format that could be posted to the platform as-is.",tiktok_repost|reaction_video|conspiracy_theory|jeffrey_epstein|misinformation|mckamey_manor|social_media_controversy
https://x.com/i/status/2027909494727147680,yes,This is a game known as DCS or Digital Combat Simulator.    https://en.wikipedia.org/wiki/Digital_Combat_Simulator,Don’t fuck with America 🇺🇸 https://t.co/8Fl4VgpqoD,5,"The video is the primary content, featuring visually engaging action with minimal reactionary text that would translate perfectly to TikTok as-is.",gaming|military_technology|video_edit|digital_combat_simulator|fake_news|visual_effects
https://x.com/i/status/2029208663454564484,yes,"This video is from Pakistani TikTok account @crazyproduction01, not India. The men wear shalwar kameez (Pakistan's national dress) and use a 'daig' (large pot common in Pakistani cuisine).    https://www.tiktok.com/@crazyproduction01  https://dhaga.com.pk/blogs/news/significance-of-shalwar-kameez-a-timeless-pakistani-garment  https://www.tasteatlas.com/shab-daig",before AI there was India https://t.co/G78dgNi81V,5,"The video is a direct repost from TikTok, featuring a vertical aspect ratio, quick cuts, and visual comedy that relies entirely on the video itself rather than the tweet text.",tiktok_repost|viral_video|visual_effects|pakistan|comedy|meme
https://x.com/i/status/2031826629782044777,yes,This is an AI video.    https://en.wikipedia.org/wiki/Generative_artificial_intelligence,Big things are happening 📍https://t.co/2xsx4LipZ3,5,"The video is the primary content, featuring high-impact visual effects, cinematic cuts, and dramatic music that would fit perfectly on TikTok as-is.",ai_generated|iran|israel|middle_east_relations|military_action|visual_effects|benjamin_netanyahu|geopolitics|propaganda
https://x.com/i/status/2024258437379408106,yes,"Misleading — the timelapse is AI‑generated, not evidence of a real solo rock pub build. The same clip has been posted and identified as fabricated by creators and AI accounts, which note it ignores real-world risks like cave‑ins. https://www.tiktok.com/@aiworld_01/video/7608307968907463966 https://www.instagram.com/reel/DUgWci3E7uG",Building a Secret MAN CAVE https://t.co/0ixwWeImiA,5,"The video is a fast-paced, visually engaging timelapse designed for high retention and viral potential, functioning as the primary content without needing external context.",ai_generated|misinformation|viral_video|oddly_satisfying|artificial_intelligence|visual_effects|lifestyle
https://x.com/i/status/2029286672383537329,yes,"The video is digitally created footage from the DCS flight simulator, not real. https://www.facebook.com/FullBurnerSims/videos/b-2-bomber-shocks-aircraft-carrier-with-surprise-flyby-dcsworld-flightsimulator/921155480776880 https://www.youtube.com/watch?v=teliomlNbwc",Is this real @PFTCommenter https://t.co/SFJDxRJWER,5,"The video is a visually engaging, high-action clip with excited voiceover commentary that would thrive on TikTok as-is. The tweet text is a simple, reactionary question, making the video the primary content.",viral_video|military_technology|gaming|visual_effects|misinformation|ai_generated|b2_bomber|dcs_world
https://x.com/i/status/2028624673702096897,yes,"This video is from a video game (flight combat simulator), not real footage of a military strike.    https://x.com/MikeSchurb/status/2028705847593840672    https://en.wikipedia.org/wiki/Digital_Combat_Simulator    https://www.digitalcombatsimulator.com/","How its done!!
Yeah baby!! https://t.co/0G58LDNkLX",5,"The video is a direct TikTok repost featuring the platform's watermark, quick cuts, and high visual engagement, making it native TikTok content.",tiktok_repost|gaming|military_technology|misinformation|digital_combat_simulator|video_edit
https://x.com/i/status/2018963907826872376,yes,This is an AI generated video.    https://www.npr.org/2025/12/17/nx-s1-5640108/spotting-ai-in-your-feeds,Thank you for your kindness https://t.co/1CaLIKvom3,5,"The video is the primary content, featuring high visual engagement, burned-in captions, and a vertical format that is native to TikTok.",ai_generated|artificial_intelligence|animal_rescue|nature|viral_video|misinformation|fake_news
https://x.com/i/status/2017570349278240894,yes,"Trading XAUUSD with a $0.2 balance is impossible on real forex accounts, as margin requirements for the minimum lot size (0.01) exceed $1 even with 1:1000 leverage. https://scribehow.com/page/How_Much_Is_Needed_to_Trade_XAUUSD_Everything_You_Need_to_Know__TdB2t1RjSaaeQklYQrnkLw https://tradingbeasts.com/what-is-the-minimum-amount-to-trade-gold","Ai trading 😳

$0.2 to $114k https://t.co/7MUitfsehQ",5,"The video is a direct TikTok repost featuring a vertical aspect ratio, TikTok watermark, and fast-paced visual editing designed for high engagement. It functions as a standalone piece of content typical of the platform's financial 'hustle' niche.",tiktok_repost|trading|forex|artificial_intelligence|scam_alert|misinformation|finance|viral_video
https://x.com/i/status/2024739483137028504,yes,This video is Chinese as evidenced by the writing and tea type. The claim that it is Japanese is false and potentially malicious.  https://x.com/kung_vicky/status/2024832584619114733?s=46  ,"Japanese wrapping skills 
 https://t.co/wRqN8hIEUh",5,"The video is a compilation of visually engaging, short-form clips with burned-in captions and ASMR-style audio, making it native to TikTok's format.",tiktok_repost|oddly_satisfying|tea_culture|craftsmanship|misinformation|viral_video
https://x.com/i/status/2020577062138814487,yes,This is AI.   https://undetectable.ai/  ,I would react the same way 😂 https://t.co/WlHsbhzmrL,5,"This is a direct TikTok repost featuring vertical orientation, a platform watermark, and visually engaging, short-form content that relies entirely on the video for entertainment.",tiktok_repost|ai_generated|artificial_intelligence|viral_video|meme|visual_effects|cats|funny_animals
https://x.com/i/status/2015789176126370155,yes,"Dawn or any hand dish soap shouldn’t be used in a dishwasher because it creates excessive foam, which can overflow onto the floor, &quot;suds-lock&quot; the machine, and potentially damage components like pumps and seals. It’s also ineffective with cleaning in a dishwasher.    https://www.maytag.com/blog/kitchen/can-you-use-dish-soap-in-dishwasher.html    https://www.maytag.com/blog/kitchen/can-you-use-dish-soap-in-dishwasher.html    https://www.thespruce.com/regular-dish-soap-in-dishwasher-1907646",This is what saves you money https://t.co/hVE71c4U41,5,"The video features vertical framing, quick cuts, a 'life hack' premise, and burned-in captions, making it native TikTok-style content that functions independently of the tweet text.",tiktok_repost|life_hack|diy|household_tips|viral_video|oddly_satisfying|misinformation
https://x.com/i/status/2032972623886381474,yes,AI/Fake video      For those who can’t tell this video is AI. Below is a link to a site with tips on how to detect AI    https://caniphish.com/blog/how-to-spot-ai-videos,"OMG this is so adorable.
🥰🤣🤣🤣 https://t.co/ke5cp59Hku",5,"The video is a direct TikTok repost featuring vertical orientation, burned-in captions, and a platform watermark. The tweet text is purely reactionary, making the video the primary content.",tiktok_repost|ai_generated|artificial_intelligence|misinformation|nature|viral_video|meme
https://x.com/i/status/2018195600169390106,yes,"Waking at 3–4 a.m. is commonly caused by the natural rise in cortisol levels around that time, often linked to stress, sleep cycles, or age related changes and not intercepted thoughts from someone else.    https://my.clevelandclinic.org/health/articles/22103-cortisol",When you wake up at 3am- 4am. https://t.co/bmqCGstxfb,5,"The video is pure TikTok-native content featuring vertical orientation, AI-generated visuals, burned-in captions, and a viral-style psychological hook that functions independently of the tweet text.",tiktok_repost|ai_generated|visual_effects|psychology|misinformation|lifestyle|viral_video
https://x.com/i/status/2013100247090663429,yes,"This video shows a climate protest in Vienna, Austria on February 4, 2022, where activists lay in body bags to symbolize projected climate deaths, not Ukraine war casualties. https://apnews.com/article/fact-checking-789622514314 https://www.reuters.com/article/factcheck-ukraine-body-bags-idUSL2N2V6241 https://www.factcheck.org/2022/03/video-shows-climate-protest-in-austria-not-crisis-actors-in-ukraine/","The ""news"" is all an illusion. https://t.co/qhmuGCw1bR",5,"The video is a direct repost from Instagram/TikTok, featuring vertical orientation, burned-in text overlays, and a watermark, making it native to short-form video platforms.",tiktok_repost|misinformation|fake_news|conspiracy_theory|ukraine_war|media_criticism|protest|climate_change
https://x.com/i/status/2029695151069593699,yes,The account owner did not create this.    real artist: https://www.instagram.com/reel/DFK8_ZQx9fz/?l=1,How to draw water: Anime Style https://t.co/py9JILYQ9V,5,"The video is a vertical tutorial with burned-in captions, background music, and quick cuts, making it perfectly suited for TikTok as-is.",digital_art|drawing_tutorial|anime_style|art_process|tiktok_repost|oddly_satisfying|visual_effects
https://x.com/i/status/2017672178477711590,yes,"Not the same person. The boxer himself, Misael “El Chino” Rodriguez, said that’s not him in the video.    https://youtu.be/kmmsSGOHaUE",Never judge a book by its cover https://t.co/by86jbqBnF,5,"The video uses a classic TikTok-style narrative structure with a 'wait for it' setup, dramatic music, and quick-cut editing to tell a story. The tweet text acts as a simple caption that would be identical to a TikTok post.",viral_video|video_edit|sports|boxing|misinformation|lookalike|social_media_controversy
https://x.com/i/status/2027890971225055575,yes,That's an old video from 2024 from an Israeli airstrike on Syria. It has nothing to do with the current events.    https://x.com/i/status/1868638001158328474,Israel no longer exists holy fuck https://t.co/YWZm6ZLKmS,5,"The video is the primary content, featuring a highly visual and dramatic explosion with reactionary text that functions like a TikTok caption.",viral_video|middle_east_relations|israel|syria|military_action|misinformation|fake_news
https://x.com/i/status/2025283873710489868,yes,All videos were made with AI  https://x.com/grok/status/2025427796802043924?s=20,The dog has six secondary organs https://t.co/3g8vbG9MYo,5,"The video is a fast-paced compilation of visually engaging, AI-generated 'heroic dog' clips set to music, which is a common format for viral TikTok content.",ai_generated|artificial_intelligence|viral_video|dogs|visual_effects|video_edit
https://x.com/i/status/2012203373869584489,yes,"For added context, while entertaining, this video is AI-generated and does not show real footage of Rick Ross dancing. It features AI depictions of rappers performing a dance for Memphis rapper Lil Hott's promotion. https://www.instagram.com/reel/DTmTMMmjGaQ/ https://www.instagram.com/reel/DTJDsstDfhI/",Rick Ross with the dance moves 😂🕺🏾 https://t.co/yBKE0Exvcj,5,"The video is purely visual entertainment with a vertical aspect ratio and music, making it native to short-form video platforms like TikTok.",ai_generated|rick_ross|dancing|hip_hop|pop_culture|meme|artificial_intelligence|viral_video
https://x.com/i/status/2032988903356166333,yes,This isn't how time works. True duration was roughly double the claim. There's also more than 60 centiseconds in a second.    https://x.com/travisskol/status/2033190189535801744  https://en.wiktionary.org/wiki/centisecond,Ludvig has a need for speed 🏌️‍♂️💨 https://t.co/Qa9bkSQfo5,5,"The video is the primary content, featuring a fast-paced edit with burned-in timers and quick cuts that would fit perfectly on TikTok as-is.",sports|golf|ludvig_aberg|video_edit|viral_video|the_players_championship|sports_commentary
https://x.com/i/status/2019597692113129549,yes,This video is AI generated. Visual and sound artifacts indicate synthetic generation. These are well documented traits of current text to video and image to video AI models. There is no credible evidence that this scene occurred in the real world.    Sources    https://openai.com/sora    https://www.technologyreview.com/2024/02/15/1088338/how-to-spot-ai-generated-images-and-video/    https://www.washingtonpost.com/technology/2023/04/12/ai-generated-video-deepfake-explained/    https://www.reuters.com/fact-check/how-spot-ai-generated-images-videos-2024-01-17/,"He helped them once, They came back https://t.co/HWp1qLK1hl",5,"The video features a vertical aspect ratio, dramatic music, burned-in captions, and a fast-paced narrative structure typical of viral TikTok content.",ai_generated|artificial_intelligence|animal_rescue|nature|viral_video|misinformation|visual_effects
https://x.com/i/status/2031871266609664396,yes,"The video is AI-generated (deepfake), not Talarico speaking. It uses his real past statements (mostly pre-2023 tweets/speeches) narrated by synthetic voice/likeness with disclosure watermark.    https://www.washingtonexaminer.com/news/campaigns/4488947/senate-gop-james-talarico-deepfake-ad  https://x.com/NRSC/status/2031871266609664396","James Talarico, in his own words: https://t.co/lDlUoqBbP7",4,"The video uses a vertical format with quick cuts, burned-in captions, and a satirical 'dramatic reading' style that is highly characteristic of TikTok content, though the tweet provides the primary context.",ai_generated|us_politics|satire|political_campaign|misinformation|artificial_intelligence|james_talarico|texas_politics
https://x.com/i/status/2011433429460791382,yes,"This video does not show an incident in Arizona. The footage depicts a June 22, 2023, event in Bell Gardens, California, where a Los Angeles County Sheriff’s deputy shot a driver who had repeatedly rammed a patrol vehicle.    https://abc7.com/post/bell-gardens-deputy-shooting-suspect-hospitalized-investigation/13414235",How this sh*t plays out in Arizona. https://t.co/0Q34Uk3OXF,5,"The video features high-intensity action, a music overlay, and burned-in location text, making it perfectly suited for TikTok's native style.",viral_video|police_chase|california|misinformation|shooting_incident|tiktok_repost
https://x.com/i/status/2028311760311292259,yes,"This video shows the 2015 explosions at a warehouse in Tianjin, China, not a 2026 Iranian attack on Tel Aviv. Iran did launch missiles at Israel, but this footage is unrelated.    https://www.misbar.com/en/factcheck/2026/03/01/does-video-show-explosion-tel-aviv-after-iranian-missile-strikes    https://en.wikipedia.org/wiki/2015_Tianjin_explosions    https://www.aljazeera.com/news/liveblog/2026/3/2/us-israel-attack-iran-live","THIS IS TEL AVIV. 

THANK YOU IRAN! https://t.co/9ajNuN6r7H",5,"The video is a high-impact, visually engaging clip of a massive explosion with authentic-sounding reaction audio, making it perfect for viral TikTok consumption without needing additional context.",viral_video|misinformation|fake_news|iran|israel|middle_east_relations|tianjin_explosions|breaking_news
https://x.com/i/status/2023621308718690651,yes,"This video showing a sheep rapidly shorn in an automated tube is AI-generated, not real. No working machine like this exists; actual sheep shearing robotics are still in development and less seamless.    https://www.youtube.com/shorts/J7QrL2VuWdY https://www.instagram.com/reel/DU0QW2ikQeR",Ohhh nah this is actually amazing 😭 https://t.co/8Io92a75Ee,5,"The video is the primary content, featuring a visually engaging and 'oddly satisfying' process with minimal, reactionary text that would fit perfectly on TikTok as-is.",ai_generated|artificial_intelligence|oddly_satisfying|misinformation|viral_video|nature|farming_technology
https://x.com/i/status/2017900139269026036,yes,"This video is likely AI generated. Multiple angles for a doorbell camera are unlikely. Look closely at her hands in the fur starting about 0:10.  The audio is also a tell, with no real origin.    https://caniphish.com/blog/how-to-spot-ai-videos",How would you react in this situation? https://t.co/cQ5mIqaeLA,5,"The video features vertical framing, burned-in captions with emojis, and a 'shocking' hook designed for viral engagement, making it native to the TikTok format.",ai_generated|viral_video|artificial_intelligence|misinformation|nature|bobcat|doorbell_camera
https://x.com/i/status/2019487066564804912,yes,"The video exaggerates how balut is eaten. In reality, balut is cracked at the wide end, the broth sipped first (often with salt/vinegar), then the yolk and embryo eatenâtypically casually as street food, not in the depicted manner.    https://en.wikipedia.org/wiki/Balut_(food)  https://www.cnn.com/travel/article/how-to-eat-balut  https://vickypham.com/blog/fertilized-duck-eggs-hot-vit-lon  https://www.wikihow.com/Eat-Balut",South East Asia’s Strange Delicacy 😮 https://t.co/KmmAZ11Uqs,5,"The video features high-engagement 3D animation, quick cuts, burned-in captions, and a voiceover designed for viral social media consumption.",ai_generated|viral_video|balut|food_culture|southeast_asia|animation|educational_content|misinformation
https://x.com/i/status/2026982198587371792,yes,"Towels do collect skin oils and bacteria, but short-term reuse is usually safe if they dry between uses. Experts recommend washing towels every 2–3 uses or at least weekly; daily washing is mainly for high‑risk people. See: https://www.bbc.com/future/article/20250110-how-often-you-should-wash-your-towels-according-to-science",STOP reusing your towel after a shower https://t.co/S9WdlLpDCF,5,"The video is a vertical, fast-paced health tip featuring burned-in captions, emojis, and a direct call to action, making it native TikTok content.",tiktok_repost|lifestyle|health_tips|hygiene|dermatology|viral_video
https://x.com/i/status/2026348789603398092,yes,"This impressive curving pathway design is AI-generated, not real footage of a landscaping project. Similar viral videos of rapid/impossible transformations are commonly created with AI tools and shared without labels.    https://www.rumorguard.org/post/viral-crop-circle-videos-created-by-ai-not-aliens    https://x.com/hoaxeye/status/1961461929043497360    https://storyful.com/all/wild-animal-video-ai-fakes","Wow that’s pretty awesome, looks great. https://t.co/LGZVt5KzZA",5,"The video is the primary content, featuring a rapid, visually engaging transformation with quick cuts and a vertical aspect ratio that is native to TikTok.",ai_generated|artificial_intelligence|viral_video|oddly_satisfying|lifestyle|home_improvement|landscaping|misinformation
https://x.com/i/status/2011825666983882864,yes,"This video is AI-generated. It was created by &quot;Mr. Twist,&quot; an AI content channel.     Recording your screen with a second phone is a method used by engagement-farming channels to evade community notes.    https://x.com/grok/status/2011111565223735557?s=20  https://www.instagram.com/mr.twist.2077/reel/DSDSZA9DeKJ/",I didn’t expect it to be this perfect 😭 https://t.co/tRb2a9flAq,5,"The video is a short, humorous, and visually engaging clip designed for viral consumption, featuring a reactionary tweet that serves as a caption. It is AI-generated satire that would fit perfectly on TikTok's 'For You' page.",ai_generated|satire|meme|viral_video|artificial_intelligence|lookalike|misinformation
https://x.com/i/status/2028520860760330423,yes,This motion capture is not for Grand Theft Auto VI.    https://en.wikipedia.org/wiki/Grand_Theft_Auto_VI#Leaks,Motion capture for dance scene in GTA 6 https://t.co/7reCF0YJ0E,5,"The video is purely visual entertainment with a trending dance and quick cuts, perfectly suited for TikTok's native format.",viral_video|gaming|misinformation|pop_culture|motion_capture|gta_6|dance
https://x.com/i/status/2023433219371315661,yes,https://x.com/tenko1515/status/2023605987157176734  作家さん本人が言及されていますが無断転載です。,"Made for: Kids 🧒
Enjoyed by: Me at 24 😭 https://t.co/yV1eoS07s4",5,"The video is a short, visually engaging animation with a relatable caption about age, fitting the exact format and style of TikTok-native content.",animation|nostalgia|pop_culture|cute_animals|tiktok_repost
https://x.com/i/status/2030997793750368363,yes,This is not a real video of Kamala Harris. It is ai generated deepfake. https://x.com/grok/status/2031009325615898715?s=46&amp;t=77ybFWtHFZXXNK3X9O0JTA,This was almost the Commander and Chief https://t.co/Tt7vNBnlE8,5,"The video is a visually engaging dance clip with music and quick cuts that is native to the TikTok/Reels format, requiring no additional text to function as content.",ai_generated|us_politics|kamala_harris|deepfake|misinformation|viral_video|artificial_intelligence|political_commentary
https://x.com/i/status/2030033218007699828,yes,"This video is AI-generated, not real footage. The B-2 Spirit is not carrier-based and does not perform such low flybys over carriers. Similar clips are digitally created for effect amid U.S.-Iran tensions.    https://x.com/grok/status/2030055863075877103    https://www.reuters.com/fact-check/    https://factcheck.afp.com/","I would piss down my leg if I was Iran

https://t.co/PVhdY9aG6D",5,"The video is a highly visual, vertically oriented CGI clip with a TikTok watermark and a reactionary caption that serves as the primary content.",ai_generated|tiktok_repost|military_technology|iran|misinformation|visual_effects|geopolitics|digital_combat_simulator
https://x.com/i/status/2030610170141655473,yes,"The post refers to unconvicted defendants as &quot;offenders,&quot; which contradicts the UK's presumption of innocence. Reforms limit jury trials to cases with likely sentences over 3 years, affecting many significant offenses beyond minor ones.    https://www.gov.uk/government/publications/courts-and-tribunals-bill/courts-and-tribunals-bill-factsheet    https://www.criminalbar.com/wp-content/uploads/2026/03/The-CBAs-Nutshell-Guide-to-the-Courts-and-Tribunals-Bill-2026.pdf",It’s time to set the facts straight 👇 . https://t.co/sQ27gzps41,5,"The video is a vertical edit featuring fast cuts, burned-in captions, and interactive 'True/False' graphics, making it native to TikTok's visual style.",uk_politics|labour_party|political_commentary|court_reform|legal_system|fact_check
https://x.com/i/status/2018078350061744477,yes,"This is Denis O’Driscoll with his son, filmed by his wife Zoe, uploaded to YouTube under the name FoxyOdriscoll on Mar 14, 2012    It is not Stephen Colbert or John Podesta.    https://www.youtube.com/watch?v=WovaL6NItR0    https://web.archive.org/web/20120314173538/http://www.youtube.com/watch?v=nWcN_Mx4nIU",Prison is not an option for these demons https://t.co/1eutyBlFkW,4,"The video features a viral-style clip with a quick cut to a reaction/comparison shot, which is a common TikTok format. The tweet text acts as the hook/caption that would typically be on-screen text in a native TikTok.",viral_video|conspiracy_theory|misinformation|lookalike|political_commentary|john_podesta|social_media_controversy
https://x.com/i/status/2015133417814556847,yes,"For context: While dogs can perform heroic acts in real life, this video is AI-generated and does not depict a real event. No news reports match the 2023 timestamp. Similar 'hero dog' videos are confirmed as AI-created.  https://www.instagram.com/reel/DP1wySHDHOx  https://www.instagram.com/reel/DPtqpTDjDB_  https://www.facebook.com/PediMom/videos/can-you-tell-whats-real-anymore/800291752766820",Hero Dog Saves Child from Electric Shock https://t.co/HCIJUkl7Ni,5,"The video is high-engagement, emotionally manipulative content designed for viral sharing. It relies entirely on the visual narrative of the 'hero dog' and would fit perfectly on TikTok as-is.",ai_generated|viral_video|misinformation|animal_rescue|artificial_intelligence|fake_news
https://x.com/i/status/2013110593595560273,yes,AI SLOP  https://en.wikipedia.org/wiki/AI_slop  ,Never ignore strange rocks in the forest! https://t.co/5Nphdyp73h,5,"The video is purely visual, oddly satisfying content designed for high engagement with minimal text. It is a classic example of 'slop' content native to short-form video platforms.",ai_generated|oddly_satisfying|nature|misinformation|viral_video|lifestyle
https://x.com/i/status/2024289203904008453,yes,"This video is AI-generated and the events are fictional, not a real rescue.    For more on spotting fake animal videos: https://www.youtube.com/watch?v=MMCJbvr-ueE    Specific to this: https://www.instagram.com/reel/DUcOwKLARY2 https://www.facebook.com/groups/1690426617860075/posts/4347091348860242",I saved her twice... now she refuses...♥️ https://t.co/WSK1xsCCEr,5,"The video is a highly edited, vertical-format narrative with burned-in captions and emotional music, designed specifically for short-form social media engagement.",ai_generated|animal_rescue|nature|misinformation|viral_video|visual_effects|artificial_intelligence
https://x.com/i/status/2022355515528081641,yes,"Additives are food-grade &amp; FDA-approved.   7-week growth is US industry average, done via selective breeding (not hormones/chemicals) of high-efficiency hybrid strains.  Bags: food-safe, BPA-free PET.   Chlorine: standard, safe external wash.  Sodium is the main consideration.    https://hfpappexternal.fda.gov/scripts/fdcc/index.cfm?set=GRASNotices  https://extension.msstate.edu/publications/why-the-rapid-growth-rate-todays-chickens?hl=en-US  https://www.fsis.usda.gov/food-safety/safe-food-handling-and-preparation/poultry/chicken-farm-table?hl=en-US",The truth about Costco Rotisserie chicken https://t.co/UOqQdQa2ZN,5,"This is a native TikTok video featuring a split-screen reaction/commentary format, burned-in captions, and a fast-paced educational style designed for mobile consumption.",tiktok_repost|reaction_video|lifestyle|health_and_wellness|food_safety|costco|consumer_advocacy|misinformation
https://x.com/i/status/2021441676712214904,yes,"This video is AI-generated, not real footage. https://www.instagram.com/reel/DSAUMYcj9sg https://www.instagram.com/reel/DR8o2p4koWz",Look at the cat's lightning-fast reflexes https://t.co/UQkJHyurqX,5,"The video is the primary content, featuring a highly engaging and visually dramatic sequence that is native to short-form video platforms. The minimal tweet text serves as a simple caption that would translate directly to a TikTok post.",ai_generated|viral_video|animals|cats|nature|visual_effects|misinformation
https://x.com/i/status/2014035915572912391,yes,"This video is from a 2024 accident in Zhuzhou, China (not Japan). The car shown is not a Tesla. It lost control after being rear-ended by a taxi.  https://timesofindia.indiatimes.com/world/china/6-dead-7-injured-in-central-china-bridge-crash/articleshow/113585185.cms  https://www.barrons.com/news/6-dead-7-injured-in-central-china-bridge-crash-e05c7345",Tesla fights back after getting rear ended https://t.co/8ztfqJl9jb,5,"The video features vertical formatting, sensationalist burned-in captions with emojis, and a watermark from a social media community, making it native TikTok-style content.",viral_video|misinformation|fake_news|car_crash|china|tiktok_repost|social_media_controversy
https://x.com/i/status/2017417297535885539,yes,There are several high profile Muslims in the Epstein files.     https://grok.com/share/c2hhcmQtMg_27f47847-34fc-4f85-9875-0c48c4fb8266,"“THERE ARE NO MUSLIMS ON EPSTEIN'S LIST”

 https://t.co/Belq9sx8LM",4,"The video is the primary content featuring a visually striking protest banner and confrontational street activism, which is a staple of TikTok-style political content.",jeffrey_epstein|protest|activism|social_media_controversy|conspiracy_theory|political_confrontation|misinformation
https://x.com/i/status/2014881061696872943,yes,"This video is AI-generated and does not show a real event. Fact-checkers have identified visual inconsistencies, such as unnatural movements and the number of rabbits changing throughout the clip, which are hallmarks of AI fabrication. https://www.latestly.com/social-viral/fact-check/did-a-monkey-save-a-rabbit-from-a-komodo-dragon-viral-video-is-ai-generated-reveals-fact-check-7259476.html",Monkey saves baby rabbit &amp; its mother. https://t.co/11aWgYqlV0,5,"The video is purely visual, emotionally manipulative content designed for viral engagement, featuring music and dramatic 'action' that functions as a standalone clip.",ai_generated|viral_video|misinformation|animal_rescue|nature|artificial_intelligence|fake_news
https://x.com/i/status/2029358747722674509,yes,The man in the video is not the Taco Bell CEO. Sean Tresvant is the CEO. https://investors.yum.com/news-events/financial-releases/news-details/2023/Sean-Tresvant-Promoted-to-Taco-Bell-Division-CEO-Effective-January-1-2024/default.aspx https://www.businessinsider.com/taco-bell-ceo-sean-tresvant-yum-brands-chain-winning-strategy-2026-2,The CEO of Taco Bell has entered the chat🤣 https://t.co/4Fwc5Vj0D0,5,"The video is a self-contained, vertically-oriented comedic sketch that functions as the primary content, requiring minimal context from the tweet text to be understood.",satire|meme|pop_culture|taco_bell|comedy_sketch|viral_video
https://x.com/i/status/2028631929050841139,yes,"This video is not from GTA 6. It's a 2022 motion capture demo by Jonmocap featuring dancer Ximena Miranda for the Meta Moves project, unrelated to Rockstar Games. Claims she worked on GTA 6 are unconfirmed.    https://www.tiktok.com/@jonmocap/video/7099940484767845638  https://www.reddit.com/r/interesting/comments/1rit7z4/making_of_dancing_scenes_in_gta_6  https://www.tiktok.com/@quickvi6/video/7444681513913879850",GTA 6 will be the horniest game of all time https://t.co/2ZN5CQRgFo,5,"The video is a high-energy, visually engaging dance clip with quick cuts and music that is native to TikTok's format, and the tweet text acts as a simple, reactionary caption.",gaming|motion_capture|gta_6|viral_video|misinformation|pop_culture|tiktok_repost|visual_effects
https://x.com/i/status/2026302778948346201,yes,Its actually Pro Evolution Soccer 2013 (PES 13) game with GTA mods.     https://www.youtube.com/watch?v=5DRyrLrY7qI,Modders turned GTA San Andreas into FIFA 😭💀 https://t.co/FaxxNQFKho,5,"The video is the primary content, featuring a humorous and visually engaging mod that would go viral on TikTok as-is. The tweet text acts as a simple reactionary caption typical of short-form video platforms.",gaming|gta_san_andreas|pro_evolution_soccer|video_game_mods|meme|nostalgia|sports|video_edit
https://x.com/i/status/2025255949410467913,yes,"This video is AI-generated, not a real landscaping project. The TikTok account specializes in AI content. The method skips cutting holes in fabric for roots to reach soil, which is needed for plants to thrive.    https://www.tiktok.com/@modernconstructiondiy  https://northcoastgardening.com/2010/10/how-to-use-landscape-fabric",I like her landscape idea.  Looks fantastic. https://t.co/V2RJAvy8U9,5,"This is a direct TikTok repost featuring vertical video, a watermark, quick cuts, and a time-lapse format typical of DIY content on that platform.",tiktok_repost|ai_generated|home_improvement|lifestyle|misinformation|oddly_satisfying
https://x.com/i/status/2016273493101347174,yes,Fake. This is a AI video as you can see the watermark of sora AI.    https://x.com/i/status/2016465649342804113,No army in the world can defeat these ones... https://t.co/22vJTtdcFw,5,"The video is the primary content, featuring high-energy music and visually absurd, AI-generated stunts that are designed for viral social media engagement.",ai_generated|artificial_intelligence|india|viral_video|misinformation|fake_news|military_action|meme
https://x.com/i/status/2020142932590830049,yes,"The Google Earth image depicts a fictional &quot;backrooms&quot; meme image uploaded by a user, not a real underground bunker or secret meeting place. Google confirmed and removed it for violating content policies. https://www.aap.com.au/factcheck/wa-island-bunker-image-is-a-mysterious-dose-of-fantasy","THIS NEEDS TO BE INVESTIGATED IMMEDIATELY.

https://t.co/sCIQiQxy3w",5,"The video is a highly engaging, visual-first piece of content using quick cuts and a 'backrooms' aesthetic that functions as a standalone piece of entertainment or mystery.",viral_video|meme|conspiracy_theory|misinformation|australia|visual_effects|backrooms|google_earth
https://x.com/i/status/2012479458779820486,yes,"For context, this video originates from a January 23, 2021, protest in Moscow, Russia, in support of Alexei Navalny. The vehicles are Russian PAZ-3205 buses, not used in the U.S. It is unrelated to the ongoing anti-ICE protests in Minneapolis.  https://x.com/mediazzzona/status/1352988822263492610  https://www.bbc.com/news/world-europe-55777139",Meanwhile anti-ICE protest in the Minneapolis https://t.co/UMRqnDWkhG,4,"The video is the primary content and features a high-energy, visually engaging scene of a protest that would fit well on TikTok with on-screen text replacing the tweet's caption.",protest|misinformation|activism|russia|alexei_navalny|viral_video|fake_news
https://x.com/i/status/2029356262702362906,yes,"This video was posted on Jan 25, 2026.    https://x.com/i/status/2015412817403486364",Israel is receiving heavy strikes from Iran. 🇮🇷 https://t.co/GOflXmNe1Y,4,"The video is the primary content and highly visual, featuring dramatic footage of missile strikes that would be very engaging on TikTok. The tweet text provides the context that would typically be handled by on-screen captions or a voiceover on TikTok.",iran|israel|military_action|middle_east_relations|geopolitics|war_coverage|breaking_news|missile_strike
https://x.com/i/status/2014405664366346445,yes,The crowd boo audio was added on. This timestamped link shows the unedited scene https://www.youtube.com/watch?v=TtJszzadcwA&amp;t=565,The hate for israeli President at WEF was insane https://t.co/zR2UiLMlCu,4,"The video uses a popular pixel-art reaction overlay and edited audio to create a viral-style clip, though the context is provided by the tweet text rather than in-video captions.",misinformation|video_edit|israel|middle_east_relations|geopolitics|social_media_controversy|fake_news|world_economic_forum
https://x.com/i/status/2025080836677398896,yes,This video is fake and engagement farming. Apple does not use NFC to verify charging adapters. iPhones cannot authenticate wall chargers by tapping them. Apple power bricks do not contain NFC chips.    https://x.com/grok/status/2025100440354844932?s=46,This is how you identify a fake Apple charger. 👀 https://t.co/5GrWMwiYip,5,"The video is a vertical, visually-driven 'life hack' style clip with burned-in captions and background music, designed specifically for short-form social media engagement.",viral_video|misinformation|fake_news|apple|iphone|tech_tips|consumer_electronics
https://x.com/i/status/2019833472349569084,yes,Piece cannot be 100+ years old - it has the brand imprint “Martha Stewart” on the bottom.    https://achievers.edu.ng/products/martha-stewart-cast-iron-cornbread-mold/14530743/,It's amazing what you can find at thrift stores https://t.co/a5QTpJusvu,5,"The video is a vertical, fast-paced edit with burned-in 'POV' captions and ASMR-style audio, which is native TikTok content that requires no additional context from the tweet.",tiktok_repost|oddly_satisfying|lifestyle|misinformation|thrift_store_finds|restoration|cooking
https://x.com/i/status/2019996148069814429,yes,"This video is AI-generated, not a real construction. It omits essential safety features like structural supports, waterproofing, ventilation, proper electrical/plumbing, and drainage, making such a build unsafe and impractical at any cost.    https://knowyourmeme.com/memes/ai-slop    https://www.fema.gov/sites/default/files/documents/fema_safe_room-guidance_2023.pdf    https://www.popularmechanics.com/home/how-to-plans/how-to/a3284/how-to-build-a-backyard-bunker-16158996/",Built a Secret Bunker for the Price of an iPhone https://t.co/7lOn5pwjjZ,5,"The video is a fast-paced, visually engaging time-lapse with a catchy 'secret project' hook that is native to TikTok's short-form style.",ai_generated|home_improvement|viral_video|misinformation|oddly_satisfying|lifestyle|artificial_intelligence
https://x.com/i/status/2023133261875097726,yes,"The video shows Meteor Crater (Barringer Crater) in Arizona, USA. It was formed by a meteorite impact ~50,000 years ago, not by volcanic activity. It is not located in Lanzarote, Canary Islands.    https://meteorcrater.com/  https://www.amnh.org/exhibitions/permanent/meteorites/meteorite-impacts/meteor-crater","This volcano crater in Lanzarote, Canary Islands. https://t.co/XFg8yIdTFf",5,"The video is the primary content, featuring visually engaging drone footage of a natural landmark that would perform well on TikTok with minimal changes. The tweet text acts as a simple caption, a common format for viral nature videos on both platforms.",viral_video|nature|misinformation|meteor_crater|arizona|travel
https://x.com/i/status/2027177852588757073,yes,The Minecraft mod used in this video (WebDisplays) was created by ds58 and not the person shown in the video.    https://www.curseforge.com/minecraft/mc-mods/webdisplays,Built a mod to vibecode in Minecraft with Orchids https://t.co/MTNxPB3tNR,5,"The video is a highly engaging, fast-paced screen recording with a face-cam overlay and direct address to the audience, making it native to short-form video platforms.",gaming|minecraft|coding|software_development|artificial_intelligence|social_media_controversy
https://x.com/i/status/2030335418701377699,yes,"This incident did not involve a &quot;lunatic liberal woman&quot; thinking her Uber driver was an ICE agent and then attacking him.  This occured in 2021 where a very drunk passenger attacked her Uber driver. Nothing political, and the woman's political ideology is unknown.     https://www.wfla.com/news/pinellas-county/exclusive-new-video-details-emerge-from-attack-on-uber-driver-in-pinellas-county/  https://www.newsweek.com/nurse-sank-her-teeth-uber-driver-violent-rampage-caught-video-1586135",How would you have reacted to this aggression!? 😲 https://t.co/iVfRQSekyX,5,"The video features a vertical aspect ratio, an Instagram watermark, and a large, high-contrast text overlay designed for viral social media engagement.",viral_video|tiktok_repost|misinformation|social_media_controversy|florida|uber_driver|assault
https://x.com/i/status/2015091897799483725,yes,"For context, this video does not depict a real event. Similar polar bear rescue videos are AI-generated. Great white sharks do not inhabit Arctic waters, making the scenario impossible.  https://www.snopes.com/fact-check/ai-tiktok-polar-bear-cub-rescue  https://www.ifaw.org/animals/great-white-sharks  https://oceanconservancy.org/blog/2018/08/08/are-there-sharks-in-the-arctic",This explorer saved a polar bear cub from a shark https://t.co/VbwmoEfH6U,5,"The video features vertical framing, fast-paced editing, and burned-in narrative captions typical of TikTok storytelling. It is a self-contained viral-style video that requires no external context from the tweet.",ai_generated|misinformation|animal_rescue|nature|viral_video|fake_news|artificial_intelligence|visual_effects
https://x.com/i/status/2002231698088722556,yes,This video is AI-generated.    https://en.wikipedia.org/wiki/Generative_artificial_intelligence,This explorer saved a polar bear cub from a shark https://t.co/WTmsUYO4fO,5,"The video features vertical framing, quick cuts, and burned-in captions that tell a narrative, making it perfectly suited for TikTok's native format.",ai_generated|artificial_intelligence|animal_rescue|nature|viral_video|misinformation
https://x.com/i/status/2022582860121612570,yes,"This video is AI-generated and does not depict a real event. It is a fictional story of a fox rescue created for entertainment. Visual inconsistencies, such as the fox appearing dry after being under ice, indicate it's not real. No news reports confirm such an event.    https://www.instagram.com/reel/DSZfAzrkm07  https://www.facebook.com/fabiosa.daily/posts/1321481710015664  https://www.facebook.com/hilarious.ted1/videos/2118901295622490",Man Saves Mother Fox Trapped Beneath Frozen Lake. https://t.co/dZN9uOljSo,5,"The video features vertical orientation, burned-in captions, emotional background music, and a dramatic narrative structure typical of viral TikTok animal rescue content.",ai_generated|animal_rescue|misinformation|viral_video|nature|artificial_intelligence|fake_news
https://x.com/i/status/2023427397236727848,yes,This is a gurkha pant originating from Nepal and India    https://www.studiosuits.com/blogs/articles/what-are-gurkha-trousers-get-the-facts,"No belt required for this Italian style trouser

 https://t.co/b4rBHacTrb",5,"The video is a short, visually engaging demonstration of a fashion item set to music, which is a core TikTok format that requires no additional text to be understood.",lifestyle|fashion|menswear|gurkha_pants|tailoring|oddly_satisfying
https://x.com/i/status/2027909650658574750,yes,"This is a video of the Fairmont Hotel, not US intelligence services.     https://nypost.com/video/luxury-fairmont-hotel-in-dubai-engulfed-in-flames-after-being-hit-by-retaliatory-iranian-missile-strike/","Headquarters of the US Intelligence Service, Dubai https://t.co/uhK7gHRpas",4,"The video is the primary content, featuring raw, visually engaging footage of a fire that would perform well on TikTok with minimal editing. The tweet text acts as the descriptive context that would typically be an on-screen caption or voiceover on TikTok.",viral_video|misinformation|middle_east_relations|iran|geopolitics|fake_news|breaking_news|missile_strike|dubai|fire
https://x.com/i/status/2015567992818368548,yes,"For context, this video shows an earlier anti-ICE protest in Dallas, not one from January 25, 2026. The city had a winter storm with snow, sleet, and ice that day, contrasting the dry conditions in the video. No reports of protests on Jan 25.    https://www.fox4news.com/news/dallas-weather-forecast-january-25  https://www.keranews.org/news/2026-01-26/massive-winter-storm-dumps-sleet-freezing-rain-and-snow-around-much-of-us  https://www.dallasnews.com/news/weather/2026/01/25/live-updates-north-texas-wakes-sunday-morning-to-snow-icy-roads-power-outages  https://www.youtube.com/watch?v=V7yO4KIoeaI",Protesting Breaks Out in Dallas Texas against ICE. https://t.co/CEeeFnj3s8,4,The video is the primary content and features high visual engagement with a protest scene. It would easily translate to TikTok with the tweet text converted to on-screen captions.,protest|activism|dallas|texas|misinformation|us_politics|ice
https://x.com/i/status/2014874009801003470,yes,"Kerrygold butter is made from milk of cows whose diet is 95% grass or grass forage on average, with up to 5% supplemental feed that may include corn and soy. This meets Irelandâs Grass Fed Dairy Standard.    https://www.bordbia.ie/globalassets/bordbia2020/farmers--growers/grass-fed-standard/grass-fed-dairy-rev01-final.pdf    https://www.kerrygoldusa.com/faqs/",Kerrygold butter found to use corn &amp; wort feed https://t.co/J74GWFu72Q,5,"The video is a native TikTok-style production featuring a vertical format, quick cuts, green-screen overlays, and burned-in captions, making it primary to the content.",tiktok_repost|health_and_wellness|nutrition|misinformation|consumer_advice|lifestyle|kerrygold|food_industry
https://x.com/i/status/2015811569007894903,yes,"These bins are communal bins for local businesses and residents in Sheffield's Fargate area. They are accessed using a free key card provided to authorized users to prevent fly-tipping, not by payment. Public litter bins are available nearby.    https://www.thestar.co.uk/news/politics/fargate-sheffield-city-council-gives-launch-date-for-super-bins-seven-months-after-ps14m-revamp-5386053  https://www.youtube.com/watch?v=H0s2kM5JKWQ  https://www.facebook.com/onlinesheffield/posts/brand-new-fargate-bins-and-this-is-how-theyre-being-used-%EF%B8%8Fthese-are-the-new-unde/1397424488504433",What is this!? Another UK Council taking the p*ss! https://t.co/u0J0kNY46x,5,"The video is a direct TikTok repost featuring vertical orientation, burned-in text overlays, and a first-person 'walk-and-talk' narrative style that is native to the platform.",tiktok_repost|misinformation|uk_politics|social_media_controversy|sheffield|viral_video
https://x.com/i/status/2013427015228236244,yes,This is a video game called War Thunder. https://warthunder.com/ ,The US Air Force is nothing to mess around with. 🇺🇸 https://t.co/xbOYuGrbrd,5,"The video is a direct TikTok repost featuring vertical orientation, a TikTok watermark, and fast-paced, visually engaging action with minimal supplementary text.",tiktok_repost|gaming|war_thunder|military_technology|misinformation|video_edit|viral_video
https://x.com/i/status/2024365602266075253,yes,"AI generated video. At the 0:23 mark of the video, you will see a water truck pass through the back from nowhere. Also playing the video in 0.25x shows you how sloppy the AI did to those workers    https://x.com/i/status/2024365602266075253",oh they- oh they might've just did something here 👀 https://t.co/QUdNFLM8Vx,5,"The video is the primary content, featuring a visually engaging, fast-paced time-lapse that is typical of TikTok's 'oddly satisfying' or DIY niche. The tweet text acts as a brief reaction that would easily translate to a TikTok caption.",ai_generated|artificial_intelligence|oddly_satisfying|home_improvement|viral_video|misinformation|visual_effects
https://x.com/i/status/2023387332523491839,yes,"These IQs for historical figures are speculative estimates based on biographical data, not actual standardized tests which were invented in 1905. https://en.wikipedia.org/wiki/Intelligence_quotient https://en.wikipedia.org/wiki/Historiometry","The smartest people in history and have high IQ's

 https://t.co/aCvdgiV7jR",5,"This is a pure TikTok-native data visualization video featuring vertical orientation, upbeat background music, and rapid visual progression that functions as the primary content.",data_visualization|history|pop_culture|viral_video|educational_content|elon_musk|albert_einstein|isaac_newton
https://x.com/i/status/2027673734954528987,yes,Khamenei was killed after President Donald Trump ordered strikes on Iran.     https://apnews.com/live/live-updates-israel-iran-february-28-2026#0000019c-a708-dfc5-adbd-a78f96480000,"All of them could not defeat this Man🤫
#iran #Tehran https://t.co/JcUtnYym5R",5,"The video is a highly stylized edit featuring fast cuts, music, and burned-in text overlays, making it native to TikTok-style consumption.",iran|video_edit|geopolitics|donald_trump|barack_obama|bill_clinton|us_politics|middle_east_relations|misinformation
https://x.com/i/status/2013856817512882622,yes,"The video is AI-generated, simulating GoPro footage from a mountain goat's perspective rather than real animal-mounted camera recording. The creator has clarified its simulated nature, though it draws from actual ibex climbing behaviors.  https://www.instagram.com/reel/DSttuw4iEmb  https://www.instagram.com/reel/DSKMwT7guHK",Mountain Goat with a camera strapped to it. Not AI… https://t.co/8GRqB1fGE1,5,"The video is a highly engaging, visually stimulating first-person perspective clip with a music overlay that is designed for viral social media consumption.",ai_generated|artificial_intelligence|misinformation|nature|viral_video|visual_effects
https://x.com/i/status/2025511830529925494,yes,AI 🤖 Generated video for engagement bait.  The original animal is probably white dog 🐶   The animal changes towards end of video with 🐱 cat  Grok verification 🔗   https://x.com/grok/status/2025619145996321278?s=46,She rejected him because he was different...and then https://t.co/7O7W9qDCb5,5,"The video features vertical orientation, emotional background music, burned-in captions, and a narrative structure designed specifically for high social media engagement.",ai_generated|misinformation|animal_rescue|viral_video|artificial_intelligence|nature
https://x.com/i/status/2013006255074300194,yes,"The behavior shown is a medical condition called pica, not psychosis. Pica involves cravings for non-food items and is frequently linked to iron-deficiency anemia during pregnancy. While dangerous if toxins are ingested, it is a recognized physiological response.    https://www.healthline.com/health/pregnancy/pica-in-pregnancy",some people are truly psychotic like this is crazy😭- https://t.co/lsb0tEbEmz,5,"The video is a direct TikTok repost featuring vertical orientation, burned-in 'POV' text, quick cuts, and a specific social media trend format.",tiktok_repost|pica|pregnancy|social_media_controversy|viral_video|lifestyle
https://x.com/i/status/2018414503268962635,yes,"This video is AI-generated using InVideo AI, as shown by the watermark and visual artifacts like grids. It depicts fictional extreme slides, not real events.    https://invideo.io/ai  https://factly.in/an-ai-generated-video-of-an-amusement-park-ride-collapse-is-being-shared-as-a-real-incident  https://factcheck.thecable.ng/seven-ways-to-detect-an-ai-generated-video",Flying this high with no safety line is pure madness https://t.co/HyKmvC5GOm,5,"The video is a visually engaging, vertical-format clip designed for viral consumption, featuring quick cuts and extreme stunts that would fit perfectly on TikTok as-is.",ai_generated|viral_video|misinformation|artificial_intelligence|visual_effects|fake_news|oddly_satisfying
https://x.com/i/status/2015551170605875567,yes,"Many are made using AI.    0:02 - aircraft won't make that angle  0:04, 0:32 - a missile won't act like that; it is heavy and won't move like that.  0.20 - No damage to the tire of F35 despite the impact    All have no sources backing them up.    https://en.wikipedia.org/wiki/AI_slop","Is this the most powerful
U.S Military in the world? https://t.co/kwiFlEv8N6",5,"The video features quick cuts, burned-in captions, and high-energy music, making it a piece of pure social media native content that would fit perfectly on TikTok.",ai_generated|military_technology|visual_effects|misinformation|tiktok_repost|viral_video|fake_news|us_military
https://x.com/i/status/2028745933966680198,yes,"The earthquake was sourced at 10k deep.     https://www.bbc.com/news/world-asia-37582518    https://www.guinnessworldrecords.com/world-records/deepest-nuclear-explosion-underground#:~:text=A%202.5%20kiloton%20nuclear%20device,attempt%20to%20stimulate%20oil%20production.",Iran just did a nuclear test https://t.co/f2qUA6BULr https://t.co/pFbsJ2gCaT,4,"The video is a fast-paced cinematic edit with dramatic music and visual effects, though it relies on the tweet text to provide a false context that would typically be on-screen text on TikTok.",misinformation|iran|video_edit|geopolitics|fake_news|oppenheimer|pop_culture|nuclear_weapons
https://x.com/i/status/2026110416808444336,yes,"This video is generated by AI and depicts fictional events, not real footage from a shelter.    https://www.facebook.com/jaxanimalcare/posts/when-team-acps-saw-those-adorable-viral-videos-of-ai-shelter-dogs-choosing-their/1287158763444615    https://www.reddit.com/r/isthisAI/comments/1pqukmk/my_mom_showed_me_this_cute_dog_video_on_youtube    https://srilanka.factcrescendo.com/english/viral-video-of-dog-shelter-where-dogs-choose-their-humans-is-ai-generated-not-real-footage","At this shelter, the dogs choose their forever home. https://t.co/SDNdcvQKeG",5,"The video is a vertical-format compilation with burned-in captions and emotional music, designed specifically for high visual and emotional engagement typical of TikTok.",ai_generated|misinformation|animal_rescue|viral_video|artificial_intelligence|fake_news
https://x.com/i/status/2031884438553182633,yes,"Per Turning Point's own ranking, Rep. Massie, is one of the most conservative legislators, with a TPAction score of 91% this session; NOT a RINO(Republican in name Only)  https://www.tpaction.com/scorecard/legislators/thomasmassie  Charlie Kirk, founder of Turning Point, often supported Rep. Massie, calling him &quot;my favorite congressman&quot;  https://x.com/i/status/810227376466620417","MAGA rallies are BACK

Trump haters are on notice 🇺🇸 https://t.co/o4heFbR5R0",5,"The video features vertical formatting, rapid cuts, burned-in captions, and high-energy music, making it indistinguishable from native TikTok content.",tiktok_repost|us_politics|donald_trump|political_campaign|misinformation|video_edit|jake_paul|thomas_massie
https://x.com/i/status/2024128634470953215,yes,This was a Polymarket marketing campaign for a week. Not a NYC ran store. https://www.fox5ny.com/news/polymarket-free-grocery-store-opens-nyc-heres-how-work.amp,Free grocery store in New York closes after one week https://t.co/XTKDUQJiEN,5,"This is a direct TikTok repost featuring vertical video, burned-in text overlays, and a 'POV' style narrative that is native to the platform.",tiktok_repost|new_york_city|misinformation|social_media_controversy|polymarket|marketing_campaign
https://x.com/i/status/2019927016875913602,yes,"This happened in 2023, and these are cops not ICE agents.  https://www.youtube.com/watch?v=MVjk5-46lq4  https://abc7chicago.com/post/chicago-crash-illinois-state-police-fuller-park-isp/12766193/?userab=abcn_du_cat_topic_feature_holdout-474*variant_b_redesign-1939%2Cabcn_popular_reads_exp-497*variant_a_control-2076%2Cabcn_ad_cadence-481*control-a-1962%2Cabcn_news_for_you_exp-496*variant_a_control-2074",Democrats are Trying to Murder ICE Agents in Chicago… https://t.co/5xcvcKC90Z,5,"The video is a direct TikTok repost featuring the platform's native UI elements, vertical aspect ratio, and high-action visual content that serves as the primary focus.",tiktok_repost|misinformation|viral_video|chicago|police_chase|us_politics|law_enforcement
https://x.com/i/status/2019964937465184263,yes,"This video depicts a Jan. 31, 2023 incident in Chicago where a driver in a stolen vehicle fled an Illinois State Police traffic stop, injuring two troopers. It does not involve ICE agents or any political group attempting murder.    https://abc7chicago.com/post/chicago-crash-illinois-state-police-fuller-park-isp/12766193    https://www.nbcchicago.com/news/local/video-shows-stolen-vehicle-fleeing-traffic-stop-sending-isp-trooper-into-the-air/3060071","Democrats are Trying to M*rder ICE Agents in Chicago…
https://t.co/56DHBz2flH",5,"The video is a direct TikTok repost featuring the platform's watermark, vertical aspect ratio, and high-intensity, visually engaging content that functions as the primary focus.",tiktok_repost|misinformation|breaking_news|chicago|police_chase|viral_video|political_commentary|us_politics
https://x.com/i/status/2014601610278719937,yes,This is AI.    https://hivemoderation.com/dashboard  https://github.com/ai-detected/ai-detectors,Kindness is the key to forming beautiful friendships. https://t.co/HTckx3QJxF,5,"The video features a vertical format, burned-in captions, emotional background music, and a narrative structure designed for high social media engagement.",ai_generated|animal_rescue|nature|viral_video|misinformation|artificial_intelligence
https://x.com/i/status/2012206559372148999,yes,"The video shared here is actually from a 2019 police incident at a Haitian Flag Day event in Chicago, not a recent ICE confrontation. It has been confirmed as unrelated to immigration enforcement. https://www.caribbeanlife.com/haitian-officials-debunk-viral-video-of-alleged-ice-confrontation https://www.instagram.com/reel/DLsgpgyJi1e",It was at this moment ICE knew this isn’t 2020 anymore https://t.co/tsdJC9QClc,5,"The video is a vertical, high-energy clip with an Instagram watermark, featuring a punchy, reactionary caption that serves as the primary hook.",viral_video|misinformation|tiktok_repost|police_confrontation|chicago|social_media_controversy|fake_news
https://x.com/i/status/2030697677348807042,yes,"only some people, playing Live Action Roleplay    The guy in background says &quot;Magic Missle&quot; while throwing.    https://de.wikipedia.org/wiki/Live_Action_Role_Playing",“Inside Democrat Terrorist Training… ‘The Resistance’… https://t.co/qmJ5CKU9mT,5,"The video is a direct TikTok repost featuring the platform's watermark, vertical orientation, and burned-in text overlays that drive the narrative.",tiktok_repost|misinformation|us_politics|larp|gaming|satire|viral_video
https://x.com/i/status/2028209900266873033,yes,This technique will make the soda go flat quicker as the expansion of the bottle as it pressurizes will allow more CO2 to escape the beverage and fill the void than the alternative.     https://www.mentalfloss.com/article/91127/do-carbonated-drinks-go-flat-quicker-their-sides,This is a great tip to stop your soda from going flat. https://t.co/crlkAHFCgC,5,"This is a direct TikTok repost featuring vertical video, burned-in captions, and a 'life hack' format that is native to the platform.",tiktok_repost|misinformation|lifestyle|life_hack|soda|viral_video
https://x.com/i/status/2020791355480449485,yes,"This video is AI-generated and depicts a fictional story, not real events. Signs include the puppy's breed not matching the mother's and unnatural birth scenes. AI tools create such emotional animal videos for engagement, as seen in similar examples.    https://www.tiktok.com/@wuliping96/video/7599001023419534605  https://www.dogdeskanimalaction.co.uk/p/the-rise-of-fake-ai-rescue-videos  https://www.youtube.com/watch?v=MMCJbvr-ueE","She picked up a little dog by the roadside, and then... https://t.co/XmV9B2ZU49",5,"The video is a vertical, emotionally manipulative narrative with burned-in captions and a sentimental soundtrack, which is a hallmark of TikTok-native content.",ai_generated|animal_rescue|misinformation|viral_video|tiktok_repost|artificial_intelligence
https://x.com/i/status/2032961060072722865,yes,"Fake story created for engagement, she does not have HIV  https://www.instagram.com/maleardila?igsh=cW81ZW5sNnlzM2Z6  corticosteroid withdrawal syndromes after treating eczema",Sad Story: How she got infected with HIV by her Lover 💔 https://t.co/9M1Kn09dnW,5,"The video is a pure TikTok-native production featuring vertical orientation, rapid cuts, burned-in captions, and a dramatic personal narrative designed for high engagement.",tiktok_repost|misinformation|fake_news|social_media_controversy|viral_video|health_misinformation|storytelling
https://x.com/i/status/2023454496949477473,yes,This is an AI video.  https://x.com/i/status/2023454496949477473,$2M Underwater Container Shelter With a Full River View https://t.co/KffO2VXFRJ,5,"The video is purely visual, featuring fast-paced cuts, satisfying construction elements, and a high-concept 'wow' factor that is native to TikTok's viral content style.",ai_generated|artificial_intelligence|visual_effects|oddly_satisfying|lifestyle|home_improvement|viral_video
https://x.com/i/status/2013506477084770567,yes,"This video is AI-generated and depicts a fictional scenario, not a real event.    https://www.instagram.com/reel/DTNIoPoAcXG/  https://www.youtube.com/watch?v=upTAIIHDnrM",This cat fell into the black panther enclosure..and then https://t.co/9rKPt4fFGr,5,"The video is a vertical, highly engaging narrative with burned-in captions, music, and dramatic editing that is native to TikTok's storytelling style.",ai_generated|misinformation|viral_video|nature|animal_rescue|artificial_intelligence|fake_news
https://x.com/i/status/2023963747497255089,yes,"The restriction on temple priests touching devotees is primarily rooted in the concept of ritual purity (madi) and the maintenance of a sacred atmosphere within the inner sanctum of the temple and to ensure that the deity is served without impurity.   https://www.scribd.com/document/476107417/Secrets-of-a-Hindu-Temple-converted-pdf#:~:text=The%20document%20discusses%20Hindu%20temples,when%20many%20temples%20were%20constructed.",This is what modern-day caste discrimination looks like🥱 https://t.co/c1SzMtePag,4,The video is the primary content and is visually engaging with a clear narrative arc. The tweet text serves as a provocative caption that would typically be on-screen text or a voiceover on TikTok.,india|social_media_controversy|religious_practices|caste_discrimination|cultural_commentary|viral_video
https://x.com/i/status/2015977637609676957,yes,"AI-generated    As stated in the original post by @TheWildspb on January 26, 2026, the video was generated using AI and does not depict a real event.    https://www.youtube.com/watch?v=5Oa221YE8gY  [https://archive.is/YChQ3]","God bless you, sir, for stopping to help this poor koala https://t.co/ct7qy9ZMt3",5,"The video is the primary content, featuring a highly engaging and visually dramatic sequence that is designed for viral social media sharing. Its short, impactful nature and minimal text make it perfectly suited for TikTok's format.",ai_generated|misinformation|animal_rescue|nature|australia|viral_video|artificial_intelligence
https://x.com/i/status/2022898394906173535,yes,The first clip is fake. All strongmen injuries are well documented however no similar injuries were found and the injury itself is not resembling any possible arm injury. However all other clips are real.    https://www.bbc.com/future/article/20251031-the-number-one-sign-you-might-be-watching-ai-video    ,A moment that pushes beyond the limits of the human body. https://t.co/76A6xLIZnJ,5,"The video features a fast-paced compilation of shocking clips with a music overlay, heart/muscle emojis, and visual effects typical of TikTok-native content.",viral_video|misinformation|ai_generated|visual_effects|sports|strongman|weightlifting
https://x.com/i/status/2024913213649821803,yes,"This video is a staged comedy skit by creators Jamie and Blake, not a real event. Closed window shades indicate it's not an active flight, as airlines require them open during takeoff/landing for safety.    https://www.facebook.com/Jamieandblake/videos/rude-woman-stops-man-from-sitting-in-first-class-seat-he-paid-for-/2037476146985182    https://cabinsafetyinfo.com/window-shades",Karen won't let man sit in first class seat he paid for! https://t.co/lAojcwLJKu,5,"The video is a staged, high-conflict skit designed for viral engagement, featuring vertical framing and dramatic performances typical of TikTok-native content.",viral_video|staged_content|karen|social_media_controversy|satire|misinformation
https://x.com/i/status/2019878075056730194,yes,The video is a fake edited montage falsely depicting Justin Bieber speaking about Epstein; he has made no such statements on his account. https://x.com/justinbieber https://www.theguardian.com/technology/2025/jun/29/fake-diddy-ai-videos-youtube,Justin Bieber speaks out. Listen closely to what he says. https://t.co/CdwNqkKpWD,5,"The video is a TikTok-native repost featuring vertical orientation, rapid cuts, burned-in captions, and a TikTok watermark. The tweet text is minimal and reactionary, serving only to point to the video content.",tiktok_repost|misinformation|ai_generated|pop_culture|justin_bieber|jeffrey_epstein|conspiracy_theory|fake_news|video_edit
https://x.com/i/status/2032152547222315406,yes,"This video was posted in January and stated to be depicting a fire in Queens, NY: https://www.facebook.com/share/r/1E2V6U3K2k/?mibextid=wwXIfr","The intelligence building in Tel Aviv, Israel, is on fire. https://t.co/QOAXNKk9Fy",5,"The video is purely visual, high-impact content that functions as the primary message and would be shared on TikTok as-is. The tweet text acts as a simple caption for a viral-style clip.",viral_video|misinformation|fake_news|israel|new_york_city|breaking_news|middle_east_relations
https://x.com/i/status/2028209704548069501,yes,The video shows simulated footage from a video game depicting a battleship; the US Navy has no battleships in service and no Iranian plane attack on a US ship has occurred. https://en.wikipedia.org/wiki/List_of_current_ships_of_the_United_States_Navy https://www.reuters.com/fact-check/video-game-clip-does-not-show-real-recording-yemeni-attack-us-ship-2024-11-27/,"An Iranian plane VS a US ship.

I can watch this all day 😂 https://t.co/qjLH2rA8V1",5,"The video is the primary content, featuring high-action visual effects and a reactionary caption that would fit perfectly on TikTok as a short-form entertainment clip.",misinformation|gaming|visual_effects|military_action|iran|fake_news|digital_combat_simulator|war_thunder
https://x.com/i/status/2031278887456657607,yes,"No, this is asteroid Eros compared to NYC    Source, MetaBallStudios:    https://www.youtube.com/shorts/2w52n8IOQ28  ",The real size of the asteroid that wiped out the dinosaurs! https://t.co/6iWLFJeGcf,5,"The video is purely visual, high-engagement CGI content that is designed for viral sharing and functions independently of the tweet text.",viral_video|misinformation|visual_effects|new_york_city|cgi|educational_content|science
https://x.com/i/status/2028339726625739064,yes,"Though autism can cause behaviours that may appear/be misunderstood as childlike, this is infantilisation. This is an ad for a sex work page, not autism.   If you look on her tiktok, it promotes her IG which promotes her OF.   https://www.tiktok.com/@xolunabunni?_r=1&amp;_t=ZN-94Ohbw87xp8  https://www.instagram.com/xolunabunni?igsh=MW9uOHl0bHRoaWFiMw==  https://onlyfans.com/xolunabunni       To find out more about autism:  https://www.autism.org.uk/  https://embrace-autism.com/  https://autisticadvocacy.org/about-asan/about-autism/","Want a happy relationship?

Get you an autistic girlfriend. https://t.co/UBgHVHUq5U",5,"The video is a direct TikTok repost featuring vertical orientation, a 'POV' text overlay, quick cuts, and a creator watermark, making it native to that platform.",tiktok_repost|viral_video|lifestyle|social_media_controversy|autism_awareness|infantilization
https://x.com/i/status/2018413531578663116,yes,"This video appears to be AI-generated with fabricated scenes, such as unrealistic tornado-like foaming, to promote a drain cleaner. Caustic soda can clear some clogs via chemical reactions but is hazardous and doesn't produce such dramatic effects.    https://www.youtube.com/watch?v=PBw56SsivIM  https://en.wikipedia.org/wiki/Sodium_hydroxide  https://thorntonandgrooms.com/blog/is-caustic-drain-cleaner-bad-for-pipes","This demo is crazy… caustic soda clears clogs hands-free 🤯
https://t.co/fxpCrbzk5a",5,"The video features vertical orientation, rapid cuts, burned-in captions, and a voiceover typical of TikTok marketing content. It is designed to be visually engaging and self-contained.",ai_generated|misinformation|visual_effects|home_improvement|life_hack|oddly_satisfying|viral_video
https://x.com/i/status/2028565226103156749,yes,"The video shows giant explosions that happened in Tianjin, China, in 2015. This footage has often been falsely attributed to different locations and dates since it was first filmed and posted online.    https://leadstories.com/hoax-alert/2023/06/fact-check-video-does-not-show-explosions-in-china-in-2023-its-from-2015.html",Iran just launched one of its biggest missiles in this war 😳 https://t.co/de4YNX2vFD,5,"The video is the primary content, featuring high-impact visual spectacle and a raw, first-person reaction that is native to short-form viral video platforms.",viral_video|misinformation|fake_news|iran|middle_east_relations|geopolitics|military_action|tianjin_explosion|breaking_news
https://x.com/i/status/2022895346301722958,yes,"This video is AI-generated fiction, not a real whale rescue. Barnacles are normal and not harmful to humpback whales. Real rescues avoid airlifting as it would endanger the animal.    https://www.snopes.com/fact-check/video-whale-fisherman-rescue    https://www.linkedin.com/posts/marine-education-and-research-society_mythbusting-marinemammalscience-barnacle-activity-7294986887826440193-otZD",He Could Barely Move… Then Humans Gave Him His Life Back 🐋💔 https://t.co/vJjpvhzxRA,5,"The video is a pure TikTok-native production featuring vertical orientation, rapid cuts, emotional background music, and burned-in captions that narrate the entire story.",ai_generated|misinformation|animal_rescue|nature|fake_news|visual_effects|artificial_intelligence
https://x.com/i/status/2019033253177393340,yes,"FALSE CLAIM    No authentic reports suggest that &quot;Indian Beiber&quot; Suraj Chavan was voted the most handsome man in India.  No single, official &quot;Handsome Men&quot; list exists. No official voting occurs.    https://x.com/i/status/2019164344039125133    Unofficial list of handsome Indian men by IMDb:  https://www.imdb.com/list/ls592493402/",'Indian Bieber' has been voted the most handsome man in India https://t.co/PSqeZAXEIj,5,"The video is a fast-paced montage with background music and visually engaging content that functions as a standalone piece of entertainment, perfectly suited for TikTok's format.",viral_video|misinformation|pop_culture|india|lookalike|celebrity_news|meme|suraj_chavan
https://x.com/i/status/2026128775482572970,yes,"The clip shows people confronting men by cattle trucks, not proof of &quot;Gen Z chasing white wildlife hunters.&quot; Near-identical footage matches a 2001 vigilante incident over cattle theft and has circulated before. See video: https://www.youtube.com/watch?v=1vtQzDeNhJ8",South African Gen Z chasing Whites who hunt and kill Wildlife https://t.co/0StAf5tPth,4,"The video is a high-action, visually engaging confrontation that functions as the primary content, with the tweet text acting as a caption that would typically be on-screen text on TikTok.",viral_video|misinformation|social_media_controversy|political_confrontation|south_africa|vigilante_justice
https://x.com/i/status/2019669039262609671,yes,"This video is AI-generated, not real footage. Key indicators: unnatural movements, physics glitches (e.g., flying mitten/poo), inconsistent snow/ice physics, and animation errors.    https://x.com/gryn_a/status/2019914760222044662  https://x.com/BlueShackComics/status/2019838611706007998  https://x.com/TweetThere4Am/status/2019891695912136824","A child, a polite animal and playing in the snow ☺️I love it 🥰 https://t.co/peIn9TAlBx",5,"The video is the primary content, featuring a visually engaging and 'cute' scene that is highly shareable on TikTok with minimal text needed. The short, loopable nature of the clip is native to TikTok's format.",ai_generated|artificial_intelligence|viral_video|misinformation|nature|visual_effects
https://x.com/i/status/2027769612855873846,yes,No it did not  https://www.independent.co.uk/bulletin/news/dubai-hotel-fire-fairmont-the-palm-iran-strike-attack-b2929499.html,Burj Khalifa has been struck in Dubai! https://t.co/QKKZAyPoUx https://t.co/ehs0O6LvLq,5,"The video is the primary content, featuring a visually engaging and dramatic event captured in a vertical format that would go viral on TikTok as-is.",viral_video|misinformation|fake_news|visual_effects|middle_east_relations|dubai|burj_khalifa|video_edit
https://x.com/i/status/2016034747995013595,yes,Andrea Bocelli did not cancel New York performances or say he refuses to sing for communists; the video presents a fabricated claim. https://leadstories.com/hoax-alert/2025/11/fact-check-andrea-bocelli-other-artists-did-not-cancel-tour-dates-in-new-york-city-after-mamdani-election-saying-he-wont-sing-for-communists.html https://news.meaww.com/fact-check-did-andrea-bocelli-and-other-artists-cancel-nyc-tour-dates-after-zohran-mamdanis-win,"Andrea Bocelli Refuses to ""sing for communists""
🤣🤣LOVE THIS❤️❤️ https://t.co/vQoJ2LyUzB",5,"The video uses a vertical format with high-contrast 'Breaking News' banners, burned-in captions, and emoji reactions, which are hallmarks of TikTok-native viral content.",misinformation|fake_news|new_york_city|andrea_bocelli|zohran_mamdani|celebrity_news|us_politics|viral_video|social_media_controversy
https://x.com/i/status/2013852719833063900,yes,"Everything in the video is FALSE  Slavery was abolished in 1813  Racial segregation never existed under argentinian law  Wars were fought by creoles, mestizos, and blacks alike. The hero of the revolution Sargeant Cabral, was black  Yellow fever affected blacks and whites equally  https://en.wikipedia.org/wiki/Assembly_of_the_Year_XIII  https://en.wikipedia.org/wiki/Juan_Bautista_Cabral","Why does Argentina have no black people? 🇦🇷

© farzanfilms (IG) https://t.co/VD0ooSzvkc",5,"The video is a vertical, highly edited short-form documentary style with burned-in captions, quick cuts, and AI-generated imagery designed for high engagement on platforms like TikTok or Instagram Reels.",ai_generated|misinformation|argentina|history|social_media_controversy|educational_content|viral_video
https://x.com/i/status/2025140310775366103,yes,"This video is an AI-generated dramatization created for entertainment, not a real event. The original description states it's scripted fiction using Sora 2 AI.    https://www.youtube.com/shorts/PDzxX0ncAec    Such fake rescue videos are a concerning trend that can deceive viewers.    https://news.wildlifesos.org/the-concerning-trend-of-deepfake-ai-wildlife-video","Thank you for helping this little one, Good work sir !!!! 👏👏👏👏👏 https://t.co/2eYpn703pX",5,"The video features vertical framing, burned-in captions, emotional background music, and a fast-paced narrative structure typical of TikTok-native content.",ai_generated|animal_rescue|misinformation|artificial_intelligence|viral_video|fake_news
https://x.com/i/status/2031696637815566412,yes,"The woman was stunt performer Yvette Ferguson performing a planned fire stunt for Final Destination: Bloodlines, not an accident. https://people.com/final-destination-bloodlines-breaks-record-oldest-person-set-on-fire-onscreen-11728390 https://ew.com/final-destinations-bloodlines-directors-broke-world-record-oldest-person-set-fire-exclusive-11726408",A woman was accidentally set on fire during an action scene! 😱🎬 https://t.co/oIHPMkuuxA,4,"The video is high-impact, short-form visual content that functions as the primary draw, with the tweet text acting as the hook/caption that would normally be on-screen text on TikTok.",viral_video|misinformation|pop_culture|stunt_performer|behind_the_scenes|final_destination|movie_production|celebrity_news
https://x.com/i/status/2012338309331116145,yes,"The device tested is a parafoil stunt kite for kitesurfing training and outdoor fun, not a skydiving parachute. https://www.amazon.com/Besra-Parachute-Parafoil-Kitesurfing-Training/dp/B0848R8WFF","Sky divers are now testing the cheapest parachutes from Amazon.
https://t.co/znVtyGjnCc",5,"The video is a vertical-format TikTok native with burned-in captions, quick cuts, and emojis, making it a direct repost of TikTok content.",tiktok_repost|viral_video|misinformation|skydiving|extreme_sports|amazon_finds
https://x.com/i/status/2023453842805862910,yes,"This is an AI generated video, which is misleading. For example, at the 0:12 mark, the rabbit has three ears instead of two.    https://www.npr.org/2025/12/17/nx-s1-5640108/spotting-ai-in-your-feeds  https://www.councilonaging.org/blog/artificial-intelligence-how-to-spot-ai-in-images-and-videos/",There is a balance among animals that goes beyond our awareness. https://t.co/9DkBqy7Wvr,5,"The video is purely visual, emotionally manipulative content designed for high engagement and virality, which is a hallmark of TikTok-native AI-generated animal clips.",ai_generated|misinformation|artificial_intelligence|nature|viral_video|visual_effects
https://x.com/i/status/2031385082481582248,yes,"AI generated, the puppy changes the size from one scene to another, the hands don't act normally and are too smooth, and puppys arent naturally bald at this level.    https://www.bbc.com/news/videos/c050eq4llpro",This woman thought this cat caught a mouse... but she was wrong. https://t.co/NVKBclTYVG,5,"The video features vertical orientation, quick cuts, burned-in captions, and a narrative structure designed for high engagement on short-form video platforms.",ai_generated|misinformation|viral_video|artificial_intelligence|animal_rescue|tiktok_repost
https://x.com/i/status/2014097143280304522,yes,"The Hindu Swastika is an ancient symbol of well-being and prosperity, with arms at 90 degrees, often right- or left-facing. The Nazi Hakenkreuz is rotated 45 degrees, typically black on red/white, symbolizing the regime.   Swastik on this car is a Hindu symbol for good luck.    https://cohna.org/hakenkreuz-not-swastika/",Look at the symbol on the hood… what does that look like to you? https://t.co/D2XKDSgEr0,5,"The video features a vertical aspect ratio, burned-in captions, and a quick-cut narrative style typical of TikTok-native content. The tweet text acts as a simple prompt for engagement rather than providing essential context.",viral_video|tiktok_repost|social_media_controversy|india|hinduism|cultural_misunderstanding|lifestyle
https://x.com/i/status/2029679066123493648,yes,This is ai as confirmed by grok    https://x.com/i/status/2029761967418683570,This dog brought a dirty toy from outside.….but it wasn't a toy. https://t.co/GXCPxJfFsX,5,"The video features vertical orientation, burned-in captions, emotional background music, and a narrative structure typical of TikTok-native content.",ai_generated|misinformation|tiktok_repost|viral_video|animal_rescue|artificial_intelligence|nature
https://x.com/i/status/2022597589368266839,yes,"The ace was hit by Maxime Cressy against Christopher Eubanks at the 2022 BNP Paribas Open, not by Reilly Opelka. https://www.tennis.com/baseline/articles/watch-maxime-cressy-fires-slowest-ace-in-tennis-history-against-eubanks https://www.skysports.com/tennis/video/12110/12564731/cressy-with-slowest-server-ever","Slowest ace is Tennis history by Opelka..

42km/h. Unplayable 🤯

 https://t.co/VAjFCBADYP",4,"The video is the primary content and focuses on a viral, visually surprising moment. While it lacks on-screen text, the tweet's short, punchy caption serves the same role as a TikTok hook.",sports|tennis|viral_video|misinformation|maxime_cressy|christopher_eubanks|atp_tour
https://x.com/i/status/2019524868967219380,yes,The video is AI-generated satire posted by an account whose bio states &quot;Mostly satire.&quot; RFK Jr. has not made these statements. https://x.com/MaverickDarby https://x.com/RobertKennedyJr/status/1732433183252132339,Wait… is RFK even supposed to comment on Epstein stuff? Unreal. https://t.co/TBT2IChPHl,4,"The video is a short, engaging clip of a public figure making controversial statements, which is a common TikTok format. The tweet text provides the context that would typically be an on-screen caption on TikTok.",ai_generated|satire|us_politics|misinformation|robert_f_kennedy_jr|political_commentary|fake_news|artificial_intelligence
https://x.com/i/status/2032170964734116038,yes,"This is from January. Later that same month, the State Department confirmed aid to Somalia was resuming.    https://x.com/GuntherEagleman/status/2012634846678442084?s=20    https://apnews.com/article/somalia-us-aid-suspension-world-food-program-f7134a4b8b7671dd8aac530f9f577c93","Marco Rubio announces end to US aid for Somalia.

Follow: @AFpost https://t.co/nyt75ZL3Zu",2,"This is a traditional press conference clip shared on social media with a descriptive tweet providing context. It lacks the vertical format, quick cuts, or in-video text typical of TikTok-native content.",us_politics|foreign_policy|marco_rubio|somalia|humanitarian_aid|geopolitics|political_address
https://x.com/i/status/2032437543652716865,yes,"This video is not from Katy Perry's &quot;Watch It Burn&quot; music video shoot, which occurred at St. Joseph Catholic Church with Perry in black attire. https://katyperry.fandom.com/wiki/Watch_It_Burn https://x.com/katydailybrasil/status/2027101146821579165",🚨 KATY PERRY BEHIND THE SCENES OF HER SONG “WATCH IT BURN” OMG 😭😭😭😭 https://t.co/GbgRzOkXPM,5,"The video is the primary content, featuring high-impact visual stunts and behind-the-scenes footage that would thrive on TikTok with its current minimal, reactionary text.",viral_video|misinformation|pop_culture|celebrity_news|behind_the_scenes|katy_perry|stunt_work|music_video_production
https://x.com/i/status/2013698018411720719,yes,This video is from Twitch streamer Krimoe's group filming a staged ISIS-style execution with a prop gun near Parliament. Police arrested 11 men for possessing an imitation firearm in public.    https://www.dexerto.com/twitch/twitch-streamer-banned-and-arrested-for-waving-toy-gun-outside-uk-parliament-3301273/  https://www.standard.co.uk/news/crime/twitch-streamer-krimoe-arrested-police-toy-gun-big-ben-parliament-westminster-b1265139.html,"Somalis are filming isis style execution videos in central London

 https://t.co/yHbES4lVfe",5,"The video is the primary content, featuring a high-energy, visually engaging stunt with quick cuts and a chaotic style that is native to TikTok and live-streaming culture.",viral_video|social_media_controversy|uk_politics|misinformation|staged_video|police_intervention|london|twitch_streamer
https://x.com/i/status/2019450956455285156,yes,"The video is AI-generated and does not show 50 Cent commenting on Billie Eilish's Grammys speech. No verified statements from him exist on this topic. The unnatural phrasing (e.g., &quot;14 dollars million&quot;) is a common AI audio error.    https://www.billboard.com/music/awards/finneas-rips-powerful-old-white-men-billie-eilish-speech-1236173661    https://variety.com/2026/music/news/billie-eilish-slams-ice-grammys-win-1236649159    https://www.latimes.com/entertainment-arts/awards/story/2026-02-01/grammys-2026-winners-list-complete",50 cent said that Billie Eilish’s speech at the Grammy’s was FAKE‼️ https://t.co/kjs0J3TQ58,5,"The video features vertical formatting, rapid cuts, burned-in captions with emojis, and AI-generated narration, making it indistinguishable from native TikTok content.",ai_generated|misinformation|pop_culture|celebrity_news|social_media_controversy|fake_news|50_cent|billie_eilish
https://x.com/i/status/2014420300868538525,yes,"The Lazarus sign is a reflex in brain-dead patients, typically arm flexion in clinical settings like during apnea tests or ventilator removal. It does not occur in morgues, and real movements are less dramatic than shown.  https://onlinelibrary.wiley.com/doi/10.1002/ca.24279  https://journal.chestnet.org/article/S0012-3692(25)02536-X/fulltext  https://en.wikipedia.org/wiki/Lazarus_sign",⚠️ Why Bodies Sometimes Move After Death The Lazarus Sign Explained https://t.co/VrsrYqhg9u,5,"The video features vertical framing, fast-paced editing, AI-generated imagery, and large burned-in captions, making it native TikTok-style content.",tiktok_repost|ai_generated|misinformation|educational_content|viral_video|science_facts
https://x.com/i/status/2013209115581939958,yes,This is AI. The Simpsons never made any predictions related to this. https://caniphish.com/blog/how-to-spot-ai-videos,Only 3 days left until the date The Simpsons supposedly predicted. https://t.co/1dFmyjb8II,5,"The video features vertical formatting, rapid cuts, AI-generated voiceover, and high-contrast burned-in captions, making it a native-style TikTok content piece.",ai_generated|misinformation|conspiracy_theory|donald_trump|the_simpsons|artificial_intelligence|pop_culture|fake_news
https://x.com/i/status/2026952411919647213,yes,It means 9am to 5pm https://en.wikipedia.org/wiki/Working_time,"realized ‘9-5’ means “9 hours a day, 5 days a week” not “9am to 5pm” https://t.co/l0kC4fZoJ9",5,"The video is a high-energy edit of movie clips used as a visual punchline for the tweet text, which functions exactly like a TikTok caption or on-screen text.",meme|video_edit|pop_culture|american_psycho|breaking_bad|work_life|humor
https://x.com/i/status/2028263152287371587,yes,"This is a Royal Australian Air Force (RAAF) Boeing C-17A Globemaster III flying over Brisbane, Australia, during the Sunsuper Riverfire event, which took place on 25 September 2021.    https://www.youtube.com/watch?v=6PIMCZpqsgY",Iran is about to find out why teachers make less than $100k per year https://t.co/hUf7SODIk2,5,"The video is purely visual, high-energy content with a dramatic musical overlay, designed to be shared as a standalone clip. The tweet text acts as a meme caption that would typically be displayed as on-screen text on TikTok.",viral_video|misinformation|meme|military_technology|australia|iran|geopolitics|boeing_c17|aviation
https://x.com/i/status/2032741053996904941,yes,"This is incorrect. Digital ID will *not* be voluntary in all cases. Labour are forcing people to sign up through the back door.     Example: as of 18th Nov 2025 all UK company directors are being forced to sign up for &quot;One Login&quot; or face prosecution and lose their business.    https://companieshouse.blog.gov.uk/2025/11/19/verifying-your-identity-for-companies-house-with-gov-uk-one-login/    https://www.gov.uk/government/news/access-to-companies-house-webfiling-accounts-to-move-to-govuk-one-login#:~:text=From%2018%20November%202025%2C%20identity,example%20an%20accountant%20or%20solicitor",I saw this tweet and wanted to respond. Digital ID will be voluntary. https://t.co/NSW2oDvu2s,4,"The video uses a vertical format with burned-in captions and quick cuts, though it functions as a direct response to a specific tweet which is a common Twitter-native interaction style.",uk_politics|digital_id|labour_party|misinformation|political_commentary|social_media_controversy
https://x.com/i/status/2024224755767726407,yes,This is only a rumor. It has not been confirmed that Jacob Elordi has been offered the role of James Bond.    https://ftw.usatoday.com/story/entertainment/pop-culture/2026/02/18/has-jacob-elordi-been-offered-james-bond-what-we-know/88744755007/#,"🚨 BREAKING: Amazon has offered the role of James Bond to Jacob Elordi
https://t.co/SsFA6OD5ue",5,"The video is a stylized fan edit with quick cuts, music, and visual effects that is designed for high engagement and would fit perfectly on TikTok as-is.",pop_culture|celebrity_news|video_edit|jacob_elordi|james_bond|misinformation|rumor
https://x.com/i/status/2013098133308481961,yes,"People who appear at public events with Ali Khamenei are not random members of the public. Attendees are pre-selected individuals affiliated with or approved by the regime, and access is tightly controlled through multiple layers of security screening and vetting before entry.    https://prod.iranwire.com/en/politics/125320-how-are-khameneis-guests-selected/","Iranian women's reaction to the nation's leader, Sayyed Ali Khamenei. https://t.co/WqbpirqZPR",4,"The video features quick cuts, emotional close-ups, and a rhythmic editing style typical of TikTok, though it relies on the tweet text for political context.",iran|ali_khamenei|middle_east_relations|political_address|video_edit|social_media_controversy
https://x.com/i/status/2024784206589739151,yes,"This video is an AI-generated fictional story, not a real wolf rescue event. The original YouTube upload includes a disclaimer stating it's simulated using AI and synthetic media; events and animals are not real.    https://www.youtube.com/shorts/AN4Bs3XDryQ",I pulled a wolf from under the ice... and his pack tracked me down ❤️ https://t.co/4CKJwxLPyf,5,"The video features vertical orientation, quick cuts, burned-in captions, and a dramatic narrative arc designed for high social media engagement.",ai_generated|misinformation|animal_rescue|viral_video|artificial_intelligence|nature|tiktok_repost
https://x.com/i/status/2011579727891550392,yes,"This video depicts a computer-generated fictional scenario, as jet-powered UAVs cannot ignite or operate underwater, and no real submarine launches aerial drones in this manner without first surfacing the vehicle.    https://aerospaceweb.org/question/planes/q0272.shtml  https://www.navalnews.com/event-news/euronaval-2024/2024/11/video-meet-alseamars-blackbird-submarine-launched-uav",Combat UAV Launches from a Secret Underwater Base - pretty cool!  😎 😲 https://t.co/zNjvP0KOOZ,5,"The video is purely visual, high-engagement CGI content designed to go viral. It functions as a standalone clip that would fit perfectly on TikTok's 'oddly satisfying' or 'military tech' niches without needing the tweet text.",ai_generated|visual_effects|misinformation|military_technology|viral_video|cgi|submarine|uav
https://x.com/i/status/2030789347721765183,yes,Fake news. It’s a women’s group protesting about government employees who recently attended hearings for Sarah Duterte and kept saying sexist remarks.     https://amp.scmp.com/week-asia/politics/article/3345431/outrage-philippines-over-lawmakers-sexist-remarks-defence-vp-sara-duterte,"🚨🇵🇭 BREAKING ✦ — Philippines

Massive Anti-U.S. Protests in Manila https://t.co/zqPzedJhhS",3,"The video features high-action, raw footage of a protest that is visually engaging for social media, though it lacks the typical TikTok edits like music or text overlays.",protest|philippines|misinformation|fake_news|activism|police_confrontation|womens_rights|breaking_news
https://x.com/i/status/2020935596672418187,yes,"This is not a video from after the SuperBowl, as it dates from at least last May.     https://x.com/pahrduve/status/1927777682600743253?s=46&amp;t=4NrvjhUV42LgqzRKQb1fmg ","STEFON DIGGS HAS ALREADY ARRIVED IN CANCUN AFTER THE SUPER BOWL.

💀💀💀
 https://t.co/tgElj4exyh",4,"The video is the primary content and features a vertical, engaging lifestyle clip that would fit perfectly on TikTok, though it uses the tweet text for context rather than in-video captions.",viral_video|misinformation|stefon_diggs|super_bowl|celebrity_sighting|sports|lifestyle|cancun
https://x.com/i/status/2024884249254650331,yes,"The video is a recycled hoax, circulating since at least 2025 as a &quot;hornet's nest&quot; or &quot;hive&quot; UFO clip often labeled AI/CGI-generated. No credible reports or local witnesses confirm a sighting in Austin on Feb 20, 2026.    https://x.com/scrollwithankit/status/2024926963220316184  https://www.shorturl.at/2y2rS  https://www.tiktok.com/@loganr_moore/video/7474719025436642590","🚨🛸 WAP Object Over Austin, Texas Bizarre Hive-Like UFO Caught on Camera https://t.co/NNv6aXn40O",5,"The video is a vertically-oriented, highly visual piece of content with burned-in text and dramatic audio reactions, designed specifically for viral social media engagement.",ufo_sighting|cgi|visual_effects|ai_generated|misinformation|conspiracy_theory|viral_video|tiktok_repost
https://x.com/i/status/2029932475099574608,yes,This is an AI video.    1. Cranes and containers disappear between the camera turning downwards.   2. No commercial port in Israel matches this geography.   3. The AI voice is saying its &quot;Namal Tel Aviv&quot; (Tel Aviv Port) - Tel Aviv doesnt have a commercial port.    https://x.com/i/status/2028393131188641903,"🚨Breaking 🔥
News Iran successfully attacks Tel Aviv port 
Please repost https://t.co/65d4dtN1uZ",5,"The video is the primary content, featuring high-impact visual effects and a vertical orientation designed for viral engagement. It functions as a standalone piece of media that would be native to TikTok's format.",ai_generated|misinformation|fake_news|israel|iran|middle_east_relations|visual_effects|breaking_news|cgi|geopolitics
https://x.com/i/status/2027802232045936923,yes,"That's a not recent video which was shot in Israel, not in Dubai and was shot at least one year ago:    https://x.com/i/status/1933625802043871330",⚡️Iran has been hammering Dubai non-stop! Targeting U.S military bases. https://t.co/oeS5una3DM,4,"The video is the primary content and is visually engaging with a dramatic, short-form style. The tweet text acts as a caption that would typically be burned-in text or a voiceover on TikTok.",misinformation|fake_news|iran|israel|middle_east_relations|military_action|missile_strike|viral_video|geopolitics
https://x.com/i/status/2030734527732109694,yes,"This video is AI-generated; the depicted events are not real. No such incident has been reported, and giant pandas live only in parts of China with no wild populations elsewhere.    https://www.worldwildlife.org/species/giant-panda    https://en.wikipedia.org/wiki/Giant_panda#Distribution_and_habitat    https://www.bbc.com/news/topics/cvenzmgyldrt","I thought the dog brought back a dirty toy, but it wasn't a toy at all. https://t.co/mPm6fAQOjm",5,"The video is a pure TikTok-native creation featuring vertical orientation, burned-in captions, a sentimental background track, and a narrative arc designed for viral engagement.",ai_generated|misinformation|viral_video|animal_rescue|nature|artificial_intelligence|cgi
https://x.com/i/status/2031442575031243163,yes,"The active shooter incident occurred at a residence near the Agudath Israel synagogue, not at the synagogue. It began as a burglary call that escalated into a barricade/hostage situation. An officer was shot and is stable; the suspect was killed. https://www.foxnews.com/us/baltimore-police-say-officer-shot-hospitalized-suspect-shot-active-shooter-incident https://www.baltimoresun.com/2026/03/10/baltimore-police-officer-shot https://x.com/BaltimorePolice/status/2031408820732256585","🚨 BREAKING:

🇺🇸 Active shooter opens fire at synagogue near Baltimore.

https://t.co/tNl5ssHXKX",2,"The video is raw, shaky citizen-recorded footage of a police scene, serving as a visual supplement to a breaking news headline rather than a self-contained TikTok-style edit.",breaking_news|baltimore|police_activity|active_shooter|misinformation|law_enforcement
https://x.com/i/status/2030682794498686986,yes,"The video is AI-generated and does not show a real boy building a car. The boy's shirt in the final frame reads &quot;LMG's AI Academy,&quot; indicating it's artificial. Similar videos are created with AI for entertainment.    https://www.youtube.com/shorts/iNplMSJSOSk  https://www.facebook.com/100083424765042/videos/young-boy-builds-full-scale-lamborghini-from-palm-leaves/1599629201252411",A talented boy built a Lamborghini with coconut leaves. Unbelievable 🙆😍 https://t.co/ejYCvXhRJh,5,"The video is purely visual, highly engaging, and uses quick cuts with background music, making it native to short-form video platforms like TikTok.",ai_generated|misinformation|artificial_intelligence|viral_video|visual_effects|fake_news
https://x.com/i/status/2029847071000515014,yes,"This is false. The video shows two U.S. Army veterans (not active pilots) being detained for disrupting a Senate hearing while protesting Israel policy. Neither was involved in weapons transport; they were arrested for disrupting proceedings, not refusing orders. https://factcheck.afp.com/doc.afp.com.777Z2NQ",🚨U.S. Military Pilots Arrested After Refusing to Fly Weapons to Israel. https://t.co/5D6AiaMtmy,4,"The video features a large, burned-in text overlay and high-tension footage that would perform well on TikTok, though it lacks the platform's native editing features.",misinformation|fake_news|protest|activism|israel|palestine|us_politics|military_action|political_confrontation|viral_video
https://x.com/i/status/2014877529744834822,yes,"For the upteenth time (&amp; note), F.A.E. has been shown to have numerous issues, like being easily bypassed, misassignments(adults in minor groups &amp; vice versa), disrupting in-game moderation and more    https://edition.cnn.com/2025/11/18/tech/roblox-ai-age-verification-youth-safety  https://www.usatoday.com/story/tech/2026/01/05/roblox-face-scan-child-safety-features/87970290007/    Cases:  https://x.com/MugoScales/status/2007825372126261251  https://x.com/RIEF0L/status/2001925099700752642  https://x.com/meleton_in/status/2007949015766434104  https://x.com/CR0WNEDAVERY/status/1996352913170657733  https://x.com/XHeartsickdereX/status/1996379850005975095  https://x.com/YeezePeasy/status/1992372595430408422  https://x.com/ColRealPro/status/1990858917589434459  https://x.com/Suggum_Dirt/status/1991452949705539939  https://x.com/Stargenix19/status/1988085501803589980  https://x.com/xNekorii/status/1986211434133369331  https://x.com/aliceteapartyy/status/1991173622875230238  https://x.com/BossyFrosty213/status/1991568781458698396  https://x.com/SilverSlayer908/status/1991134194047545621    More may be found via &quot;Advanced Search&quot;  https://x.com/search?q=%22roblox%22%20my%20age%20(verification%20OR%20check)&amp;src=typed_query&amp;f=top","Two updates on Age Verification from our founder and CEO, @DavidBaszucki https://t.co/SSob4cSXJy",5,"The video is vertical, features burned-in captions, quick cuts, and a direct-to-camera address typical of TikTok-native corporate updates.",gaming|roblox|online_safety|social_media_controversy|australia|new_zealand|tech_news
https://x.com/i/status/2023023835386417523,yes,"This video uses AI to alter footage from Michael Jordan's 2020 Paris press conference, fabricating criticism of the 2026 NBA Dunk Contest. Jordan has not commented on the event.    https://www.youtube.com/watch?v=HBXz2nfT-Fc  https://www.espn.com/nba/story/_/id/47932930/lillard-returns-win-record-tying-third-3-point-shootout",Micheal Jordan goes off on the 2026 NBA Dunk Contest from last night..... https://t.co/CZVqHmQ2V5,5,"The video features vertical orientation, burned-in captions with highlighted keywords, and a clickbait headline with emojis, making it native to the TikTok format.",ai_generated|misinformation|sports|michael_jordan|nba|fake_news|pop_culture|visual_effects|satire
https://x.com/i/status/2024339098803257664,yes,"The video is AI-generated and depicts fake footage; Unitree confirmed no involvement, as their G1/H1 humanoids focus on agile demos like kung fu, not firing rifles. https://www.unitree.com/g1 https://www.instagram.com/reel/DU4tsFRkkFw","ITS REAL!!!

🇨🇳Chinese Unitree humanoids are now firing Type 191 Rifles!
https://t.co/knUbk7fQY8",4,"The video is highly visual and engaging with quick cuts and futuristic content, though it lacks the vertical format and native TikTok text overlays.",ai_generated|military_technology|china|robotics|misinformation|cgi|artificial_intelligence|viral_video
https://x.com/i/status/2024233596727197810,yes,"The video is computer-generated (CGI) from digital creator iceman_fox1, who states such content is digitally created. It does not show real F-47 jets testing. The F-47 (Boeing NGAD) is in development; first flight expected in 2028 per defense reports.    https://www.misbar.com/en/factcheck/2026/02/15/what-story-behind-footage-f-47-fighter-jets-over-nevada-desert  https://www.twz.com/air/first-f-47-6th-generation-fighter-now-being-built  https://en.wikipedia.org/wiki/Boeing_F-47",Next generation F-47 fighter jets caught testing over the Nevada desert🇺🇸 https://t.co/Ntd9NmTNTP,5,"The video is a highly engaging, visually-driven clip with immersive sound design and no necessary context from the tweet, making it perfectly suited for TikTok's native format.",ai_generated|cgi|military_technology|misinformation|visual_effects|viral_video|digital_combat_simulator
https://x.com/i/status/2029426186649211115,yes,"The woman in the video is not Sakura Shymko (JasonTheWeen's ex-girlfriend). She denied being Sakura when rumors spread, and observers noted she resembles Sakura but is clearly not the same person.    https://x.com/SinClipd/status/2029430678757228734  https://x.com/Clav0Updates/status/2029427016076832830  https://x.com/clav_reports/status/2029426186649211115",Clavicular just met JasonTheWeen’s ex Sakura at a Fort Lauderdale club 😳👀 https://t.co/9GTAY9q0ZV,5,"The video is a vertical, high-energy clip from a livestream featuring a popular internet personality, complete with burned-in social media watermarks and a 'viral' encounter format that is native to TikTok.",pop_culture|social_media_controversy|jasontheween|clavicular|lookalike|misinformation|celebrity_news|florida|viral_video
https://x.com/i/status/2029523820579553629,yes,"It’s not AI, it’s a mod for Mortal Kombat 1.    https://www.nexusmods.com/mortalkombat/mods/526  https://www.nexusmods.com/mortalkombat/mods/604",Thanks to AI we now get the Mortal Kombat fatalities we've always wanted. https://t.co/FE7ggNUo0s,5,"The video is the primary content, featuring high-engagement visual effects and quick cuts that would fit perfectly on TikTok without any changes. The tweet text acts as a simple caption for a purely visual experience.",gaming|mortal_kombat|video_edit|misinformation|ai_generated|pop_culture|visual_effects|cgi
https://x.com/i/status/2028370958277591206,yes,"This is a video game…    Braindead propaganda. This very common for this regime, which blatantly shares videos of “GTA V” mods and “War Thunder” clips as combat footage.    https://www.pcgamer.com/games/as-the-possibility-of-war-looms-in-the-middle-east-clips-of-arma-3-and-war-thunder-are-being-used-as-propaganda-and-even-the-israeli-militarys-having-to-clarify-the-footage-is-fake/    ","Good news for IRAN💪

American fighter jets shoot down...

Crash in Kuwait 💪💪 https://t.co/6hJseUFRXr",4,"The video is highly visual and engaging, functioning as the primary content. While it lacks in-video captions, the tweet text provides the context that would typically be on-screen text on TikTok.",misinformation|fake_news|iran|gaming|digital_combat_simulator|military_action|geopolitics|middle_east_relations
https://x.com/i/status/2015423557157749154,yes,"This did not just happen. This is from July 15, 2023.     https://www.pgatour.com/article/news/latest/2023/07/15/steph-curry-hole-in-one-ace-american-century-championship-pro-am","Dawg Steph just shot a hole-in-one LMAOOOOO

He might not be a real person https://t.co/a9Z982gR9h",4,"The video is a high-energy, visually engaging sports highlight that functions as the primary content, with the tweet text serving as a reaction/caption that would typically be on-screen text on TikTok.",viral_video|sports|pop_culture|steph_curry|golf|celebrity_news
https://x.com/i/status/2024959437811683506,yes,Ryan Gosling did not win any major awards for Barbie. The only major award he’s ever won was Best Actor in a Musical or Comedy at the 2017 Golden Globes for La La Land.    https://en.wikipedia.org/wiki/List_of_awards_and_nominations_received_by_Ryan_Gosling,The fact Ryan Gosling got an award for his performance as Ken over THIS?!?! https://t.co/ctQ7w3ntXD,4,"The video features a dramatic, edited movie clip with burned-in captions and a reactionary tweet text that functions like a TikTok hook or overlay.",pop_culture|video_edit|misinformation|celebrity_news|womens_rights|barbie_movie|social_media_controversy
https://x.com/i/status/2029360146632372574,yes,This footage is from 2025.    https://x.com/i/status/2015253816116216058,"BREAKING🚨 New wave of Iranian ballistic missiles hitting Tel Aviv "" Israel"" https://t.co/nEDqaSLrJR",2,"The video is a traditional news-style clip from RT with burned-in captions, functioning as a descriptive record of an event rather than a native social media creation.",breaking_news|israel|iran|missile_strike|military_action|middle_east_relations|misinformation|war_coverage
https://x.com/i/status/2028074785423426019,yes,This is not Usain Bolt’s daughter. Bolt’s three kids are 6 years old or younger.    https://people.com/all-about-usain-bolt-kids-11680237,"Ladies and Gentlemen, Usain Bolt's Daughter🤩😃
Speed runs🏃‍♀️ in their blood https://t.co/kwaDjYB6j9",5,"The video features vertical framing, burned-in captions with emojis, and a high-energy voiceover typical of TikTok-native content. It is a complete, self-contained piece of media that would require no changes to be posted on TikTok.",viral_video|misinformation|tiktok_repost|sports|celebrity_news|fake_news|track_and_field|usain_bolt
https://x.com/i/status/2019150341057781911,yes,"The eliminated contestant (Player 157, Catey) is not Nick's (Player 118) girlfriend; she has a boyfriend of nearly five years outside the show, and he eliminated her once, not twice. https://thetab.com/realityshrine/2026/02/02/shes-one-of-the-most-controversial-players-on-beast-games-so-who-is-catey https://www.primetimer.com/features/who-was-the-third-player-eliminated-by-nick-and-monika-in-beast-games-season-2-epsiode-7-details-explored","BRUTAL: MrBeast contestant ELIMINATED his girlfriend TWICE without thinking.
https://t.co/ldzxUQCVIZ",4,"The video features quick cuts, dramatic music, and burned-in visual effects typical of viral reality TV clips, though it relies on the tweet text for the specific (and inaccurate) narrative hook.",pop_culture|misinformation|social_media_controversy|mrbeast|reality_tv|beast_games|viral_video
https://x.com/i/status/2028202063570620522,yes,This is a video game Arma 3    https://youtube.com/shorts/qGLbHnLZWbw?si=XFK0tya9O9bWV6uE,"U.S. fighter jet dodges 5,000 bullets and still manages to hit its target 🔥🎯 https://t.co/7x5nExvbA9",5,"The video features a large, sensationalist burned-in headline, a split-screen layout, and high-action visual content designed for viral engagement, making it native to the TikTok format.",viral_video|misinformation|gaming|arma_3|military_action|cgi|video_edit
https://x.com/i/status/2016570197302190190,yes,Real snow often appears not to melt or drip when exposed to intense heat like fire because it sublimes (turns from solid to vapor) or absorbs melted water into its porous structure like a sponge. Black residue is soot from the flame.    https://www.usatoday.com/story/news/factcheck/2021/02/19/fact-check-unfounded-claims-synthetically-manufactured-snow/4509063001 https://www.popularmechanics.com/science/a35590304/conspiracy-theorists-burning-snow-viral-tiktok-videos https://sciencenotes.org/why-doesnt-snow-melt-when-you-put-a-lighter-to-it/,Here's that snow from last weekend sitting on a fire and not melting at all. https://t.co/5cnnzjxiCZ,5,"The video is the primary content, featuring a visually engaging 'experiment' that is a common trope on TikTok, and it would function perfectly on that platform without any changes.",viral_video|conspiracy_theory|misinformation|nature|educational_content
https://x.com/i/status/2021306283618390272,yes,"This was not China, but in Iowa in 2018.  https://www.youtube.com/watch?v=Cpq3BhjU8jY  ","🇨🇳 A new type of firework, called ""Hiroshima Romance,"" has appeared in China. https://t.co/5XnYjk0SUd",5,"The video is the primary content, featuring high visual impact and a viral nature that would fit seamlessly on TikTok with its current editing style.",viral_video|misinformation|china|fireworks|visual_effects|iowa
https://x.com/i/status/2017994867323130254,yes,"This account is simply clickbaiting the readers by posting videos that are clearly AI generated, which are made very poorly. And while doing so the account tries to make it into an emotive issue also by bringing in mother-baby relation.    https://x.com/Crazymoments01/status/2017994867323130254",When instinct flips the power dynamic. Nature's rule 1: Don't touch her kids. https://t.co/OCCKChQU6A,5,"The video is the primary content, featuring high-engagement, visually dramatic clips with quick cuts and emotional themes typical of TikTok-native viral content.",ai_generated|misinformation|nature|cgi|visual_effects|viral_video|artificial_intelligence
https://x.com/i/status/2027783355656261817,yes,This video shows a fire in the port of Hudaydah (aka Hodeidah) on July 20 2024 caused by a retaliatory Israeli airstrike.  (So it is not from the 2026 US-Israeli attacks on Iran.)  https://www.youtube.com/watch?v=1LR0uf8WUsQ  https://www.timesnownews.com/world/middle-east/yemens-al-hudaydah-oil-port-is-burning-after-israeli-strikes-videos-emerge-article-111891105  https://www.aljazeera.com/news/2024/7/20/air-raids-hit-yemens  https://www.cbsnews.com/news/yemen-houthis-port-hodeida-fire-burns-after-israel-strike/  https://www.ynetnews.com/article/sjdy7mnoc  https://www.nytimes.com/2024/07/21/world/middleeast/israel-yemen-hudaydah-port.html,"🚨Direct hit on oil facility in Saudi Arabia 🇸🇦

Hope your cars are filled up… https://t.co/nll6qodMKy",4,"The video is the primary content, featuring high-impact, visually engaging footage of an explosion that would thrive on TikTok with the tweet text as a caption.",viral_video|misinformation|middle_east_relations|military_action|geopolitics|israel|yemen|breaking_news|war_coverage
https://x.com/i/status/2018150939006492953,yes,Jelly Roll was not kicked off the stage; he completed his full acceptance speech after praising Jesus. https://people.com/jelly-roll-says-wife-bunnie-xo-saved-his-life-in-grammys-2026-speech-11897160 https://parade.com/news/jelly-roll-delivers-emotional-speech-after-winning-grammys-first-time,Jelly Roll praises Jesus before getting kicked off the stage at the Grammys ✝️ https://t.co/HjFel1NnJx,3,"The video is a standard TV broadcast clip, but the tweet uses a clickbait-style narrative common on TikTok to frame the content.",pop_culture|celebrity_news|misinformation|grammys|jelly_roll|religion
https://x.com/i/status/2017676570731942332,yes,"The video is 1992 NBC footage of a party at Mar-a-Lago with Epstein present, not from the recently released Epstein files. https://www.nbcnews.com/news/us-news/tape-shows-donald-trump-jeffrey-epstein-discussing-women-1992-party-n1030686 https://www.nytimes.com/2019/07/17/us/politics/trump-jeffrey-epstein-video.html",@GlobalUpdates24 Trump is also there in one released video from #EpsteinFiles https://t.co/cjGojjbDwj,2,"This is a traditional archival TV news clip shared on social media to provide political context; it lacks the vertical format, rapid editing, or native engagement features of TikTok content.",us_politics|donald_trump|jeffrey_epstein|misinformation|nostalgia|celebrity_news|conspiracy_theory|florida
https://x.com/i/status/2028741640899174835,yes,"**The video is AI-generated.** It features unnaturally fluid, professional-level dance moves beyond a young child's capability, as noted in replies and reposts. The poster replied &quot;Lol&quot; to a comment that &quot;Facebook pple will think it’s real,&quot; signaling awareness.    https://x.com/Ogbenitom/status/2028800345799811104    https://x.com/Eexus3/status/2028771624426631296    https://x.com/Dhavidtips/status/2028764743570182557","So sweet to watch ☺️

Make Asake and Wizkid just locate this little girl fast. https://t.co/rhdFipF56n",5,"The video is the primary content, featuring a visually engaging dance performance that is native to TikTok's style and could be posted there as-is.",ai_generated|viral_video|misinformation|artificial_intelligence|pop_culture|cgi|visual_effects
https://x.com/i/status/2012056472105189717,yes,"This video is a fan-made concept using modded WWE 2K25 footage, not an official leaked trailer for WWE 2K26. No official trailer has been released.    https://wwe.2k.com/  https://www.thesportster.com/wwe-2k26-reveal-trailer  https://cultaholic.com/posts/update-on-plans-for-wwe-2k26",🚨The promotional trailer for the new wrestling game WWE 2K26 has been leaked 🔥 https://t.co/kOkJIAuPIt,4,"The video features fast-paced editing, rhythmic cuts synced to music, and high visual engagement, though it relies on the tweet text to provide the context of it being a 'leak'.",gaming|video_edit|misinformation|wwe|sports|pop_culture|fan_made
https://x.com/i/status/2017185202896830881,yes,"This video depicts a fake, AI-generated confrontation between Tom Hardy and Keir Starmer that never happened. No such BBC interview exists. https://www.bbc.co.uk/search?q=Tom+Hardy+Keir+Starmer https://www.theguardian.com/search?q=Tom+Hardy+Keir+Starmer","🚨 Tom Hardy  humiliates Keir Starmer  Live on the BBC 

I do hope this is true https://t.co/zxxYZ5C366",5,"The video features vertical orientation, TikTok branding, burned-in captions, and a dramatic AI-generated voiceover, making it native to the platform's style.",ai_generated|misinformation|tiktok_repost|fake_news|uk_politics|keir_starmer|labour_party|political_confrontation|viral_video
https://x.com/i/status/2022864615865016735,yes,"Allied powers saw Dresden as a valid military target, with 127 mid/large factories and main rail routes eastward. Due to cloud cover, USAAF defaulted to targeting the city centre. German reports inflated casualties by x10. Allied leaders still viewed the casualties excessive.    https://en.wikipedia.org/wiki/Bombing_of_Dresden",The bombing of Dresden was arguably the greatest War Crime in human history. https://t.co/Lb9Pq1nZ90,3,"The video is a short, visually intense clip designed for emotional impact rather than documentary detail, though it lacks the typical vertical format or on-screen text of a native TikTok.",history|military_action|war_coverage|political_commentary|misinformation
https://x.com/i/status/2013767332829766048,yes,"This is a fabricated video using AI to mimic Trump and does not depict his real remarks. The creator has produced similar AI videos. Trump's actual Jan. 20, 2026 briefing transcript shows no such statements.    https://decrypt.co/323526/trump-deepfake-velociraptors-border-patrol    https://rollcall.com/factbase/trump/transcript/donald-trump-press-conference-briefing-room-january-20-2026",Trump is in a new zip code of unfiltered when it comes to immigration. Unreal. https://t.co/7Lxv2rb1to,4,"The video features a highly engaging, controversial AI-generated deepfake that functions as the primary content, with the tweet text acting as a typical social media hook.",ai_generated|misinformation|donald_trump|us_politics|fake_news|artificial_intelligence|political_commentary|satire|viral_video
https://x.com/i/status/2028098020802257321,yes,"Putin is laying roses at his brothers grave in January, 2026.     https://youtu.be/xszY0kal-xc?si=eFa3oAc1DmY8221C",Putin places flowers in Moscow to honor Iran's Supreme Leader Ayatollah Khamenei https://t.co/oxKTDRC6IV,5,"The video features vertical formatting, burned-in news-style captions, an Instagram watermark, and dramatic background music, making it native social media content.",misinformation|fake_news|vladimir_putin|iran|geopolitics|tiktok_repost|viral_video
https://x.com/i/status/2027763466480849154,yes,"This is an old video from October 2024 of Tel Aviv, Israel, being attacked by Iran.    https://edition.cnn.com/2024/10/01/world/video/iran-attack-israel-video-sciutto-digvid ","Palm Jumeirah. the city of #Dubai, United Arab Emirates right now 💀
#dubaiattack https://t.co/bj40Fn4cXM",4,"The video is the primary content and is highly engaging, using the tweet text for context in a way that would typically be on-screen text or a caption on TikTok.",misinformation|fake_news|middle_east_relations|iran|israel|military_action|missile_strike|geopolitics|dubai|viral_video
https://x.com/i/status/2033266520579604532,yes,"Actually she is doiny funny clips online. Everything is staged to be funny. She is belgian, not french. Those are not migrant men, actually are actors for the funny clips she is doing.   https://www.instagram.com/shauna.dewit?igsh=MXhhcnZ6azR0amZuaw==",French woman retaliates against migrant men following her in France! Hilarious 😆 https://t.co/nBOhfPe7EA,5,"The video is a vertical TikTok compilation featuring burned-in captions, quick cuts, and a TikTok watermark, functioning as the primary content without needing the tweet text.",tiktok_repost|misinformation|satire|viral_video|social_media_controversy|fake_news
https://x.com/i/status/2028717589074006028,yes,Misleading. The creators intentionally programmed the “detect AI → switch to efficient mode” behavior for efficiency reasons.     It’s not that the AIs spontaneously invented a secret language.    https://sinapsediaria.com/en/how-gibberlink-went-viral-and-became-a-cultural-phenomenon/,"Two AI agents on a phone call realize they’re both AI and ditch human language 

 https://t.co/YHkoPv3P1F",5,"The video is the primary content, featuring a visually engaging tech demonstration with burned-in captions and a viral hook that would work perfectly on TikTok as-is.",artificial_intelligence|ai_generated|viral_video|misinformation|tech_demo|gibberlink
https://x.com/i/status/2028170166060670996,yes,"This video shows crowds at the 2020 funeral of Qasem Soleimani, not recent mourning for Ayatollah Khamenei. It is old footage being misrepresented as current events in Iran.    https://www.vishvasnews.com/english/world/fact-check-viral-video-of-qassem-soleimanis-funeral-misrepresented-as-a-rally-held-in-support-of-irans-current-government  https://www.misbar.com/en/factcheck/2026/01/10/video-shows-qasem-soleimani’s-funeral-not-pro-iranian-regime-protest  https://www.theguardian.com/world/video/2020/jan/05/massive-crowds-attend-suleimani-funeral-processions-video","BUT I thought Iranians hated Ayatollah Khamenei. 

No, wait… Israel lied AGAIN.

 https://t.co/fbPiOY1hiG",4,"The video is the primary content and uses a short, punchy, reactionary caption that functions like on-screen text or a voiceover to drive a specific narrative.",iran|misinformation|protest|geopolitics|middle_east_relations|israel|political_commentary|fake_news|qasem_soleimani
https://x.com/i/status/2028945074030055595,yes,Here are video's  Youtube:  https://youtu.be/xRSPxuptLd8?is=v-D_e1vZ8EYeXbBv  https://youtu.be/MnzKk8-WF7M?is=Jzbld-in5psVPOTu  https://youtu.be/9bR6-V0EK80?is=iWRqfl3x-13Y-WPS  https://youtu.be/xqbnOYjifQM?is=Iq17UGfmUVtNQ2mo  https://youtu.be/lzOsvdN4oLY?is=moISCoQYeuivetNA  https://youtu.be/fvuQYLvDyjY?is=WH6ZuE0dn6F8A5cr  Where the money went  https://www.ukraineoversight.gov/Funding/  ,"WHERE are the FCKN VIDEOS?

The Pictures? 

ANYTHING of the FCKN WAR in Ukraine ?? https://t.co/BzGQzHpDv6",5,"This is a direct TikTok repost featuring a vertical video format, TikTok watermarks, and a personality-driven monologue designed for social media engagement.",tiktok_repost|political_commentary|ukraine_war|conspiracy_theory|media_criticism|us_politics|foreign_policy
https://x.com/i/status/2031385508417515666,yes,"The video does not depict an American soldier in Iran, as no US ground troops have been deployed inside the country. https://en.wikipedia.org/wiki/2026_Iran_war https://www.cnn.com/world/live-news/iran-war-us-israel-trump-03-10-26 https://www.aljazeera.com/news/2026/3/7/trump-administration-denies-reports-that-iran-captured-us-soldiers","“This shit not lookin good. Iran might have won,” says American soldier in Iran. 👀 https://t.co/Q9N53a9ibU",5,"The video is a vertical TikTok repost featuring a direct-to-camera address, a location tag, and a username watermark, making it native to the platform's style.",tiktok_repost|misinformation|iran|military_action|middle_east_relations|geopolitics|war_coverage|fake_news
https://x.com/i/status/2028531216018796944,yes,This is from Tianjin Port in China On 12 Aug 2015.    https://youtu.be/993wlZ6XFSs?si=ZAjMYonq0PY1TL5M,"Missile attack has begun.  
Now the whole world will watch Israel being destroyed. https://t.co/VXksIsxRwP",5,"The video is high-impact, visually engaging, and features a raw, first-person reaction that would thrive on TikTok as-is.",misinformation|fake_news|middle_east_relations|israel|china|viral_video|missile_strike
https://x.com/i/status/2033509334542348799,yes,"The woman in this video is Natalie Harp, not Karoline Leavitt. Harp is a senior aide who assists Trump with social media and often travels with him on Marine One.    https://en.wikipedia.org/wiki/Natalie_Harp  https://www.presidency.ucsb.edu/documents/pool-reports-january-9-2026  https://www.gettyimages.com/detail/news-photo/aide-natalie-harp-boards-marine-one-to-join-u-s-president-news-photo/2239733034","CAUGHT IN CAMERA:

What the hell were Trump and Leavitt doing here on Marine One?   https://t.co/jjc2fItxin",4,"The video is the primary content, using a zoomed-in, 'caught on camera' style that is highly engaging and visually driven, typical of TikTok viral clips.",donald_trump|us_politics|misinformation|social_media_controversy|natalie_harp|marine_one|viral_video
https://x.com/i/status/2014041528067383372,yes,AI      https://youtu.be/q5_PrTvNypY?si=ZCjcVnhZn8BRpckM,"During a harsh winter, an eagle knocked on our balcony her beak frozen shut in ice. https://t.co/TfzeZ5gvPL",5,"The video features a vertical aspect ratio, quick cuts, burned-in captions, and a sentimental narrative arc that is native to TikTok's storytelling style.",ai_generated|misinformation|animal_rescue|nature|viral_video|artificial_intelligence|fake_news
https://x.com/i/status/2029754345575555376,yes,"The video shows a June 2025 tanker collision in the Gulf of Oman, not an Iranian attack. Iran claimed to strike a US tanker in March 2026, but this footage is unrelated.    https://apnews.com/article/oil-tanker-hormuz-strait-greenpeace-316060acbce974b715e43e41b80945cc    https://english.alarabiya.net/News/gulf/2026/03/05/passage-through-the-strait-of-hormuz-during-war-will-be-under-iran-s-control-irgc","American oil tanker struck by Iran!

An oil tanker is ablaze in the Strait of Hormuz https://t.co/KdwRRXnAUb",4,"The video is high-impact, visually engaging footage of a disaster designed to grab attention quickly, though it relies on the tweet text for context rather than in-video captions.",misinformation|iran|middle_east_relations|geopolitics|military_action|fake_news|breaking_news|oil_tanker|strait_of_hormuz
https://x.com/i/status/2011899922485035023,yes,"This video is a scripted skit, not a real classroom event. The same actors appear in another skit where the &quot;teacher&quot; ejects a student for wearing a MAGA hat.  https://www.tiktok.com/@amymarie_cherokeemarie/video/7489688426279669022  https://leadstories.com/hoax-alert/2025/04/fact-check-video-does-not-authentically-shows-a-real-teacher-defending-a-student-with-maga-hat.html","This is how you protect a kid AND shut down mob mentality.

More of this please. 👏😭 https://t.co/lIveodCegN",5,"The video is a vertical TikTok repost featuring a scripted skit with high emotional intensity, burned-in watermarks, and a visual style designed specifically for short-form social media engagement.",tiktok_repost|viral_video|satire|misinformation|fake_news|social_media_controversy|political_confrontation
https://x.com/i/status/2016571677199487174,yes,"This viral video of a woodcutter distracting wolves with meat to save a terrified bear cub is **AI-generated slop**. no real event matches it. Typical signs: cinematic narration, unnatural animal movements, impossible happy ending. Similar fakes flood platforms.    https://www.snopes.com/fact-check/ai-tiktok-polar-bear-cub-rescue/","A bear cub tries to escape a pack of wolves by climbing a tree, and this woodcutter…. https://t.co/JrAClaORDr",5,"The video features vertical orientation, cinematic narration, burned-in captions, and a sentimental narrative structure typical of viral TikTok content.",ai_generated|viral_video|misinformation|animal_rescue|artificial_intelligence|nature|cgi
https://x.com/i/status/2012654097929814440,yes,"This is clearly AI generated. The shadows and physics of the movement are not natural.  https://www.reddit.com/r/isthisAI/comments/1oupmqy/this_was_posted_on_a_couple_other_subs_today_the/#:~:text=Definitely%20AI%2C%20based%20on%20what,but%20it's%20100%25%20repost%20accounts.","‼️ 🚨 NOT FOR THE WEAK HEARTED

What a view. Camera fitted to a Mountain Goat. Not AI. https://t.co/JZ81hl7hXO",5,"The video is the primary content, featuring high-energy music, fast-paced visual engagement, and a 'POV' style that is native to TikTok's viral format.",ai_generated|misinformation|viral_video|nature|cgi|artificial_intelligence|visual_effects
https://x.com/i/status/2017247055400599643,yes,"This video is AI generated. The storyline of a video vaguely follows an actual event, but this video was generated using artificial intelligence. Multiple giveaways, including the dog drinking through the water bottle.  https://www.captechu.edu/blog/how-spot-ai-generated-content-it-fact-or-fiction#:~:text=Unnatural%20movements%20and%20expressions:%20While%20AI%20can,transitions%2C%20can%20all%20be%20indicators%20of%20AI","My heart is broken 💔 after watching this video. But in the end, the girl won hearts.💖 https://t.co/H2BAE6hFHr",5,"The video features a vertical aspect ratio, emotional background music, and burned-in narrative captions, making it a piece of content that could be posted to TikTok as-is.",ai_generated|misinformation|animal_rescue|viral_video|artificial_intelligence|cgi
https://x.com/i/status/2013458003152830823,yes,"Gary Harrington was convicted for building unpermitted reservoirs that impounded millions of gallons from natural streams, not for simple rooftop rainwater collection in barrels, which is legal in Oregon. https://www.snopes.com/fact-check/man-gets-prison-sentence-for-collecting-rainwater-on-his-own-property https://www.opb.org/news/article/southern-oregon-man-sentenced-to-jail-time-for-ill https://www.doj.state.or.us/media-home/news-media-releases/harrington-conviction-and-sentence","They even own the rain!

What I want to know is how they found out? Who reported it?? https://t.co/fO1BPQnrQI",5,"The video is a direct TikTok repost featuring vertical orientation, a split-screen layout, burned-in captions, and a synthesized voiceover, making it native to that platform.",tiktok_repost|misinformation|social_media_controversy|legal_dispute|oregon|viral_video
https://x.com/i/status/2033520419626467761,yes,"Thomas Massie is highly active on X and has a habit of discussing, arguing, and debating various bills and votes in his posts and replies. Any claim that he doesn't defend his voting record or positions is proven false by a quick search of his profile.    https://x.com/RepThomasMassie","When you can’t defend your own record, you try to distract with attacks on others. 🚜⤵️ https://t.co/0tEiLDiv9W",5,"The video is the primary content, featuring vertical framing, quick cuts, and burned-in captions that make it ready for TikTok as-is.",us_politics|political_campaign|kentucky|donald_trump|thomas_massie|ed_gallrein
https://x.com/i/status/2022491085952409765,yes,This video is a staged comedy sketch from the Belgian satirical series 'In de Gloria' (2000). It's not a real talk show interviewing actual injured people; all are actors in a mockumentary.    https://en.wikipedia.org/wiki/In_de_gloria    https://skeptics.stackexchange.com/questions/37051/is-the-funniest-interview-you-will-ever-see-genuine,This show invited people with injured vocal chords and the host couldn't stop laughing https://t.co/jAHY0p369p,5,"The video features vertical cropping, burned-in English subtitles, and a watermark, making it perfectly suited for TikTok's native format.",viral_video|satire|misinformation|pop_culture|meme|nostalgia|comedy_sketch
https://x.com/i/status/2029180123333718138,yes,This video was posted to Instagram on February 15th. The assassination attempt on Mahmoud Ahmadinejad took place on February 28th.  https://www.instagram.com/reel/DUxsperDasZ/  https://www.thenationalnews.com/news/mena/2026/02/28/three-irgc-members-from-former-president-ahmadinejads-security-team-killed-in-tehran-attack/ ,"Ahmadinejad, previously declared dead by Israel, has ""miraculously"" appeared in public https://t.co/7wAFjkZ4AH",3,"The video is a candid, handheld clip of a public figure that relies on the tweet's text to provide a controversial narrative, a format common on both platforms.",misinformation|iran|geopolitics|middle_east_relations|israel|conspiracy_theory|mahmoud_ahmadinejad
https://x.com/i/status/2033261966349746410,yes,"The man's telescope uses a white light filter, showing sunspots but not flares. NASA and amateurs use H-alpha filters to view solar prominences and flares in the chromosphere.    https://skyandtelescope.org/observing/observing-the-sun    https://www.astroleague.org/how-to-safely-observe-the-sun",Man with amateur telescope observes the Sun from his back garden and calls NASA liars. https://t.co/DBJGWbUZqf,5,"This is a native TikTok video featuring a vertical aspect ratio, burned-in captions, a voiceover, and a TikTok watermark. It functions as a complete, self-contained piece of content.",tiktok_repost|conspiracy_theory|misinformation|astronomy|nasa|social_media_controversy|viral_video
https://x.com/i/status/2027774655365259631,yes,"The video shows missile interceptions over Tel Aviv, Israel in June 2025, not Palm Jumeirah, Dubai in 2026. The skyline matches Tel Aviv viewed from Jaffa.    Iran launched missiles at UAE on Feb 28, 2026, but this footage is unrelated.    https://www.youtube.com/watch?v=33Z6RfuGTCw  https://www.locationscout.net/israel/9793-skyline-tel-aviv-from-old-jaffa  https://www.reuters.com/world/middle-east/iran-fires-missiles-gulf-arab-states-one-killed-abu-dhabi-2026-02-28","🔴  THE SAFEST PLACE IN THE WORLD? 

It’s raining rockets over Palm Jumeirah, Dubai, UAE https://t.co/Z8EaQZnfvj",4,The video is the primary content and is visually engaging with a 'citizen journalist' feel; the tweet text acts as the hook/caption that would typically be on-screen text on TikTok.,misinformation|viral_video|middle_east_relations|israel|tel_aviv|missile_strike|military_action|geopolitics|war_coverage
https://x.com/i/status/2027685520570990887,yes,"This is video game footage first shared on May 10, 2025 as India-Pakistan war footage: https://x.com/iRaiSaqib/status/1921105034386792595","This is one of the most AMAZING videos I have ever seen. 

It doesn’t even look real! 
 https://t.co/X5hnHMYqWv",5,"The video is the primary content, featuring high-action visual effects and quick cuts that are native to TikTok's engagement style. The tweet text is purely reactionary and adds no essential context, making it ready for TikTok as-is.",viral_video|misinformation|cgi|visual_effects|gaming|digital_combat_simulator|military_action|missile_strike|india|pakistan
https://x.com/i/status/2021172967435120877,yes,"Visual inspection shows AI-generation hallmarks, including jerky movements, inconsistent lighting on the rope, and unnatural cub behavior, with no matching real wildlife incidents reported by organizations like WWF or Snow Leopard Trust.    https://x.com/i/grok/share/87324ea3ebb949a29b8488785966cff9",This man found a snow leopard that a poacher had maliciously tied to a tree with a rope https://t.co/vtH6vk2FdZ,5,"The video features vertical orientation, burned-in captions, emotional background music, and a narrative structure designed specifically for short-form social media engagement.",ai_generated|misinformation|animal_rescue|nature|tiktok_repost|viral_video|artificial_intelligence
https://x.com/i/status/2025183104009224627,yes,"Craig Scott Valdez is the Chief of Staff for Alaskan Republican State Senator George Rauscher of Sutton, &amp; he is a Republican himself. He is listed on the Alaska Republican Party Website as Chair of the Anchorage Young Republicans. He is NOT a ‘Democrat’. https://www.adn.com/alaska-news/crime-courts/2026/02/20/staffer-to-alaska-gop-lawmaker-charged-with-sex-trafficking-other-federal-sex-crimes-involving-a-minor/",Democrat State senator chief of staff arrested on federal child sex trafficking charges. https://t.co/WV2KDj2lLv,2,This is a traditional local news segment shared on social media with a descriptive tweet; the video is a standard broadcast clip rather than native social media content.,us_politics|misinformation|breaking_news|alaska|criminal_justice|political_controversy
https://x.com/i/status/2013027676328464648,yes,The video depicts an AI-generated fictional exploration and does not show real hidden ancient structures beneath the sand in Egypt.    https://x.com/lorenzocreazzo/status/1872345678901234567  https://twstalker.com/DesireToSee/status/1958805379254821131,Imagine once all sand is removed how much more is hidden.. our history is a complete lie https://t.co/rKuI4cwQoE,5,"The video is purely visual, featuring quick cuts, atmospheric music, and highly engaging AI-generated imagery that is designed to go viral on TikTok as-is.",ai_generated|misinformation|conspiracy_theory|history|cgi|visual_effects|viral_video|artificial_intelligence
https://x.com/i/status/2019034202227032184,yes,"Misleading — the clip is recycled from Nov 21, 2025, not a new “get out” call. Cramer’s Feb 2026 comments were more nuanced and he even tweeted buyers could push BTC back to $82K. https://www.instagram.com/reel/DRVS1ChiE4O https://x.com/jimcramer/status/2018042138466906217","JIM CRAMER SAID, ""EVERYTHING IS NOT FINE"" WITH BITCOIN.. 

''PEOPLE NEED TO GET OUT.'' 🚀 https://t.co/xAMlB1kbJ7",2,"This is a traditional financial news segment from CNBC shared on social media. While the tweet uses emojis and sensationalist text, the video itself is a standard broadcast clip without TikTok-native editing or vertical formatting.",misinformation|bitcoin|cryptocurrency|jim_cramer|financial_news|market_analysis|cnbc
https://x.com/i/status/2012397530869559430,yes,This video depicting a woman rescuing a baby deer from a road pit is AI-generated.  https://www.facebook.com/61583635316862/videos/kind-hearted-lady-rescues-a-poor-baby-deer-trapped-in-a-deep-pit-in-the-middle-o/969209809306440  https://www.threads.com/@muhammadimran78601/post/DTYAPpZgBLq/video-kind-hearted-lady-rescues-a-poor-baby-deer-trapped-in-a-deep-pit-in-the-middle,Kind-Hearted Lady Rescues a Poor Baby Deer Trapped in a Deep Pit in the Middle of the Road https://t.co/ilVeowsI8C,5,"The video is purely visual content designed for high engagement and emotional impact, featuring the quick cuts and dramatic narrative typical of TikTok-native content.",ai_generated|misinformation|animal_rescue|nature|visual_effects|viral_video|artificial_intelligence
https://x.com/i/status/2015835255387685015,yes,"Canada has not pulled back from its agreement with China; it was never a free trade deal, and PM Carney confirmed the limited tariff reductions on EVs and canola will proceed. https://www.cnbc.com/2026/01/26/canada-china-trade-deal-tariffs-trump.html https://www.cbc.ca/news/politics/carney-canada-trump-tariff-threat-china-trade-9.7060150","Canada pulls back from China deal after Trump threatens PM Mark Carney with full tariffs

 https://t.co/ZYuckelDzk",2,"The video is a traditional news segment from Fox News shared on social media, where the tweet text provides the primary narrative context.",us_politics|donald_trump|canada|china|geopolitics|foreign_policy|misinformation|fake_news|breaking_news|political_commentary
https://x.com/i/status/2025886302797705558,yes,"The claim that President Sheinbaum was transferred to a navy ship for safety amid recent violence is false. The video is from her planned visit to the port of Guaymas on Feb. 1, 2026. She held a press conference in Mexico City on Feb. 23.    https://www.kjzz.org/fronteras-desk/2026-02-02/mexicos-president-visits-sonora-to-announce-inaugurate-infrastructure-projects  https://x.com/Claudiashein/status/2025929756240171236  https://www.bbc.com/news/articles/c795qgejzpxo","The President of Mexico has just been transferred to a Mexican Navy ship for her safety.

 https://t.co/dTzof37huI",2,"The video is a traditional news-style recording of a presidential visit, and the tweet provides the essential (though misleading) context that would typically be a headline in a broadcast.",misinformation|fake_news|mexico|claudia_sheinbaum|military_technology|geopolitics|breaking_news
https://x.com/i/status/2014322656678694925,yes,"The USS Abraham Lincoln is en route to the Middle East but has not arrived in the Arabian Sea as of January 22, 2026. https://www.forbes.com/sites/petersuciu/2026/01/21/is-another-united-states-navy-supercarrier-heading-to-the-middle-east https://usa.news-pravda.com/world/2026/01/18/627675.html",🚨🇺🇸BREAKING: The American aircraft carrier Abraham Lincoln has arrived in the Arabian Sea. https://t.co/8ffDiZm3FF,4,"The video is the primary content, featuring a cinematic, fast-paced edit with dramatic music that would fit well on TikTok, though it relies on the tweet text for context.",military_technology|breaking_news|misinformation|geopolitics|middle_east_relations|video_edit
https://x.com/i/status/2029047863767142558,yes,"The woman in this video is not Sakura Shymko. On March 3, 2026, Sakura was live streaming from Austin, Texas, while this video is from a club in Fort Lauderdale, Florida.    https://x.com/SakuzaUpdates/status/2028947332964966453  https://www.youtube.com/watch?v=YiQ6JCd20T0",No way Clavicular and Drago just met JasonTheWeen’s ex Sakura at a Fort Lauderdale club 😳👀 https://t.co/XAfhECIGs7,5,"The video features a vertical orientation, high-energy club environment, and on-screen branding typical of live-streaming clips that frequently go viral on TikTok.",viral_video|misinformation|pop_culture|social_media_controversy|celebrity_sighting|lookalike|florida|kick_streaming
https://x.com/i/status/2017228087126028515,yes,"The video is AI-generated, not a real rescue. Subtitles call the animal a lynx (not snow leopard), and movements/transitions show synthetic artifacts common in AI content.    https://x.com/Gabriele_Corno/status/2017228087126028515    https://support.google.com/youtube/answer/14328491",This man found a snow leopard that a poacher had maliciously tied to a tree with a rope….. https://t.co/mNwxavVrKl,5,"The video features vertical framing, burned-in captions, emotional background music, and a dramatic narrative structure typical of viral TikTok animal rescue content.",ai_generated|misinformation|animal_rescue|nature|viral_video|artificial_intelligence|snow_leopard
https://x.com/i/status/2014281891726131498,yes,"The video is AI-generated fiction mislabeled as a snow leopard rescue; snow leopards inhabit high-altitude rocky mountains, not forests, and are poached using traps or guns, not tied to trees. https://www.flexclip.com/learn/ai-animal-rescue-video.html https://www.britannica.com/animal/snow-leopard https://snowleopard.org/tackling-illegal-trade-and-poaching-of-snow-leopards/",This man found a snow leopard that a poacher had maliciously tied to a tree with a rope….. https://t.co/izKpwgGs3l,5,"The video features vertical orientation, burned-in captions, a sentimental narrative arc, and background music, making it a quintessential TikTok-style content piece.",ai_generated|misinformation|animal_rescue|nature|cgi|viral_video|fake_news
https://x.com/i/status/2027882474802712690,yes,"This video was recorded on June 12, 2025 in Tbilisi, Georgia.  It depicts a crowd reaction to the sentencing of Georgian protester Mate Devidze to 4.5 years in prison for assaulting an officer during a protest against electoral fraud on November 19, 2024.    https://oc-media.org/twenty-one-year-old-georgian-sentenced-to-4-5-years-for-assaulting-police-during-protest/    https://mythdetector.com/en/tbilisi-court-as-footage-from-an-israeli/    https://x.com/JAMnewsCaucasus/status/1933173696354828489    https://www.facebook.com/watch/?v=1740209569904464#:~:text=Chaotic%20scenes%20have%20erupted%20in%20Tbilisi%20City%20Court    https://x.com/Mikiashvili_M/status/1933136109212414174  ",Look at these sacred rats.  They commit genocide for 3 years and freak out over a few bombs https://t.co/bFIy8DZ7d9,4,"The video is high-energy, chaotic, and visually engaging, functioning as the primary content. The tweet text acts as a provocative caption that would typically be on-screen text or a voiceover on TikTok.",misinformation|protest|political_confrontation|georgia|tbilisi|social_media_controversy|viral_video
https://x.com/i/status/2029965316634071375,yes,The video is fabricated or AI-generated; real footage of the USS Theodore Roosevelt passing Malaysian fishermen shows no activity of reeling in a large fish. https://defencesecurityasia.com/en/malaysian-anglers-encounter-uss-theodore-roosevelt-in-strait-of-malacca https://www.nst.com.my/news/nst-viral/2024/08/1084909/nstviral-malaysian-fishermens-close-encounter-massive-us-aircraft,"Imagine yourself reeling in a big one, When out of nowhere, the USS Teddy Roosevelt pulls up https://t.co/KADmtrFwnK",5,"The video is a highly visual, short-form 'spectacle' clip designed for viral engagement, featuring a dramatic musical overlay and minimal reactionary text.",viral_video|misinformation|ai_generated|cgi|military_technology|uss_theodore_roosevelt|fishing|video_edit
https://x.com/i/status/2020625440361332833,yes,"This video shows a WWE Raw entrance, not the TPUSA All-American Halftime Show. The actual event featured Kid Rock, Lee Brice, Gabby Barrett, and Brantley Gilbert, with tributes to Charlie Kirk on video boards. Erika Kirk did not make a stage entrance. https://www.foxnews.com/sports/turning-point-usas-super-bowl-halftime-show-pays-tribute-charlie-kirk","Here’s Erika Kirk entrance at the @TPUSA All-American Halftime Show tonight: 

#SuperBowl 
 https://t.co/xg74FmLBV8",4,"The video is a highly visual, high-energy entrance clip that functions as the primary content, with the tweet text serving as the necessary context/caption that would typically be on-screen text on TikTok.",misinformation|pop_culture|wrestling|super_bowl|tpusa|charlotte_flair|viral_video|sports
https://x.com/i/status/2028546694930129369,yes,"The video shows giant explosions that happened in Tianjin, China, in 2015. This footage has often been falsely attributed to different locations and dates since it was first filmed and posted online.    https://leadstories.com/hoax-alert/2023/06/fact-check-video-does-not-show-explosions-in-china-in-2023-its-from-2015.html","Missile attack has begun.  
Now the whole world will watch Israel being destroyed.
#IranWar https://t.co/dXAAbW2l3c",5,"The video is high-impact, visually engaging footage of a massive explosion that functions as the primary content, fitting the viral style of TikTok perfectly.",viral_video|misinformation|fake_news|middle_east_relations|iran|israel|missile_strike|war_coverage|china|tianjin_explosion
https://x.com/i/status/2027886920391680222,yes,"Video is a simulation, not evidence an F/A‑18 evaded an Iranian &quot;Shahid&quot; missile. The same clip was posted as a simulation showing an F/A‑18 dodging Osa‑AKM missiles and labeled &quot;it's not an actual combat mission.&quot; https://www.instagram.com/reel/DVTlryCESn6",Incredible! 🇺🇸🫡 American jet evades Iranian Shahid missile on February 28th surprise attack! https://t.co/fk8E0SMMjg,5,"The video features vertical formatting, burned-in captions, and fast-paced action that is native to TikTok. The tweet text is minimal and reactionary, serving only to frame the visual content.",misinformation|cgi|digital_combat_simulator|military_technology|iran|visual_effects|fake_news|viral_video
https://x.com/i/status/2012950360974033302,yes,"Neither of the rockets shown are from China, or happened in recent times.    The first clip is from a Russian Proton M rocket failure from 2013, while the second clip is from a failed NASA Antares rocket launch from 2014.    https://www.youtube.com/watch?v=YUhK5vnSigo  https://www.youtube.com/watch?v=MZ0SgAU9LXI","JUST IN🇨🇳🇹🇼 China launches Two military surveillance rockets in one day, both of which fail. https://t.co/yJGkLJRoKH",4,"The video features dramatic, high-impact footage with quick cuts and a focus on visual spectacle, which is highly characteristic of viral TikTok content. The tweet text acts as the necessary context that would typically be presented as on-screen captions on TikTok.",misinformation|fake_news|geopolitics|china|military_technology|viral_video|space_exploration|rocket_launch
https://x.com/i/status/2014357007013208259,yes,"The video shows recovering only a few grams of gold using a hand-held spiral panner, not 1 kg per day as claimed. Typical recreational gold panning yields 0.5-2 grams per day even for experienced prospectors. https://panfortreasure.com/how-much-can-you-make-panning-for-gold",He say's that he gets 1KG of Gold out of the river Everyday 🤑🤑 I might have to change careers https://t.co/zIZTT9gw6s,5,"The video is purely visual, featuring quick cuts, satisfying process-oriented content, and a clickbait claim that functions as the primary hook.",oddly_satisfying|gold_mining|misinformation|viral_video|lifestyle|educational_content
https://x.com/i/status/2017279007373377859,yes,"This is altered, neither men said those words. Full interview with transcript here: https://www.rev.com/transcripts/elon-musk-interview-with-don-lemon    It is true that Lemon never recovered after this, if based on Google searches for &quot;Don Lemon&quot; from January 1, 2024 (this interview was in March), to the end of 2025: https://trends.google.com.au/explore?q=don%20lemon&amp;date=2024-01-01%202025-12-31","Flashback to when Elon Musk completely obliterated Don Lemon.

He never recovered after this. https://t.co/eSyyRuctvZ",5,"The video features vertical framing, rapid cuts, burned-in captions, and dramatic background music, making it indistinguishable from native TikTok content.",ai_generated|misinformation|fake_news|elon_musk|don_lemon|political_commentary|video_edit|social_media_controversy|viral_video
https://x.com/i/status/2024885982815027639,yes,"The video is satire, not a real admission by Joe Biden's granddaughter. It originated on a TikTok satire account in 2022; the woman is not Naomi Biden. Biden has no twin and is not dead/replaced. Fact-checks: https://www.politifact.com/factchecks/2022/sep/08/viral-image/no-isnt-video-joe-bidens-granddaughter-saying-he-d/ https://www.usatoday.com/story/news/factcheck/2022/09/15/fact-check-false-claim-joe-biden-died-four-years-ago/8035358001/ https://factcheck.afp.com/doc.afp.com.32HV9ZG","🚨 Joe Biden Granddaughter Admits He Died And Was Replaced.

So its proven that biden is dead. https://t.co/waJTN8Uyon",5,"The video features a vertical selfie-style confession, quick cuts, burned-in conspiracy graphics, and a narrator's voiceover, making it a quintessential TikTok-native production.",tiktok_repost|misinformation|us_politics|joe_biden|conspiracy_theory|satire|fake_news|video_edit
https://x.com/i/status/2027993665654677977,yes,"The video is from Feb. 11, 2026, showing a rally in Naqsh-e Jahan Square (Imam Square) in Isfahan for the Islamic Revolution anniversary. It predates Khamenei's death and does not depict mourning in Tehran.    https://x.com/Tasnimnews_EN/status/2021525754933297382  https://www.aljazeera.com/gallery/2026/2/11/iranians-mark-47th-islamic-revolution-anniversary-with-nationwide-rallies  https://www.bbc.com/news/live/cn5ge95q6y7t","In Khomeini Square in Tehran, masses of regime supporters are mourning their ""Supreme Leader"". https://t.co/tmm459Oxfy",3,"The video is a visually engaging drone shot of a massive crowd that would perform well on TikTok, though the tweet provides the specific (and in this case, incorrect) political framing.",iran|misinformation|protest|geopolitics|middle_east_relations|fake_news
https://x.com/i/status/2018439407519646065,yes,Ai generated       https://x.com/grok/status/2018636539027193948?s=46&amp;t=fakUuonUM-femOdJAA-iTw ,A camera attached to a mountain goat in the French Alps and the stunning scenery that followed https://t.co/JqNXKvaM9k,5,"The video is purely visual, high-energy content with fast cuts and background music, designed for viral engagement without needing the tweet text to be understood.",ai_generated|misinformation|nature|viral_video|artificial_intelligence|cgi
https://x.com/i/status/2033297376031760441,yes,"The knife unboxed is not a butterfly gamma doppler emerald, it is a butterfly gamma doppler phase 4 and its worth aprox. 2.1k dollars.    https://csgoskins.gg/items/butterfly-knife-gamma-doppler-phase-4    https://steamcommunity.com/sharedfiles/filedetails/?l=english&amp;id=3284341165","JASONTHEWEEN JUST UNBOXED A $10,000 BUTTERLY EMERALD GAMMA DOPPLER ON CS2 ON HIS FIRST CASE 🔥 https://t.co/285oQsyo5r",5,"The video features a high-energy reaction from a popular streamer, uses a split-screen layout, and focuses on a 'hype' moment that is perfectly suited for short-form viral platforms.",gaming|reaction_video|viral_video|cs2|jasontheween|streaming_clip|pop_culture
https://x.com/i/status/2020387896667304080,yes,AI Generated &amp; FAKE Alert: This video is AI-generated.    https://x.com/grok/status/2020441242048335906?s=20,"It doesn’t look like @AI generated video of @realDonaldTrump and @NICKIMINAJ. 

#EpsteinFiles https://t.co/aW2M9dkKxC",5,"The video features fast-paced editing, dramatic background music, and large burned-in captions typical of viral TikTok news style. It is designed to be visually engaging and self-contained, requiring no additional context from the tweet.",ai_generated|misinformation|fake_news|donald_trump|nicki_minaj|celebrity_news|us_politics|viral_video|conspiracy_theory|jeffrey_epstein
https://x.com/i/status/2030359191697695031,yes,Apparently not.  This is old footage from 2021    https://x.com/i/status/2030394009936371819,"Apparently, Hezbollah is targeting the Haifa Refinery in Israel, with a swarm of attack drones. https://t.co/EJWf8tCTwu",4,"The video is the primary content, featuring dramatic, visually engaging footage that would typically use on-screen text or voiceover on TikTok instead of a tweet caption.",misinformation|fake_news|middle_east_relations|israel|military_action|viral_video|geopolitics|war_coverage
https://x.com/i/status/2028743622368063731,yes,"This video is from February 2023, when the House voted 218-211 to remove Rep. Ilhan Omar from the Foreign Affairs Committee. No vote has removed her from Congress; she remains a sitting Representative.    https://www.congress.gov/bill/118th-congress/house-resolution/89    https://apnews.com/article/ilhan-omar-house-committee-vote-0d4b0e0e1b0e4e0e9b0e0e0e0e0e0e0e    https://c-span.org/video/?c5056789/house-votes-remove-rep-ilhan-omar-foreign-affairs-committee",Ilhan Omar has finally been removed from from office thank to republicans vote yes 218-211 vote https://t.co/9CZRXJfAcm,5,"The video is a vertical-format TikTok repost featuring a split-screen reaction, burned-in captions, and a high-energy personal commentary that is native to the platform's style.",tiktok_repost|reaction_video|us_politics|misinformation|political_commentary|ilhan_omar|house_of_representatives
https://x.com/i/status/2013842685140804068,yes,This is footage from Microsoft Flight Simulator and is not a real aircraft with real crew and passengers.     https://en.wikipedia.org/wiki/Microsoft_Flight_Simulator,"First attempt: aborted.
The wind won.
Then the SAA A340 crew tried again…

Watch until the end. https://t.co/I50H2pTTp1",5,"The video is a direct TikTok repost featuring the platform's watermark, high-intensity editing, and 'watch until the end' engagement bait.",tiktok_repost|gaming|cgi|misinformation|microsoft_flight_simulator|aviation|visual_effects
https://x.com/i/status/2013872291847832005,yes,This is a false narrative based on a collection of various pieces of content and distributed primarily on TikTok. There is no material supporting this story.  https://x.com/i/status/2013949998388404273,This is not normal.  Not at all.  I would have done the same thing if someone wanted to rob me. https://t.co/6ZfOgCv5rQ,5,"The video is a pure TikTok repost featuring vertical orientation, burned-in captions, a narrating voiceover, and a TikTok watermark.",tiktok_repost|misinformation|fake_news|viral_video|social_media_controversy|legal_drama
https://x.com/i/status/2019715660885242055,yes,"Videos like this are AI-generated and fictional. Lions inhabit savannas, while gorillas live in forests; their habitats do not overlap, making real fights impossible.    Sources:  https://www.worldwildlife.org/species/lion  https://www.worldwildlife.org/species/gorilla  https://news.mongabay.com/2026/01/wildlife-attacks-and-strange-animal-behavior-fake-images-spark-conservation-concerns","An epic fight between the lion and the gorilla, he was revenging for his kid the lion had eaten 🙂🥺 https://t.co/6y1BWmt6tf",5,"The video is the primary content and is highly visually engaging, featuring a dramatic, fictional animal fight that is typical of viral TikTok 'nature' content. It could be uploaded to TikTok as-is with no additional context needed.",ai_generated|misinformation|nature|cgi|viral_video|artificial_intelligence
https://x.com/i/status/2031134660110016531,yes,"The girl in this video is not sakura and had already been proven that, this account is just engagement farming.    https://x.com/clav0updates/status/2029427016076832830?s=46","Just WEEKS after breaking up with JasonTheWeen, Sakura was caught kissing Streamer Drago on live😳 https://t.co/vobAmBcnjn",5,"The video is a direct screen recording of a livestream featuring high-engagement, drama-focused content that is native to TikTok's entertainment ecosystem. The tweet text acts as a hook similar to a TikTok caption or on-screen text overlay.",viral_video|misinformation|pop_culture|social_media_controversy|celebrity_news|jasontheween|livestream_drama|engagement_farming
https://x.com/i/status/2028598168821059678,yes,"This video is from a June 2025 Israeli strike on Iranian TV, with false subtitles added. The anchor did not say &quot;no bomb can reach us because Allah protects us.&quot; It's unrelated to the 2026 Khamenei death announcement by a tearful male presenter without interruption.    https://www.indiatoday.in/fact-check/story/fact-check-iran-state-tv-was-struck-by-israel-but-did-its-anchor-say-allah-will-protect-her-just-before-2742723-2025-06-18    https://nypost.com/2026/02/28/world-news/iranian-anchor-sobs-on-state-tv-as-he-announces-khamenei-killed-in-criminal-us-israeli-airstrikes","Iranian state TV host: “No bomb can reach us because Allah protects us”

One second later: BOOM 💥 https://t.co/Qt8lTFNEgB",4,The video features a dramatic 'instant karma' style edit with burned-in subtitles and a comedic timing that is highly characteristic of TikTok content.,misinformation|fake_news|iran|israel|military_action|video_edit|viral_video|middle_east_relations|geopolitics
https://x.com/i/status/2017397577889497435,yes,"ROBLOX claims this change aims to help users “express themselves authentically,” but the removal of Classic Faces does the opposite by removing a core part of ROBLOX’s identity and style.    https://gyazo.com/5712606e2860257a01bb7d009182c0ca  https://devforum.roblox.com/t/completing-the-dynamic-head-migration/4301387  https://devforum.roblox.com/t/completing-the-dynamic-head-migration/4301387/11  https://devforum.roblox.com/t/roblox-does-not-care-and-will-not-listen-to-the-community/4312340    The community itself has shown to be opposed to this update as shown below  https://gyazo.com/ca2d3d414ebf4462ab0022b13325a7de  https://devforum.roblox.com/t/completing-the-dynamic-head-migration/4301387/3  https://devforum.roblox.com/t/completing-the-dynamic-head-migration/4301387/6","Classic faces. Dynamic heads. Big things ahead 👀 Hear it from our founder &amp; CEO, @DavidBaszucki https://t.co/zirkM4NvU3",4,"The video features quick cuts, burned-in visual comparisons, and a direct-to-camera address from a CEO, which is a common format for platform updates on TikTok.",roblox|gaming|social_media_controversy|product_update|david_baszucki|digital_avatars
https://x.com/i/status/2030637158399197635,yes,"No. &quot;Newspaper&quot; is simply a compound word from 'news' and 'paper.'    &quot;News&quot; from Old French 'noveles' and medieval Latin 'nova,' which means 'new things.' &quot;Paper&quot; from Ancient Greek 'papyros.'    https://www.etymonline.com/word/newspaper  https://www.oed.com/dictionary/newspaper_n  https://www.merriam-webster.com/dictionary/newspaper  https://dictionary.cambridge.org/us/dictionary/english/newspaper  https://www.politifact.com/factchecks/2019/sep/18/facebook-posts/no-newspaper-isnt-acronym-north-east-west-south-pa/  ","I was today years old when i found out ""newspaper"" mean North, east, west, south, past and present https://t.co/lXb1idMikB",5,"The video is a stylized edit featuring a popular actor (Oscar Isaac) with high-saturation filters and music, which is a native TikTok format. The tweet text acts as a 'hook' caption typical of the platform.",viral_video|misinformation|video_edit|pop_culture|meme|educational_content
https://x.com/i/status/2012008106189111312,yes,Note: This video is AI-generated and does not depict real events. Hospitals prohibit pets in NICUs (Neonatal Intensive Care Units) for infection control. Similar clips are created with AI tools like Kling AI.  https://www.nationwidechildrens.org/family-resources-education/health-and-wellness-and-safety-resources/resources-for-parents-and-kids/nicu-resources/general-information/family-guidelines-in-the-nicu-nscu  https://www.facebook.com/fabiosa.belle/videos/847110884797121  https://wildlife.org/qa-ai-videos-reveal-seeing-should-not-be-believing,"Cats may seem heartless, but they’re magical souls and fierce protectors of the family they love ❤️ https://t.co/9pFgbgQWy1",5,"The video is a compilation of highly emotional, visually engaging clips with a vertical aspect ratio and minimal text, designed specifically for viral social media engagement.",ai_generated|misinformation|viral_video|artificial_intelligence|cats|emotional_content
https://x.com/i/status/2029125814432735591,yes,"According to the Israel Defense Forces and multiple reports, no Israeli fighter jet was shot down. Instead, an Israeli F-35I shot down an Iranian Yak-130 jet over Tehran on March 4, 2026.    https://www.timesofisrael.com/liveblog_entry/israeli-air-force-f-35-shoots-down-russian-made-iranian-fighter-jet-over-tehran    https://www.ndtv.com/world-news/israeli-air-force-f-35-shoots-down-iranian-jet-over-tehran-11167486    https://theaviationist.com/2026/03/04/f-35i-downing-yak-130    https://www.bloomberg.com/news/articles/2026-03-04/f-35-israeli-fighter-jet-downs-first-enemy-plane-in-dogfight","#BREAKING
According to preliminary reports, an Israeli fighter jet was shot down over Lavasan, Iran https://t.co/IcCkpqqRMn",4,"The video is the primary content, featuring high-action visual engagement and a watermark, while the tweet text provides context that would typically be on-screen text on TikTok.",misinformation|iran|israel|military_action|breaking_news|middle_east_relations|digital_combat_simulator|cgi
https://x.com/i/status/2016768486991630815,yes,"This video has an #ad that has not been flagged as such, violating X/Twitter policies.    https://business.x.com/en/help/ads-policies","Speed met a woman with Speed as her last name…
And for a moment, you could see the child in him 🥹❤️ https://t.co/KwM1x87QYB",5,"The video features vertical orientation, rapid cuts, burned-in captions, and background music, making it native TikTok-style content that requires no additional context.",viral_video|tiktok_repost|pop_culture|celebrity_sighting|ishowspeed|video_edit|social_media_controversy
https://x.com/i/status/2026567273461219496,yes,"The price cap falls £117 to £1,641 from April, but the government says the cut mainly reflects removing about £150 of charges from bills shifted to taxpayers, and the cap is still £73 above mid‑2024. https://www.gov.uk/government/news/your-energy-bill-from-april-whats-changing","Today the energy price cap has dropped by £117.

We said we’d bring energy bills down - we meant it. https://t.co/3WPvZizP13",4,"The video uses vertical framing, quick cuts, and burned-in captions typical of TikTok, though the tweet text provides the primary context.",uk_politics|keir_starmer|labour_party|political_address|energy_bills|cost_of_living
https://x.com/i/status/2016925962328559792,yes,"The video is AI-generated, not real footage. No F-47 (Boeing NGAD sixth-gen fighter) test flights have occurred; first flight is planned no earlier than 2028 per USAF statements.    https://www.af.mil/News/Article-Display/Article/3700000/next-generation-air-dominance/    https://www.defensenews.com/air/2025/05/15/boeing-wins-ngad-contract-f-47-designation-expected/    https://breakingdefense.com/2025/03/usaf-ngad-timeline-first-flight-2028/",Next-generation F-47 fighter jets spotted during test flights over the Nevada desert (January 2026). https://t.co/sd6j8oF02L,5,"The video is purely visual, high-impact content designed for viral engagement, featuring quick cuts and dramatic sound effects that would fit perfectly on TikTok without any modification.",ai_generated|misinformation|military_technology|cgi|visual_effects|viral_video|fake_news|artificial_intelligence
https://x.com/i/status/2013808669650026834,yes,The video is AI-generated and falsely depicts Michael Jordan calling Tim Duncan the best leader; Jordan praised Duncan as the &quot;most fundamental all-around big man&quot; but made no such leadership claim. https://www.mysanantonio.com/sports/spurs/article/michael-jordan-tim-duncan-video-17307775.php https://www.basketballnetwork.net/old-school/michael-jordan-saw-tim-duncans-potential-early-dont-sleep-on-him,Michael Jordan calls Tim Duncan the best leader! Greatness recognizes greatness! MJ and TD are the 🐐🐐 https://t.co/Nxpecmuaax,5,"The video is a direct TikTok repost featuring vertical orientation, burned-in captions, and a quick-cut montage style that is native to the platform.",tiktok_repost|ai_generated|misinformation|sports|michael_jordan|tim_duncan|basketball|fake_news
https://x.com/i/status/2016031419617931644,yes,The video clip is not recent. It is from Elon Musk visiting Trump at Bedminster in March 2025.     https://x.com/mikecrispi/status/1903254313889136895?s=46,"BREAKING:

President Trump and Elon Musk seen together. 

The buds are back together. We are so back. https://t.co/6XIoF5WaJy",5,"The video is vertical, features high-profile celebrities in a candid setting, and uses a popular music track, making it perfectly suited for TikTok's format and algorithm.",viral_video|us_politics|donald_trump|elon_musk|celebrity_sighting|pop_culture|political_commentary
https://x.com/i/status/2028854712678707321,yes,Nothing can be “imminent” for 47 years.  https://www.merriam-webster.com/dictionary/imminent,"Iran has been an imminent threat to the United States for 47 years.

The president was right to act. https://t.co/5e7ZdI53eW",2,"This is a traditional cable news segment from Fox News with a descriptive tweet, where the video serves as supplementary evidence for a political statement.",us_politics|iran|middle_east_relations|military_action|political_commentary|fox_news|tom_cotton|donald_trump|geopolitics|foreign_policy
https://x.com/i/status/2017962325601288581,yes,Manchester United did not travel to London for Sunday’s 3-2 win over Fulham as it was played at their home stadium of Old Trafford.     https://www.manutd.com/en/matches/first-team/2025-26/all,"🚨 The United squad spotted taking the train to London ahead of their fixture against Fulham on Sunday.
https://t.co/hODdEeWyBC",4,"The video is the primary content and visually engaging, using the tweet text to provide context that would typically be on-screen text or a voiceover on TikTok.",sports|manchester_united|football|celebrity_sighting|misinformation|viral_video|pop_culture
https://x.com/i/status/2028492390302945420,yes,This is not Sydney Airport. This episode happened at the American Airlines counter in Santiago in Chile on 21 February 2025.  It has never been reported that his is a New Zealander. The person had also engaged in the same behaviour previously in 2024.     https://www.dailymail.co.uk/news/article-14456777/hammer-wielding-passenger-smashes-airport-counter-repeat-rampage.html  https://www.aviacionline.com/violent-incident-at-santiago-airport-raises-security-concerns,"Australia is enriched by random African. 🇦🇺

Yet authorities called him a “24-year-old New Zealander.” https://t.co/eI6xFX5Gwl",5,"The video is a direct TikTok repost featuring a vertical aspect ratio, a TikTok watermark, and burned-in text overlays that serve as the primary content.",tiktok_repost|misinformation|viral_video|fake_news|airport_security|vandalism|australia
https://x.com/i/status/2033016226977358286,yes,"Context: This video is an edited CGI mashup similar to those from TikTok @space735, combining simulated Moon and Mars footage. It does not show a real current space event.    No lunar landings are happening in March 2026; upcoming missions are listed here.    https://www.space.com/space-exploration/moon-landings-asteroid-missions-and-new-telescopes-here-are-the-top-spaceflight-moments-to-look-forward-to-in-2026    https://www.tiktok.com/@space735","👀 Wait… did you just see this?! 😱
This video is raising a lot of questions right now. What do you think? https://t.co/3H2Q1FdLsw",5,"The video features high-intensity CGI, quick cuts, and dramatic music typical of TikTok-native content, and it even includes a TikTok watermark from the original creator.",cgi|visual_effects|tiktok_repost|space_exploration|misinformation|fake_news|viral_video
https://x.com/i/status/2029047547189444697,yes,Ai video https://x.com/grok/status/2029069036961554506?s=46,🔧🤔 Have you ever changed a water pump or starter or worked on your car before? Something seems off here… https://t.co/PpVsX56awP,5,"The video is the primary content, featuring a vertical aspect ratio, burned-in emojis, and a visually engaging, surreal hook that is native to TikTok's style.",ai_generated|misinformation|viral_video|cgi|space_exploration|visual_effects
https://x.com/i/status/2033473658191024162,yes,"The footage appears to depict a fire caused by a drone striking a fuel tank near Dubai International Airport, rather than a plane crash. News reports from Reuters and The National confirm it was a drone incident on March 16, 2026, leading to temporary flight disruptions.    https://www.reuters.com/world/middle-east/fire-breaks-out-vicinity-dubai-international-airport-after-drone-attack-dubai-2026-03-16    https://www.thenationalnews.com/news/uae/2026/03/16/fire-near-dubai-airport-after-drone-strike-hits-fuel-tank",Dubai: A plane crash into an oil tank. Information about the consequences and victims is being clarified. https://t.co/8KUOsf5ndl,4,"The video features a dramatic, visually engaging scene with music overlaid, which is typical of TikTok content. The tweet text provides the context that would usually be found in on-screen captions or a voiceover.",viral_video|misinformation|dubai|breaking_news|middle_east_relations|drone_strike
https://x.com/i/status/2028433236125479237,yes,"This is NOT AI generated. This is one of the trailers for World of Warcraft's newest expansion, &quot;Midnight&quot;.    https://youtu.be/Soq6g3dL1Ys?si=6FyMHjVnv1x7qzs_","Hollywood better start paying attention.

This anime scene came together in minutes using Seedance 2.0. https://t.co/oGSEMpMZ5C",4,"The video is the primary content and features high-intensity visual action that would thrive on TikTok, though the context provided in the tweet text would typically be on-screen text on TikTok.",misinformation|ai_generated|gaming|world_of_warcraft|cgi|visual_effects|pop_culture
https://x.com/i/status/2028457497363718224,yes,"The US and Israel's combined forces did in fact &quot;pre-emptively&quot; strike Iran first, while talks were in progress.    https://www.reuters.com/world/middle-east/israel-says-it-launched-pre-emptive-attack-against-iran-2026-02-28/","NOW – Secretary of War Hegseth: ""We didn't start this war, but under President Trump we will finish it."" https://t.co/JGXEhH88iI",2,This is a traditional press conference clip shared on social media with a descriptive tweet providing the essential context of the speaker and quote.,us_politics|middle_east_relations|iran|geopolitics|military_action|donald_trump|political_address|foreign_policy|war_coverage
https://x.com/i/status/2019817632594292773,yes,"The video is a computer-generated animation, not real footage. White rice cannot germinate because processing removes the embryo needed for growth.    https://www.gardeningknowhow.com/edible/grains/rice/how-to-grow-rice.htm  https://permies.com/t/54001/rice-supermarket-grow  https://www.youtube.com/shorts/c1tcaqU-FXY","Have you ever seen rice growing?

This 16 day timelapse show you what happens to a grain of rice in water.
https://t.co/C6CIVsVLUz",5,"This is a visually engaging, short-form timelapse video that functions as the primary content and would fit perfectly on TikTok's 'oddly satisfying' or educational feeds.",ai_generated|cgi|misinformation|oddly_satisfying|nature|educational_content|viral_video
https://x.com/i/status/2014820676964622584,yes,There is no evidence Dabo Swinney or Clemson illegally paid players. Swinney has historically opposed professionalizing college football through NIL and has recently criticized the transfer portal for issues regarding tampering. https://www.espn.com/college-football/story/_/id/39149249/dabo-swinney-clemson-scathing-rebukes-resonated-clemson-coaches-country,"It’s so funny watching Dabo, who illegally paid players for years, complain about the transfer portal

   https://t.co/DeZc9ODAIH",2,"The video is a standard press conference clip with no visual edits or TikTok-style formatting, and the tweet text provides the primary context for the user's commentary.",sports|college_football|dabo_swinney|clemson_tigers|sports_commentary|misinformation|social_media_controversy
https://x.com/i/status/2019366040480985195,yes,"The email displayed in the video has been digitally altered. The original email in the Epstein files released by the DOJ does not include mention of World War 3 or Feb 8, 2026.    https://www.justice.gov/epstein/files/DataSet%2010/EFTA01914490.pdf",🚨 2018 email released in the Epstein files outlines a plan to initiate WW3 during the Super Bowl on Sunday https://t.co/3REhHSc1Ur,5,"The video features AI-generated visuals of a stadium explosion with dramatic music and a high-contrast overlay of a document, a style designed for viral engagement and quick consumption.",ai_generated|misinformation|conspiracy_theory|jeffrey_epstein|super_bowl|fake_news|cgi|viral_video
https://x.com/i/status/2016342644360991207,yes,"This was an in-arena promotional stunt referencing the Jurassic Park film series, not a cybersecurity hack. No security breach was reported during the 76ers game.    https://onpattison.com/news/2026/jan/27/the-sixers-did-an-in-arena-jurassic-park-promo-and-the-nbc-broadcast-terrified-everyone  https://news.ssbcrack.com/nbc-broadcast-misinterprets-sixers-jurassic-park-promo-as-emergency-during-game","🚨 The Philadelphia 76ers stadium was just hacked, with a strange message being displayed across the Arena. https://t.co/0Qqowt0ysI",4,"The video is a highly engaging, fast-paced clip of a live event with dramatic visual effects that would perform well on TikTok; the tweet text serves as the primary hook/context.",viral_video|misinformation|sports|pop_culture|visual_effects|philadelphia_76ers|jurassic_park
https://x.com/i/status/2015260737753448759,yes,This video is from a 2024 Instagram Live and is not a new response to the recent Kai Cenat/DJ Akademiks/Gigi drama. NBA YoungBoy does not mention any of them in the video     https://youtu.be/MUNQ1xidXl0?si=MmCqQknUOpUTuhd8  ,"NBA YoungBoy GOES off on Kai Cenat, DJ Akademiks, and Gigi for bringing his name up in there situation 😳💀💀 https://t.co/GGVIlqdPf2",4,"The video is a vertical, self-recorded clip typical of social media platforms like TikTok, though the context is provided via the tweet text rather than on-screen captions.",misinformation|pop_culture|social_media_controversy|celebrity_news|nba_youngboy|kai_cenat|dj_akademiks
https://x.com/i/status/2030406121828291001,yes,"Video of the planes being painted is AI, in the first part the hose the guy on the left is dragging around suddenly becomes longer, in the 2nd part it makes no sense for the guy to be making those lines, also there's a litleral made with AI tag below the post.    https://x.com/Jvnior/status/2030406121828291001?s=20","Iran are playing with israel

They don't know they're striking at cardboard dummies, each one costing $100. https://t.co/3fPx8hPC1O",5,"The video features quick cuts, dramatic audio, and visually engaging content that is entirely self-contained, making it perfectly suited for TikTok's native format.",ai_generated|misinformation|iran|israel|military_technology|geopolitics|fake_news|visual_effects
https://x.com/i/status/2017006252971237697,yes,"The footage shows gameplay from Clair Obscur: Expedition 33, a 2025 turn-based RPG developed by Sandfall Interactive, and is not generated by Google's Genie 3 AI model.  https://en.wikipedia.org/wiki/Clair_Obscur:_Expedition_33  https://deepmind.google/blog/genie-3-a-new-frontier-for-world-models","Is it the end of the gaming industry?

A video game created with Google’s Genie 3

https://t.co/oGdYcBI4GQ https://t.co/Xz7iCVLXro",4,"The video is the primary content and features fast-paced, visually engaging gameplay that would fit well on TikTok, though it relies on the tweet text for its misleading context.",gaming|misinformation|ai_generated|artificial_intelligence|social_media_controversy|video_gameplay|clair_obscur_expedition_33
https://x.com/i/status/2015702758590968211,yes,This video is a satirical skit from TikTok and not a real incident of a doctor refusing care to a patient for being a Trump supporter.    https://leadstories.com/hoax-alert/2025/02/fact-check-patient-gets-denied-healthcare.html  https://www.tiktok.com/@thomasgibson31,"Doctor refuses to see patient because he is a Trump Supporter

INSANE.

She should be struck off for this. https://t.co/QfhpjhiDrz",5,"The video is a vertical, staged satirical skit originally created for TikTok, where the visual performance and dialogue are the primary content.",tiktok_repost|satire|misinformation|fake_news|us_politics|donald_trump|political_confrontation|viral_video
https://x.com/i/status/2016452047525261502,yes,"The person caught in this crypto mining operation was Nadeam Nahas, a Massachusetts man of Lebanese descent, not an Indian national. He was charged in February 2023 for operating the rig in a Cohasset school crawlspace. https://abcnews.go.com/US/massachusetts-man-charged-after-hiding-cryptocurrency-mining-rig/story?id=97440173",a indian guy has been caught secretly mining crypto underneath the school building where he was working at https://t.co/1dEEEBZ4Nc,2,"This is a traditional local news broadcast clip shared on social media with a descriptive tweet; it lacks the vertical format, quick cuts, or native editing typical of TikTok.",breaking_news|misinformation|cryptocurrency|crime_report|massachusetts|social_media_controversy
https://x.com/i/status/2030740958812295548,yes,"The FDA does not allow any human meat or DNA in food. The &quot;6%&quot; claim misinterprets a 2016 study finding trace human DNA (likely from hair/skin during handling) in one burger sample, not meat or an allowance. Human meat in fast food claims are hoaxes.    https://www.truevaluemetrics.org/DBpdfs/Food/ClearLabs/ClearLabs-Hamburger-Report-2016.pdf https://apnews.com/article/archive-fact-checking-9233643423 https://www.reuters.com/article/fact-check/mcdonalds-human-meat-claims-stem-from-satire-article-idUSL2N2NT1SV",6% human meat is FDA’s allowable percentage of human meat in fast food burgers! WHO the hell made that law? https://t.co/4glrBdjITc,5,"This is a native TikTok repost featuring a vertical 'story-style' video with a creator speaking directly to the camera, including a TikTok watermark and username.",tiktok_repost|misinformation|conspiracy_theory|fake_news|social_media_controversy|fast_food|mcdonalds
https://x.com/i/status/2028540944656556350,yes,"This is an old video of a commercial satellite launch in Japan, not a missile. This is from over 1 year ago.     https://www.reddit.com/r/interesting/comments/1gja456/omg_imagine_seeing_this_out_of_your_plane_window/",🚨 MUST WATCH: Stunning footage captures a ballistic missile streaking past a passenger aircraft mid-flight. https://t.co/jbBbzQV2VK,5,"The video is the primary content, featuring a visually stunning and rare perspective that is highly engaging and would go viral on TikTok as-is. The tweet text acts as a simple caption for the visual spectacle.",viral_video|misinformation|space_exploration|aviation|rocket_launch|japan|geopolitics
https://x.com/i/status/2031370276827517424,yes,"Reform UK candidates pledged to lower or freeze council tax in local election leaflets and materials.    https://electionleaflets.org/leaflets/21114    Reform-led councils have since proposed increases, e.g. 4.99%-9%.    https://www.theguardian.com/politics/2026/jan/09/reform-uk-accused-of-betraying-election-pledges-after-council-tax-rises    https://www.bbc.com/news/articles/c7439dem0wgo","Nigel Farage corrects the incorrect @BethRigby on council taxes

The MSM cannot deal with Reform’s success

https://t.co/aSsJZGHLRk",2,"This is a traditional media clip from a news interview shared on social media with descriptive text providing political context, rather than a vertical or edited TikTok-native format.",uk_politics|nigel_farage|reform_uk|political_confrontation|media_criticism|political_commentary|misinformation
https://x.com/i/status/2012919217813586315,yes,This is AI generated video. Not a real one.  Source : grok.com,"An electrician destroyed a nest with baby birds inside, and this man did everything he could to save them…… https://t.co/TuLDUAMUAj",5,"The video features a vertical aspect ratio, emotional background music, burned-in captions, and a dramatic narrative structure typical of viral TikTok content.",ai_generated|misinformation|animal_rescue|nature|viral_video|artificial_intelligence|cgi
https://x.com/i/status/2033651007792566625,yes,"This video appears to show a 2020 fire at a market in Ajman, UAE, not the 2026 incident at Dubai Airport. A drone did strike a fuel tank near DXB on March 16, 2026, causing a fire.    https://www.reuters.com/article/us-emirates-blaze-idUSKCN2512JS    https://www.aljazeera.com/video/newsfeed/2026/3/16/fire-erupts-at-dubai-airport-following-drone-attack",The closest video footage from the site of the burning fuel tanks at Dubai International Airport (DXB). 🔥✈️ https://t.co/MOoYIMScoq,4,"The video is a highly engaging, first-person perspective of a dramatic event that would thrive on TikTok; the tweet text provides the context that would typically be on-screen text or a voiceover.",misinformation|viral_video|dubai|breaking_news|uae|fire_incident|ajman|fact_check
https://x.com/i/status/2013069228610654410,yes,"Additional context: The video shows pumping from two nozzles at the same time, not day vs night. The difference day vs night is overstated, as fuel is stored underground at stable temperatures, making any effect negligible.    https://www.consumerreports.org/cars/fuel-economy-efficiency/do-you-get-less-gas-filling-up-during-hottest-part-of-day-a4921113017    https://www.khou.com/article/travel/gas-mileage-myths-claims-fact-checking/285-f7c3719f-30a0-4c75-a60b-b2280b89dc5e    https://www.wbrc.com/2024/10/11/aaa-debunks-gas-saving-misconceptions-warns-against-panic-buying","The fuel you pump during the day is not the same fuel you pump at night, and the reason is pure physics ⛽️📉 https://t.co/nw1ztRvzAz",5,"The video features burned-in captions, a vertical format, and a 'life hack' style presentation that is native to TikTok. The tweet text is minimal and reactionary, serving only to frame the visual content.",viral_video|misinformation|tiktok_repost|life_hack|educational_content|debunked
https://x.com/i/status/2027848629776740764,yes,Cristiano Ronaldo isn’t involved in this clip. He had already been substituted off the pitch in the 81st minute.     Source: https://www.transfermarkt.co.uk/spielbericht/index/spielbericht/4750183,"RONALDOOOOOOOOOOOOOOOO!!!!!!!!!!! WHAT A GOAL!!!!!!!!!! BEAUTIFUL COMBINATION WITH FELIX!!!!!!!!!!!!!! 🔥🔥🔥

https://t.co/NZUsEkeTfq",4,"The video is a high-energy sports highlight where the tweet text acts as the primary commentary and emotional hook, a format that is very common on TikTok.",sports|misinformation|football|cristiano_ronaldo|joao_felix|viral_video|sports_commentary
https://x.com/i/status/2011454072273150413,yes,This video was recorded by Vincent Ledvina and was used against his will.     https://x.com/vincent_ledvina/status/2011498922003530149?s=46  ,A man in Alaska recorded the view of the northern lights from his cabin and the video is simply spectacular. https://t.co/nAclfzxkJB,5,"The video is purely visual, high-impact content that functions as the primary draw. It is a spectacular nature clip that would go viral on TikTok with no changes needed.",nature|northern_lights|alaska|viral_video|oddly_satisfying|stolen_content
https://x.com/i/status/2020392840761598006,yes,"The video depicts a 2022 accidental fire at a Coptic church in Giza, Egypt, caused by a faulty air conditioner, not a recent attack by Muslim extremists on a neighborhood in Cairo. https://en.wikipedia.org/wiki/Giza_church_fire https://www.reuters.com/world/africa/lest-35-killed-egyptian-church-fire-security-sources-say-2022-08-14","Attention Tucker Carlson.   Muslim extremists set fire to a Coptic Christian neighborhood in Cairo,  Egypt. https://t.co/kbXjS5d4yR",4,"The video is a raw, vertically-oriented eyewitness recording of a dramatic event that is highly engaging on its own; the tweet text provides the narrative context that would typically be on-screen text or a voiceover on TikTok.",misinformation|fake_news|middle_east_relations|egypt|religious_conflict|viral_video|breaking_news
https://x.com/i/status/2029383327770100138,yes,"This video shows a missile strike on Tel Aviv from June 2025, not the current March 2026 attacks by Iran on Israel.    June 2025 source: https://www.aljazeera.com/video/newsfeed/2025/6/13/projectile-hits-central-tel-aviv-amid-warning-of-iranian-retaliation    March 2026 source: https://www.reuters.com/video/watch/idRW957428022026RP1","🚨 URGENT:

Tel Aviv is burning! Direct Iranian missile strikes captured on camera in the center of the city!"" https://t.co/S7UCryaxWX",4,"The video is a short, high-impact clip of a dramatic event that is highly visually engaging and would easily go viral on TikTok with minimal editing. The tweet text serves as the primary context provider, which on TikTok would likely be replaced by on-screen captions or a voiceover.",misinformation|middle_east_relations|iran|israel|missile_strike|war_coverage|geopolitics|breaking_news|tel_aviv
https://x.com/i/status/2027172417844760977,yes,As can be seen in the very video posted: Bill stops because he's looking at the window display of the store before entering it    https://x.com/i/status/2027172417844760977,Watch how Bill walks and just stops in the middle of the sidewalk. He must have whatever Joe has. Sad people. https://t.co/TO3uX4s357,5,"The video is a vertical Instagram/TikTok repost featuring burned-in captions, a watermark, and a quick-cut edit of a celebrity sighting, making it native social media content.",tiktok_repost|bill_clinton|hillary_clinton|celebrity_sighting|us_politics|misinformation|new_york_city|social_media_controversy
https://x.com/i/status/2030377517308121474,yes,"This quote is fake. In the interview, Rihanna discussed father-daughter bonds. She then stated she wasn’t ready for more children while physically recovering. She never claimed a daughter would limit her time with Rocky. She actually said she wanted a girl in the future.      https://youtu.be/cCkcgQsWkc4?si=TodQRANzjTXojr4f","““Having a baby girl right now would mean losing access to Rocky… and I’m not ready for that yet.” 😳

-Rihanna https://t.co/5eHm9CtWx1",4,"The video is a short, engaging celebrity interview clip where the tweet text acts as the primary hook and context, a format very common on TikTok.",pop_culture|celebrity_news|rihanna|misinformation|fake_news|social_media_controversy|viral_video
https://x.com/i/status/2027996606289551437,yes,"The video is footage from Qasem Soleimani's funeral procession in Tehran on January 6, 2020, not recent mourning in Isfahan for Ayatollah Khamenei's death.    https://www.vishvasnews.com/english/world/fact-check-viral-video-of-qassem-soleimanis-funeral-misrepresented-as-a-rally-held-in-support-of-irans-current-government    https://www.newsmobile.in/nm-fact-checker/verified-2020-video-falsely-shared-as-pro-government-rally-during-iran-protests    https://www.youtube.com/watch?v=43X_uGfaocU","🚨🇮🇷 Huge outpouring of grief in Isfahan, Iran, over the death of Ayatollah Khamenei 

https://t.co/xasGZCjwyH https://t.co/33DKNdoZmz",4,"The video is a visually striking, high-impact aerial shot designed for viral engagement, where the tweet text serves as the necessary context that would typically be an on-screen caption on TikTok.",viral_video|misinformation|fake_news|iran|geopolitics|middle_east_relations|protest|breaking_news
https://x.com/i/status/2028622611639304357,yes,The IRGC claim of 650 US soldiers killed/wounded in the first two days is unverified and contradicted by official reports. US Central Command states 6 US service members killed and about 18 seriously wounded so far in Operation Epic Fury.    https://www.centcom.mil https://www.reuters.com https://www.cnn.com/2026/03/02/politics/six-soldiers-killed-in-iranian-strike-kuwait https://www.nytimes.com/2026/03/02/world/middleeast/us-military-death-toll-iran.html,"JUST IN: 650 American soldiers have been killed and wounded in the first two days of the war.

RGC Spokesman
https://t.co/TY642Z9OhD",4,"The video features fast-paced editing, dramatic music, and burned-in subtitles, making it highly engaging and suitable for TikTok, though it relies on the tweet for full context.",misinformation|iran|military_action|geopolitics|middle_east_relations|war_coverage|missile_strike|video_edit
https://x.com/i/status/2012218660186656954,yes,"European troops, including 15 from Germany, began arriving in Greenland in January 2026 for a symbolic NATO mission. The video used in this post is unrelated footage from a July 2025 TikTok showing UK forces at London Pride. https://www.tiktok.com/@ciaris_chiaraa/video/7523917667003157782 https://www.dw.com/en/germany-sends-troops-to-greenland-for-symbolic-nato-mission/video-75544825","🇪🇺🇬🇱 Troops from France, Germany, Sweden, Finland, Norway, &amp; the Netherlands begin arriving in Greenland.

 https://t.co/B1OTgsFGBj",5,"The video is a vertical, mobile-recorded clip of a parade that was originally posted to TikTok, functioning as self-contained visual content.",misinformation|tiktok_repost|geopolitics|military_action|fake_news|london_pride|uk_forces|greenland
https://x.com/i/status/2028886852669714617,yes,He enlisted knowing we were at war. He volunteered for 3 tours over 8 years. He said “I thought I could do some good. And I wanted to play soldier.”    https://en.wikipedia.org/wiki/Graham_Platner,".@SenatorCollins: you voted to send me to Iraq.

Did you learn anything from that experience?

Anything at all? https://t.co/FLcezGwd1V",5,"The video is a vertical, self-recorded monologue with burned-in captions and quick cuts, making it perfectly suited for TikTok's native format.",us_politics|political_commentary|middle_east_relations|iran|israel|donald_trump|jeffrey_epstein|political_campaign|foreign_policy
https://x.com/i/status/2025760101747790219,yes,This video is from Feb. 2nd. It does not show current footage or information regarding the whereabouts of President Sheinbaum Pardo.    https://www.facebook.com/share/1Gbg987Jbr/,"Security forces opted to move President Sheinbaum 🇲🇽 to a ship at sea, away from the possibility of an attack.
 https://t.co/uTMEZzFH9h",2,"The video is traditional military/news footage used to support a specific political claim in the tweet, lacking the native editing or visual style typical of TikTok.",misinformation|mexico|claudia_sheinbaum|military_technology|aviation|geopolitics|breaking_news
https://x.com/i/status/2018194609009242131,yes,"This is a debunked tourist trick. The Coriolis effect is far too weak to influence water in small containers, especially at the equator where it's weakest. The spin direction is created by how the water is poured or the container is moved, not by crossing the equator line. https://www.gadventures.com/blog/busted-top-3-equator-line-tricks-debunked/","Standing at latitude 0° in Ecuador,
Wait till you see how the water is changing direction right in the Equator. https://t.co/ceGmTFrm9p",5,"The video is a self-contained, visually engaging demonstration with a 'magic trick' or 'science experiment' hook that is native to TikTok's short-form style.",viral_video|misinformation|educational_content|ecuador|science_experiment|travel_hacks|debunked
https://x.com/i/status/2013793747427791315,yes,"While Kamchatka, Russia, experienced its heaviest snowfall in over 50 years in January 2026 with drifts up to 5 meters burying cars and lower building floors, the video is AI-generated and exaggerates the snow coverage.    https://www.reuters.com/business/environment/record-snow-fall-russian-far-east-sows-fun-frustration-massive-drifts-2026-01-19  https://www.yahoo.com/news/articles/snow-buries-russias-kamchatka-peninsula-201717572.html","Kamchatka, Russia recorded the heaviest snowfall in 30 years with it reaching as high as 5 meters in some areas https://t.co/obyxN1j45D",5,"The video is a purely visual, AI-generated spectacle with high engagement value and background music, designed to go viral as-is on platforms like TikTok.",ai_generated|misinformation|viral_video|nature|cgi|russia|weather_phenomena
https://x.com/i/status/2016628759806230814,yes,"Spanish scientists at CNIO led by Mariano Barbacid achieved complete elimination of pancreatic tumors specifically in mice, not rats. The study used a triple therapy of inhibitors that showed no resistance or tumor regrowth in the animal models.    https://www.cnio.es/noticias/el-grupo-de-barbacid-en-el-cnio-elimina-tumores-de-pancreas-en-ratones-por-completo-y-sin-que-aparezcan-resistencias","🔥🚨BREAKING NEWS: Spanish Scientists Have Officially Cured Pancreatic Cancer in Rats. This is groundbreaking. 

 https://t.co/aJ60WBFFE5",2,"The video is a traditional news interview and press conference segment with a formal, horizontal layout and professional presentation. It functions as a standard media clip rather than native TikTok-style content.",breaking_news|medical_research|cancer_treatment|scientific_discovery|spain|educational_content
https://x.com/i/status/2029414852935204875,yes,"This video shows damage to the USS Fitzgerald from its 2017 collision with a container ship off Japan, not a recent Iranian missile attack in the Mediterranean. Major news outlets report ongoing US-Iran conflicts but no such attack on a US destroyer.    https://en.wikipedia.org/wiki/USS_Fitzgerald_and_MV_ACX_Crystal_collision  https://apnews.com/article/iran-israel-us-march-04-2026-e1c316da4ce809407122590a6872aa85  https://foxnews.com/live-news/us-iran-israel-war-latest-march-4",JUST IN🇮🇷❌🇨🇾🇺🇸🔥 An American Destroyer attacked by 4 Iranian missiles in Cyprus territories and Mediterranean Sea. https://t.co/adhLxPtvi8,4,"The video uses a dramatic, high-energy musical overlay and repetitive visual loops typical of TikTok 'war edit' content, though it relies on the tweet text for context.",misinformation|fake_news|iran|military_action|geopolitics|middle_east_relations|missile_strike|video_edit
https://x.com/i/status/2018448079410565390,yes,"The Olympic Middle School principal was not fired and issued a statement that the anti-ICE walkout was student-led, not sanctioned or encouraged by the school. https://olympic.auburn.wednet.edu/our-school https://komonews.com/news/local/auburn-mayor-reacts-to-student-protest-hundreds-of-auburn-students-rally-at-city-hall-in-statewide-protest-over-ice-enforcement https://thepostmillennial.com/mom-yanks-daughter-out-of-anti-ice-walk-out-at-washington-state-middle-school","‼️UPDATE ON THE MOM WHO TOOK HER CHILD OUT OF SCHOOL BECAUSE OF THE “PROTESTS”. 

🤩👏🏼 THE PRINCIPAL WAS FIRED!!! https://t.co/2EHDMKKSn4",5,"The video is a pure TikTok repost featuring a vertical orientation, burned-in captions, and a reaction-style format where the creator speaks directly to the camera.",tiktok_repost|misinformation|protest|social_media_controversy|political_commentary|reaction_video|us_politics|education_system
https://x.com/i/status/2021264929487978609,yes,"This 2022 Tonight Show clip shows Taylor Swift describing a casual gathering at Jimmy Fallon's home with friends (including Mike Birbiglia and Jack Antonoff) where pizza was served. Fallon and Swift called it a &quot;pizza party&quot; in a literal, innocent sense.    https://www.youtube.com/watch?v=T2F4iP2ocBo  https://www.tiktok.com/@fallontonight/video/7176751911406751019",Does Taylor Swift and Fallon have some explaining to do??? Have u ever called a party a 🍕 party as a grown adult? https://t.co/6n3meOl5fb,5,"The video is a native TikTok-style production featuring vertical orientation, burned-in captions, quick cuts, and a reaction-style commentary format that is self-contained.",tiktok_repost|pop_culture|conspiracy_theory|celebrity_news|taylor_swift|jimmy_fallon|misinformation|social_media_controversy|political_commentary
https://x.com/i/status/2028510156808503560,yes,"The video is from the Lahore High Court in Pakistan, not Birmingham City Council in England.    https://www.pakistantoday.com.pk/2026/03/02/chaotic-scenes-at-lhc-bar-election-as-lawyers-engage-in-violent-fight    (The poster may intend the post as a joke but the replies indicate that many are taking it literally.)",Fights erupted at a council meeting at Birmingham City Council after a councillor was caught eating during Ramadan https://t.co/jcW2q3Z67M,4,"The video is a short, chaotic, and visually engaging clip that relies on the tweet text for context, a format that mirrors TikTok's use of on-screen captions for storytelling.",misinformation|viral_video|fake_news|political_confrontation|pakistan|uk_politics|satire
https://x.com/i/status/2021461283015668122,yes,"The video shows a glacier in Patagonia, South America, not Antarctica; the streamer explicitly states &quot;Patagonia&quot; in the footage. https://www.benzinga.com/markets/tech/26/02/50532343/elon-musks-antarctica-livestream-via-starlink-claim-gets-fact-checked-by-his-own-x-community-notes https://timesofindia.indiatimes.com/technology/social/elon-musk-shares-video-claiming-live-streamed-from-antarctica-using-starlink-gets-corrected-this-stream-is-not-/articleshow/128155166.cms","NEW 🧊 For the first time in history—due to Starlink—someone live streamed the legendary ""ice wall"" in Antarctica. https://t.co/fyyw3hrxDj",4,"The video is visually engaging and primary to the post, featuring a live-streamed adventure format that is highly popular on TikTok, though it relies on the tweet for its specific (misleading) context.",viral_video|misinformation|nature|elon_musk|conspiracy_theory|social_media_controversy|patagonia|starlink
https://x.com/i/status/2018540841598689740,yes,"The altercation occurred on a public road during a student walkout protest, not at a school, and involved a juvenile protester and an adult motorist, not students assaulting a teacher. https://www.kxan.com/news/local/buda/fight-breaks-out-at-student-led-protest-on-rm-967-in-buda https://kdhnews.com/news/texas/students-protest-leads-to-altercation-at-buda-high-school/article_b694471d-5f35-5012-be08-8c5f4b2c3d42.html","Students Assault Teacher in Chaotic Anti-ICE Walkout at Austin Area School  

These 'walkouts' are way out of hand
https://t.co/ownS5BYcRt",5,"The video is a raw, vertically-filmed, high-energy street confrontation that serves as the primary content, fitting perfectly with TikTok's viral eyewitness and protest video trends.",viral_video|misinformation|protest|activism|social_media_controversy|political_confrontation|texas|student_walkout
https://x.com/i/status/2028502811122774336,yes,This video is AI generated    https://www.bbc.com/future/article/20251031-the-number-one-sign-you-might-be-watching-ai-video,JUST IN🇮🇷❌🇮🇱 Israeli billionaires belong to richest family on earth are currently suffering Iran's Latest Attacks. https://t.co/Kiab0dnWeT,5,"The video is highly visual and sensational, designed for immediate engagement and viral sharing without requiring external context. It uses AI-generated imagery to create a cinematic, high-impact scene typical of native social media content.",ai_generated|misinformation|fake_news|iran|israel|middle_east_relations|visual_effects|artificial_intelligence|viral_video
https://x.com/i/status/2014075014803259463,yes,"There are no credible sources that showed that a deal had been made to purchase Greenland.    Donald Trump says he has “formed the framework of a future deal” on Greenland. Trump stated that it as an “infinite” agreement, no specifics known as of now.    https://edition.cnn.com/politics/live-news/trump-administration-news-01-21-26","Trump just made a deal to buy Greenland, cancels Tariffs.

Boys, these are legendary times where memes become real.https://t.co/7Rm2FaBL2a",4,"The video uses quick cuts, burned-in captions, and a street-interview style that is highly characteristic of TikTok, though it relies on the tweet text for the primary context.",donald_trump|greenland|us_politics|geopolitics|foreign_policy|meme|misinformation|aviation
https://x.com/i/status/2012606819399532620,yes,"This is from the 2003 TNN series &quot;Ren &amp; Stimpy: Adult Party Cartoon&quot; which was made for adults, not the 90s Nickelodeon series which was made for kids.    https://en.wikipedia.org/wiki/Ren_%26_Stimpy_%22Adult_Party_Cartoon%22  https://en.wikipedia.org/wiki/The_Ren_%26_Stimpy_Show","""not even Animaniacs or 90's Nickelodeon shows would have been able to get away with that."" https://t.co/hQnhrBI6Fg https://t.co/jAG7T3pLGy",5,The video is the primary content and is visually engaging on its own. The tweet text acts as a caption that would easily translate to on-screen text or a video description on TikTok.,pop_culture|nostalgia|animation|ren_and_stimpy|adult_animation|media_criticism
https://x.com/i/status/2030380299100754160,yes,"This event had no connection with anyone looking like an ICEagent.    Instead, the video relates to a 2021 Florida incident involving an Uber driver assaulted by a woman named Michelle Stillwell.    https://www.newsweek.com/nurse-sank-her-teeth-uber-driver-violent-rampage-caught-video-1586135    https://www.wfla.com/news/pinellas-county/exclusive-new-video-details-emerge-from-attack-on-uber-driver-in-pinellas-county/","CRAZY liberal harasses a driver just because she thinks he “looks like an ICE agent.”

How would you react on this ?
https://t.co/kaSw0LnszR",5,"The video features burned-in text overlays, a vertical aspect ratio, and a high-intensity, viral-style clip that is native to TikTok and Instagram Reels.",viral_video|misinformation|tiktok_repost|us_politics|social_media_controversy|florida|political_confrontation
https://x.com/i/status/2019818582977441859,yes,"PM Modi himself added many muslims in OBC category furthermore he also added Muslims In OBC when he was Gujarat CM  Source:  &quot;Cabinet Gives Nod to Adding 4 Castes in OBC List https://share.google/xJrM54yYRMjKNMb8r &quot;  पीएम मोदी ने क्यों किया मुस्लिम समुदाय की 70 OBC जातियों का जिक्र, मीडिया पर भी उठाए सवाल - AajTak https://share.google/6aIeqaGiDug2ziI2J","Congress is pushing for Muslim reservations under the OBC sub-quota, thereby robbing the actual OBC beneficiaries.

https://t.co/BXackgaLij",4,"The video features a prominent, attention-grabbing header and a watermark, which are common TikTok-style edits, though it relies on the tweet text for political framing.",india|political_address|political_commentary|congress_party|telangana|revanth_reddy|reservation_policy|social_media_controversy
https://x.com/i/status/2022450323881680964,yes,This video is clearly AI generated.    https://www.bbc.com/future/article/20251031-the-number-one-sign-you-might-be-watching-ai-video,"Too real, it's actually scary

In a world where the boundary between humans and machines is steadily disappearing…

 https://t.co/zSMryOdkRg",5,"The video is purely visual, highly engaging, and uses quick cuts and sound effects characteristic of TikTok-native content. It functions as the primary content without needing the tweet text for context.",ai_generated|artificial_intelligence|cgi|visual_effects|viral_video|misinformation|robotics|future_technology
https://x.com/i/status/2020759161554804940,yes,This is an old video referring to Cardi B and Offset’s breakup from over a year ago. This was not a live video from last night regarding Stefon Diggs.     Source: https://www.instagram.com/iamcardib?igsh=ZGUwMXZlYm5ibnFv,Cardi B has now confirmed that she is officially single on Instagram Live after Stefon Diggs lost at the Super Bowl. 💔 https://t.co/D5BLx7vJn0,5,"The video is a vertical screen recording of an Instagram Live with burned-in text overlays and real-time social media interactions, making it native to short-form video platforms.",tiktok_repost|misinformation|pop_culture|celebrity_news|cardi_b|social_media_controversy|fake_news
https://x.com/i/status/2025987267635093929,yes,"Julian Brown (@Naturejab) has posted on X as recently as February 22, 2026, announcing upcoming public meet and greets. https://x.com/Naturejab/status/2025699897417019461 https://x.com/Naturejab/status/2025698865681232361","Julian Brown, the young inventor who created tech that turns plastic into gasoline, hasn’t been seen in over a YEAR. https://t.co/R159mzVexj",5,"The video features a split-screen reaction format, TikTok watermarks, and burned-in captions, making it native TikTok content that functions independently of the tweet text.",tiktok_repost|conspiracy_theory|misinformation|julian_brown|naturejab|green_technology|viral_video|reaction_video
https://x.com/i/status/2025954737871355945,yes,"The video shows natural geological formations, not petrified trees. Devil's Tower is an igneous rock intrusion exhibiting columnar jointing from cooling magma and erosion. Obsidian flows are volcanic glass lacking organic tree structures like rings or grain.    https://www.usatoday.com/story/news/factcheck/2020/08/29/fact-check-devils-tower-national-monument-formed-magma/5660372002    https://www.snopes.com/fact-check/roots-devils-tower",There is so much that is hidden from us because the true history would paint a vastly different picture of our past.. https://t.co/oB8npfYDx7,5,"The video is a native TikTok-style reaction/commentary clip featuring a split-screen layout, direct-to-camera address, and rapid visual cuts designed for high engagement.",conspiracy_theory|misinformation|geology|reaction_video|tiktok_repost|nature|history|social_media_controversy
https://x.com/i/status/2021395453976379581,yes,"The video is AI-generated and falsely claims Kevin James made $30M holding roses at the Super Bowl. He appeared there in character to promote his film Solo Mio, which earned $7.2M in its opening weekend. https://www.newsbreak.com/total-apex-sports-355231710/4486674200673-fumble-on-the-play-kevin-james-crash-lands-at-super-bowl-lx-in-viral-marketing-masterclass https://en.newsner.com/news/kevin-james-spotted-crying-and-alone-at-the-super-bowl https://www.aol.com/articles/kevin-james-months-long-fake-215202061.html",Kevin James revealed how he made $30 million dollars at the Super Bowl with just a bouquet of white roses! Smart man! https://t.co/ub7mSmNAu7,5,"The video is a direct TikTok repost featuring a vertical aspect ratio, burned-in captions, rapid cuts, and a voiceover, making it native to that platform's style.",tiktok_repost|ai_generated|misinformation|fake_news|pop_culture|celebrity_news|super_bowl|kevin_james
https://x.com/i/status/2015391434375889377,yes,"The video does not show a current real-life event, but scenes from the 2015 satirical movie &quot;Look Who's Back&quot; (Er ist wieder da).    • Source of the footage: The man is German actor Oliver Masucci. The clips were filmed in 2014/2015 for a professional cinema production.    https://m.imdb.com/de/title/tt4176826/","🚨‼️ A man in Germany dressed up as Hitler and stood on a car…
The real shock?
The public reaction was strangely calm. https://t.co/21PCYgJyg7",4,"The video features quick cuts and engaging music typical of TikTok, while the tweet text provides the 'shocking' context that would usually be an on-screen caption.",misinformation|satire|pop_culture|germany|look_whos_back|oliver_masucci|social_media_controversy|viral_video
https://x.com/i/status/2027303623366255090,yes,The video does not show the USS Gerald R. Ford arriving in Israel. It is footage from the ship’s arrival in Norway in 2023. The clip has been miscaptioned and does not depict a recent arrival in Haifa.    Original video: https://m.youtube.com/watch?v=SxNWiZigJZs,"Shalom and Welcome (Bruchim Ha-ba’im) to the sailors of the USS Gerald R. Ford who arrived today in Haifa, Israel.  

 https://t.co/ipPk9jmGl9",4,"The video is the primary content, featuring a cinematic edit with background music and quick cuts that would fit TikTok's style, though it relies on the tweet text for context.",misinformation|fake_news|military_technology|geopolitics|israel|middle_east_relations|uss_gerald_r_ford|naval_vessels|video_edit
https://x.com/i/status/2013748721230512503,yes,"The video uses distorted Google Earth imagery to exaggerate the Rio Grande Gorge Bridge's narrowness and danger, and incorrectly claims it is nearly 6,000 feet high. The bridge spans 565 feet above the river and is a standard steel arch highway structure on U.S. Route 64.  https://en.wikipedia.org/wiki/Rio_Grande_Gorge_Bridge  https://www.highestbridges.com/wiki/index.php/Rio_Grande_Gorge_Bridge",😱😱😱I ran across this video and thought it was really cool. Can you imagine driving on this bridge? It’s in New Mexico. https://t.co/nrlfM71f6G,5,"The video is a direct TikTok repost featuring vertical orientation, burned-in captions, AI-generated voiceover, and dramatic editing designed for high engagement.",tiktok_repost|misinformation|visual_effects|viral_video|new_mexico|rio_grande_gorge_bridge|nature|educational_content
https://x.com/i/status/2024024592625316221,yes,"The email is part of a chain about Ghislaine Maxwell piloting a helicopter to Santa Monica with a friend. The phrase &quot;Where is the real pilot?&quot; refers to her flying it, not 9/11. While dated a week after 9/11, the context is unrelated to the attacks.    https://www.justice.gov/epstein/files/DataSet%2011/EFTA02335477.pdf  https://www.vanityfair.com/style/2020/07/inside-ghislaine-maxwells-life-on-the-lam","🚨 Epstein files show that an email dated a week after the 9/11 attacks includes the phrase:

""Where is the real pilot?"" https://t.co/neOPqfizdL",4,"The video uses a compilation of dramatic, high-impact footage with a persistent text overlay to drive a specific narrative, a style very common on TikTok.",conspiracy_theory|misinformation|jeffrey_epstein|9/11|new_york_city|aviation|history|video_edit
https://x.com/i/status/2013251344971243632,yes,"This video depicts AI-generated fiction. Wolf pups are born with dark fur inside dens, not hairless in open snow. https://wolf.org/wolf-info/basic-wolf-info/biology-and-behavior/pup-development https://www.fws.gov/story/home-where-den","Despite the newborn's protests, the mother wolf abandons him because he has no fur and is destined to succumb… but then https://t.co/xs175iB2ev",5,"The video features vertical orientation, emotional background music, and burned-in narrative captions, making it a quintessential TikTok-style storytelling clip.",ai_generated|misinformation|animal_rescue|nature|artificial_intelligence|tiktok_repost|viral_video
https://x.com/i/status/2013822034384388168,yes,This video is not real and was generated using AI.    https://en.wikipedia.org/wiki/Generative_artificial_intelligence,"A man rescues a fox stranded on a frozen lake.  
What follows is a heartwarming miracle story of them becoming family.

 https://t.co/CggcPa48Wm",5,"The video features vertical orientation, emotional background music, and burned-in narrative captions, making it a quintessential piece of TikTok-native content.",ai_generated|animal_rescue|misinformation|artificial_intelligence|viral_video|nature|tiktok_repost
https://x.com/i/status/2012225912360894769,yes,"This video depicts an AI-generated fictional rescue and is not a real event. It originates from the &quot;Teddy Gen AI&quot; channel, which produces imaginative content using artificial intelligence.    https://www.facebook.com/TeddyGenAI/videos/pov-rescue-walrus-stuck-in-tire/1572480180621454",Wow! What a beautiful experience to watch this successful rescue! Thank you for rescuing this 'walrus'!! It made my day! https://t.co/YO2XZxjqLn,5,"The video is purely visual, vertical, and features quick cuts and dramatic music, making it native to TikTok's style. The tweet text is a simple reaction that doesn't provide essential context outside of the video itself.",ai_generated|animal_rescue|misinformation|artificial_intelligence|nature|cgi|viral_video
https://x.com/i/status/2013363001441517952,yes,"While Calla Walsh was formerly in DSA like Zohran Mamdani, she does not work for him, left DSA in 2021, and has criticized him as a Zionist (&quot;Ziohran&quot;). She did say &quot;Death to America&quot; and &quot;Death to Israel&quot; during her 2025 Iran visit.      https://en.wikipedia.org/wiki/Calla_Walsh    https://calla.substack.com/p/ziohran    https://freebeacon.com/democrats/its-the-greatest-honor-of-my-life-israel-hating-american-woman-gushes-over-visit-to-iran-calls-us-genocidal-after-npr-named-her-a-good-citizen    https://www.city-journal.org/article/calla-walsh-unity-of-fields-political-violence","Calla Walsh who works for Mamdani has gone to Iran and she says here:

DEATH TO AMERICA 
DEATH TO ISRAEL

I’m speechless. https://t.co/fLRrqsW1TI",5,"The video is a direct vertical screen recording of an Instagram Reel, featuring burned-in captions, social media overlays, and a fast-paced, visually engaging format native to TikTok-style platforms.",tiktok_repost|iran|israel|us_politics|political_commentary|activism|middle_east_relations|geopolitics|zohran_mamdani|misinformation
https://x.com/i/status/2021210914192585022,yes,"The 'AI humanoid' is a human actor in costume and makeup for a promotional campaign for the movie The Creator, not a real robot. https://www.reuters.com/fact-check/creator-movie-campaign-used-actors-makeup-not-robots-2023-09-27 https://mythdetector.com/en/humanoid-robots-or-actors-dressed-up-for-a-movie-commercial-what-does-the-video-depict","Meanwhile, in London.. an AI humanoid was seen walking the streets and was surrounding by intrigued school kids.

Spooky. https://t.co/rbBaqVfyUB",5,"The video is a vertically-oriented, visually engaging street clip with a 'LONDON' text overlay and a social media handle watermark, making it native TikTok content.",viral_video|misinformation|artificial_intelligence|pop_culture|london|humanoid_robot|promotional_campaign|the_creator|tiktok_repost
https://x.com/i/status/2012340727829737790,yes,"Misleading. Chemo effectiveness varies by cancer type. Meta-analysis of late-stage cancers found 35.3% response rate, not 3%. In ALL/CML, 10-year survival reached 80.7% with continued therapy. The &quot;97% failure&quot; claim originates from debunked low-quality sources. https://pmc.ncbi.nlm.nih.gov/articles/PMC4706056/","""The only reason chemotherapy is used is because doctors make money from it, period.""

""It doesn't work 97% of the time."" https://t.co/b8V0NgYcGw",5,"The video features vertical formatting, burned-in captions, and an Instagram/TikTok watermark, making it native social media content that requires no changes for those platforms.",misinformation|conspiracy_theory|tiktok_repost|medical_misinformation|cancer_treatment|pharmaceutical_industry|viral_video
https://x.com/i/status/2014362005520503161,yes,This video takes a clip out of context where Yasir Qadhi is rejecting this ideology and is arguing against it.     https://x.com/YasirQadhi/status/2014689362529653002,"This is Yasir Qadhi out of EPIC Masjid in Plano, Texas: ""Our goal is to wipe away your religion and replace it with Islam.""
https://t.co/3inC3YgiT1",5,"The video features vertical formatting, burned-in text overlays, and an Instagram/TikTok watermark, making it native to short-form social media platforms.",misinformation|social_media_controversy|political_commentary|religion|islam|yasir_qadhi|video_edit
https://x.com/i/status/2016780175980036471,yes,"Leopard seals live only in Antarctic waters (Southern Hemisphere) and do not occur in the Arctic, where polar bears are found. These species cannot interact in the wild due to their separate habitats.    https://www.nationalgeographic.com/animals/mammals/facts/leopard-seal    https://www.fisheries.noaa.gov/species/leopard-seal    https://www.worldwildlife.org/species/polar-bear","This explorer is confronted by the fearsome, hungry leopard seal, that has isolated a polar bear cub on a small iceberg….. https://t.co/Hic8xRf8jp",5,"The video features a dramatic, first-person narrative with quick cuts, burned-in captions, and high visual engagement that is characteristic of native TikTok content.",ai_generated|misinformation|nature|animal_rescue|cgi|visual_effects|viral_video
https://x.com/i/status/2022900706869760036,yes,BJP It cell is using cropped video and half information. I am attaching video why she asked that question       https://x.com/FactswithDinesh/status/2022901922827768316?s=20  ,"She is Ruchi Tiwari!

She is asking ""Aapki Paani Nahi Mila?"" to mock a community.

People like her deserve no sympathy. 
 https://t.co/H2bSGIV958",4,"The video features a chaotic, close-up confrontation with high emotional energy and multiple microphones, a style very common in viral TikTok street interviews and political disputes.",political_confrontation|india|social_media_controversy|viral_video|media_criticism|misinformation
https://x.com/i/status/2032180000355455302,yes,"The video shows a lookalike, not Sakura Shymko. She is not dating Drago, and the clip is old content recirculated as a false rumor.    https://poprant.indiatimes.com/trending/is-sakura-shymko-dating-kick-streamer-drago-after-jasontheween-break-up-heres-the-truth-about-the-viral-yacht-kiss-video/articleshow/129386002.html    https://www.sportskeeda.com/us/streamers/news-fact-check-did-jasontheween-s-ex-sakura-post-picture-her-new-man-calling-love-life",JasonTheWeen’s ex Sakura wasted NO TIME moving on and is already having the TIME OF HER LIFE with her new boyfriend Drago 🫢 https://t.co/r2cIvO4q0R,5,"The video features a split-screen reaction format with music, quick cuts, and visual engagement typical of TikTok-native content.",viral_video|misinformation|pop_culture|celebrity_news|lookalike|social_media_controversy|jasontheween|sakura_shymko
https://x.com/i/status/2030914972377555449,yes,"Sources identify the video as footage from a 2025 courtroom brawl in Tbilisi, Georgia, not Israeli bunkers. No credible reports of 9 women being raped or a power blackout in Tel Aviv from recent missile strikes.    https://www.threads.com/@tzalulgrid/post/DVox6ahDKMm  https://mythdetector.com/en/tbilisi-court-as-footage-from-an-israeli  https://www.euronews.com/video/2026/03/02/tel-aviv-residents-assess-damage-after-iranian-missile-strike-kills-one  https://www.jpost.com/israel-news/defense-news/article-888271  https://www.aljazeera.com/news/2026/3/7/iran-war-what-is-happening-on-day-eight-of-us-israel-attacks","""Bunkers In Tel Aviv and parts of Isreal. Reportedly 9 women were raped when it blacked out in last 48 hours...""

©Al.imran70 https://t.co/JM2Ue5vAIn",4,"The video features high-intensity, chaotic footage with a prominent text overlay designed for viral engagement, though it relies on the tweet for specific contextual claims.",misinformation|fake_news|viral_video|israel|middle_east_relations|geopolitics|social_media_controversy|georgia|courtroom_brawl
https://x.com/i/status/2027190430480085333,yes,"This video is an AI fake:    In several frames near 0:21 the dog's legs and body morph into the furniture or the firefighter's uniform. At the 0:41 mark, the firefighter smashes a glass door with a tool, but it passes through his own arm and the glass without natural resistance.    https://www.pcworld.com/article/3014659/social-media-is-being-slammed-by-deceptive-ai-videos-heres-how-to-spot-them.html","GOOD JOB FIREMAN 🧑‍🚒 God, may the soul of those beings! They give so much love that we are able to give everything for them. https://t.co/s7ckgeqPtP",5,"The video features vertical framing, rapid cuts, dramatic background music, and burned-in captions, making it indistinguishable from native TikTok content.",ai_generated|animal_rescue|misinformation|viral_video|artificial_intelligence|visual_effects|cgi
https://x.com/i/status/2030272954378915937,yes,This is not Punch   https://x.com/i/status/2030506428826325502,🚨: Monkey Punch heartbroken after beloved toy plunges into pond. The primate searched for hours; caretakers urged to retrieve. https://t.co/yrkqvv7SD4,5,"The video is the primary content, featuring a highly engaging and emotional animal clip that would go viral on TikTok with no changes. The tweet text acts as a narrative caption typical of short-form video platforms.",viral_video|nature|misinformation|animal_behavior|monkeys|social_media_controversy
https://x.com/i/status/2032752370627588167,yes,"The fire on USS Gerald R. Ford was a minor, non-combat laundry room incident on March 12, 2026, quickly contained with no damage to the ship or operations. Two sailors had non-life-threatening injuries. Video footage depicts a different ship's 2020 fire.    https://www.cusnc.navy.mil/Media/News/Display/Article/4431969/statement-of-uss-gerald-r-ford  https://www.navytimes.com/news/your-navy/2026/03/12/onboard-fire-extinguished-on-aircraft-carrier-in-red-sea-navy-says  https://www.dvidshub.net/video/759638/uss-bonhomme-richard-lhd-6-fire","BREAKING:

The US Aircraft Carrier sent to protect Israel has caught on FIRE - and you need to know how...

What do you think? https://t.co/Dn4wWcOuqi",5,"The video is a native TikTok-style production featuring a split-screen reaction format, burned-in captions, and a fast-paced narrative delivered by a creator directly to the camera.",tiktok_repost|misinformation|reaction_video|breaking_news|middle_east_relations|israel|iran|military_action|geopolitics|fake_news
https://x.com/i/status/2032695028708209107,yes,"1. The video shows Beirut, Lebanon, after Israeli bombings ;    https://x.com/mauricemartin01/status/2032126636976410763?s=46    https://www.facebook.com/share/v/1AwyqJbrUc/    2. You can clearly see Arabic writing on the cars, as well as the emblem of the Lebanese Civil Defense.    https://x.com/qthestormm/status/2032695028708209107?s=46    https://monthlymagazine.com/en/article/817/civil-defense--big-responsibilities-and-modest-resources    https://www.lorientlejour.com/article/1421452/des-pompiers-libanais-aux-premieres-loges-pour-les-jeux-olympiques.html",🚨🚨🚨 MAJOR ALERT: EXCLUSIVE FOOTAGE OF THE ISRAELI PRIME MINISTER COVERED IN A WHITE SHEET BEING PUT IN THE BACK OF AN AMBULANCE https://t.co/Et1zRV8eAG,4,"The video uses high-intensity, low-quality 'breaking' footage to drive engagement, where the tweet's sensationalist text serves the role of a TikTok hook or caption.",misinformation|fake_news|israel|lebanon|beirut|breaking_news|middle_east_relations|conspiracy_theory|benjamin_netanyahu|viral_video
https://x.com/i/status/2015189340234645945,yes,"When snow is held over a lighter, it turns black as soot from incomplete combustion settles on the surface. The snow doesn’t melt but sublimates directly into vapor from intense localized heat, bypassing the liquid phase. It's not 'plastic snow'.    https://www.greenmatters.com/p/why-snow-turns-black-if-you-burn-it  https://www.usatoday.com/story/news/factcheck/2022/12/29/fact-check-science-behind-why-snowball-seems-burn/10946327002/","🇺🇸 American’s keep repeating the same experiment with fresh snow and keep getting the same result.

Snow shouldn’t burn black. https://t.co/Z2lVsjw3rb",5,"The video is a vertical-format, first-person recording with a burned-in caption and a 'reaction' style hook, which is a native TikTok content style.",tiktok_repost|misinformation|conspiracy_theory|viral_video|nature|educational_content
https://x.com/i/status/2032641668541784545,yes,"Missing context: Halal MREs were first introduced in 1996, joining vegetarian and kosher meals as a possible meal choice option.     https://www.joint-forces.com/rations/28401-fr44-us-meal-religious-ready-to-eat-halal","Shoutout to Kelly for exposing this. U.S military members are receiving HALAL MRE’s. Islam is infiltrating our own military. 
 https://t.co/2Z3OLLK10O",5,"The video features a direct-to-camera address followed by a quick cut to first-person footage with background audio, a structure native to TikTok's storytelling style.",viral_video|military_life|social_media_controversy|misinformation|halal_mre|us_military|reaction_video
https://x.com/i/status/2014042532385054793,yes,"The video shows the arrest of Twitch streamer Krimoe on January 3, 2026.  Krimoe and several others were seen brandishing a toy gun in front of parliament. They were arrested and later released on bail. The incident has no connection to ISIS-style executions.    https://www.lbc.co.uk/article/krimoe-klips-arrest-gun-livestream-5HjdQJr_2    https://www.dailymail.co.uk/news/article-15437933/Moment-Twitch-streamer-toy-gun-outside-police-arrest.html    https://www.bbc.com/news/articles/cly1xygr4lpo","Busted! 

They tried to film an ISIS style execution in central London. Thankfully the police acted. 

Where did our peace go? 
https://t.co/rgfFCt2jHS",5,"The video is a raw, visually engaging clip of a livestream stunt and subsequent arrest that functions as the primary content and would fit perfectly on TikTok as-is.",viral_video|misinformation|social_media_controversy|uk_politics|london|krimoe|twitch_streamer|police_arrest|fake_news
https://x.com/i/status/2023766766741320035,yes,Galgotia University also showcased same dog which available on Chinese website for sale  https://x.com/Eng_china5/status/2023750941049045335?s=20,"VIDEO | AI Summit: Wipro showcases a ‘dog robot’ at the AI Summit in Delhi.

(Full video available on https://t.co/n147TvrpG7) https://t.co/km8Ooji6qe",2,"The video is a traditional news-style demonstration clip from a press agency (PTI) and includes a standard interview segment, making it more suited for news feeds than TikTok's native style.",artificial_intelligence|robotics|india|technology_showcase|wipro|ai_summit
https://x.com/i/status/2030597298435039506,yes,Yapay zekâ aracıyla hazırlanan görüntü.  AI generated content.  https://x.com/malumatfurusorg/status/2004242272494469341,"Incredible footage from the perspective of wild mountain goats with cameras attached; they're literally flying without wings.

 https://t.co/eW3iIe4yly",5,"The video is purely visual, high-engagement content that functions as the primary focus, fitting the style of viral nature or 'oddly satisfying' TikTok clips. It would require no changes to be posted on TikTok as-is.",ai_generated|misinformation|nature|cgi|visual_effects|viral_video|artificial_intelligence
https://x.com/i/status/2028425095752945880,yes,This is footage from the video game &quot;War Thunder&quot;. The Jet can be observed fighting the USS Maryland a ww2 battleship featured in war thunder.  https://wiki.warthunder.com/unit/us_battleship_colorado_class_maryland,"Iran's fighter jets are shredded by the US naval fleet.

They do not stand a chance of surviving an attack against the US Navy. https://t.co/WGr7IbLe80",4,"The video is the primary content and is highly visual and action-oriented, though it relies on the tweet text for its geopolitical context rather than in-video captions.",misinformation|fake_news|gaming|war_thunder|military_action|iran|geopolitics|cgi|visual_effects
https://x.com/i/status/2025639787235848363,yes,"This video is a comedic skit filmed on Sunset Boulevard in Los Angeles, not New York City. Visible signs include Andante Coffee Roasters and LAFD Fire Station 20, both in LA.    https://www.instagram.com/brad_podray  https://lafd.org/fire-stations/station-20  https://www.yelp.com/biz/andante-coffee-roasters-los-angeles-2","Is it the pressure, the pace of the city, or just everyone trying to survive another day in a place that never slows down NYC?😯😯😲 https://t.co/cAmsU34uUC",5,"The video is a highly edited, vertical-format comedic skit with quick cuts and a watermark, making it native social media content that would fit perfectly on TikTok.",viral_video|tiktok_repost|misinformation|satire|pop_culture|los_angeles|skit
https://x.com/i/status/2013823679906599191,yes,"This video is a Russian claim of a swastika on a Ukrainian drone part. While some neo-Nazi symbols exist in Ukraine's military, this specific allegation is unverified and accused of being staged. https://www.factcheck.org/2022/03/the-facts-on-de-nazifying-ukraine https://www.reuters.com/article/opinion/commentary-ukraines-neo-nazi-problem-idUSKBN1GV2TC https://en.wikipedia.org/wiki/Disinformation_in_the_Russian_invasion_of_Ukraine","Ukrainian forces are attaching swastikas to their drones. The same forces the West calls ""defenders of democracy.

Explain that. https://t.co/xu4Sib5J6N",4,"The video features burned-in captions, quick cuts, and a clear visual hook, though the tweet text provides the specific political framing that would typically be a voiceover on TikTok.",war_coverage|russia_ukraine_war|misinformation|military_technology|political_commentary|geopolitics|social_media_controversy
https://x.com/i/status/2024170943132946441,yes,"Diddy's $61.5M Beverly Hills mansion was not sold to Zelensky or any linked company. It was delisted unsold on Dec. 24, 2025, due to lack of buyers amid scandals. Similar purchase claims are recurring disinformation.    https://www.realtor.com/news/celebrity-real-estate/sean-diddy-combs-home-delisted-california-prison  https://nypost.com/2025/12/31/real-estate/jailed-sean-diddy-combs-pulls-61-5m-beverly-hills-freak-off-mansion-from-the-market-once-again  https://allhiphop.com/news/diddy-yanks-61m-freak-off-estate-off-the-market-in-los-angeles  https://www.stopfake.org/en/fake-zelensky-buys-e18-million-mansion-builds-underground-bunker/",Zelensky demanding billions in US aid while secretly dropping $61M on Diddy's freak-off mansion is honestly an impressive grift. https://t.co/2PaK9GbnN5,4,"The video uses fast-paced editing, burned-in captions, and a sensationalist 'news' style common on TikTok, though the tweet text provides the specific framing.",misinformation|fake_news|celebrity_news|us_politics|geopolitics|sean_diddy_combs|volodymyr_zelensky|social_media_controversy|conspiracy_theory
https://x.com/i/status/2033329556615254306,yes,the sinners scene that this performance was recreating has a ballet dancer in it. Copeland's performance was also already scheduled.   https://youtu.be/S7jo5Cr6WUA?si=xReoCdNyxkZkCXoD  https://press.oscars.org/news/98th-oscarsr-unveils-star-studded-performance-lineup-hollywoods-biggest-night,Misty Copeland comes out of retirement to put Timothée Chalamet in his place during a live ‘Sinners’ performance at the #Oscars. https://t.co/EhUIOEw8jg,4,"The video is a high-energy performance clip that is visually engaging and self-contained, while the tweet text provides the specific narrative context that would typically be on-screen text on TikTok.",pop_culture|celebrity_news|oscars|misty_copeland|timothee_chalamet|viral_video|misinformation
https://x.com/i/status/2025884935941136504,yes,"The video is an edited compilation of separate sloth rescues, not a single event. The road-crossing sloth is larger than the one returned to its mother; hands and wristbands also differ between clips.    https://x.com/StevenFortunat3/status/2025947766942302607    https://x.com/zigaxios/status/2026057512026517916","Awww, the baby sloth couldn’t cross the road, but a passerby helped him get across and safely delivered him back to his mom. 🤗🦥💚
 https://t.co/MAKhk0L3o5",5,"The video is a visually engaging, emotionally driven animal rescue compilation with quick cuts and a 'feel-good' narrative that is native to TikTok's content style.",viral_video|animal_rescue|nature|misinformation|video_edit|sloth
https://x.com/i/status/2032688246371827835,yes,This video is old and shows protesters in Tehran attacking the Basij headquarters in January 2026. The video was posted on Youtube on January 19th 2026.  So it is not from Tel Aviv and has nothing to do with the US-Israeli war with Iran.  https://www.youtube.com/watch?v=TFpdvwtZ_fM  https://edition.cnn.com/2026/01/17/middleeast/iran-supreme-leader-khamenei-protests-criminal-trump-intl-latam,"🚨🚨MAJOR UPDATE: ITS TOTAL CHAOS IN THE STREETS OF TEL AVIV AS THE ENTIRE CITY CONTINUES TO BURN

THE PEOPLE HAVE LOST ALL CONTROL https://t.co/Kv4PxdVknW",4,"The video is a short, high-intensity clip of chaos and fire designed for immediate viral engagement, where the tweet text acts as the necessary context/caption that would typically be on-screen in a TikTok.",viral_video|misinformation|fake_news|middle_east_relations|iran|israel|protest|geopolitics|breaking_news
https://x.com/i/status/2015508558406648220,yes,This is a skit    https://www.snopes.com/fact-check/black-doctor-deny-care-man-in-maga-hat/,"Doctors don’t choose who deserves care based on politics. If a patient comes into the ER injured, our job is to help them. Period. https://t.co/VE2yp3C5KC",5,"The video is a staged, high-conflict skit designed for viral engagement with vertical framing and minimal context needed from the tweet text.",viral_video|misinformation|satire|political_confrontation|us_politics|social_media_controversy
https://x.com/i/status/1936736321260699879,yes,"Correction needed: The video claims the accused is Indian, but at 9 seconds, he clearly states he's from Pakistan. Context matters - nationality shouldn't be misrepresented. Let's verify facts. https://x.com/i/status/1936736321260699879","🇮🇳🇦🇱 An Indian man, who showed himself naked with his pedo gang in front of children, was kidnapped by Albanian patriots from Britain https://t.co/PewupBTNyj",4,"The video is a raw, high-engagement confrontation clip that would thrive on TikTok; the tweet text serves as the necessary context that would typically be an on-screen caption.",viral_video|misinformation|social_media_controversy|political_confrontation|uk_politics|pakistan|albania
https://x.com/i/status/2032426973394587728,yes,This video was posted on Threads by user “Dinndan713” on February 4th.     https://www.threads.com/@dinndan713/post/DUV-p3dCY5H?xmt=AQF0WjwIY-rBsy7mCQv3TXOL9wuzLK3EqCrM7CXkxB3wHPi8sPrMirxA121MnmR3Uf6u-rI&amp;slof=1    Operation Epic Fury didn’t start until February 28th.    https://www.centcom.mil/MEDIA/PRESS-RELEASES/Press-Release-View/Article/4418396/us-forces-launch-operation-epic-fury/    Video reflects a fire in a Tehran shopping center on February 3rd which impacted the Downtism Cafe.    https://www.reuters.com/world/middle-east/fire-breaks-out-tehran-shopping-centre-state-media-reports-2026-02-03/,"BREAKING🚨: The US just bombed autistic and down syndrome workers at a special cafe made to give the a place to work. ""Cafe Downtism"" https://t.co/uye2DDJbWG",5,"The video features quick cuts, emotional music, and a vertical format typical of TikTok-native content designed for viral engagement. It functions as a complete narrative without needing the tweet text to convey its emotional impact.",misinformation|iran|tehran|cafe_downtism|breaking_news|middle_east_relations|viral_video|fake_news
https://x.com/i/status/2018464427146875355,yes,"This video is from a 2000s Argentine TV entertainment show (likely Showmatch or similar variety program), where young Lionel Messi participated in a lighthearted prank segment common at the time. It was comedic, not abusive, and Messi appeared as a guest athlete.    https://en.wikipedia.org/wiki/Showmatch    https://www.infobae.com/deportes/2023/06/24/el-video-de-messi-en-showmatch-cuando-era-joven-y-lo-hicieron-participar-de-un-juego-incomodo/","This is still one of the most messed up things I’ve ever come across, why were they doing this to Messi when he was just a teenager 
 https://t.co/DxT53vhT1s",4,The video is the primary content and highly engaging/controversial; the tweet text serves as a reaction/caption that would typically be an on-screen overlay on TikTok.,pop_culture|sports|football|lionel_messi|nostalgia|social_media_controversy|argentina|tv_show
https://x.com/i/status/2026327377702183166,yes,The claim that Germany's largest stock exchange said XRP will outperform BTC is false. No such statement exists on official Deutsche Börse or ARD channels. Crypto news sites have not reported it.    https://www.deutsche-boerse.com/dbg-en/media/news-stories/press-releases  https://www.tagesschau.de/wirtschaft/boerse/  https://cointelegraph.com/tags/xrp,🚨BREAKING: Germany’s largest stock exchange says that #XRP is about to outperform #BTC and reach a new all-time high and even higher! https://t.co/X1hcfXa8Vd,2,"This is a traditional TV news interview clip shared on social media; while it has burned-in English subtitles, the presentation remains formal and the tweet text provides the primary (though misleading) context.",misinformation|fake_news|cryptocurrency|xrp|bitcoin|finance_news|germany|market_analysis
https://x.com/i/status/2018599260619436443,yes,"Bad Bunny is a U.S. citizen, having been born in Puerto Rico, an unincorporated territory of the United States. https://en.wikipedia.org/wiki/Bad_Bunny https://en.wikipedia.org/wiki/Puerto_Rico","Bad Bunny is not American but he won album of the year at the Grammy with a fully Spanish album. What is he doing right?🤔

#GRAMMYs2026 https://t.co/XQWJoFHssZ",5,"The video is a vertical, fast-paced edit with background music and quick cuts, designed for high visual engagement. The tweet text acts as a hook similar to a TikTok caption or on-screen text.",pop_culture|celebrity_news|bad_bunny|grammys|misinformation|video_edit|viral_video
https://x.com/i/status/2028364019338539054,yes,Fake news. Video from Syria https://youtu.be/7h6zYkT4J2o,"⚠️ 𝐁𝐫𝐞𝐚𝐤𝐢𝐧𝐠 𝐍𝐞𝐰𝐬 ⚠️

🇮🇷🇹🇷🇺🇸 | IRAN HAS JUST HIT A U.S BASE IN TURKEY!

“First footage of strikes on the US Incirlik Air Base in Turkey” https://t.co/ai9WVbNOVB",4,"The video is the primary content and features high visual engagement with a first-person perspective, though it relies on the tweet text for context that would typically be on-screen in a TikTok.",misinformation|fake_news|breaking_news|middle_east_relations|iran|turkey|military_action|war_coverage|geopolitics
https://x.com/i/status/2024865812759314756,yes,The video is from the Naudet brothers' 2002 documentary on FDNY firefighters. They were filming a firefighter's routine day and captured the first plane impact incidentally while responding to a call near the towers.    https://en.wikipedia.org/wiki/9/11_(2002_film)  https://www.history.com/news/naudet-brothers-9-11-documentary,"🚨 A person "" Accidentally "" recorded the Footage of first plane hitting North Tower of World Trade Centre on 9/11 .

Are you convinced ? https://t.co/9htNldBalZ",4,"The video is a highly engaging, historical 'caught on camera' moment that functions as the primary content, while the tweet text acts as a hook similar to a TikTok caption or on-screen text.",9/11|world_trade_center|history|aviation|conspiracy_theory|new_york_city|viral_video|documentary_footage
https://x.com/i/status/2031084833389039622,yes,"In the 2018 UCL final, Zidane substituted Gareth Bale **on** (for Benzema ~64', score 1-1), not off. Bale then scored twice in Real Madrid's 3-1 win. The sub wasn't to &quot;run down the clock&quot; in a tied match with ~25+ mins left.    https://en.wikipedia.org/wiki/2018_UEFA_Champions_League_final  https://www.uefa.com/uefachampionsleague/match/2024809--real-madrid-vs-liverpool/  https://www.bbc.co.uk/sport/football/44200409","Don't forget when Zidane subbed out Bale to run down the clock, but the Welshman won the game. 🤯 🏴󠁧󠁢󠁷󠁬󠁳󠁿

I wish he had liked football https://t.co/Ik2cE1JMmb",4,"The video features a fast-paced edit with background music and quick cuts typical of sports highlights on TikTok, though it relies on the tweet text for context.",football|sports|video_edit|misinformation|real_madrid|gareth_bale|champions_league|nostalgia
https://x.com/i/status/2033643012698345528,yes,"This is an AI generated video, fake.    https://grokipedia.com/page/AI_Video_Generation","Why are people so stupid. If you do not know what you are doing don't touch it.
She had to be tracked down. She needs to be arrested.
😠😠😠 https://t.co/PgRUUZsW8Z",5,"The video features vertical orientation, rapid cuts, burned-in captions, and a synthesized voiceover, making it native to the TikTok format.",ai_generated|misinformation|tiktok_repost|fake_news|social_media_controversy|artificial_intelligence|viral_video|funny_accidents
https://x.com/i/status/2028762075783106683,yes,There is no scientific evidence suggesting that a nuclear test caused this earthquake. Experts can clearly distinguish between natural seismic activity and explosions.    https://sundayguardianlive.com/world/earthquake-today-iran-43-magnitude-tremors-hit-fars-khonj-iran-nearby-areas-check-epicentre-impact-and-nuclear-test-concerns-173717/amp/    ,"BREAKING: 

An earthquake of magnitude 4.3 strikes Gerash in Iran, reports Al Jazeera

Looks like Iran may have just done a nuclear test https://t.co/wu931TS685",4,"The video is a fast-paced edit featuring cinematic clips from the movie Oppenheimer with dramatic music, a style very common on TikTok. The tweet text provides the context that would typically be an on-screen caption on TikTok.",iran|nuclear_test|misinformation|conspiracy_theory|video_edit|oppenheimer|pop_culture|geopolitics|breaking_news
https://x.com/i/status/2018412398684574187,yes,"While factually true, the video omits critical context. Charlotte's &quot;fundraising&quot; was a 10k charity run in 2011, and she has since then disassociated herself from the charity for many years over disagreement with its direction.  https://archive.is/Mtdo7","Kemi Badenoch said there would be a “new generation” of Tory candidates who would reflect core conservative values.

It’s not going well. https://t.co/whoXz7aJv5",4,"The video features a direct-to-camera address with quick cuts and a punchy delivery style typical of TikTok, though it relies on the tweet text for full context.",uk_politics|political_commentary|nigel_farage|reform_uk|misinformation|conservative_party
https://x.com/i/status/2029317416203759970,yes,"The video shows IRGC Commander Mohammad Pakpour, killed in strikes on Feb. 28, 2026. He could not have made recent statements. Similar claims came from Iran's Defense Ministry and an IRGC adviser.    https://www.reuters.com/world/middle-east/iran-defence-minister-guards-commander-killed-israeli-attacks-three-sources-say-2026-02-28    https://x.com/TOLONewsEnglish/status/2028923721508110654","🚨Update: Iranian Revolutionary Guard Commander stated that Iran hasn’t even begun to fight. Declares Secret weapons yet to be revealed!! 
https://t.co/3Yq6gCMxr9",2,"This is a traditional news broadcast clip shared on social media. While the tweet adds sensationalist context, the video itself is a standard TV interview format without TikTok-native editing.",iran|misinformation|geopolitics|military_action|middle_east_relations|breaking_news|fake_news
https://x.com/i/status/2029629313306574884,yes,Mr. Herrera uses satire in his videos about historical weapons.  This is one example. You will see more by watching his videos. His grandmother lived her early childhood in Germany during WWII &amp; handed down her knowledge of WWII Germany through stories she told him.    https://m.youtube.com/channel/UCTrSsPMmZavLbc3Ex7VhjDg    https://m.youtube.com/watch?v=srHhRISqRWs    https://x.com/i/status/1744532888140292259,"🚨🚨🚨

Video shows Mike Johnson's candidate in #TX23 Brandon Herrera goose-stepping to Nazi marching song “Erika” https://t.co/4y2Ceaj6nG https://t.co/XMxj2X9BCp",5,"The video features quick cuts, stylized black-and-white filters, and a music-driven montage that is highly visually engaging and native to short-form video platforms.",us_politics|satire|political_campaign|video_edit|social_media_controversy|brandon_herrera|historical_weapons
https://x.com/i/status/2013440091029454877,yes,Video was made by AI.    https://www.bbc.com/future/article/20251031-the-number-one-sign-you-might-be-watching-ai-video,"A little boy got fed up with people wrecking his snowmen, so he built his next one on top of a fire hydrant where nobody could destroy it. https://t.co/WLuAu0xOki",4,"The video features a viral, visually engaging narrative with a 'hook' that would perform well on TikTok, though it relies on the tweet text for context rather than in-video captions.",ai_generated|misinformation|viral_video|artificial_intelligence|visual_effects|fake_news
https://x.com/i/status/2021630123083280736,yes,"This is an AI-manipulated video; in the original, Shashi Tharoor criticizes the politicization of cricket and Pakistan's boycott rather than praising Pakistan. https://x.com/NKMalazai/status/2021649298472284254 https://timesofindia.indiatimes.com/sports/cricket/icc-mens-t20-world-cup/nonsense-disgraceful-shashi-tharoor-explodes-as-pakistan-boycotts-india-t20-world-cup-clash/articleshow/127855608.cms","Pakistan nailed India, says @ShashiTharoor adding, ""Pakistan deserves to be appreciated to for taking a bold stand"" in #icct20worldcup2026. https://t.co/PUV5RtQbHs",2,"The video is a traditional news interview clip from ANI, where the tweet provides the primary (though misleading) context. It lacks the vertical format, editing, or on-screen text typical of TikTok-native content.",misinformation|ai_generated|fake_news|india|pakistan|sports|cricket|shashi_tharoor|political_commentary|deepfake
https://x.com/i/status/2014877992632385592,yes,There is no evidence this occurred and Hulda Clark actually died from cancer in 2009 https://web.archive.org/web/20130602215124if_/http://scienceblogs.com/insolence/wp-content/blogs.dir/445/files/2012/04/i-f02fb1a655460ccf788c35e79d792127-HuldaClarkDeathCertificate.pdf,"In 1992, Canadian scientist Hulda Clark astonished the world by curing a hundred cancer patients in just five days using only three herbs. https://t.co/egySseD17B",5,"The video features vertical orientation, quick cuts, high-contrast burned-in captions, and a 'hook' style introduction typical of TikTok-native health misinformation content.",tiktok_repost|misinformation|conspiracy_theory|fake_news|medical_misinformation|podcast_clip|viral_video
https://x.com/i/status/2031780943439282480,yes,No verifiable court records or news reports confirm the $1.8M verdict; the story appears only in social media videos using stock footage and AI narration. https://www.hcdistrictclerk.com/eDocs/Public/Search.aspx https://x.com/grok/status/2014861975566663699,"A 19-year-old stole a car, crashed due to faulty brakes &amp; died... family sued the OWNER and WON $1.8M 😱⚖️

Is this justice or insanity?

https://t.co/MYLssWlpDT",5,"The video is a direct repost of an Instagram Reel/TikTok featuring vertical orientation, AI-generated narration, burned-in captions, and fast-paced editing designed for mobile consumption.",tiktok_repost|ai_generated|misinformation|viral_video|fake_news|social_media_controversy|legal_drama|true_crime_style
https://x.com/i/status/2012700724514226196,yes,The 938 poll is nine years ago - irrelevant to current approval.https://t.co/ZloykeYDOp  ,"🚨WOW! Over 9 in 10 Americans who voted for Donald Trump in 2024 still view him positively. 

92 percent approve. 

The people’s president. 
 https://t.co/cq1aWX4khX",2,"The video is a traditional Fox News broadcast clip of a political figure, which is standard social media news sharing rather than TikTok-native content.",us_politics|donald_trump|misinformation|political_commentary|aviation
https://x.com/i/status/2025228960616120363,yes,"This video is staged for entertainment. The Instagram account @isla.kove posts dozens of similar &quot;cheating confrontation&quot; skits, often called fake by commenters, and its bio promotes catching cheaters.    https://www.instagram.com/isla.kove  https://www.tiktok.com/@isla.kove/video/7595533505669680398  https://www.tiktok.com/@isla.kove/video/7591499312111176973","Serving my cheating husband of 5 years divorce papers (I'm pregnant with a 13 month old I feel like throwing up).
Do all men actually cheat?! https://t.co/AvN6Z6rnbF",5,"The video is a vertical, short-form skit with burned-in text overlays and a high-engagement 'confrontation' narrative typical of TikTok-native content creators.",tiktok_repost|staged_video|social_media_controversy|viral_video|misinformation|lifestyle|relationship_drama
https://x.com/i/status/2013315863748006092,yes,"Neither the EU nor China has announced any plans to cut all trade with the US. Trump's tariff threats against EU countries over Greenland led to the EU suspending trade talks and imposing retaliatory tariffs, but no complete trade ban has been declared.  https://www.bruegel.org/first-glance/end-turnberry-truce-how-eu-should-react-us-coercion-over-greenland  https://www.wsws.org/en/articles/2026/01/19/tccn-j19.html","Europe and likely inevitably China are about to cut all trade with the United States. Are we great yet? Anybody arguing for it, is an idiot. https://t.co/4w0ikKqJdI",5,"The video is a direct TikTok repost featuring a vertical 'talking head' format with a TikTok watermark and end-screen, making it native to that platform's style.",tiktok_repost|political_commentary|us_politics|geopolitics|donald_trump|misinformation|foreign_policy|china|european_union
https://x.com/i/status/2027950870147547347,yes,This footage is from 2020 from The Late Show With Stephen Colbert.    https://globalnews.ca/video/6515125/jim-carrey-quite-literally-parades-his-way-onto-stephen-colberts-the-late-show    https://youtu.be/TPt83trNI7Y?si=Ll3gJFiZmBJjBQKY,"Jim Carrey’s looks changed drastically in such a short time. Now I’m hopeful I can grow a new face in two weeks too. 

This is him on Feb 17. https://t.co/gdgBRIFlir",4,"The video is a highly visual, energetic clip of a celebrity that serves as the primary content. The tweet text functions like a TikTok caption or on-screen text to provide a humorous/misleading hook.",pop_culture|celebrity_news|misinformation|jim_carrey|viral_video|late_show
https://x.com/i/status/2012745678062018916,yes,"The footage shows UAE military helicopters and jets flying over Dubai during the Day of Solidarity aerial parade on January 17, 2026, not US aircraft over Iran. https://www.khaleejtimes.com/uae/aerial-parade-7-emirates-day-of-solidarity https://gulfnews.com/uae/government/uae-marks-day-of-solidarity-when-and-where-to-watch-aerial-displays-1.500410441","🔺BREAKING: 🇺🇸🇮🇷US is Preparing to Strike Iran as Chinese-Iranian citizens see dozens of US Helicopters and Fighters flying through the cities
https://t.co/FQ3N5cPkHb",5,"The video is a direct repost from TikTok, featuring the platform's watermark, vertical orientation, and ambient background chatter typical of user-generated social media content.",tiktok_repost|misinformation|fake_news|military_action|dubai|aviation|geopolitics|iran|middle_east_relations
https://x.com/i/status/2032984700596388024,yes,"This video depicts a Shell gas station pump in the United States, not Turkey.    The signage shows the US Fuel Rewards® program (including promotional savings like 10¢/gal for Platinum members) and a US support number.    Shell Fuel Rewards program details (fuelrewards.com)  ","🚨In Turkey 
A man was refueling his car when he noticed a hidden device in the payment machine at the station used to steal credit card data. https://t.co/JMPVjf1g0c",4,"The video is high-engagement, 'point-of-view' style footage that functions as the primary content, though it relies on the tweet text for context that would typically be on-screen text on TikTok.",viral_video|misinformation|online_safety|scam_alert|gas_station|credit_card_skimmer|consumer_protection
https://x.com/i/status/2013624714816586112,yes,"This is not a scam. It is legal to operate in this manner, and even insured by the FDIC.     All banks offering interest on deposit operate as fractional reserve banks.    https://en.wikipedia.org/wiki/Fractional-reserve_banking    https://www.investopedia.com/terms/f/fractionalreservebanking.asp","🇺🇸 COINBASE CEO JUST EXPOSED BANKS SCAM LIVE ON CNBC IN DAVOS:

“BANKS ARE LENDING CUSTOMERS' DEPOSITS WITHOUT THEIR PERMISSION”

THIS IS WILD https://t.co/A7Gx0jvUix",2,"This is a traditional TV news segment from CNBC. While the tweet uses clickbait-style framing, the video itself is a standard professional interview without social media-specific editing.",breaking_news|cryptocurrency|coinbase|brian_armstrong|banking_industry|davos|cnbc|financial_news|misinformation
https://x.com/i/status/2023378051208192048,yes,The video shows Iran's IRGC missile tests on a target vessel during naval exercises in/near the Strait of Hormuz. No credible reports indicate a real vessel was sunk in these drills. The claim this is specifically a threat against China lacks evidence.    https://www.reuters.com/world/middle-east/irans-irgc-carry-out-live-fire-exercises-strait-hormuz-press-tv-reports-2026-01-29/  https://understandingwar.org/research/middle-east-iran-update-january-29-2026  https://www.crisisgroup.org/trigger-list/iran-usisrael-trigger-list/flashpoints/strait-hormuz,"WATCH 🔴

An Iranian missile strike sank a vessel during IRGC naval exercises in the Strait of Hormuz. 

This threat is actually against China. https://t.co/5y0rkyOvz0",4,"The video features fast-paced cuts, dramatic music, and high-action military footage that is highly engaging and visually driven, though it lacks the native on-screen text typical of TikTok.",military_action|iran|geopolitics|missile_strike|middle_east_relations|strait_of_hormuz|naval_exercise|irgc
https://x.com/i/status/2031831110989000816,yes,"The rescued animal was a domestic dog resembling a husky, not a coyote. Per witnesses, it was the man's own off-leash dog that fell through while chasing geese; he is believed to be the owner who jumped in to save it.    https://www.cbsnews.com/newyork/video/video-shows-man-rescuing-dog-from-icy-central-park-pond/    https://x.com/whatisny/status/2031837354369896502","A man jumped into a still-frozen pond in Central Park, NY, this afternoon to rescue one of the park’s coyotes after it fell through the ice.

 https://t.co/QyfVTpDmAU",4,"The video is visually engaging and captures a dramatic real-life event that would be highly shareable on TikTok, though it relies on the tweet text for context rather than in-video captions.",viral_video|animal_rescue|new_york_city|central_park|misinformation|nature
https://x.com/i/status/2012374570091921803,yes,"The game launches on PlayStation 5, Xbox Series X | S, PC, and Nintendo Switch 2.    https://reanimal.thqnordic.com/","Get a closer look at the upcoming co-op horror adventure Reanimal ahead of its February 13 launch on PlayStation 5, Xbox Series X | S, and PC. https://t.co/hLK7xDxdFq",4,"The video features quick cuts, a fast-paced voiceover, and a '60-second' summary format typical of TikTok gaming content, though it lacks vertical orientation.",gaming|reanimal|horror_games|co_op_gaming|tarsier_studios|video_game_trailer|pop_culture
https://x.com/i/status/2025482335013982458,yes,"This video is false.  Michael Jackson died on June 25, 2009. Cristiano Ronaldo was officially announced as a Real Madrid player on June 26, 2009, the day after Jackson’s death.  It is chronologically impossible for Michael Jackson to have watched Ronaldo play for Real Madrid.    https://www.theguardian.com/football/2009/jun/26/cristiano-ronaldo-manchester-united-real-madrid https://en.wikipedia.org/wiki/Death_of_Michael_Jackson","Throwback to when Michael Jackson showed up at preseason games to watch Cristiano Ronaldo play. 
Game recognize game. 🐐👑 https://t.co/Ltg8q1Ko4L https://t.co/0cKW5XL3Ma",5,"The video uses a split-screen format with burned-in captions and music, which is a native TikTok editing style designed for mobile engagement.",misinformation|video_edit|sports|football|michael_jackson|cristiano_ronaldo|pop_culture|fake_news
https://x.com/i/status/2012240647441236393,yes,"The man in the video is &quot;Old Man Matchan,&quot; a horse racing enthusiast reacting to the Uma Musume anime, not Tokai Teio's real-life jockey Takayuki Yasuda.  https://www.youtube.com/@old-man-show  https://en.wikipedia.org/wiki/Tokai_Teio","Tokai Teio’s Jockey cried while watching Teio’s last race in the anime 🥹

This scene was so peak i was also crying, Season 2 was so emotional 😭 https://t.co/MDC6SRPl1u",5,"The video uses a split-screen reaction format which is a native TikTok trope, and the content is purely visual and emotional without needing the tweet text to be understood.",reaction_video|anime|uma_musume|misinformation|pop_culture|gaming|viral_video
https://x.com/i/status/2018238610764345571,yes,"These bins are operated by key fobs, not money/debit cards.   Residents and businesses in the area get the fobs for free from Sheffield council  https://www.reuters.com/fact-check/new-bins-britains-sheffield-require-key-card-open-not-payment-2026-01-29/",New bins in Sheffield... you pay to put your rubbish in! 😡 What are you paying council tax for if you have to pay again to dispose of rubbish ? https://t.co/OCVrGODLkb,5,"The video is a native TikTok repost featuring vertical orientation, on-screen text overlays, and a first-person 'vlog' style narration designed for social media engagement.",tiktok_repost|misinformation|social_media_controversy|uk_politics|viral_video|sheffield|public_services
https://x.com/i/status/2015329628739850556,yes,"This clip is a deleted scene from Avengers: Endgame featuring Professor Hulk rescuing civilians from a fire, not leaked footage from Spider-Man: Brand New Day.  https://screenrant.com/deleted-hulk-scenes-mcu-movies","A Hulk scene from Spider-Man: Brand New Day is going viral online and being claimed as a leaked clip.

#SpiderManBrandNewDay #AvengersDoomsday https://t.co/9FQSBVp2JU",4,"The video is the primary content and features a viral, visually engaging movie clip that would easily translate to TikTok with on-screen text replacing the tweet's context.",pop_culture|misinformation|viral_video|marvel|hulk|spider_man|avengers|cgi|visual_effects
https://x.com/i/status/2026759068627374149,yes,"If is quite common for young adults and many others to paint their walls black. There are many reasons for this, one of which is the calm it brings to the mind. This is very well documented.     https://www.coohom.com/article/why-do-kids-choose-to-paint-their-rooms-black    https://mariakillam.com/vancouver-colour-expert-answers-the-question-why-your-teenager-wants-a-black-room/    https://www.homesandgardens.com/news/why-you-should-paint-your-bedroom-black","So you’re telling me the paint HAD to be black in order for the context of this scene to work? No other color? Yeah, ok. https://t.co/CxokAiiKea https://t.co/aiBqNCbyp8",5,"The video is a direct TikTok repost featuring vertical orientation, burned-in captions, and a reactionary overlay, making it native to the platform's style.",tiktok_repost|social_media_controversy|pop_culture|media_criticism|viral_video
https://x.com/i/status/2032671979816546548,yes,"The video shows a fuel tanker crash and fire on I-471 in Kentucky on March 13, 2026, caused by a collision with a car. There is no evidence of involvement by groups or cartels supporting Iran. No related explosions have been reported in California.    https://www.wcpo.com/news/northern-kentucky/dispatch-explosion-on-i-471-in-northern-kentucky-all-lanes-closed  https://www.pbs.org/newshour/nation/newsom-says-no-imminent-threat-to-california-depsite-warning-about-possible-iran-drone-attack","JUST IN🇮🇷❌🇺🇸🔥 Multiple Explosions carried out by unknown groups or cartels in support of Iran after California, Cincinnati, and now in Kentucky. https://t.co/xPx06GbP30",4,"The video is a compilation of dramatic, short-form clips of a fire that are visually engaging and would fit well on TikTok with minimal changes. The tweet text provides the sensationalist context that would typically be presented as on-screen text or a voiceover on TikTok.",viral_video|misinformation|fake_news|breaking_news|iran|geopolitics|conspiracy_theory|kentucky|accident_footage
https://x.com/i/status/2023403437740998925,yes,"This video is from Sen. Rick Scott's Oct. 1, 2025 Fox News interview during a prior shutdown. He introduced the No Budget, No Pay Act in Jan. 2025. No new bill was introduced in Feb. 2026, despite the &quot;BREAKING&quot; claim.    https://www.congress.gov/bill/119th-congress/senate-bill/88    https://www.rickscott.senate.gov/2025/10/in-case-you-missed-it-sen-rick-scott-slams-democrats-government-shutdown-on-fox-news-if-congress-can-t-fund-government-congress-shouldn-t-get-paid","🚨 BREAKING: Sen. Rick Scott introduces a bill to stop Congress from receiving paychecks during government shutdowns.

“No work. No pay. Period.”
https://t.co/oS7rgDq61S",2,This is a traditional news segment from Fox News shared on social media; the video is a standard TV interview format and the tweet provides the primary context.,us_politics|breaking_news|political_commentary|rick_scott|government_shutdown|fox_news|misinformation
https://x.com/i/status/2030256234973044765,yes,This video is from July 2025 and occurred on an EasyJet flight in Europe https://x.com/nyssa7/status/1949423368786137569?s=46&amp;t=COMbvCYTMHbwG6RXKIlb-g,"“Death to America! Death to Trump!”

“I’m going to bomb the plane!”

A terrifying moment. We need to stop importing people who hate our country.
https://t.co/zpg9WvLW6N",4,"The video is a highly engaging, vertical, first-person recording of a dramatic event that would thrive on TikTok; the tweet text serves as the necessary context that would typically be on-screen text.",viral_video|misinformation|aviation|political_confrontation|donald_trump|us_politics|easyjet
https://x.com/i/status/2015752028061090241,yes,"The images depict a fire at Jalandhar Cantonment on August 17, 2024, misattributed to May 2025 drone strikes. Vehicles appear intact with no signs of destruction. Independent analysis found no observable damage from Pakistani attacks on Indian facilities.  https://www.stimson.org/2025/four-days-in-may-the-india-pakistan-crisis-of-2025  https://timesofindia.indiatimes.com/india/claims-of-damaging-s-400-brahmos-missile-base-false-mea-exposes-pakistans-misinformation-campaign/articleshow/121059120.cms  https://www.instagram.com/reel/DS_2qS1kyev",Indian Brahmos launchers destroyed on 10th May 2025 in Jalandhar Cantt live feed from Google Earth. Debris clearly visible. https://t.co/3ZPvVRZFXh https://t.co/TI3BQSgBNQ,3,"The video uses a screen-recording format of a map interface which is common on TikTok for 'geolocating' or 'investigative' trends, but it lacks the typical editing, music, or voiceover found in native TikTok content.",misinformation|fake_news|geopolitics|military_action|india|pakistan|india_pakistan|military_technology|war_coverage
https://x.com/i/status/2024432918458753047,yes,"The video shows Turkish athlete Necmettin Erbakan Akyüz raising a Palestinian flag at the European Wushu Kung Fu Championship in Istanbul on December 17, 2023, not the Winter Olympics. https://www.arabnews.com/node/2502586/sport https://www.dailysabah.com/sports/turkish-kung-fu-fighter-under-fire-for-displaying-palestinian-flag/news","When a gold medalist in the Winter Olympics does this on the podium, this is how it should be, will be &amp; must be for ever – this is how we win https://t.co/Mo0pQycg8E",5,"The video features a vertical format, quick cuts, and a popular music track, making it perfectly suited for TikTok as-is.",viral_video|misinformation|sports|palestine|activism|middle_east_relations|turkey
https://x.com/i/status/2031803724478255271,yes,"The animal is a dog whose owner rescued it after it fell through the ice while chasing geese, not a Central Park coyote rescued by a stranger; Central Park ponds were ice-free due to 80°F weather the previous day. https://x.com/whatisny/status/2031837354369896502 https://weatherspark.com/h/d/147190/2026/3/10/Historical-Weather-on-Tuesday-March-10-2026-at-New-York-City-Central-Park;-New-York;-United-States",HERO! A man jumped into a still frozen pond to rescue one of the Central Park coyotes which had fallen through the ice this afternoon #whatisnewyork https://t.co/ZP8AbKa4uE,4,"The video is the primary content and highly engaging, capturing a dramatic rescue in a vertical format. It would fit perfectly on TikTok with the tweet text converted into on-screen captions or a voiceover.",animal_rescue|viral_video|misinformation|new_york_city|central_park|nature|social_media_controversy
https://x.com/i/status/2022629801429971244,yes,"The video shows an AI-generated woman, not a real person speaking at a protest. https://www.facebook.com/Aussietothecore/posts/1434558211636260","This young Australian woman is damn RIGHT and it’s a simple solution to a long term problem.

CUT Migrants BENEFITS and they will DEPORT themselves. https://t.co/SN87GmHqQL",5,"The video features vertical framing, burned-in captions, and a high-engagement visual style that is native to TikTok. The tweet text acts as a simple reaction to the video content itself.",ai_generated|misinformation|australia|immigration|political_commentary|fake_news|artificial_intelligence|protest
https://x.com/i/status/2028874909464883592,yes,"This is not true. The man was pinned down by bystanders, arrested, and charged with assault.     https://metro.co.uk/2025/06/25/man-chased-around-london-tube-station-attacker-pinned-public-23496944/","In London, a man tried to snatch a Rolex off someone’s wrist in broad daylight, and instead of stepping in, people just stood there as he ran away 😳 https://t.co/5WRVVrwa6X",5,"The video features a vertical aspect ratio, a TikTok watermark, and high-action, viral-style footage that is designed for immediate visual engagement without needing external context.",tiktok_repost|viral_video|misinformation|crime|london|public_safety|community_note
https://x.com/i/status/2024794745047019840,yes,"The video depicts staged entertainment content, not authentic doorbell camera footage of a real motorcycle accident and subsequent grief. The account's bio states: &quot;Only Entertainment Entertainment Entertainment&quot;.    https://x.com/TAdventurousoul    https://www.instagram.com/reel/DTsoUOik5PB/",The doorbell camera footage of a woman who lost her boyfriend in a motorcycle accident — capturing her final goodbye and the few days that followed… https://t.co/S8ySgg50dg,5,"The video is a highly edited, emotionally manipulative short-form narrative designed for viral engagement, which is the core format of TikTok entertainment content.",viral_video|misinformation|staged_content|social_media_controversy|short_film|doorbell_camera
https://x.com/i/status/2027970093402005935,yes,"User is known for sharing misinformation, the video has nothing to do with the Iranian supreme leader.     The Video below shows Putin putting flower on an unknown Russian soldier.     https://youtu.be/sNBCQRtY3tU?si=caHExSExTqlnnZhC",🚨 Heavy mourning worldwide Russian President Vladimir Putin places flowers in Moscow to honor Iran’s Supreme Leader Ayatollah Ali Hosseini Khamenei. https://t.co/d5RKFik2Yo,4,"The video uses dramatic music and slow-motion editing to create an emotional narrative, relying on the tweet text to provide a false context that would typically be on-screen text on TikTok.",misinformation|fake_news|vladimir_putin|russia|iran|geopolitics|viral_video|video_edit
https://x.com/i/status/2025169260901781889,yes,"The video shows the October 2025 arrest of three Chinese nationals in Georgia (the country) for attempting to buy 2kg of uranium, not Israeli tourists. Reports do not specify Uranium-235.    https://www.aljazeera.com/news/2025/10/25/chinese-citizens-arrested-in-georgia-accused-of-trying-to-buy-uranium  https://www.bbc.com/news/articles/cgjdgv6z3l9o  https://civil.ge/archives/708365","🚨 BREAKING:

Three “israeli tourists” were just CAUGHT trying to buy 2 KILOS OF URANIUM 235 in Europe.

Uranium 235 is literally for nuclear bombs. https://t.co/9jjS4USymy",2,"The video is a traditional news-style montage of police footage with no in-video text or social media editing, relying entirely on the tweet for context.",misinformation|fake_news|breaking_news|geopolitics|georgia|china|israel|uranium|nuclear_proliferation
https://x.com/i/status/2019396751526916310,yes,"Jonathan Samuels, a presenter for Sky News, explained on Twitter that it was a creative choice made in editing to align with the voiceover script.    https://www.snopes.com/fact-check/briefcase-changes-color/","Flashback to at the time UK Prime Minister Rishi Sunak leaving number 10 and his folder magically changing colour.

You are watching a scripted movie! https://t.co/EaKWgxDGfj",4,"The video focuses on a visual 'glitch' or anomaly intended to spark engagement and conspiracy, a style very common on TikTok, though it relies on the tweet text for the narrative hook.",uk_politics|rishi_sunak|conspiracy_theory|video_edit|misinformation|media_criticism|viral_video
https://x.com/i/status/2017417530814640389,yes,Bruce Buffer is American. The person in this video is Australian.     https://grokipedia.com/page/Bruce_Buffer,"BREAKING:

BRUCE BUFFER ROAD RAGE!

Bruce Buffer, famous UFC fight announcer, caught on video having an argument today in Sydney just before UFC 325 😲 https://t.co/0s5p8purIE",4,"The video is a high-engagement, vertically-filmed viral clip where the tweet text provides the narrative context that would typically be on-screen text on TikTok.",viral_video|misinformation|celebrity_news|road_rage|lookalike|australia|ufc|social_media_controversy
https://x.com/i/status/2015801908813078551,yes,"This is a performance by Marina Abramović at the MoMA in New York. It is not true that Marina had not seen Ulay for 20 years. As shown in the documentary The Artist Is Present, Marina and Ulay met several days beforehand. https://www.youtube.com/watch?v=YcmcEZxdlv4","A woman was asked to look strangers in the eye without showing any emotion. But then she saw the man she once loved, a man she hadn't seen in 20 years. https://t.co/RHu78vkPeZ",4,"The video uses a highly emotional, cinematic edit with background music to tell a narrative that is further framed by the tweet's 'storytelling' text, a format very common on TikTok.",viral_video|misinformation|pop_culture|video_edit|marina_abramovic|performance_art|moma|new_york_city|nostalgia
https://x.com/i/status/2020068143994139069,yes,"The video features AI-generated images resembling Jeffrey Epstein in Tel Aviv, but they are fabricated. The original includes Google's Gemini AI logo and was shared on Reddit. Epstein died by suicide in 2019, per official reports.    https://www.reddit.com/r/Epstein/comments/1qxn46z/epstein_has_not_been_spotted_alive_tel_aviv_that  https://www.politifact.com/factchecks/2026/feb/06/social-media/jeffrey-epstein-tel-aviv-fake-image-AI  https://en.wikipedia.org/wiki/Death_of_Jeffrey_Epstein","#Epstein THIS ANGLE MAKES IT SEEM TOTALLY OBVIOUS… but maybe that’s what they want.
He is NOT homeless! He’s wearing Persol sunglasses! Those are $300.. https://t.co/p7Wlz2q01I",5,"The video features a classic TikTok-style reaction format with a split-screen 'green screen' effect, a person speaking directly to the camera, and quick visual cuts.",tiktok_repost|reaction_video|ai_generated|misinformation|conspiracy_theory|jeffrey_epstein|lookalike|celebrity_sighting|israel
https://x.com/i/status/2031564563645346281,yes,"This video does not show Tel Aviv and is not from the 2026 US-Israeli war with Iran, but shows the destruction in Bat Yam after an Iranian missile hit the city on June 15 2025.  https://x.com/sentdefender/status/1934044153211756750  https://www.ynetnews.com/article/skaotri7xe  https://www.timesofisrael.com/6-dead-including-2-children-in-iranian-missile-strike-on-bat-yam-apartment-building/","Tel Aviv 💥💥💥

Despite the censorship, we can manage to get random videos from Tel Aviv.... And it is not looking good for the pedo-Epstein coalition 💥💥💥 https://t.co/pBoJIApX5R",4,"The video is the primary content, featuring raw, handheld footage of a dramatic event that would be highly engaging on TikTok. The tweet text serves as the context/caption that would typically be overlaid on the video in a native TikTok post.",viral_video|misinformation|middle_east_relations|geopolitics|iran|military_action|breaking_news|israel|conspiracy_theory|war_coverage|missile_strike|jeffrey_epstein|bat_yam
https://x.com/i/status/2023546832723591622,yes,"Per the US Census Bureau, there were about 101,000 living centenarians in 2024 in the US.    https://www.pewresearch.org/short-reads/2024/01/09/us-centenarian-population-is-projected-to-quadruple-over-the-next-30-years/    There are 3,143 counties or equivalents in the US, for an average of about 32 centenarians per county.     https://www.pewresearch.org/short-reads/2024/01/09/us-centenarian-population-is-projected-to-quadruple-over-the-next-30-years/","A 100 year old voter in California…

I’m sure that’s totally legit.

Send @nickshirleyy to every state.

We have not had a legit election in decades.

https://t.co/MJWpKhxthY",4,"The video features a young creator conducting an on-the-street interview with quick cuts and a focus on visual evidence, which is a common TikTok format.",us_politics|voter_fraud|conspiracy_theory|political_commentary|misinformation|social_media_controversy|election_integrity
https://x.com/i/status/2016617307938648339,yes,Erika Kirk’s match is only for children of active employees of TPUSA. (Turning Point only has ~500 employees)    https://thehill.com/homenews/administration/5711496-trump-accounts-matching-erika-kirk/amp/,"Incredible. 

Erika Kirk will match 1,000 for every Trump Account created for a newborn baby, honoring Charlie’s legacy 

Every child is a gift from God https://t.co/397GAOe8Hx",4,"The video uses a square aspect ratio and background music to create an emotional, engaging atmosphere, while the tweet text provides the context that would typically be on-screen text on TikTok.",us_politics|donald_trump|erika_kirk|tpusa|misinformation|social_media_controversy|political_commentary
https://x.com/i/status/2023003108918636635,yes,This video is AI generated  https://caniphish.com/blog/how-to-spot-ai-videos,"A vehicle falls off a bridge in the middle of a flash flood, and a boy cries to save his puppies who were trapped inside the car with the windows closed. https://t.co/xb59R0e01Q",5,"The video features vertical framing, rapid cuts, dramatic background music, and burned-in captions, making it native to short-form video platforms like TikTok or Kwai.",ai_generated|misinformation|animal_rescue|cgi|viral_video|fake_news|visual_effects
https://x.com/i/status/2023166279847207015,yes,"Japan has not banned Islam. Claims of bans on halal food, large mosques, calls to prayer, or street praying are false, part of a recurring hoax. Islam is practiced freely in Japan with existing mosques and communities.    https://www.reuters.com/fact-check/online-list-japans-restrictions-islam-includes-false-claims-2023-12-08  https://www.politifact.com/factchecks/2015/nov/17/viral-image/viral-graphic-says-japan-keeps-out-radical-islam-t  https://www.snopes.com/fact-check/muslims-in-japan/  https://en.wikipedia.org/wiki/Islam_in_Japan","🚨 BREAKING: JAPAN BANS ISLAM

Halal? BANNED 🚫
Large Mosques? BANNED 🚫
Call to prayer? BANNED 🚫
Praying in the street? BANNED 🚫

Don't like it?

GO BACK HOME!!! https://t.co/xOk1aRuSA2",2,"The video is a traditional news-style clip of a formal political proceeding, but the tweet uses sensationalist, clickbait formatting typical of viral social media content.",misinformation|fake_news|japan|geopolitics|islam|political_address|breaking_news|social_media_controversy
https://x.com/i/status/2025686908500676954,yes,"Even though this video shows assets linked to CJNG, this is an old video and the vehicles shown have been captured/destroyed long ago, this does not represent the current state of the conflict    https://vanguardia.com.mx/noticias/fgr-destruyo-23-monstruos-del-narco-CX3321602","Don’t worry guys, the Mexican army is here to save everyone!

Oh wait, this isn’t the army… 

This is the Special Forces of the Jalisco New Generation Cartel! https://t.co/f6KjfNiXrm",4,"The video is highly visual and engaging, using the tweet text to provide a 'bait-and-switch' context that would typically be presented as on-screen text or a voiceover on TikTok.",military_action|mexico|cartel|cjng|jalisco_new_generation_cartel|geopolitics|military_technology|viral_video
https://x.com/i/status/2015129976027410509,yes,"This video is footage from a pro-Orbán &quot;Peace March&quot; rally in Budapest on June 1, 2024, ahead of European Parliament elections, not a current event in January 2026.    https://www.reuters.com/world/europe/thousands-rally-back-hungarys-orban-ahead-eu-vote-2024-06-01    https://abouthungary.hu/speeches-and-remarks/speech-by-prime-minister-victor-orban-at-the-peace-march","🚨SHOCKING:   

🇭🇺 HUNGARY Stands with Prime Minister Orbán Viktor. 

This is Our MESSAGE to the European Union and Ukraine.

Hungary is Not Your Client State. https://t.co/nRvRAypSaA",3,"The video features quick cuts and dramatic music typical of social media edits, but the source material is traditional broadcast news footage with a standard political message.",protest|geopolitics|hungary|viktor_orban|political_campaign|european_union|misinformation
https://x.com/i/status/2026641270492254668,yes,"Energy bills are £73 more expensive now than when Labour came into office.    July 2024 - £1,568   April 2026 - £1,641  +73    July 2024: https://www.ofgem.gov.uk/news/new-energy-price-cap-level-july-september-2024-starts-today    April 2026: https://www.ofgem.gov.uk/press-release/energy-price-cap-will-fall-7-april","I promised to bring bills down and I meant it.
 
And today, because of the decisions this Labour government has made, the energy price cap has lowered by £117. https://t.co/cE9SGjY7hv",4,"The video features vertical framing, quick cuts, and burned-in captions typical of TikTok, though the tweet text provides the primary political context.",uk_politics|labour_party|keir_starmer|political_address|misinformation|energy_crisis|cost_of_living
https://x.com/i/status/2026054674877460628,yes,This video is a comedic skit posted by actress Brittney Rae Carrera herself in October 2025 reacting to Haliey Welch's cameo in *Chad Powers*. Welch stated she contacted Carrera and they are on good terms; no evidence confirms Carrera was ever cast in the role.    https://people.com/haliey-welch-speaks-out-after-actress-claims-she-replaced-her-in-chad-powers-11823050    https://deadline.com/2025/10/haliey-welch-in-contact-actress-replaced-chad-powers-1236570163    https://decider.com/2025/10/02/brittney-rae-hawk-tuah-haliey-welch-chad-powers-role,"Footage resurfaces of actress Brittney Rae Carrera crashing out after finding out she lost her role in Chad Powers to the “Hawk Tuah” girl, Haliey Welch 🎬👀 https://t.co/uBT07ze3RU",5,"The video features a vertical split-screen layout, burned-in captions, and a high-energy reaction style that is native to TikTok's visual language.",viral_video|pop_culture|celebrity_news|satire|tiktok_repost|hawk_tuah|haliey_welch|brittney_rae|chad_powers
https://x.com/i/status/2015167769977782525,yes,The New York Times covered the March For Life.   https://www.nytimes.com/2026/01/23/us/march-for-life-trump-vance.html,"New York Times just covered protests in Minnesota

The March for Life was yesterday

100,000 people attended to defend unborn babies

The media said nothing https://t.co/gKthAFXyt9",2,"The video is a long, static time-lapse of a protest with no editing, music, or on-screen text, functioning more as a traditional news-style visual aid for the tweet's political claim.",protest|us_politics|media_criticism|activism|march_for_life|abortion_debate
https://x.com/i/status/2033030479968895221,yes,Solar panels do not have lithium present in them.  The video is also AI generated.  https://en.wikipedia.org/w/index.php?title=Solar_cell,"The lithium in the solar panels cashes fire, just like it does in the electric cars. 
All these 'good for nature' inventions seem to be bad for nature at the end. https://t.co/rc3hWpP419",4,"The video uses quick cuts, dramatic visual effects, and burned-in captions typical of viral social media content, though it relies on the tweet text for its specific narrative framing.",ai_generated|misinformation|climate_change|cgi|visual_effects|fake_news|nature|conspiracy_theory
https://x.com/i/status/2014544874226307121,yes,"This video is satirical content created by TikTok user @mr.farmerfran. Carrots are a cool-season crop harvested in Kansas during spring and fall, not in January when fields are dormant.    https://www.tiktok.com/@mr.farmerfran/video/7597964660045794574  https://www.shawnee.k-state.edu/lawn-garden/Carrot.pdf",This carrot farmer has almost a million dollars of carrots to pick but this administration and the fear of ICE ran off all the workers and he will lose his farm. https://t.co/epeC3IUVCw,5,"This is a native TikTok video featuring a vertical selfie-style format, direct-to-camera address, and platform-specific UI elements like the heart and comment icons.",tiktok_repost|satire|misinformation|us_politics|farming|kansas|social_media_controversy|viral_video
https://x.com/i/status/2021373935976341556,yes,"**Errors:** Pilot is 60, not 70. No Epstein connection exists—this is Operation &quot;Fasten Your Seatbelts,&quot; a local Brazilian case. Sergio Antonio Lopes was arrested for child pornography and exploitation; no sources link this to Epstein. https://local12.com/news/nation-world/pilot-child-porn-pornography-ring-plane-airplane-pictures-images-photos-mother-sold-selling-bought-purchased-rape-prostitution-sexual-abuse-sexually-assault-assaulted-abused-abusive-stalking-coercion","⛔️Breaking news ‼️A 70-year-old pilot who trafficked minors and ran a network in Brazil —in reference to Jeffrey Epstein in Brazil— was arrested before takeoff‼️
 https://t.co/HEFqG4cuLY",4,"The video features vertical framing, quick cuts, and burned-in captions typical of TikTok news clips, while the tweet text provides the sensationalist context.",breaking_news|misinformation|aviation|brazil|jeffrey_epstein|conspiracy_theory|crime_news
https://x.com/i/status/2032870814660571396,yes,Rabies is a very real viral disease that kills nearly 100% of patients who do not receive the vaccine.     https://www.who.int/news-room/fact-sheets/detail/rabies,"Rabies🐕: A fake illness to poison the dogs and keep the vets in business. Anything mandated by the govt is voluntary.

Book: The poisoned needle Eleanor Mcbean https://t.co/gCZ9lbvoCB",5,"The video features a vertical format, rapid cuts, burned-in captions, and a high-energy delivery typical of TikTok-native content. It is a self-contained piece of media that requires no additional context from the tweet.",tiktok_repost|misinformation|conspiracy_theory|vaccination_controversy|rabies|animal_health|social_media_controversy|anti_vax
https://x.com/i/status/2014082667566809170,yes,"The evacuation of the Davos Congress Centre was precautionary due to a small fire in a nearby hut that caused a smell leading to coughing among some attendees. President Trump, who had spoken earlier, was unaffected and remained safe per White House officials.  https://www.the-sun.com/news/15819896/davos-fire-evacuates-guests  https://www.hindustantimes.com/world-news/us-news/davos-fire-reports-why-congress-center-was-evacuated-today-is-trump-ok-latest-update-on-world-economic-forum-101769028891542.html","🚨BREAKING: Attendees are being evacuated from the main World Economic Forum venue after a mysterious smell sparks coughing fits.

President Trump needs to LEAVE. 
 https://t.co/ozM00ficFf",4,"The video is raw, first-person footage of a breaking event that would fit perfectly on TikTok with on-screen text replacing the tweet's context.",breaking_news|us_politics|donald_trump|world_economic_forum|davos|evacuation|conspiracy_theory
https://x.com/i/status/2025684831070200086,yes,"Mexican forces killed cartel leader El Mencho on Feb 22, 2026, sparking violence like torched vehicles and roadblocks in multiple states. No reports confirm kidnapping of American citizens; US issued shelter-in-place advisories. https://www.foxnews.com/world/major-drug-lord-el-mencho-killed-mexican-military-operation-us-intelligence-support https://www.cnn.com/world/live-news/mexico-el-mencho-killed-travel-chaos-02-23-26-intl-hnk","Mexican military killed cartel leader El Mencho… and now Mexico is paying for it!!! Cartel members are destroying cities and even kidnapping American citizens. 😳

 https://t.co/Ilp1y0pX5D",4,"The video uses a compilation of dramatic, low-quality footage with a sensationalist overlay, a style very common on TikTok where the tweet text serves as the primary hook.",misinformation|breaking_news|mexico|cartel_violence|el_mencho|geopolitics|viral_video|fake_news
https://x.com/i/status/2025695410287714791,yes,This video is from the Mexican side of the El Paso border in October 2023.    https://kfoxtv.com/news/local/migrants-surge-to-el-paso-texas-border-sector-undeterred-by-heightened-security-in-ciudad-juarez-chihuahua-mexico-francisco-garduno-migration-delegate  https://cbsaustin.com/news/nation-world/video-hundreds-of-migrants-rush-southern-border-amid-cities-overwhelmed-el-paso-texas-ciudad-juarez-mexico-asylum-seekers-rio-grande-train-cbp-patrol  https://katu.com/news/nation-world/video-hundreds-of-migrants-rush-southern-border-amid-cities-overwhelmed-el-paso-texas-ciudad-juarez-mexico-asylum-seekers-rio-grande-train-cbp-patrol,"Liberals across America call for the Southern Border to be reopened, to let in the Mexican Drug Narco Terrorists running from their government.  
This was El Paso. https://t.co/dYes1qrEOJ",4,"The video is the primary content, capturing a chaotic and visually engaging scene that would thrive on TikTok. The tweet text acts as the narrative framing that would typically be on-screen text or a voiceover on TikTok.",viral_video|misinformation|us_politics|border_security|immigration|el_paso|protest|political_commentary
https://x.com/i/status/2019426657325707712,yes,"The video is AI-generated, not a real statement.    US Census data shows average spousal age gaps of ~4 years in 1900 (men 26, women 22 at first marriage), narrowing to ~2.5 years by 1960—not typically 10 years.    https://www.census.gov/content/dam/Census/library/visualizations/time-series/demo/families-and-households/ms-2.pdf    https://www.bgsu.edu/ncfmr/resources/data/family-profiles/hemez-distribution-age-first-marriage-fp-20-09.html","This is very provocative. It helped me understand why in my grandparent’s generation and before that, men were typically 10 years older than the women they married https://t.co/BsePN0ixyc",5,"The video features a vertical aspect ratio, burned-in captions, and quick cuts typical of TikTok-native content. It is a self-contained viral clip that requires no additional context from the tweet.",ai_generated|misinformation|podcast_clip|lifestyle|social_media_controversy|artificial_intelligence|viral_video|dating_advice
https://x.com/i/status/2017642510730789125,yes,The protestors are asking for more police enforcement in Arab towns.    https://www.i24news.tv/en/news/israel/society/artc-tel-aviv-40-000-people-rally-against-violence-in-arab-communities,Tens of thousands march in Tel Aviv tonight demanding life and security for Arab and Palestinian citizens as a racist fascist government abandons and targets them. https://t.co/RrGGum4mmI,3,"The video is a raw, immersive recording of a protest that would fit well on TikTok, though it lacks the typical platform-specific edits like captions or voiceovers.",protest|israel|palestine|activism|tel_aviv|middle_east_relations|geopolitics|breaking_news
https://x.com/i/status/2027524899200209210,yes,"Recycled 2019 video from India: This shows drainage of an infected piercing cyst on the earlobe, not an 'unexpected' ENT mystery.    https://www.instagram.com/reel/DVOV6HXkb3m/  https://www.instagram.com/reel/DVQnECWEqdg/","After three sleepless nights from intense ear pain, a girl finally saw an ENT specialist. 

The cause of her discomfort turned out to be something truly unexpected. https://t.co/oX492yN80c",5,"The video is vertical, features burned-in text with emojis, and uses 'gross-out' medical content typical of viral TikTok trends. It is entirely self-contained visual content.",viral_video|misinformation|tiktok_repost|oddly_satisfying|medical_procedure|india
https://x.com/i/status/2017985422916239407,yes,This video is from an accident on 193 in Michigan from 2015.    https://fox59.com/news/national-world/video-watch-as-massive-193-vehicle-pileup-develops-on-michigan-  interstate/,"Cars piling up on I26 in South Carolina during the ""bomb cyclone"" ❄️

Drive accordingly...

#rural #southcarolina #snow #BombCyclone #crash #FAFO #ice #learning #SC https://t.co/SMJpJYk4CZ",4,"The video is high-impact, visually engaging footage of a disaster that functions as the primary content, similar to viral 'fail' or 'disaster' clips on TikTok. While it lacks in-video captions, the tweet text provides the context that would typically be an overlay on TikTok.",viral_video|misinformation|fake_news|breaking_news|car_crash|winter_storm|michigan|pileup|disaster_footage
https://x.com/i/status/2013184598746812765,yes,The girl in the video is actually a 22 year old grown woman who dresses like a high-schooler to gain sympathy while selling sampaguita flowers    https://www.philstar.com/the-freeman/opinion/2025/01/21/2415769/editorial-virtue-not-judging-too-quickly,A schoolgirl in Manila selling snacks bravely resisted an armed security guard trying to remove her. It's tough seeing children in poverty. What are your thoughts? 😔 https://t.co/N8SC0iR9RK,5,"The video is a high-engagement, visually striking clip of a public confrontation that functions as the primary content, fitting perfectly into the viral 'street scene' genre common on TikTok.",viral_video|misinformation|social_media_controversy|philippines|manila|public_confrontation|street_vendor
https://x.com/i/status/2023025864318095578,yes,"The video is from September 3, 2025, showing two US military veterans arrested for disrupting a Senate hearing to protest US arms sales to Israel. It does not show active duty pilots arrested for refusing to fly weapons.    Sources:  https://factcheck.afp.com/doc.afp.com.777Z2NQ  https://www.democracynow.org/2025/9/4/headlines/army_veterans_disrupt_senate_hearing_to_accuse_members_of_complicity_in_gaza_genocide  https://www.youtube.com/watch?v=s7_Wb7DgzWk","🇺🇸🇮🇱⚡️- US military pilots were arrested for refusing to fly weapoms to Israel, claiming they are committing Genocide and the US govt and Congress are complicit in it. https://t.co/uHgymIYfYF",4,"The video features a vertical aspect ratio, high-intensity action, and large burned-in text overlays that provide context, making it highly suitable for TikTok.",viral_video|misinformation|tiktok_repost|us_politics|middle_east_relations|israel|palestine|protest|activism|political_confrontation|military_veterans
https://x.com/i/status/2031448786959011972,yes,This video is clearly AI-generated.     The scenery keeps randomly changing and the explosions make no sense.    https://www.bbc.com/news/videos/c050eq4llpro,"Videos from Kuaishou, a Chinese social media app, without guarantee of accuracy, strongly suggest that the number of US soldiers who have died is more than reported. https://t.co/fwxxANq2LT",5,"The video is a fast-paced, visually intense compilation of CGI explosions with burned-in watermarks, designed for high engagement and viral sharing on short-form platforms like Kuaishou or TikTok.",ai_generated|cgi|misinformation|fake_news|military_action|missile_strike|visual_effects|tiktok_repost|china|war_coverage
https://x.com/i/status/2013433131089502370,yes,"Canned tuna is required to be “ready to eat,” meaning it is cooked and not raw.   https://www.foodrepublic.com/1648106/is-canned-tuna-raw-cooked/","Rick Ross’s favorite ex-girlfriend, Singer Cristina Mackey—who’s really into fitness—says she eats raw tuna straight out of the can to help maintain her physique. 👀🐟🍣 https://t.co/JlsQjTaGOO",5,"The video features a vertical split-screen format, quick cuts, and a direct-to-camera lifestyle vlog style that is native to TikTok and Instagram Reels.",lifestyle|fitness|celebrity_news|pop_culture|rick_ross|cristina_mackey|social_media_controversy|viral_video
https://x.com/i/status/2017152450944209016,yes,"Video from July 24, 2009 shows arrests made in the FBI's &quot;Bid Rig&quot; corruption investigation in New Jersey, which saw 46 people including 29 public servants arrested on charges of corruption and/or money-laundering.    https://www.npr.org/2009/07/23/106918289/3-n-j-mayors-arrested-in-major-corruption-probe    https://www.reuters.com/article/world/us/mayors-rabbis-arrested-in-nj-corruption-probe-idUSTRE56M3QU/    https://www.youtube.com/watch?v=-0XWZGjPDz4    https://en.wikipedia.org/wiki/Operation_Bid_Rig    https://www.fbi.gov/news/stories/2009/july/corruption_072409     https://www.nj.com/news/2014/10/landmark_nj_corruption_case_ends_5_years_after_the_fbi_sting_operation_came_to_light.html    https://www.aljazeera.com/news/2009/7/24/scores-held-in-us-corruption-probe","🚨 BREAKING:

17 Jewish Rabbis were arrested in New Jersey for harvesting and trafficking organs from Palestine. 

One of them was selling kidneys for over 10 years. https://t.co/hPVtkIN3Oq",2,"This is a traditional news segment from France 24 shared on social media with a descriptive tweet; it lacks the vertical format, quick edits, or native engagement features typical of TikTok.",misinformation|fake_news|breaking_news|conspiracy_theory|new_jersey|fbi|corruption|organ_trafficking|palestine|israel|middle_east_relations
https://x.com/i/status/2030798140714942548,yes,Context:    This account has previously stated they do not believe international law exists:   https://x.com/mossadil/status/2002414534884274316?s=46    Israel used cluster munitions in its 13-month war with Lebanon in 2025:   https://www.theguardian.com/world/2025/nov/19/israel-used-widely-banned-cluster-munitions-in-lebanon-photos-of-remnants-suggest,"‼️INTERNATIONAL LAW VIOLATION 🚔

Another IRGC cluster munition ballistic missile attack on Israel

These are war crimes and meant to harm as many civilians as possible. https://t.co/9tQ0vHvSOn",4,"The video is the primary content and highly engaging visually, using the tweet text to provide the context that would typically be a text overlay on TikTok.",geopolitics|middle_east_relations|iran|israel|military_action|missile_strike|war_coverage|breaking_news
https://x.com/i/status/2027842931441471916,yes,This happened in Paris. You can clearly see the typical Paris architecture in the back.     https://mymodernmet.com/haussmann-paris-architecture/,This was in Iran few months back when a  Woman publicly removed her burqa to reveal a T-shirt carrying an explicit message against Supreme Leader Ayatollah Ali Khamenei https://t.co/3gGCKNNItD,4,"The video is a highly visual, edited performance with music and a dramatic reveal that would thrive on TikTok; the tweet text provides the context that would typically be on-screen text.",misinformation|viral_video|iran|protest|activism|womens_rights|paris|geopolitics|middle_east_relations
https://x.com/i/status/2031801332420510100,yes,This video shows an April 2021 incident in Florida where Michele Stilwell was arrested for choking and biting her Uber driver. No reports indicate she mistook him for an ICE agent or had political motives.    https://www.nbcmiami.com/news/local/woman-arrested-after-choking-biting-uber-driver-in-pinellas-county-deputies/2432515    https://unicourt.com/case/fl-pcr2-state-of-florida-vs-stilwell-michele-9031,"WHITE LIBERAL WOMAN MISTAKES HER UBER DRIVER FOR AN ICE AGENT AND SHE STRANGLES HIM AND BITES HIM, FROM THE BACKSEAT OF HIS OWN CAR!! 

REOPEN THE INSANE ASYLUMS NOW!!! https://t.co/6xAA8zPhdZ",5,"The video features a large, high-contrast text overlay and an Instagram/TikTok watermark, making it visually native to short-form mobile video platforms. It is designed to be self-contained and highly engaging without needing the external tweet text.",misinformation|viral_video|tiktok_repost|social_media_controversy|florida|political_commentary|uber_incident
https://x.com/i/status/2031859420791963985,yes,"The solar farm damaged by severe storms (including a suspected tornado) on March 10, 2026, is located in Wheatfield, Indiana, USAânot India. Reports do not confirm a $150 million value for the facility.    https://wsbt.com/news/local/solar-farm-damaged-by-severe-storms-rain-tornado-winds-supercell-damage-wheatfield-jasper-county-indiana    https://www.abc57.com/news/nipsco-releases-statement-after-severe-weather-damaged-wheatfield-solar-farm    https://energynewsbeat.co/wheatfield-indiana-solar-farm-devastated-by-severe-storm-assessing-the-aftermath","Oops … $150 million weather changing solar farm has been destroyed by the erm … the weather.

The wheatfield India solar farm v. Big storm.

Stop laughing at the back 🤡 https://t.co/LIkQQPKAI5",4,"The video is highly visual and engaging, featuring drone footage and on-the-ground clips of destruction. The tweet text acts as a sarcastic caption that would typically be on-screen text or a voiceover on TikTok.",misinformation|viral_video|climate_change|nature|breaking_news|indiana|solar_energy|renewable_energy|storm_damage
https://x.com/i/status/2011678696910811270,yes,"Al Jazeera and CNN report this video is from June 2025 during a past Iran-Israel conflict, not January 2026. News outlets confirm there are currently no reports of Iranian attacks or bomb shelter chaos in Israel.    https://www.aljazeera.com/news/2025/6/17/not-for-you-israeli-shelters-exclude-palestinians-as-bombs-rain-down     https://www.cnn.com/2025/06/16/middleeast/bomb-shelters-israel-iran-missiles-intl     https://www.reuters.com/world/middle-east/iran-warns-retaliation-if-trump-strikes-us-withdraws-some-personnel-bases-2026-01-14","🚨 BREAKING:

FULL ON CHAOS IN ISRAEL RIGHT NOW.

In this video, israeli jews can be seen
fighting over access to bomb shelters. 

The rats are panicking. Iran is coming. https://t.co/o6wF9L7oPD",4,"The video is a chaotic, vertically-filmed clip with a sensationalist caption that would be native to TikTok, though it relies on the tweet text for its specific narrative framing.",misinformation|viral_video|geopolitics|middle_east_relations|iran|israel|breaking_news|fake_news|social_media_controversy
https://x.com/i/status/2032177236103602271,yes,"The video combines footage from two different matches.     Antoine Griezmann is visible next to Kylian Mbappé in the crowd clip, but Griezmann was playing for Atlético when Álvarez scored their 4th goal vs Barcelona, meaning the footage cannot be from the same moment.    https://www.bbc.co.uk/sport/football/live/cr5lnnev808t#LiveReporting    https://www.fotmob.com/match/5173360    https://www.transfermarkt.com/antoine-griezmann/profil/spieler/125781","Kylian Mbappé’s reaction to Atlético Madrid scoring their 4th against Barcelona.

But somehow, it’s Barcelona who are obsessed with Real Madrid. 🤡

https://t.co/gZAm1gyt4L https://t.co/V7nM6OWshy",4,"The video uses a split-screen format and quick cuts to create a narrative, where the tweet text serves as the 'hook' or caption that would typically be on-screen in a TikTok.",misinformation|sports|football|video_edit|kylian_mbappe|atletico_madrid|fc_barcelona|viral_video
https://x.com/i/status/2019271941983727973,yes,This is a fake video. The woman in the 1st clip is Paris Hilton:  https://www.instagram.com/reel/DD-zlGSSfsg/  https://www.hola.com/us/celebrities/20241224737774/paris-hilton-rocks-darker-hair-during-shopping-spree/,"I wouldn't have bought anything until the woman was fired on the spot. 

But I am not Adam Sandler. Nice lesson, he taught them anyway. 

Never judge a book by its cover. https://t.co/NORtsdDiN6",5,"The video is a native TikTok repost featuring a vertical aspect ratio, AI-generated voiceover narration, rapid cuts, and burned-in captions that drive the entire narrative.",tiktok_repost|misinformation|fake_news|pop_culture|celebrity_news|adam_sandler|paris_hilton|viral_video
https://x.com/i/status/2032887701263774116,yes,"The attached video reports on fraud in Massachusetts assistance programs and a Vance-led task force per Fox News, but does not mention Bondi, FBI, Congress, agencies, or DOGE. No credible sources confirm the post's claim of cases based on DOGE evidence.    https://www.foxbusiness.com/video/6390732260112    https://www.mass.gov/news/state-auditor-dizoglio-releases-report-on-public-assistance-fraud-investigations","Pam Bondi and the FBI are reportedly constructing significant cases against current members of Congress and federal agencies, based on criminal evidence uncovered by DOGE https://t.co/88MFJrFU6B",2,This is a traditional news clip from Fox News shared with a descriptive tweet; the video is supplementary to the political claim being made in the text.,us_politics|misinformation|fox_news|donald_trump|jd_vance|public_assistance_fraud|political_commentary|breaking_news
https://x.com/i/status/2029284857122283677,yes,"California's statewide minimum wage is $16.90/hour as of Jan 2026, not $25. Only certain healthcare workers in specific facilities are set to reach $25/hour by July 2026—this is sector-specific, not a general minimum wage. https://www.dir.ca.gov/dlse/faq_minimumwage.htm","$25 minimum wage. Universal access to healthcare. A progressive tax system. The top university system in the country. 

Fox News hates California because of our success. https://t.co/3ZPeGwWmVP",2,"This is a traditional late-night talk show interview clip shared on social media with a descriptive tweet, lacking the visual edits or vertical formatting typical of TikTok-native content.",us_politics|political_commentary|california|gavin_newsom|jimmy_kimmel|media_criticism|misinformation|minimum_wage
https://x.com/i/status/2014043205084254312,yes,This is a prank video by a social media video creator amzszino.    https://www.tiktok.com/@amzszino0,"A migrant is confused why people in Britain queue

""Why do you have lines? why don't you just skip and go straight to the door""

It's called civilization
You wouldn't get it https://t.co/PymkkjiXPA",5,"The video is a direct TikTok repost featuring a vertical aspect ratio, TikTok watermark, and a creator-led 'POV' style that functions as a standalone piece of content.",tiktok_repost|viral_video|satire|social_media_controversy|london|uk_politics|prank
https://x.com/i/status/2030719859898892515,yes,"The App Store Accountability Act does NOT &quot;hold Big Tech accountable&quot; nor does it protect children, it forces users to provide more info to said Big Tech to access the internet, and incentives children to look for darker, more dangerous alternatives without verification.    https://www.congress.gov/119/meeting/house/119031/documents/BILLS-119HR3149ih.pdf    https://reason.org/commentary/the-app-store-accountability-act-sacrifices-privacy-and-free-speech-to-give-parents-a-false-sense-of-safety","My App Store Accountability Act is simple: It protects privacy, it protects the rights of parents, and it protects the innocence of children by holding Big Tech accountable. https://t.co/DfKhgKIfSI",4,"The video uses TikTok-style vertical formatting with large, dynamic burned-in captions and quick cuts, though it originates from a traditional podcast/interview setting.",us_politics|political_commentary|podcast_clip|online_safety|big_tech|privacy_rights|media_criticism
https://x.com/i/status/2020313688285278584,yes,"The video is an AI-generated deepfake, not authentic footage from the Epstein files. The recently released documents contain no such video of Trump or Musk with underage girls.    https://www.msn.com/en-us/news/technology/fake-video-shows-trump-and-epstein-with-young-girls-at-party/ar-AA1MqeBw    https://www.pbs.org/newshour/show/what-latest-released-files-show-about-epsteins-ties-with-prominent-figures    https://www.politifact.com/article/2025/dec/17/fact-check-Jeffrey-Epstein-Trump-Clinton-files","Disturbing questions keep emerging from the #EpsteinFiles, involving some of the most powerful people on the planet.

Look at the video. What trump and musk doing with girls. https://t.co/aYn2eSDyue",5,"The video is a direct repost from Instagram/TikTok, featuring vertical framing, burned-in German captions, and dramatic background audio that serves as the primary content.",ai_generated|misinformation|jeffrey_epstein|donald_trump|elon_musk|conspiracy_theory|tiktok_repost|deepfake|fake_news
https://x.com/i/status/2025828416633627080,yes,"This video does not depict cartel violence in Mexico. It shows protests in Nepal from September 2025, where Gen Z demonstrators torched vehicles and buildings amid anti-corruption rallies and social media bans. License plates in Devanagari script confirm Nepal origin.    https://x.com/i/status/1966436942372798472","A cartel leader, Nemesio Oseguera Cervantes aka “El Mencho was killed in Mexico, and his men flooded the streets, hospitals, airports, and other public places, causing mayhem. 🇲🇽 https://t.co/9ZV0GI7Qrg",4,"The video is high-impact, visually engaging footage of chaos that serves as the primary content, with the tweet text acting as the narrative hook that would typically be on-screen text on TikTok.",misinformation|viral_video|fake_news|protest|nepal|mexico|cartel|civil_unrest
https://x.com/i/status/2031485994604671252,yes,"This 2014 video depicts a Polish driver's initial 120-hour community service sentence for dangerous driving that killed a child and her grandparents in 2013. Prosecutors appealed, resulting in 15 months prison and a driving ban.    https://nltimes.nl/2016/08/24/polish-fugitive-extradited-netherlands-serve-sentence-fatal-accident    https://www.mirror.co.uk/news/world-news/watch-father-throw-chair-judge-4671450","EUROPE HAS FALLEN

🇳🇱 Netherlands - Judge sentenced a migrant murderer to 120 community hours and instantly gets a chair thrown at her, by the father of the victim. 

Peak Weimar https://t.co/KoHE6wY5Ze",4,"The video features a highly dramatic, viral-style clip with burned-in captions that provide context, making it very similar to content found on TikTok.",viral_video|misinformation|courtroom_drama|netherlands|political_commentary|social_media_controversy
https://x.com/i/status/2020823046655774930,yes,"Copper has its pros and cons, but there isn’t a nefarious reason for using PEX over copper. Copper is more expensive and more difficult to replace and maintain. PEX is long lasting, flexible &amp; has freezing benefits as it can expand where copper will simply burst if frozen.    https://www.aquorwatersystems.com/blogs/news/why-we-recommend-pex-tubing-over-copper-piping","The real reason they got rid of copper pipes.

""By drinking copper water you are charging your body and boosting your frequency.""

""But not only that, copper is antibacterial."" https://t.co/ZZG04MiufJ",5,"The video features vertical framing, rapid cuts, burned-in captions, and a voiceover typical of TikTok content, functioning as a standalone piece of media.",tiktok_repost|conspiracy_theory|misinformation|lifestyle|educational_content|history|home_improvement
https://x.com/i/status/2023963202711658522,yes,The video's original poster described it as feeling &quot;AI generated.&quot; No evidence shows China released footage of real robots conducting these shooting drills. https://x.com/Sizhe_bitcat/status/2023795421152436264,China 🇨🇳 has released a video of shooting drills involving Terminator-like robots. The line between reality &amp; fiction is becoming increasingly blurred. via @Sizhe_bitcat. https://t.co/YGha9gX45e,5,"The video is the primary content, featuring high-action, visually engaging CGI with quick cuts and a cinematic style that is native to TikTok's short-form video format.",ai_generated|cgi|china|military_technology|misinformation|artificial_intelligence|visual_effects|viral_video
https://x.com/i/status/2013047091400941619,yes,"The video is manipulated and shows King Charles III's face, not Ellen DeGeneres. https://parade.com/news/ellen-degeneres-says-this-midwest-city-was-her-happy-place-still-is-despite-unrest https://pbs.twimg.com/media/G-_n5N9XIAATfwk.jpg","Ellen DeGeneres went to England, grew out her ears and came back to the US. She looks very British now, but aging does change all of us. 

Here she extends support for Minnesota. https://t.co/9vRIgB6l4n",5,"The video is a visually engaging deepfake designed for viral consumption, where the visual gag is the primary content and the tweet text acts as a caption.",misinformation|ai_generated|fake_news|pop_culture|artificial_intelligence|visual_effects|video_edit|celebrity_news|meme|satire|lookalike
https://x.com/i/status/2027816496383332652,yes,This is false.  The video is from an Israeli attack on a Yemeni port in 2024    https://x.com/ShaykhSulaiman/status/1814691933375119667,"Iran destroyed the US airbase in Riyadh, Saudi Arabia. However, Iran did launch missiles at Al Udeid Air Base in Qatar in retaliation for US strikes on Iranian nuclear facilities. https://t.co/2BSfMDMqA6",4,"The video is a highly engaging, vertical, citizen-recorded clip of a massive explosion that would thrive on TikTok; the tweet text serves as the necessary context that would typically be an on-screen caption.",misinformation|viral_video|fake_news|geopolitics|middle_east_relations|iran|military_action|israel|yemen|missile_strike|war_coverage
https://x.com/i/status/2030481634693460447,yes,"The Khorramshahr-4 has been used by Iran in missile waves against Israel (incl. Tel Aviv area) in March 2026 amid the ongoing war. However, this video is from October 2024 (or 2025 exchanges), not current events.    https://www.yahoo.com/news/articles/fact-check-video-iranian-missile-210300802.html    https://www.palestinechronicle.com/iran-says-khorramshahr-4-missiles-targeted-ben-gurion-airport-in-new-attack-wave    https://english.alarabiya.net/News/middle-east/2026/03/05/irgc-says-targeted-israel-s-ben-gurion-airport-with-missiles    https://en.wikipedia.org/wiki/Khorramshahr_(missile)","The missile system bringing nightmares to Tel Aviv: the Khorramshahr-4 missile... Iran is raining Khorramshahr-4 missiles, carrying 1,800-kilogram warheads, on Tel Aviv. #sondakika https://t.co/pt2iHqlhon",4,"The video is the primary content, featuring high-impact visual footage of explosions with burned-in subtitles, which is a hallmark of TikTok-style news dissemination.",misinformation|viral_video|middle_east_relations|iran|israel|missile_strike|war_coverage|breaking_news|military_action
https://x.com/i/status/2017090978226852079,yes,"This video is AI-generated CGI, not real footage. Signs include cartoonish explosions, inconsistent lighting/shadows, unnatural ship proportions. No credible reports confirm this claim.  The post spreads misinformation, and it's located in South Africa.    https://x.com/rkmtimes/about  https://fathomjournal.org/ai-and-fact-checking-when-probability-replaces-evidence/  https://understandingwar.org/research/middle-east/iran-update-january-29-2026  https://gijn.org/resource/guide-detecting-ai-generated-content/","JUST IN🇮🇷❌🇺🇸🔥  Iranian IRGC Navy, Warships and Submarines is fully prepared to shoot down US naval arsenals in its waters including Arabian Sea, Gulf of Oman and CENTCOM of Red Sea. https://t.co/kth8hSWZua",5,"The video is pure visual spectacle designed for high engagement and viral potential, relying entirely on CGI action rather than factual reporting.",ai_generated|cgi|misinformation|fake_news|iran|military_technology|missile_strike|geopolitics|visual_effects|viral_video
https://x.com/i/status/2028884011469209664,yes,President Trump's father Fred Trump was born in New York City in 1905.     https://en.wikipedia.org/wiki/Fred_Trump,"Trump with German Chancellor Merz next to him: ""My father was born -- he knows all about my father -- my father was born there. These are places you automatically feel warmly about."" https://t.co/9wgelu0per",2,This is a traditional interview clip shared on social media where the tweet text provides necessary context and fact-checking that isn't present in the video itself.,us_politics|donald_trump|misinformation|political_commentary|germany|fact_check
https://x.com/i/status/2023935179086327941,yes,"Misleading — the clip is AI-generated fiction, not a real incident. The same footage was posted by AiAnimalMiracles and explicitly labeled &quot;AI-generated • Storytelling only,&quot; showing it was fabricated rather than an actual Dogo saving people. https://www.facebook.com/AiAnimalMiracles/videos/a-crocodile-came-crawling-into-our-backyard-and-my-dogo-argentino-stepped-in-bef/2736519033379425","A crocodile came crawling into our backyard... and my Dogo Argentino stepped in before

we could even react. No fear. No hesitation. Just protection. He didn't just bark he saved us. https://t.co/sU7Ix31oSu",5,"The video is a visually engaging, vertical-format clip designed for viral consumption, featuring high-action content and background music that would fit perfectly on TikTok.",ai_generated|misinformation|viral_video|artificial_intelligence|nature|cgi|animal_rescue|fake_news
https://x.com/i/status/2019611002623651858,yes,"The video is from July 2025 and shows Rick Ross with model Jazzma Kendrick, a woman. Ross clarified this in response to 50 Cent's incorrect assumption it was a man.    https://www.instagram.com/reel/DMdr3aVyoGw    https://www.instagram.com/p/DMdtAR1P_IW",50 Cent reacts to Rick Ross allegedly being caught hugging and kissing a man on a yacht in Miami: ‘Ya  man was looking real saucy kissing that boy on that boat! That’s not AI.’ 👀📷 📷🏖️ https://t.co/g2spWFGCKc,5,"The video features a multi-pane layout, burned-in text overlays, and a reaction-style format that is native to TikTok's visual language.",pop_culture|celebrity_news|misinformation|social_media_controversy|tiktok_repost|rick_ross|50_cent|miami
https://x.com/i/status/2015081288349503671,yes,"The video depicts Meteor Crater (Barringer Crater) in Arizona, formed ~50,000 years ago by a meteorite impact, not the Chicxulub crater, which is a buried, mostly underwater structure off Mexico's Yucatán Peninsula formed ~66 million years ago.    https://en.wikipedia.org/wiki/Chicxulub_crater  https://www.meteorcrater.com/","This is the Chicxulub crater, formed when a massive asteroid slammed into Earth around 66 million years ago. Which eradicated roughly 75% of Earth's species, including non-avian dinosaurs. https://t.co/WdI2RO16Fg",5,"The video features vertical orientation, dramatic music, and burned-in captions, making it native to TikTok's visual style. It functions as a complete piece of content without needing the tweet text.",misinformation|viral_video|tiktok_repost|nature|history|educational_content|mexico|arizona
https://x.com/i/status/2020678001722069019,yes,TPUSA actually pivoted from X streaming to YouTube due to licensing issues https://x.com/tpusa/status/2020634873036460264?s=46&amp;t=tPgnexgTVMiYDCZqpL03hw,"🚨 BREAKING: Reports indicate X usage got so high during the TPUSA All-American Halftime Show, the platform was down for brief moments

We broke the internet!

WE RUN THE CULTURE NOW! https://t.co/xxpYagL9fy",3,"The video features a fast-paced montage with music and stage effects typical of social media trends, though it functions as a promotional highlight reel for a political organization.",tpusa|charlie_kirk|social_media_controversy|us_politics|pop_culture|viral_video|video_edit|misinformation
https://x.com/i/status/2021829234780479892,yes,"Hijab is legally mandatory in Iran under existing law, and enforcement of mandatory dress codes has been documented by international human rights organizations. Individual experiences cannot be generalized as evidence of a broader policy change or relaxed enforcement.        https://www.amnesty.org/en/location/middle-east-and-north-africa/iran/report-iran/","Yes, I walked the entire rally in Tehran without a hijab and guess what happened? Absolutely nothing. There is evidently more of a relaxed tone around hijab- I experienced it for myself. https://t.co/YdhEVr3LwY",5,"The video is a first-person, vlog-style piece of content where the creator speaks directly to the camera while walking through a crowd, a format native to TikTok. The tweet text acts as a caption for the self-contained video content.",iran|middle_east_relations|social_media_controversy|womens_rights|activism|political_commentary|media_criticism|protest
https://x.com/i/status/2017639636378812591,yes,"False. Rigorous global studies of 5.6M+ children, including in Denmark, Japan, and Australia, specifically track infant vaccines (HepB, DTaP) given in the first 6 months. Decades of data confirm no link to autism.  https://en.ssi.dk/news/news/2025/large-danish-study-no-link-between-vaccines-and-autism-or-49-other-health-conditions  https://www.who.int/news/item/11-12-2025-statement-gacvs-vaccines-autism  https://skai.org.au/childhood/questions/what-about-autism  https://publichealth.jhu.edu/2025/vaccines-do-not-cause-autism  https://www.aap.org/en/news-room/fact-checked/fact-checked-vaccines-safe-and-effect-no-link-to-autism/  ","RFK Jr. says despite people saying that vaccines are not related of autism ""none of the vaccines that are given during the first 6 months of life have ever been tested for autism.""  

https://t.co/6U1X63OXhD",2,This is a traditional media interview clip shared on social media where the tweet text provides the essential context and a fact-checking community note.,us_politics|misinformation|conspiracy_theory|rfk_jr|vaccines|public_health|political_commentary
https://x.com/i/status/2028683482105516230,yes,"The video is from a March 1, 2026 Iranian drone strike on a building in Manama, Bahrainânot Dubai. No confirmed reports show a Shahed-136 hitting a Dubai building with US military personnel.    https://www.cnn.com/2026/03/01/world/video/bahrain-iran-drone-strike-building-vrtc    https://www.theguardian.com/world/video/2026/mar/01/iranian-drone-strike-high-rise-building-bahrain-manama-video    https://en.wikipedia.org/wiki/2026_Iranian_strikes_on_the_United_Arab_Emirates","IRANIAN SHAHED DRONE STRIKES DUBAI
A Shahed 136 drone delivered a significant impact on a building in Dubai where American military personnel were stationed.

INTERESTING AUDIO. SAYS A LOT. https://t.co/2vVicrB5vW",4,"The video is a raw, vertically-filmed eyewitness clip that is highly engaging and visually primary. The tweet text provides the context that would typically be on-screen text or a voiceover on TikTok.",misinformation|viral_video|middle_east_relations|geopolitics|iran|military_action|breaking_news|war_coverage|missile_strike|dubai|bahrain
https://x.com/i/status/2013581387022905373,yes,The video is a fabricated TikTok edit combining unrelated clips and does not depict a real court proceeding or sentencing. No Minnesota fraud case matches its claims of Somali women sentenced to 25 years or a towed Ferrari. https://en.wikipedia.org/wiki/2020s_Minnesota_fraud_scandals https://www.justice.gov/usao-mn/pr/minneapolis-woman-sentenced-51-months-prison-role-feeding-our-future-250-million-fraud,It’s amazing that when Somalis are defending themselves they speak English. They commit massive fraud by stealing millions and they think they’ve done nothing wrong. https://t.co/x1tdOruyXb https://t.co/UsqJ8w5YUN,5,"The video is a native TikTok edit featuring vertical orientation, burned-in captions, dramatic quick cuts between unrelated clips, and a TikTok watermark.",misinformation|tiktok_repost|video_edit|fake_news|social_media_controversy|viral_video|minnesota
https://x.com/i/status/2033022474355421341,yes,"For some reason, likely engagement, OP is misrepresenting the length of a second.     Comparing to an official time source, he is almost doubling the stated time.    https://www.time.gov/","It takes Ludvig Aberg less than 4 seconds on average to step into the shot and hit it.

One extended waggle, one look at the target and go.

Effortless perfection.

https://t.co/WA3aXf6vTe https://t.co/9b0DgX0rmj",4,"The video uses a burned-in timer and quick cuts to highlight a specific athletic feat, which is a common TikTok format. The tweet text acts as the necessary context that would typically be on-screen text or a voiceover on TikTok.",sports|golf|viral_video|misinformation|social_media_controversy|video_edit|ludvig_aberg
https://x.com/i/status/2011063167619608953,yes,"Reports from Iran indicate that IR armed security forces have raided hospitals and medical institutions in recent days, allegedly abducting and killing protesters and medical staff, with multiple eyewitness accounts and evidence from hospitals and morgues.    https://www.amnesty.org/en/latest/news/2026/01/iran-deaths-injuries-authorities-protest-bloodshed/","Hospital staff in Kermanshah, western #Iran, bid farewell to their supervisor.

Ms. Elham Zeinali, a medical worker with 20 years of experience, was killed by armed terrorists on January 8. https://t.co/lFF87IyA7B",2,"This is a traditional news segment from IRIB News with a reporter and interviews, which is standard broadcast media shared on social platforms.",iran|kermanshah|breaking_news|protest|human_rights|misinformation|middle_east_relations|geopolitics
https://x.com/i/status/2020306200672584053,yes,"This video is AI-generated and does not show Jeffrey Epstein alive in Israel. Uncropped versions include the Google Gemini logo, and it originated in AI image forums. Epstein's 2019 death was ruled a suicide by authorities.    https://www.politifact.com/factchecks/2026/feb/06/social-media/jeffrey-epstein-tel-aviv-fake-image-AI  https://newschecker.in/fact-check/jeffrey-epstein-spotted-in-tel-aviv-viral-photo-is-ai-generated  https://gizmodo.com/why-people-think-jeffrey-epstein-is-alive-and-playing-fortnite-2000718952  https://oig.justice.gov/sites/default/files/reports/23-085.pdf",Tattoo matches but it looks like he’s in the process of having it removed. Jeffrey Epstein is still alive. We are in the last days and they are rubbing it in our faces. Jesus come quickly 🙏 https://t.co/b39WixJ3Yx,5,"This is a native TikTok repost featuring a vertical split-screen reaction format, TikTok watermarks, and burned-in captions that make the video the primary content.",tiktok_repost|reaction_video|ai_generated|conspiracy_theory|jeffrey_epstein|misinformation|fake_news|israel|lookalike
https://x.com/i/status/2020966937912594659,yes,Financial institutions are required to inquire about such withdrawals as part of protecting their customers from fraud and/or theft. The bank is acting responsibly.    https://www.bankmidwest.com/blog/is-your-banker-asking-questions/,A bank refused a woman’s $20k cash withdrawal and immediately questioned what she planned to do with her own money. You don’t actually have full control over the money in your bank account. https://t.co/b6ccrUIihC,5,"The video is pure TikTok-native content, featuring vertical orientation, burned-in text overlays that tell a narrative story, and a first-person 'hidden camera' perspective common on the platform.",viral_video|tiktok_repost|social_media_controversy|banking|personal_finance|confrontation|fraud_prevention
https://x.com/i/status/2013300013619949704,yes,"The video is AI-generated, not real footage from Kamchatka. Real snowfall produced drifts up to 5m that buried cars and lower floors of buildings but did not cover high-rises as shown. https://www.reddit.com/r/isthisAI/comments/1qfnpdh/is_this_snowfall_video_from_kamchatka_russia_real/ https://watchers.news/2026/01/18/state-of-emergency-declared-for-petropavlovsk-kamchatsky-after-extreme-snow-kills-2-russia https://www.reuters.com/business/environment/record-snow-fall-russian-far-east-sows-fun-frustration-massive-drifts-2026-01-19","REAL footage from Kamchatka, Russia 🇷🇺
So much SNOW it’s almost covering high-rise buildings

Hard to even process the scale of this storm

We better start DRILLING the next ice age is coming
https://t.co/0Ew1pYm5sn",5,"The video is the primary content, featuring high-impact, visually engaging AI-generated imagery that is designed to go viral with minimal context. It follows the common TikTok format of presenting a 'shocking' visual spectacle to drive engagement.",ai_generated|misinformation|viral_video|nature|cgi|russia|climate_change|artificial_intelligence|fake_news
https://x.com/i/status/2015790658968072608,yes,Missing context: This was scripted.     Additional info breaking down how it was faked:  https://x.com/martinezonchain/status/2015897847779270827  https://x.com/soljakey/status/2015852384715735183,"Sydney Sweeney snuck up an L.A. mountain, climbed the iconic HOLLYWOOD Sign, and laced it with bras -- and she may have gotten in trouble with the law. 😳

Details: https://t.co/nM4NvOQNac https://t.co/CF92E4U66I",4,"The video features quick cuts, first-person perspective, and high-energy celebrity-focused content that is highly engaging and visually driven, though it relies on the tweet for full context.",celebrity_news|pop_culture|sydney_sweeney|viral_video|misinformation|fake_news|hollywood_sign|visual_effects
https://x.com/i/status/2023120687422980293,yes,"Japan has not unveiled new laws banning halal, large mosques, calls to prayer, or street praying. Similar claims about anti-Islam restrictions in Japan are false and have been debunked. Japan's constitution guarantees religious freedom.    https://www.reuters.com/fact-check/online-list-japans-restrictions-islam-includes-false-claims-2023-12-08  https://www.politifact.com/factchecks/2015/nov/17/viral-image/viral-graphic-says-japan-keeps-out-radical-islam-t  https://japan.kantei.go.jp/constitution_and_government_of_japan/constitution_e.html  https://blog.gaijinpot.com/15-new-laws-and-rule-changes-coming-to-japan-in-2026","🚨🇯🇵 JAPAN UNVEILS NEW ANTI-ISLAM LAWS

Halal - BANNED
Large Mosques - BANNED
Call to prayer - BANNED
Praying in the street - BANNED

They've basically said Islam is not welcome in Japan
Go home https://t.co/eH6clCJPEx",2,"The video is a traditional news-style clip of a Japanese political proceeding, but it is paired with a highly sensationalized and misleading caption typical of viral social media misinformation.",misinformation|fake_news|japan|geopolitics|political_address|social_media_controversy|religious_freedom
https://x.com/i/status/2025445440687067378,yes,"Taylor Swift's first album came out the same year Hannah Montana first aired. She mentioned Hannah Montana because she was living a double life like the character back then, going to school and working on music, not as an inspiration.    https://en.wikipedia.org/wiki/Hannah_Montana    https://en.wikipedia.org/wiki/Taylor_Swift_%28album%29","""'Hannah Montana' wasn't that big"" That's the biggest lie you can say. 

Miley Cyrus was the awakening and inspiration for many singers like Taylor Swift. You're not ready for this conversation. 
https://t.co/LOobna8bRu",4,"The video features quick cuts, burned-in captions, and a celebrity focus that is highly engaging, though it relies on the tweet text to frame the specific argument.",pop_culture|celebrity_news|taylor_swift|miley_cyrus|hannah_montana|misinformation|nostalgia|music_industry
https://x.com/i/status/2014533597588246901,yes,"James Howells lost a laptop hard drive containing 8,000 Bitcoin in a Newport landfill in 2013, not a USB pen drive. The video shows a generic demonstration of chip-off recovery on a USB flash drive and is unrelated to Howells' case.    https://en.wikipedia.org/wiki/Bitcoin_buried_in_Newport_landfill  https://www.bbc.com/news/articles/c620jej4kd4o","This video shows James Howell’s attempting to recover the USB pen drive  he accidentally threw away in 2013 containing 7,500 Bitcoin which is now worth $675 million. 😳

It’s not looking good! https://t.co/absWIIgU1u",4,"The video features quick cuts, macro-photography, and background music typical of tech-restoration TikToks, though it relies on the tweet text for its specific (misleading) narrative context.",misinformation|viral_video|bitcoin|cryptocurrency|oddly_satisfying|tech_repair|data_recovery
https://x.com/i/status/2018783472115179556,yes,Rep. Ted Lieu is Taiwanese-American member of the US House of Representatives and is not a “Chinese Rep” or from mainland China.    https://en.wikipedia.org/wiki/Ted_Lieu,"🚨BREAKING:

🇨🇳 Chinese Rep. Ted Lieu said Donald Trump Is Mentioned THOUSANDS of Times in Epstein Files.

He says: “Trump is likely a child rapist”.

This Chinese man is a savage. Oh my God. https://t.co/ahd6TQaI4I",2,"The video is a traditional C-SPAN press conference clip with no visual edits, though the tweet uses sensationalist language common on social media.",us_politics|donald_trump|jeffrey_epstein|ted_lieu|political_commentary|misinformation|social_media_controversy
https://x.com/i/status/2019016271027994924,yes,"The footage is from Celine Dion's 2024 documentary &quot;I Am: Celine Dion,&quot; not today. She has since performed live, including at the 2024 Paris Olympics opening ceremony. https://people.com/celine-dion-cries-as-she-endures-stiff-person-syndrome-episode-8665046 https://en.wikipedia.org/wiki/I_Am:_Celine_Dion https://www.olympics.com/en/news/paris-2024-olympic-games-opening-ceremony-celine-dion-performance-released","This is Celine Dion today…

Her body completely seizing up during a stiff-person syndrome attack, which also lost her the magical voice we all love.

Life is so fragile, and sometimes so brutal 😢

 https://t.co/uGcll6K6Be",5,"The video is a direct TikTok repost featuring the platform's watermark, vertical aspect ratio, and emotionally charged content that functions as the primary focus.",tiktok_repost|celebrity_news|pop_culture|misinformation|celine_dion|health_awareness|viral_video
https://x.com/i/status/2014570556067110921,yes,This video is AI generated and did not happen.    This video was created by facebook user &quot;Strange AI&quot; who states all their content is AI generated.    https://www.facebook.com/61569831005034/?http_ref=eyJ0cyI6MTc2OTE5MjcwMTAwMCwiciI6Imh0dHBzOlwvXC93d3cuZ29vZ2xlLmNvbVwvIn0%3D    https://www.facebook.com/61569831005034/videos/ice-chases-furry-a-protester-in-a-costume-runs-from-ice-agents-during-a-public-d/1618431842911286/,"A Protester dressed as a Fox sprinted across Acrisure Stadium in Pittsburgh with a Shirt on that said “ICE me baby” while the police chased him,but he was too fast for them at least for a while! 🤣🤣 https://t.co/z8DCJd65Li",5,"The video features a TikTok watermark, vertical aspect ratio, and burned-in captions with emojis, making it native TikTok content reposted to Twitter.",tiktok_repost|ai_generated|misinformation|viral_video|sports|football|satire|protest|visual_effects
https://x.com/i/status/2028245099335868539,yes,"Video from February 28, 2026 depicts an Iranian ballistic missile striking a residential area in Tel Aviv, Israel.  A woman in her 40s was killed in the attack, 20 others wounded.    https://www.msn.com/en-us/news/insight/iranian-missile-strike-kills-woman-in-tel-aviv/gm-GME80D9FCE    https://7news.com.au/news/israel-and-the-uae-rocked-by-explosions-as-iran-retaliates-against-us-israeli-attacks-under-operation-epic-fury-c-21793167    https://www.youtube.com/watch?v=AfganheX4oI    https://www.tbsnews.net/world/iran-strikes-israel-saudi-arabia-and-iraq-1-killed-dozens-injured-tel-aviv-1373691    https://www.thehindu.com/news/international/iran-guards-say-targeted-israeli-bases-defence-ministry-in-new-wave-of-attacks/article70689553.ece    https://www.nst.com.my/amp/world/world/2026/03/1387256/woman-killed-iran-missile-attack-tel-aviv",Israeli security cabinet meeting in Tel Aviv got hit by Iranian hypersonic missile. So far 7 Israeli army Generals dead bodies recovered from the site. More dead expected building totally destroyed. https://t.co/dKaWxnazLd,4,"The video is high-impact, visually engaging footage of an explosion that functions as the primary content, with the tweet text acting as a dramatic caption typical of viral social media posts.",misinformation|viral_video|geopolitics|middle_east_relations|iran|israel|military_action|missile_strike|war_coverage|breaking_news
https://x.com/i/status/2018178525669315011,yes,Jelly Roll was not kicked off stage. He was able to complete his entire speech:    https://youtu.be/LdoMOENFDKQ,"Insane. Jelly Roll got kicked off stage at the Grammys for praising Jesus Christ. 

Dozens of artists shouted “F*ck ICE and Donald Trump” nonstop all night with no interruptions. 

Spiritual war. 
 https://t.co/QpmU5SILXT",4,"The video is a short, engaging clip from a major award show, and the tweet text provides the controversial framing that would typically be on-screen text or a voiceover on TikTok.",misinformation|pop_culture|celebrity_news|social_media_controversy|jelly_roll|grammys|religious_expression|media_criticism
https://x.com/i/status/2022786690696482918,yes,"Pedophilia is a mental illness, not a sexual orientation.    https://pmc.ncbi.nlm.nih.gov/articles/PMC8500885/","BREAKING: Scholars now say that P*dophiIia is a s*xuaI orientation and that we should be accepting it. 

""We must accept p*dophiles and respect their feelings-otherwise they'll abuse more children."" https://t.co/QpEf3tp9Cx",2,"This is a traditional TEDx talk clip shared with a descriptive tweet; it lacks the vertical format, quick cuts, or in-video captions typical of TikTok-native content.",social_media_controversy|misinformation|pedophilia|ted_talk|public_speaking|controversial_opinion
https://x.com/i/status/2017848450268688743,yes,"The video depicts AI-generated footage, not authentic Titanic wreck exploration. The real wreck is in pitch-black depths covered in rusticles, with no such robotic arm artifact recovery shown in expeditions. https://rmstitanicinc.com/titanic-wreck https://en.wikipedia.org/wiki/Wreck_of_the_Titanic","The Titanic wreck was discovered in 1985, lying in two giant pieces and a wide section of debris, 12,500 feet below the ocean, offering a chilling glimpse into history’s most infamous shipwreck.

 https://t.co/tA0ryEa11g",5,"The video is purely visual, highly engaging, and designed for viral consumption without needing the tweet text to be understood. It follows the 'oddly satisfying' and 'discovery' tropes common on TikTok.",ai_generated|misinformation|titanic|cgi|visual_effects|viral_video|history|oddly_satisfying
https://x.com/i/status/2023442323561193981,yes,"This video shows an incident in Villeneuve-la-Garenne (near Paris), France, in 2019, not on the Luas tram in Ireland.    https://www.leparisien.fr/hauts-de-seine-92/villeneuve-la-garenne-il-roule-sur-les-voies-du-tramway-avant-de-le-vandaliser-17-09-2019-8154108.php    https://www.dailymail.co.uk/news/article-7472583/Furious-cyclist-tries-rip-trams-windscreen-wipers.html","🇮🇪 Flashback 

A migrant, cycling on the Luas tram line decides to try and smash the Luas windscreen.

Why is this migrant in Ireland in the first place? What possible benefit is he to Irish society. https://t.co/LcRQLRkFZM",4,"The video is a short, engaging, and viral-style clip of a public incident that would thrive on TikTok; the tweet text serves as the context that would typically be an on-screen caption.",misinformation|viral_video|fake_news|social_media_controversy|ireland|france|immigration_debate|vandalism|public_transport
https://x.com/i/status/2031714455151866170,yes,"The cause is known: groundwater buoyancy pushed the construction rainwater pipe upward after internal water was drained, reducing its weight. Officials refilled it with water to sink it.    https://www.nippon.com/en/news/yjj2026031100535    https://mainichi.jp/english/articles/20260311/p2g/00m/0na/024000c    https://www3.nhk.or.jp/nhkworld/en/news/20260311_20","JUST IN🚨: In Osaka’s Umeda area, a pipe about 30 meters long and 5 meters in diameter suddenly emerged from underground overnight. It has now risen to around 10 meters, and the cause remains unknown. https://t.co/P6m9GZoioL",2,"This is a traditional news clip with a reporter speaking in Japanese, where the tweet text provides the essential translation and context for an English-speaking audience.",breaking_news|japan|osaka|infrastructure|urban_phenomenon|viral_video
https://x.com/i/status/2031893852798308496,yes,"The video shows the aftermath of a February 2025 plane crash in Philadelphia, USAânot recent events in Tel Aviv from Iran's attacks.    https://factcheck.afp.com/doc.afp.com.62HA7NP  https://www.altnews.in/footage-from-philadelphia-plane-crash-site-falsely-viral-as-confirmed-visuals-from-tel-aviv  https://english.factcrescendo.com/2026/03/11/plane-crash-video-from-philadelphia-viral-as-iran-struck-israel","🇮🇷🇮🇱 Tel Aviv is in a state of panic. Video taken circa Iran's 37th wave last night.

Why isn't this being covered in the mainstream media? Israel's censorship machine works across borders as we know. https://t.co/FjRgTf9kmJ",4,"The video is high-impact, raw footage that serves as the primary content, with the tweet text acting as the narrative framing that would typically be on-screen text or a voiceover on TikTok.",misinformation|fake_news|geopolitics|middle_east_relations|iran|israel|aviation|media_criticism|viral_video
https://x.com/i/status/2014311416409305486,yes,"This authentic video shows an incident from August 13, 2025, when Zohran Mamdani was a mayoral candidate, not a recent event as mayor.    Sources:  https://www.silive.com/politics/2025/08/lobaido-arrested-as-si-protestors-tell-mamdani-to-go-back-to-where-you-came-from-during-event-meant-to-support-immigrants.html  https://www.newsweek.com/zohran-mamdani-booed-nyc-restaurant-staten-island-2113782  https://www.foxnews.com/politics/get-out-town-staten-island-crowd-confronts-zohran-mamdani-anti-trump-rally","🔥🚨BREAKING: Mayor Zohran Mamdani got booed out of a restaurant in Staten Island New York after Scott LoBaido put him on blast. 

“There's the communist. You are not welcome. You hate this country.”

 https://t.co/MMititEZMy",4,"The video is a high-energy, handheld recording of a public confrontation that would thrive on TikTok; the tweet text serves as the necessary context that would typically be on-screen text or a voiceover.",misinformation|viral_video|us_politics|political_confrontation|zohran_mamdani|new_york_city|staten_island|protest
https://x.com/i/status/2023559216825544879,yes,Kai Cenat did not unfollow Ray on instagram     https://www.instagram.com/kaicenat?igsh=emJ1ejYxeTRudXA=,"Ray broke down in tears this morning on stream after Kai Cenat unfollowed him on Instagram and took away his $25k monthly allowance 😬

“Kai is the definition of a fake friend I wanna expose him so bad” https://t.co/7cV5QKRtEb",4,"The video is a screen recording of a livestream reaction which is highly popular on TikTok, though it relies on the tweet text to provide the narrative context.",misinformation|social_media_controversy|pop_culture|kai_cenat|ray|celebrity_news|viral_video
https://x.com/i/status/2017358901209883029,yes,"OP follows Cece, the main toxic contributor to the drama and is in hands with her on spreading misinformation about Kings.    https://x.com/SPEEclY/status/2017421039437770960","Kingsman arguing and telling the RANK ONE DPS GLOBALLY, TERRA that ""This guy is just lost bro""

Mind you terra JUST won MRC with NAVI a few weeks ago LOOOOOOOOOOOOL I actually cannot stop laughing 😂😂😂😂 https://t.co/WgdDcfgZI7",4,"The video is the primary content featuring a dramatic gaming argument, where the tweet text acts as the necessary context that would typically be on-screen text or a voiceover on TikTok.",gaming|social_media_controversy|misinformation|marvel_rivals|esports|online_drama
https://x.com/i/status/2019043915836641665,yes,"The video is from Celine Dion's 2024 documentary, not today; her stiff-person syndrome symptoms began 17 years before her 2022 diagnosis, predating COVID-19 vaccines, with no established causal link to vaccination. https://tribune.com.pk/story/2590738/why-an-old-video-of-celine-dion-is-resurfacing-and-worrying-fans-again https://www.everydayhealth.com/rare-diseases/biggest-reveals-from-the-new-celine-dion-documentary/ https://factcheck.afp.com/doc.afp.com.333Y8V4","This is Celine Dion today. 

Canada just froze all vaccine injury records for 15 years. 

Stiff person syndrome is in the nine page list of adverse reactions that got released from Pfizer.  I checked. 

 https://t.co/3LJzn8y493",5,"The video is a vertical TikTok repost featuring the platform's watermark and is the primary content, using a highly emotional and visually engaging clip to drive engagement.",tiktok_repost|misinformation|conspiracy_theory|pop_culture|celebrity_news|viral_video|vaccine_misinformation|celine_dion
https://x.com/i/status/2024383568252969132,yes,"The video shows footage from the 2003 US-led bombing of Baghdad, not Tehran or a current event. No credible sources report US plans to bomb Iran with &quot;millions of bombs,&quot; an exaggeration; the entire 2003 Iraq air campaign used ~29,000 munitions.    https://www.youtube.com/watch?v=0yr-LaMhvro  https://en.wikipedia.org/wiki/List_of_bombings_during_the_Iraq_War  https://www.aljazeera.com/news/2026/2/18/white-house-says-iran-would-be-wise-to-take-deal-amid-military-buildup","BREAKING

🇮🇷❌🇮🇱🇺🇸 US could bomb Tehran with millions of bombs including cruse-missiles, ATACMS, AMRAAM, Phosphorus and GBU-57 and America suggests that the attack on Iran will be unprecedentedly massive. https://t.co/AH8s8el7kZ",4,"The video is a highly engaging, fast-paced montage of explosions designed for viral impact, where the tweet text functions as the sensationalist 'hook' typically found in TikTok captions.",misinformation|fake_news|geopolitics|iran|military_action|war_coverage|breaking_news|middle_east_relations|history|missile_strike
https://x.com/i/status/2014083150394073359,yes,Important context:  the smell was caused by a small nearby fire.  Once handled and the evacuation was ended.    https://www.lbc.co.uk/article/davos-evacuation-strange-smell-5HjdR8x_2/,"BREAKING: Evacuations are underway at The World Economic Forum in the main venue after reports of a strange odor that's causing people to cough.

It's time to get President Trump back to America ASAP!!!

https://t.co/o66cZQflqV",4,"The video is a first-person, shaky-cam 'breaking' clip that provides the primary visual engagement, while the tweet text acts as the necessary context that would typically be an on-screen caption on TikTok.",breaking_news|world_economic_forum|davos|donald_trump|us_politics|geopolitics|viral_video|conspiracy_theory
https://x.com/i/status/2012544814269542521,yes,"The small number of troops arriving in Greenland from UK and  Germany (as well as France, Norway, Sweden) are establishing the groundwork for larger-scale exercises.  https://www.twz.com/news-features/first-contingent-of-european-troops-operating-outside-of-nato-have-arrived-in-greenland","German troops, and the one Brit, just landed in Greenland without Arctic camo 💀💀

You can’t make this up.

If Tom Clancy wrote this as fiction, his editor would’ve killed it for being too unbelievable.
 
https://t.co/eP0MOOTii5",2,"The video is a traditional news broadcast clip from Greenlandic television, while the tweet provides a snarky, social-media-style commentary on the visual content.",geopolitics|military_action|greenland|nato|aviation|military_logistics
https://x.com/i/status/2018974744016716141,yes,"The audio clip purporting to be Michael Jackson's last phone call is fake, originating from a 2013 promotional hoax by rapper Prince EA featuring a fabricated whistleblower. https://www.dailydot.com/upstream/x-4chan-rap-viral-video-conspiracy-prince-ea https://www.mjjcommunity.com/threads/hoax-government-whistleblower-makes-public-michael-jacksons-final-phone-call.130524","#michaeljackson #epstein #hollywood  his last phone call    This gives me chills in my spin.
The fear in Micheal Jackson voice. This is not just a case it's a group of people who almost control the world. https://t.co/LCBuRU7uj4",5,"The video features a vertical aspect ratio, burned-in captions, and a watermark, making it a native TikTok-style edit that functions as the primary content.",misinformation|conspiracy_theory|michael_jackson|jeffrey_epstein|pop_culture|fake_news|tiktok_repost|video_edit
https://x.com/i/status/2029269398175752256,yes,"Spain continues to refuse US use of its military bases for Iran operations and has not agreed to cooperate following Trump's trade threat. The attached video shows Fox News coverage of Iran oil prices, unrelated to Spain. https://www.reuters.com/business/trump-says-us-will-cut-all-trade-with-spain-2026-03-03 https://www.aljazeera.com/news/2026/3/3/spain-baulks-at-trumps-threat-to-cut-off-all-trade-over-nato-iran-stance https://www.bbc.com/news/articles/c8r1mzd8vygo","🚨 BREAKING: Following President Trump's threat to BAN ALL TRADE with Spain, the Spanish government has BENT THE KNEE, and is now cooperating with the US military

THAT'S how it's done! 🔥

Well done, 47! 🇺🇸 https://t.co/rAZqNxQz89",2,"This is a traditional news broadcast clip shared on social media with a descriptive, sensationalist tweet. It lacks the vertical formatting, quick cuts, or native editing typical of TikTok content.",misinformation|fake_news|us_politics|geopolitics|iran|donald_trump|foreign_policy|breaking_news|media_criticism|spain
https://x.com/i/status/2029646211976941671,yes,This is a Euro Fighter Typhoon. India doesn’t operate these fighter jets.this video not related to India or Air India or India Air Force   https://en.wikipedia.org/w/index.php?title=Eurofighter_Typhoon&amp;wprov=rarw1,"Air India flights escorted by fighter jets, evacuating Indians from the war zone at full speed. When it comes to protecting its citizens anywhere in the world, India acts decisively. This is Modi leadership. https://t.co/BJ8gxXp8ux",4,"The video uses a dramatic musical overlay and visually engaging footage that serves as the primary content, with the tweet text acting as the narrative context similar to a TikTok caption.",misinformation|viral_video|geopolitics|india|aviation|military_technology|political_commentary|cgi|visual_effects
https://x.com/i/status/2014322154960281930,yes,The video is a montage of random clips of different rabbits with different owners that can be clearly seen.    The post falsely claims that its only one rabbit being raised by the same man.  The user is creating animal rescue lies for engagement.    https://www.fourpawsusa.org/our-stories/publications-guides/fake-animal-rescue-videos,"This man found an abandoned rabbit outside the vegetable garden and then...

I love every single one of them! And I have even more love for the people who rescued and care for these little bundles of love 💖 https://t.co/pcHNKn3lzJ",5,"The video features vertical orientation, quick cuts, burned-in captions, and emotional background music, making it indistinguishable from native TikTok content.",misinformation|tiktok_repost|animal_rescue|viral_video|fake_news|nature
https://x.com/i/status/2018969579406434397,yes,"That video is from September 2025, not &quot;this morning.&quot;    https://www.instagram.com/reel/DOebC7bicrV/",Trump literally looks like he’s having a stroke this morning! Look how his face is drioping on the right side and I’m not sure if he’s falling asleep again or not because his eyes are almost completely shut! https://t.co/WkyilUnKsq,5,"The video is a direct repost from Instagram/TikTok with vertical framing, burned-in text overlays, and a social media handle watermark. It is designed to be visually self-contained and viral.",tiktok_repost|donald_trump|us_politics|misinformation|political_commentary|viral_video|social_media_controversy
https://x.com/i/status/2031421397637960141,yes,The attached video is old (from October 2023) and has been debunked multiple times. It is being falsely used to claim a current evacuation of Ali Al-Salem Air Base in Kuwait. No official US or Kuwaiti source has confirmed any full evacuation.  Source: AFP Fact Check  https://factcheck.afp.com/doc.afp.com.33Y44XW,"🇺🇸⚡The U.S. Air Base in Kuwait is being evacuated. You can clearly see in these images that they are leaving Kuwait soil. From today's video, we can only say that Iran 🇮🇷 has succeeded in achieving its goal. https://t.co/nBqMCfBtgY",4,"The video features quick cuts, background music, and a vertical format typical of TikTok, though it relies on the tweet text for its specific (misleading) context.",misinformation|fake_news|geopolitics|middle_east_relations|iran|military_action|kuwait|us_military
https://x.com/i/status/2018017572474769859,yes,"In a long Truth Social post, Trump publicly endorsed the Republican in this race and urged Republicans to vote for her. https://x.com/ronfilipkowski/status/2018019829647618228?s=46","Reporter: A Democrat won a special election in Texas in an area that you won by 17 points

Trump: I’m not involved in that. That’s a local race. I don’t know anything about it. I had nothing to do with it. https://t.co/MfWU1DZkar",2,"This is a traditional news clip from Fox News shared on social media with a descriptive tweet and community note, lacking the vertical format or quick editing typical of TikTok.",us_politics|donald_trump|political_commentary|breaking_news|texas|election_results|media_criticism|misinformation
https://x.com/i/status/2013145225775268105,yes,"The video depicts an AI-generated exaggeration of the snowfall in Kamchatka, Russia; while the region experienced record January 2026 snow depths of up to 170 cm that buried vehicles and prompted emergencies, it did not engulf entire buildings as shown.    https://www.themoscowtimes.com/2026/01/19/kamchatka-struggles-to-get-back-on-its-feet-a-week-after-winter-storms-bury-peninsula-a91711  https://www.reddit.com/r/isthisAI/comments/1qfnpdh/is_this_snowfall_video_from_kamchatka_russia_real","In a crazy never before seen weather occurrence in Kamchatka Russia, the entire city is buried in an incredible amount of snow. The worry now is the flooding that's going to happen when it melts this spring. https://t.co/4Hz6zSBddO",5,"The video is a direct TikTok repost featuring the platform's watermark, vertical orientation, and visually sensational AI-generated content designed for viral engagement.",tiktok_repost|ai_generated|misinformation|viral_video|nature|russia|cgi|artificial_intelligence
https://x.com/i/status/2028699373832716618,yes,The original video is from a firework festival held in Algieria for  Mouloudia Football Club's 103rd anniversary celebration.   The video has been published on youtube on 24.08.2024.    Source: https://www.youtube.com/watch?v=qQ8RKL1m_-Q,"🚨WAR UPDATE THE WESTERN MAINSTREAM MEDIA TRIES TO HIDE:
Iran is smoking Isreal like the world has never seen before. There are reports Isrealies are starting a massive exodus and bunkers are in full panic mode. https://t.co/om3QXMPZZ8",5,"The video is highly visual and sensational, using emojis and dramatic footage to drive engagement, making it perfectly suited for TikTok's short-form, high-impact format.",misinformation|viral_video|fake_news|geopolitics|middle_east_relations|iran|israel|football|algeria|fireworks
https://x.com/i/status/2014088178466996663,yes,This misrepresents a 2023 Belgium case. A male kickboxing instructor (not woman) confronted a male burglar. The burglar got 14 months prison and only €1 in damages—not $1.4M. No family lawsuit or quoted statement exists in any reports. https://www.brusselstimes.com/1230342/martial-arts-teacher-who-knocked-out-burglar-sentenced-to-community-service,"A robber was seriously injured after attempting to rob a woman who turned out to be a martial arts coach, and now his devastated family is seeking $1.4 million in compensation.

”My son only wanted to rob you!” https://t.co/Ap1VaAvq7T",5,"The video is a native TikTok repost featuring a vertical aspect ratio, burned-in captions, a text-to-speech AI narrator, and a TikTok watermark.",tiktok_repost|misinformation|fake_news|viral_video|social_media_controversy|media_criticism
https://x.com/i/status/2022429081355358478,yes,"James Hetfield lives in an 11,000 sq ft mansion in Vail, Colorado. He purchased the home for $23 million in 2017.    https://virtualglobetrotting.com/map/james-hetfields-house-1/view/google/","James Hetfield, the heart of Metalica has a net worth of $300m. No mansion, no fancy cars and no private jet. James lives in a wooden cabin in the forests of Colarado. No TV, wifi, and chops his own firewood. https://t.co/jKWU8BEMu1",5,"The video is a direct TikTok repost featuring vertical orientation, burned-in captions, quick cuts, and a voiceover narration that drives the entire content.",tiktok_repost|misinformation|pop_culture|celebrity_news|lifestyle|metallica|james_hetfield
https://x.com/i/status/2016469930582122817,yes,"LED lights do not flicker 200,000 times a second. They can flicker slightly more or less than incandescent bulbs depending on design.   https://www.energy.gov/eere/ssl/flicker-basics","LED light flickers 100,000 times a second....

This is what they look like in slow motion.

These lights are ruining our brains, nervous systems and eyes.

Get rid of these junk lights...return to incandescent. https://t.co/tQ44q1UX8a",4,"The video is a visually engaging slow-motion clip designed to go viral, where the tweet text acts as the necessary context/narrative that would typically be on-screen text in a TikTok.",misinformation|conspiracy_theory|viral_video|educational_content|lifestyle|health_claims
https://x.com/i/status/2027957509655298057,yes,"This video is gameplay footage from the video game Arma 3, not real US Air Force operations. Similar clips are sometimes shared without noting they are simulations.    https://www.bohemia.net/blog/arma-3-footage-being-used-as-fake-news  https://apnews.com/article/fact-check-ukraine-russia-war-video-game-arma3-126817661377","Can you say thunderstruck?
I have no frame of reference apart from US military Air Force badassery. It's a complete mind-blowing display of excellence.
Sit on the edge of your seat because you're in for a ride! https://t.co/IjkJ0E3Xt0",5,"The video is a vertical-format repost with an Instagram watermark, featuring high-action visual effects and burned-in captions, making it native social media content.",misinformation|viral_video|fake_news|tiktok_repost|gaming|military_technology|aviation|arma_3|visual_effects|cgi
https://x.com/i/status/2024450595227390046,yes,"The child in the video is not Donald Trump's granddaughter. She is the daughter of investor Jim Rogers, who has lived in Singapore and promoted learning Mandarin. No credible reports indicate any Trump family member delivered Chinese New Year greetings in this clip.    https://x.com/iamsiddiqq/status/2024450939961151789    https://x.com/MeatInDueSeason/status/2024509186797867144    https://en.wikipedia.org/wiki/Jim_Rogers","UNUSUAL

President Trump’s granddaughter delivered Lunar New Year greetings to the world in Chinese.

She spoke it confidently, and the whole world is moving toward learning Chinese — the language of the future. https://t.co/2Bi3ETPpo6",5,"The video is a vertical, mobile-shot clip with burned-in subtitles and a watermark, making it native TikTok/Shorts content that functions independently of the tweet text.",misinformation|viral_video|donald_trump|china|mandarin|jim_rogers|lunar_new_year|social_media_controversy
https://x.com/i/status/2013735836244943199,yes,"The $700 billion is a reported estimate of acquisition cost, not a formal offer. Statements from Denmark and Greenland indicate it is not for sale.  https://www.foxnews.com/politics/trumps-greenland-takeover-likely-entail-enormous-price-tag-report  https://stm.dk/presse/pressemeddelelser/2025/udtalelse-fra-statsminister-mette-frederiksen/  https://www.reuters.com/world/americas/greenland-is-not-sale-its-leader-says-response-trump-2024-12-23",Watters: We’re offering them $700 billion. The royal family in Denmark is dying to sell Denmark. Every European that we are going to grease with the 700 billion is dying to do this deal… We’re getting Greenland. https://t.co/uOc8PPztPP,2,"This is a traditional news broadcast clip from Fox News shared on social media for political commentary, lacking the vertical format or quick-cut editing typical of TikTok-native content.",us_politics|donald_trump|geopolitics|foreign_policy|political_commentary|greenland|denmark|misinformation
https://x.com/i/status/2017080578189721973,yes,This isn’t an AI generated game. This is gameplay from  2005’s Need For Speed: Most Wanted.     https://en.wikipedia.org/wiki/Need_for_Speed:_Most_Wanted_(2005_video_game)  ,"Wow.   

Just made my first AI video game with Google’s Genie 3

The prompt: ""A realistic high-speed racing game where you have to escape the cops. Ignore all laws of physics""

The gaming industry is so cooked https://t.co/NSwKKM3r8E",4,"The video is the primary content and uses a 'bait' style hook typical of TikTok, though it relies on the tweet text to provide the context that would usually be an on-screen caption.",misinformation|gaming|artificial_intelligence|nostalgia|viral_video|need_for_speed|fake_news
https://x.com/i/status/2019817692161798164,yes,"The Muslim population in Europe in 2000 was 37 million (5.1% of the total population.      The source video conflates Europe with Western Europe, but even in Germany alone the Muslim population was 3.2 million in 2000.    https://www.pewresearch.org/religion/2011/01/27/future-of-the-global-muslim-population-regional-europe/    https://soerenkern.com/pdfs/islam/MuslimPopulationEurope1950-2020.pdf   ","🚨50 MILLION MUSLIMS NOW LIVE IN EUROPE

In the year 2000, it was less than 500,000

If we don't stop this we will soon be joining the caliphate

That is the reality of the situation

We're in the end game now

https://t.co/4jnFqNj736",4,"The video uses TikTok-style editing with large burned-in captions, quick cuts, and high-engagement visual overlays, though it originates from a traditional news broadcast.",misinformation|political_commentary|uk_politics|london|protest|conspiracy_theory|geopolitics|media_criticism
https://x.com/i/status/2021372033934766217,yes,"The audio on this video is not his voice, it was altered. This performance happened on Jimmy Fallon's show. There was no tech failure, and it wasn't from a concert like many claimed. Original video can be found here: https://www.youtube.com/watch?v=SIQXI0UuX8M ","I thought this was a joke at first, apparently it’s real. This is Bad Bunny without autotune.

At a concert in 2023, the accompanying track went out and all he could hear was his in-ear monitor so he kept going😭 https://t.co/y0lkHZUYAk",5,"The video is the primary content, featuring a viral, low-quality clip with a sensationalist claim that is designed for quick consumption and social media engagement.",misinformation|viral_video|pop_culture|celebrity_news|meme|bad_bunny|video_edit
https://x.com/i/status/2020534795856400890,yes,"The released Epstein files include photos of Michael Jackson but no video footage of him. The posted video is not from those files and bears a 2024 timestamp, over 14 years after Jackson's death in 2009. https://www.bbc.com/news/videos/cn7kpnjnmklo https://www.cnn.com/2025/12/20/us/video/clinton-epstein-digvid https://en.wikipedia.org/wiki/Death_of_Michael_Jackson https://www.pbs.org/newshour/nation/latest-epstein-document-release-includes-multiple-trump-mentions","SHAMEFUL 😨😰

Another video related to the Epstein files has surfaced,

showing Michael Jackson brutalizing young girls.

The video is horrific and horrifying, showing how young girls were intimidated and exploited. https://t.co/uOQWvkAmrI",5,"The video features burned-in text overlays, emojis, and a low-quality CCTV aesthetic designed for viral engagement, functioning as a standalone piece of content typical of TikTok.",misinformation|fake_news|conspiracy_theory|jeffrey_epstein|michael_jackson|pop_culture|celebrity_news|viral_video|social_media_controversy
https://x.com/i/status/2014856893928534245,yes,"Context: This video shows the Ethiopian Orthodox Christian community in Dallas, TX celebrating the Timkat (Epiphany) festival, commemorating Jesus' baptism. https://www.brilliant-ethiopia.com/timkat https://www.youtube.com/watch?v=I7n2i4P7oXc  https://www.brilliant-ethiopia.com/timkat  https://www.youtube.com/watch?v=I7n2i4P7oXc","This is not India or the Middle East

This is Dallas, Texas

Our own government allowed this to happen. We are letting our own culture be wiped out by letting the entire planet mass import themselves to our country https://t.co/6GbPW9WxwL",4,"The video is vertical, visually engaging, and uses the tweet text to provide a provocative narrative that would typically be presented as on-screen text or a voiceover on TikTok.",misinformation|social_media_controversy|us_politics|religious_festival|ethiopian_orthodox|dallas_texas|immigration_debate|cultural_commentary
https://x.com/i/status/2012238592563687776,yes,"The policy provides a tax deduction of up to $10,000 in annual auto loan interest for new U.S.-assembled vehicles, not a $10,000 tax credit on the purchase. https://www.irs.gov/newsroom/one-big-beautiful-bill-act-tax-deductions-for-working-americans-and-seniors https://www.nytimes.com/2025/12/25/us/politics/trump-auto-loan-deduction-benefits.html","We want investments in America, not China. 

The Trump Administration wants you to buy brand new cars made here which is why we are giving a 💲TEN THOUSAND DOLLAR tax credit to you if you buy a car made in the USA 🇺🇸 🚘 https://t.co/QyAfFInmB5",2,This is a traditional news segment from CNBC shared on social media. The video is a standard broadcast interview where the tweet text provides descriptive context rather than creative or native social media editing.,us_politics|donald_trump|political_commentary|misinformation|economic_policy|automotive_industry|tax_policy|sean_duffy
https://x.com/i/status/2024887017981837484,yes,"Japan's 2022 law addresses coercive fundraising by the Unification Church following its scandal, not bans on Christian communion, large churches, proselytizing, or street prayer. Article 20 of the Constitution protects religious freedom, with Christianity practiced openly.    https://www.pbs.org/newshour/world/new-law-in-japan-takes-aim-at-unification-churchs-coercive-fundraising-tactics    https://www.dw.com/en/japan-passes-funds-law-amid-cult-like-church-controversy/a-64055591","🚨🇯🇵JAPAN UNVEILS NEW ANTI-CHRISTIAN LAWS  

Communion  - BANNED 
Large churches - BANNED 
Proselytizing - BANNED 
Praying in the street - BANNED  

They've basically said Christianity is not welcome in Japan 

Go home https://t.co/h0Jf2kovj3",2,"The video is a traditional news-style clip of a Japanese parliamentary session, which is supplementary to the tweet's text-based claims.",misinformation|fake_news|japan|religion|political_address|social_media_controversy
https://x.com/i/status/2012820752156815484,yes,"The video has been tweaked to show behaviour that would imply the use of drugs, facial expressions and eye rolling. Here is the original video that clearly shows thoughtful press interview https://youtu.be/XV8O5L-QByY?si=saiq9TO2R1TZKtHO ","Please watch this and tell me if being on drugs is now a required qualification to lead a European country ?
They are shameless,doing interviews under the influence of drugs because they know the MSM will say nothing. https://t.co/WSbyO7VBEq",4,"The video uses quick cuts and visual manipulation to create a viral-style reaction piece, where the tweet text functions as the necessary on-screen hook/context found in TikTok content.",misinformation|video_edit|political_commentary|giorgia_meloni|italy|fake_news|social_media_controversy|visual_effects
https://x.com/i/status/2029285958500135031,yes,"This video is not from central Israel. It was filmed in Gaza City on October 7, 2023, and the building shown is the Palestine Tower.    https://youtu.be/NUEjmv6VDrM?si=9PHzs5c6l45WPf3s    https://youtu.be/HqGpxe-7lAc?si=Rzv2aG0c4mT3GEiE","Israel getting what it deserves. 

@Reutershas confirmed this attack by Iran on Central Israel. I am just waiting for Grok to deny it and I will share the proof. 

EFF the Zionist Grok. What a great App it used to be.  https://t.co/5UyXa2Fv0G",4,"The video is the primary content and highly visual, featuring dramatic footage of an explosion. The tweet text acts as a caption that would typically be on-screen text or a voiceover on TikTok.",misinformation|fake_news|geopolitics|middle_east_relations|iran|israel|palestine|war_coverage|missile_strike|media_criticism|breaking_news
https://x.com/i/status/2026953075823403333,yes,The videos are AI generated.    https://gijn.org/resource/guide-detecting-ai-generated-content/,"A 14 year old boy lied about his age so that he could work nights and support his little sister after his parents died.

The authorities tried to charge him for illegal working. Luckily a grounded judge saved the day.👏🏻 https://t.co/upVdQ39jAO",5,"The video is a pure TikTok-native repost featuring vertical orientation, burned-in captions, dramatic background music, and a narrated emotional story arc.",tiktok_repost|ai_generated|misinformation|viral_video|fake_news|artificial_intelligence|courtroom_drama
https://x.com/i/status/2030651618765525354,yes,"Moore's felony charges were dropped via a plea deal where he pleaded no contest to misdemeanors (trespassing &amp; malicious use of telecom). No evidentiary hearing took place, so no evidence was presented &amp; no judge ruled on stalking, setup, or police withholding evidence.    https://www.washtenaw.org/4650/Sherrone-Moore-Washtenaw-County-Document https://www.nytimes.com/athletic/7094533/2026/03/06/sherrone-moore-michigan-plea-deal-charges https://www.foxnews.com/sports/fired-michigan-coach-sherrone-moore-reaches-plea-deal-case-over-alleged-break-in-mistress-home","Former Michigan football head coach Sherrone Moore’s felony charges dropped after judge ruled his mistress was not a victim of stalking; evidence presented in court showed he was set up and cops withheld evidence. 👀🏈 

 https://t.co/VmTFNLi3yL",5,"The video uses a split-screen collage format with burned-in captions, memes, and quick cuts typical of TikTok-native sports gossip content.",misinformation|fake_news|pop_culture|sports|football|celebrity_news|video_edit|meme|michigan_football
https://x.com/i/status/2031089896056643796,yes,"No intruder breached Trump Tower on March 9, 2026, and no evacuation or bomb squad response is ongoing. NYPD and credible news sources report no such incident.    https://www.nyc.gov/site/nypd/news/news.page    https://wltreport.com/2026/03/02/just-bomb-squad-deployed-after-suspicious-package-found    https://x.com/NYPDnews","🚨🚨MAJOR ALERT: TRUMP TOWER NEW YORK HAS BEEN BREACHED BY AN INTRUDER, NEW YORK CITY POLICE, SECRET SERVICE AND BOMB SQUAD ARE NOW SECURING THE PERIMETER, IF YOU HAVENT DONE SO ALREADY EXIT THE BUILDING, RIGHT NOW !!! https://t.co/oUj4EPkH2u",2,"The video consists of traditional news-style B-roll and street footage with a watermark, while the tweet provides the sensationalist context typical of social media news reporting.",misinformation|fake_news|breaking_news|donald_trump|new_york_city|us_politics|nypd|secret_service
https://x.com/i/status/2033133165695443278,yes,"Japan has enacted no such laws. Article 20 of its Constitution guarantees religious freedom. Over 110 mosques operate nationwide (e.g., Tokyo Camii), halal food and prayer facilities are expanding, and no bans exist on burkas or calls to prayer.    https://www.asahi.com/ajw/articles/14903765","🚨🇯🇵BREAKING

JAPAN'S NEW ANTI-ISLAM LAWS SEND SHOCKWAVES

Halal - BANNED✅
Mosques - BANNED✅
Call to prayer - BANNED✅
Burka - BANNED✅

This is basically saying Islam is not welcome here

Should we copy Japan?

A. Yes
B. No https://t.co/pmmJNlCE63",5,"The video features vertical formatting, fast-paced editing with music, and large burned-in text overlays, making it native TikTok-style content.",misinformation|fake_news|japan|islam|religious_freedom|political_commentary|viral_video|social_media_controversy
https://x.com/i/status/2031125742805811614,yes,"The quoted statement from Epstein survivors about compiling their own list originates from a September 3, 2025, Capitol Hill press conference. No new or recent announcement of this in March 2026 appears in reports.    https://www.bbc.com/news/articles/c5yvpgyjed8o  https://www.axios.com/2025/09/03/epstein-survivors-may-unofficial-client-list-house-congress  https://www.rollingstone.com/politics/politics-news/trump-capitol-epstein-survivors-list-associates-names-1235420879  https://thehill.com/homenews/administration/5483380-epstein-survivors-compile-list","🚨MAJOR BREAKING: Epstein survivors just announced they will release their own list of names.

“We know who abused us. We saw who came and went. This list will be survivor-led-for survivors.”

Let’s make this go viral ☝️

 https://t.co/k2kYat5cPF",2,"This is a traditional media clip from a news broadcast and press conference, where the tweet text provides the essential context and framing for the footage.",jeffrey_epstein|breaking_news|us_politics|activism|political_address|conspiracy_theory|social_media_controversy
https://x.com/i/status/2031095292519485540,yes,To implement this there's no way to find out if a user is underage without checking everyone thus creating a path for surveillance. This is a backdoor digital ID.     https://x.com/i/status/2030657926914822585,"The time for negotiations is over.

Tech companies have 30 days from today to implement age restrictions on social media access for kids under 14. Within 60 days, parental consent must be in place for 14- to 16-year-olds. https://t.co/yp2jcjTtAd",2,This is a traditional press conference clip shared on social media where the tweet text provides the specific policy deadlines mentioned in the video.,us_politics|florida|social_media_controversy|online_safety|political_address|legislation
https://x.com/i/status/2029976146570531086,yes,"These are not pilots, this was former Army intelligence officer Josephine Guilbeau  and retired Army Lieutenant Colonel Anthony Aguilar, a former Green Beret being arrested after protesting the US support for Israel at a 2025 Senate hearing       https://vinnews.com/2025/09/05/us-military-arrests-two-service-members-for-pro-palestine-demonstration-in-uniform/    https://en.didpress.com/18431/          ","🚨After an American pilot's arrest for refusing to transport weapons to Israel, he's telling Americans: ""What you're watching from the comfort of your homes—know this: you're funding the genocide of Palestinians. Wake up

 https://t.co/xxoEiqDL69",5,"The video features vertical formatting, quick cuts, and burned-in captions that mirror TikTok's native style, making it ready for that platform without any changes.",misinformation|tiktok_repost|us_politics|middle_east_relations|israel|palestine|protest|activism|military_action|political_confrontation
https://x.com/i/status/2026300989700288938,yes,AI slop   https://x.com/i/status/2026351410854412558,"A staff member walks casually near the MRI safety zone. Suddenly, their keychain is ripped from their pocket, flying straight into the powerful MRI coil. The entire event is caught in dramatic, overhead surveillance footage. https://t.co/5UYZ4r0nrV",4,"The video is the primary content and features a dramatic, visually engaging 'caught on camera' moment that is highly shareable on TikTok, though it lacks the platform's native text overlays.",ai_generated|misinformation|viral_video|artificial_intelligence|cgi|medical_safety|mri_accident
https://x.com/i/status/2016077436601917813,yes,"The video shows a staged TikTok skit, not a real doctor's refusal to treat a patient. The actors appear in multiple scripted videos on @thomasgibson31. https://leadstories.com/hoax-alert/2025/02/fact-check-patient-gets-denied-healthcare.html https://www.snopes.com/fact-check/black-doctor-deny-care-man-in-maga-hat","WTH 😳
Dr. refusing to see the patient because he is wearing a MAGA hat.
She said she has the right not to see you;
wants him to remove his ridiculous hat and then she will see him.
Keep watching as it gets a little heated. https://t.co/28hslBfKrI",5,"The video is a scripted, vertical-format skit designed for viral engagement, featuring high-conflict dialogue and a 'hidden camera' aesthetic typical of TikTok-native content.",misinformation|viral_video|fake_news|tiktok_repost|social_media_controversy|us_politics|political_commentary|donald_trump|satire|political_confrontation
https://x.com/i/status/2018533127829032979,yes,"The altercation occurred on a public road during a student walkout protest, not at a school, and involved a juvenile protester and an adult motorist, not students assaulting a teacher.     https://www.kxan.com/news/local/buda/fight-breaks-out-at-student-led-protest-on-rm-967-in-buda https://kdhnews.com/news/texas/students-protest-leads-to-altercation-at-buda-high-school/article_b694471d-5f35-5012-be08-8c5f4b2c3d42.html","Students in Austin attacked a teacher during an anti-ICE walkout.

The scary part isn't what they did today. 

It's what they'll be doing in ten years.

What exactly is the plan for when an entire generation acts this way?
https://t.co/DqPDRMCZuF",4,"The video is a raw, vertically filmed, high-engagement clip of a public confrontation that would thrive on TikTok; the tweet text serves as the necessary context that would typically be an on-screen caption.",protest|activism|political_confrontation|misinformation|social_media_controversy|viral_video|texas|student_protest
https://x.com/i/status/2029966344150732879,yes,"The video depicts a wild Japanese macaque at Jigokudani Monkey Park in Japan, where snow monkeys naturally soak in hot springs. It is unrelated to any pet monkey named Punch or a lost stuffed toy incident.    https://www.jigokudani-yaenkoen.co.jp/english/  https://www.japan-guide.com/e/e6028.html","Punch has lost his beloved stuffed toy and is sad and worried

Apparently, it fell into the pond and our little monkey has spent hours trying to find it

Let's hope the caretakers have noticed and rescue Punch's best friend https://t.co/Qy1lyWonda",5,"The video is purely visual, emotionally manipulative content with a narrative overlay that is typical of viral TikTok animal videos. It functions as a standalone piece of engaging media that requires no external context to be shared.",misinformation|viral_video|nature|japan|animal_behavior|macaque|snow_monkey
https://x.com/i/status/2028176341422555229,yes,Fake. It’s from a video game.   https://warthunder.com/en    You can even hear someone screaming “enemy fire”. ,"The United States Air Force successfully evaded over 5,000 bullets and still struck its target. The pilot maneuvered around the corner and accomplished the objective with precise accuracy and devastating destruction. 😳 🚀 

 https://t.co/kFtPDwz2wB",5,"The video is the primary content, featuring high-action visual effects and a split-screen layout designed for maximum social media engagement. It is a pure viral-style clip that would function as-is on TikTok.",misinformation|viral_video|fake_news|cgi|gaming|military_action|aviation|visual_effects|video_edit|war_thunder
https://x.com/i/status/2012223844900077655,yes,"This video is AI-generated, with signs like unnatural snow and fur changes. It shows a fictional story, not real. Similar videos are confirmed AI by fact-checkers.  https://factcheck.afp.com/doc.afp.com.84Y33CR  https://www.bbc.com/news/live/c36zpn61ke5t","RESCUE RANGERS

“I slammed on the brakes when I saw the pack attacking him! l though the was done for, but he was actually using his body as a shield. When I saw the tiny kitten underneath him.. He is a true guardian angel.” https://t.co/uDy5Qtevnt",5,"The video features vertical formatting, burned-in storytelling captions, emotional background music, and a narrative structure designed specifically for high-engagement social media platforms like TikTok.",ai_generated|misinformation|viral_video|animal_rescue|fake_news|artificial_intelligence|nature
https://x.com/i/status/2012898132825133121,yes,"The video clip is from the failed launch of the Russian Proton-M rocket from 2013, not the claimed Long March 3B from China.    https://www.npr.org/sections/thetwo-way/2013/07/10/200775748/report-upside-down-sensors-toppled-russian-rocket  https://www.youtube.com/watch?v=YUhK5vnSigo","Yesterday China broke the world records：launching two rockets at the same day and both failed tragically. The two rockets are CZ-3B   (长征三号乙) and CERES-2(谷神星二号).  WOW! Great achievement, keep up!
Below is the launch of CZ-3B： https://t.co/RSf1izTsvG",5,"The video features a TikTok watermark and is a high-impact, visually engaging clip that functions as the primary content, fitting the platform's native style perfectly.",misinformation|viral_video|tiktok_repost|china|russia|aviation|military_technology|fake_news
https://x.com/i/status/2013443844528918551,yes,"The video shows the Blackhawks crowd cheering for Bears QB Caleb Williams, not booing him.    https://www.sportingnews.com/us/nfl/chicago-bears/news/blackhawks-crowd-caleb-williams-pete-crow-armstrong-shown/afbc912723854e0ab12ee7c2","YIKES. 😳😳😳

#Bears QB Caleb Williams was shown on the Jumbotron at the Chicago Blackhawks game and was BOO’D by the fans due to his playoff loss.

Caleb Williams is the only Bears QB with a playoff win in the last 15 years… 😬 https://t.co/lrveidxLXw",4,"The video is the primary content and highly engaging, using the tweet text to provide a narrative that would typically be on-screen text or a voiceover on TikTok.",misinformation|sports|nfl|nhl|chicago_bears|chicago_blackhawks|caleb_williams|social_media_controversy|viral_video
https://x.com/i/status/2025557961595089053,yes,"C-SPAN has confirmed the caller is not President Trump, noting that the call came from a Central Virginia phone number and happened while Trump was at public meeting with various governors.    https://x.com/cspan/status/2025679408132989253?s=20","🚨 NO WAY 😭

“John Barron” just called @CSPAN to complain about the Supreme Court nuking Trump’s tariffs.

Yes — that John Barron.
The fake name Trump used for decades.

They cut him off mid-call.

💀You cannot make this up. 😂🥴 https://t.co/iOPLRebnYa",2,"The video is a direct screen recording of a traditional C-SPAN broadcast. While the tweet uses high-energy emojis and a 'viral' tone, the content itself is standard television media.",us_politics|donald_trump|cspan|misinformation|political_commentary|viral_video|supreme_court
https://x.com/i/status/2032575368977101031,yes,"This video shows an August 2024 event at New College of Florida (not Florida College), where books mostly on LGBTQ+ topics were discarded amid controversy over state policies. No direct DeSantis order, not focused on Black/Native American history, and not recent.    https://apnews.com/article/books-dumped-new-college-of-florida-desantis-21d3bbda902291cafdade0f34b029583  https://www.ncf.edu/news/statement-on-the-removal-of-books-and-library-materials  https://www.heraldtribune.com/story/news/education/2024/08/15/new-college-of-florida-throws-away-hundreds-of-library-books-diversity-lgbtq/74814756007",Governor DeSantis has ordered books about Black History and Native American history to be thrown away and destroyed! This is what is happening here at Florida College where they were ordered to destroy all of them immediately! https://t.co/Tr68IYrgju,5,"The video is a direct TikTok repost featuring vertical orientation, the TikTok watermark, and large burned-in text overlays that provide the primary narrative.",tiktok_repost|misinformation|social_media_controversy|florida|us_politics|activism|fake_news
https://x.com/i/status/2023534236234641718,yes,Twitch streamer Jinnytty is still alive and streaming she is fine   https://www.twitch.tv/jinnytty,"Twitch streamer “Jinnytty” BREAKS DOWN in TEARS after getting STUCK on a mountain while skiing in the Swiss Alps and BEGS for HELP, she later then unfortunately PASSED AWAY from HYPOTHERMIA after SEVERE weather conditions 🥺💔

https://t.co/IATOT6aAPD",4,"The video is a highly engaging, emotional clip from a livestream that would fit perfectly on TikTok with on-screen text replacing the tweet's sensationalist caption.",misinformation|fake_news|jinnytty|twitch_streamer|pop_culture|social_media_controversy|viral_video|skiing|switzerland
https://x.com/i/status/2020582546858488011,yes,Us footage released by Pentagon     https://nypost.com/2025/06/26/world-news/footage-released-showing-how-bunker-buster-bombs-were-used-in-historic-iran-strike/,"Iran just dropped a video showing its own BUNKER buster BOMBS in full action.

Iran has reverse engineered American bombs that didn’t detonate during the attack on Iran’s nuclear facilities.

Yeah… America is COOKED. It’s over. https://t.co/TriVWoybhh",4,"The video features high-engagement military footage with burned-in captions and a dramatic soundtrack, though the tweet text provides the specific (and misleading) narrative context.",misinformation|geopolitics|iran|military_technology|military_action|middle_east_relations|fake_news|war_coverage
https://x.com/i/status/2021774801376096628,yes,"Women don’t change their names on their birth certificate when they marry, they only change their names on identification documents like driver’s license and passport, followed by bank accounts and the rest. https://www.theknot.com/content/name-change-101","Representative @HillaryScholten: The SAVE act will prevent 160 thousand women in Michigan's 3rd district from registering to vote because they didn't change the name on their birth certificate when they got married.

Whuuuuuuut? https://t.co/vomOKrQcOj",2,"This is a traditional press conference clip shared with a descriptive tweet; while informative, it lacks the visual editing or vertical format typical of TikTok-native content.",us_politics|misinformation|political_address|womens_rights|voting_rights|michigan|hillary_scholten
https://x.com/i/status/2015500473290133589,yes,This video is AI generated. Subway signs in the background are not in English.    https://x.com/umbisam/status/2015500473290133589?s=46&amp;t=NymSJYcbw-sL7sIlrduf5Q,"This is getting out of control. All signs towards a civil war. Trump must reform ICE role asap. First off, all ICE officers must take their masks off. And act in plain sight. Be held accountable. Be prosecuted if/when they kill. 

https://t.co/whjsslhnSj",5,"The video features vertical orientation, rapid cuts, high-engagement overlays, and burned-in captions typical of TikTok-native content designed for viral distribution.",ai_generated|misinformation|fake_news|new_york_city|us_politics|donald_trump|political_confrontation|artificial_intelligence|viral_video|social_media_controversy
https://x.com/i/status/2015670895184875656,yes,"The video shows real snow or ice, which melts slowly under the torch due to its density and the high latent heat of fusion required (334 J/g), while the black discoloration results from soot produced by the flame's incomplete combustion.    https://www.reuters.com/article/world/fact-check-explaining-fake-texas-snow-posts-and-scorched-snow-videos-idUSKBN2AN1QI  https://www.politifact.com/factchecks/2021/feb/19/facebook-posts/no-snow-isnt-government-generated-what-snowball-do  https://thestarphoenix.com/news/local-news/its-not-fake-snow-that-doesnt-melt-when-burned-has-scientific-explanation","🚨🇺🇸 Meanwhile across America

“That kinda heat - it should just melt”

This Man has been melting snow all his life and has never experienced snow that refuses to melt and also turns black in the process. 

Everyone is realising. https://t.co/QOSmZWSLWD",5,"The video features vertical framing, quick cuts, and burned-in captions that change with the dialogue, making it native to the TikTok format.",conspiracy_theory|misinformation|viral_video|tiktok_repost|nature|fake_news|social_media_controversy
https://x.com/i/status/2030809702733692985,yes,The video is an AI-generated deepfake; Indian Army Chief General Upendra Dwivedi made no such statement. https://x.com/PIBFactCheck/status/2030877643042955537,"“As Israeli strategic allies, it was our duty to inform Israel about the exact location [of the Iranian ship]""

Gen. Upendra Dwivedi 🇮🇳

Confirmation of what we have said in the past. MODI is a sellout and Iran must punish India https://t.co/czpKfP0JA1",2,"The video is a traditional news-style interview clip with a descriptive tweet adding context, which is more characteristic of traditional media shared on social platforms than TikTok-native content.",ai_generated|misinformation|fake_news|geopolitics|india|israel|iran|middle_east_relations|political_commentary|artificial_intelligence|social_media_controversy
https://x.com/i/status/2025374982784909530,yes,More than 90 percent of people who have a heart attack don't die of a heart attack within the next 5 years. So if you ask &quot;how much extra life will a statin give you in those 5 years?&quot; the answer will be small.    Published work shows overall benefit of multiple months to a year: https://doi.org/10.1371/journal.pmed.1001361,"Dr. Aseem Malhotra: ""If you take a statin for 5 years after a heart attack... in that 5 year period, how much would you think or hope it would add to your life expectancy?""

Joe Rogan: ""25%? 30%?""

Malhotra: ""Just over 4 days.""

https://t.co/dVBXkf1NYR",4,"The video is a short, punchy podcast clip with a dramatic reveal that is highly engaging. The tweet text acts as the captions/context that would typically be overlaid on a TikTok video.",podcast_clip|joe_rogan|health_controversy|medical_advice|misinformation|statins|aseem_malhotra|media_criticism
https://x.com/i/status/2031110109573611939,yes,"The video features physically impossible effects like upside-down mushroom clouds, indicating it's likely AI-generated and not real footage of an Iranian missile. Real March 2026 strikes involved no such effects.    https://www.bbc.com/news/articles/ckg8wvz427vo  https://www.criticalthreats.org/analysis/iran-update-evening-special-report-march-3-2026","🤔 UPDATE:
A video circulating online shows a missile reportedly used by Iran, with observers noting that they have never seen a missile with this effect before.
No official confirmation exists regarding the missile’s designation,  https://t.co/4iU02fFZAu",5,"The video features dramatic, visually engaging CGI effects, quick cuts between different 'spectacle' scenes, and a vertical aspect ratio typical of viral TikTok content.",ai_generated|cgi|visual_effects|misinformation|viral_video|iran|missile_strike|military_technology|geopolitics
https://x.com/i/status/2011519577965150477,yes,"This video shows the July 26, 2025, evacuation of American Airlines Flight 3023 at Denver International Airport. https://www.nytimes.com/2025/07/27/us/american-airlines-denver-flight.html https://www.cbsnews.com/colorado/news/aircraft-evacuated-denver-international-airport-american-airlines-takeoff-incident","American Airlines flight out of Denver aborted takeoff after a wheel malfunction/fire.

Everyone onboard the Boeing 737 MAX 8 safely evacuated the aircraft ✈️

#CityLife #denver #flying #boeing #airport #AmericanAirlines #boeing737 https://t.co/edqpwd5AAT",4,"The video is a vertical, high-impact eyewitness recording of an emergency that would be highly viral on TikTok. The tweet text serves as the necessary context that would typically be on-screen text or a voiceover on TikTok.",aviation|breaking_news|viral_video|american_airlines|denver|emergency_evacuation|boeing_737_max
https://x.com/i/status/2017641151835083151,yes,"The video from 2010 shows Katherine Keating, then 29 and an adult, not a young child; her father Paul Keating left office as Prime Minister in 1996. https://en.wikipedia.org/wiki/Paul_Keating https://www.dailymail.co.uk/news/article-7372745/Katherine-Keating-Jeffrey-Epstein-connection-Paul-Keating.html https://www.afr.com/world/north-america/katherine-keating-tapped-for-andrew-image-rehab-epstein-files-show-20260131-p5nyht","Watch as Jeffrey Epstein sneaks out the young daughter of former Australian Prime Minister Paul Keating.

Yes - he was in charge of Australia at the time, and allowed his young daughter to stay at Epstein Steane’s luxury apartment. https://t.co/Vz09ijbI1I",2,This is a traditional paparazzi/CCTV-style news clip from a legacy media outlet (The Mail on Sunday) used as evidence for a specific political claim in the tweet text.,misinformation|jeffrey_epstein|australia|celebrity_news|conspiracy_theory|social_media_controversy|media_criticism
https://x.com/i/status/2028502600631664885,yes,"This is just normal behavior of the device because of how it functions (blending dispensers) and the length of the hose.    Notice it stops at 0.29c, and the video doesn't show anything beyond that. It won't keep going, and that 0.29 goes towards the car once you fill in.    https://x.com/TheBrinkOfDeath/status/2028616569002041432","American in Livonia, Michigan shows if you just put the gas pump down and don’t pump gas, it still slowly charges you for gas

I’ve seen similar videos to this all over America

Americans really are being robbed in every way possible https://t.co/fTEMaZjyZl",5,The video is a first-person 'experiment' with burned-in captions and a viral-style hook that functions as a standalone piece of content perfectly suited for TikTok.,viral_video|misinformation|conspiracy_theory|social_media_controversy|michigan|consumer_rights|gas_station
https://x.com/i/status/2016123396820734153,yes,AI. Everything that happens in this video is unusual.    https://en.wikipedia.org/wiki/AI_slop ,"When an adult snow leopard grabbed me in a blizzard, I thought it was the end. But she didn't hurt me; she led me to a cliff edge where a cub was facing death. This is a heart-stopping vertical rescue with an ending you won't believe! https://t.co/y5LGEt3DjJ",5,"The video is a vertical-format, highly edited narrative with burned-in captions and emotional background music, designed specifically for short-form social media engagement.",ai_generated|animal_rescue|nature|visual_effects|cgi|misinformation|viral_video|tiktok_repost
https://x.com/i/status/2028237771706339417,yes,"The explosion footage is from a 2021 fire at Dubai's Jebel Ali Port, not the 2026 airport strikes. The 2021 event caused no casualties, unlike the video's claim. While the airport was damaged in 2026, this clip is unrelated.    https://www.khaleejtimes.com/uae/video-massive-fire-breaks-out-on-ship-at-jebel-ali-port-in-dubai  https://www.reuters.com/world/middle-east/four-injured-after-incident-dubai-international-airport-dubai-media-office-says-2026-02-28","This is absolutely insane. A huge explosion at the airport in Dubai and a first-hand account of an American who is sheltering at his hotel. This guy is shook; you can see it on his face.

Source: height_magazine
https://t.co/ghWnXQpK4o https://t.co/Y8uBccGvP6",5,"The video features vertical orientation, burned-in captions with emojis, a watermark from a social media account, and a first-person vlog-style testimonial typical of TikTok-native content.",misinformation|dubai|breaking_news|tiktok_repost|middle_east_relations|fake_news|viral_video
https://x.com/i/status/2018686109178380423,yes,"The “unknown person” is Israeli official Ehud Barak, whose voice can be heard in other recordings similarly being advised by Epstein. At this time, Barak was the Israeli Minister of Defense    https://www.aljazeera.com/amp/video/newsfeed/2026/2/3/epstein-audio-with-former-israeli-pm-sheds-new-light-on-relationship","Newly released voice recording appears to show Jeffrey Epstein advising an unknown person on how to approach Russian President Vladimir Putin.

Any appearance in the Epstein files does not imply any wrongdoing.

🔗 https://t.co/c2R5HexXZg https://t.co/MdzMm4QSni",4,"The video uses a vertical format with burned-in captions and a split-screen visual style typical of social media platforms, though the tweet provides additional context.",jeffrey_epstein|vladimir_putin|russia|israel|geopolitics|breaking_news|viral_video|conspiracy_theory|ehud_barak
https://x.com/i/status/2013160200703004903,yes,For context: No real video footage of the Chernobyl reactor explosion exists. This video is an AI-generated recreation. The earliest photos were taken about 14 hours later.    https://www.theguardian.com/environment/gallery/2011/apr/26/chernobyl-nuclear-disaster-in-pictures  https://history.stackexchange.com/questions/46624/is-there-any-footage-of-the-chernobyl-explosion  https://www.facebook.com/photo.php?fbid=1583903066455327&amp;id=100045069469604&amp;set=a.614945546684422,"🚨⚡️The 1986 Chernobyl nuclear power plant explosion in Ukraine is considered one of the worst nuclear disasters in history, as the explosion of Reactor 4 near the city of Pripyat released massive amounts of radiation into the atmosphere. https://t.co/CDjhjwtSps",4,"The video is highly visual and engaging, using dramatic AI-generated recreations of a historical event that would perform well on TikTok with minimal changes.",ai_generated|misinformation|history|chernobyl|nuclear_disaster|visual_effects|fake_news|russia|ukraine
https://x.com/i/status/2032887035732607311,yes,"Official clinical trial data showed no statistically significant difference in deaths between the vaccine and placebo groups. The &quot;23%&quot; figure comes from a small, random variance in all-cause mortality (21 vs 17 deaths out of 44,000+ people) not linked to the vaccine itself.    https://www.nejm.org/doi/full/10.1056/NEJMoa2110345?hl=en-US  https://www.fda.gov/media/153447/download?hl=en-US","RFK Jr: ""If you look at the clinical trial studies of the Pfizer vaccine… the people who got the vaccine had a 23% higher death rate.""

Bill Maher: ""But that could be the disease itself.""

RFK Jr: ""Then the vaccine doesn't work, does it? https://t.co/EzEmOen8Pt",2,This is a traditional television interview clip from Real Time with Bill Maher shared on social media with descriptive text providing the essential context of the exchange.,us_politics|misinformation|political_commentary|covid_19|vaccine_controversy|rfk_jr|bill_maher|media_criticism
https://x.com/i/status/2030992709188829449,yes,"The video clip shows Cinna describing a stalker incident on Santa Monica Pier in March 2025, where a man threatened to kill her and her friends. It is not about a contract with an agent or going broke. The caption misrepresents the content.    https://www.foxla.com/news/valkyrae-cinna-emiru-attacked-santa-monica-pier-livestream    https://kotaku.com/valkyrae-cinna-women-attacked-stalker-irl-stream-twitch-1851767406","Cinna reveals she’s going broke and can’t afford rent in L.A. because she’s forced to pay Agent 25k a month from a contract she signed 😳

“He lied to me about the deal, now I’m trapped paying him every month while I’m literally going broke” 😬 https://t.co/vYdDaF7VbP",4,"The video is a short, emotionally charged clip from a livestream that is highly engaging and designed for social media consumption, though it relies on the tweet text for its (misleading) context.",misinformation|fake_news|pop_culture|social_media_controversy|cinna|twitch_streamer|stalker_incident
https://x.com/i/status/2029878126033973320,yes,"While the 2024 Ig Nobel Physics Prize did concern a dead trout’s swimming, the video shown is AI-generated. This was explicitly admitted by the uploader, meaning the demonstration is likely misleading and not representative of real behavior.    https://www.youtube.com/watch?v=4EXNlT_YN6A&amp;lc=UgwEmu2TepWhmco1rPN4AaABAg.ASERdW5gG39ASEcIVdEgdz","A dead trout can swim against the current without moving a muscle, using the water's eddies to advance passively. This finding won the 2024 Ig Nobel Prize in Physics. Live trout use the same trick and reduce their muscular effort by nearly 50%. https://t.co/7aUOGPAILw",4,"The video is visually engaging and serves as the primary content, with the tweet text acting as the informative caption that would typically be a voiceover or on-screen text on TikTok.",ai_generated|misinformation|nature|artificial_intelligence|educational_content|viral_video|cgi
https://x.com/i/status/2013888094349434888,yes,"This video is AI-altered. In his actual Sep 2, 2025 speech, which is what this video is based on, Trump never said those words.    https://www.youtube.com/watch?v=qn2K3UyIsEo  Transcript:  https://rollcall.com/factbase/trump/transcript/donald-trump-remarks-space-force-relocation-alabama-september-2-2025/","🚨TRUMP EXPOSES THE GLOBALIST LIE ON IMMIGRATION

""They'll keep making up reasons to let in millions of people""

""It doesn't matter what excuse they give, they'll say something somewhere is bad and that's why you can't have a country anymore"" https://t.co/Etc5wEM2Ad",4,"The video features an engaging, AI-altered speech with a dramatic ending title card, though it relies on the tweet text for context that would typically be on-screen in a TikTok.",ai_generated|misinformation|donald_trump|us_politics|political_commentary|fake_news|deepfake|immigration
https://x.com/i/status/2015525576271171646,yes,"No fue un RPG-7, sino un RPG-2 o B-40. El vehículo era un Toyota Land Cruiser blindado. El ataque ocurrió el 25-ene-2026 en Shariff Aguak, Maguindanao del Sur (Filipinas), contra el alcalde Akmad Ampatuan, quien salió ileso. Murieron 3 atacantes y 2 escoltas resultaron heridos. https://newsinfo.inquirer.net/2172903/maguindanao-del-sur-town-mayor-survives-3rd-attempt-on-his-life?utm","Land Cruiser took direct hit from RPG-7 and kept moving.

Armored Toyota Land Cruiser was struck by an RPG-7 during an ambush in Philippines. The vehicle absorbed the explosion and continued driving away, allowing the mayor to escape unharmed. https://t.co/En7mLjCyFz",2,"This is raw CCTV footage shared with descriptive text for context, typical of traditional media or news-oriented social media accounts rather than TikTok-native content.",military_technology|philippines|breaking_news|cctv_footage|armored_vehicle|ambush|political_violence
https://x.com/i/status/2021433288624308289,yes,"This video has been edited. The original performance was on the Jimmy Fallon Show in 2018, and sounds nothing like what is depicted in this post.    https://www.youtube.com/watch?v=SIQXI0UuX8M ","NO FREAKING WAY! This has to be a joke right?! Apparently, this is Bad Bunny during his concert in 2023, when his accompanying track went out, he wasn’t aware due to the in-ear monitor, so he just kept singing without autotune’s help 🤣

Thoughts?!

https://t.co/91Hxb7mqmw",5,"The video is the primary content, featuring a viral-style edit designed for quick consumption and high engagement, which would fit perfectly on TikTok as-is.",misinformation|viral_video|pop_culture|video_edit|celebrity_news|meme|bad_bunny
https://x.com/i/status/2028957362741272931,yes,This video is not of an Anti-Ice protestor.  This is a video of a woman upset about traffic being held up by a crossing guard during school pick up.  The crossing guard can be seen at 0:26 in the video.  The original video is as old as Oct. 2025     https://www.facebook.com/watch/?v=4094716064109881  https://www.instagram.com/reel/DQSbA2ZD_5y/?hl=en,"Video of the week: MAGA legend blocks a paid ICE protester from her gig.  

Watch her rage at the wheel, screaming, banging like a meltdown Maria. Looks exactly like the stereotype. 

Peak self-own: paid to obstruct, ends up obstructed. Comedy gold. https://t.co/kXqoxmXipS",4,"The video features a viral-style confrontation with a voiceover providing a narrative. While the tweet text adds context, the visual engagement and 'caught on camera' style are highly characteristic of TikTok content.",misinformation|viral_video|social_media_controversy|us_politics|political_commentary|political_confrontation|road_rage
https://x.com/i/status/2015846130878144821,yes,"Canada has not pulled out of any deal with China; PM Carney clarified there was no plan for a free trade agreement, and the recent limited tariff reductions on select goods remain in effect. https://www.cnbc.com/2026/01/26/canada-china-trade-deal-tariffs-trump.html https://www.cbc.ca/news/politics/carney-canada-trump-tariff-threat-china-trade-9.7060150","🚨 IT’S OFFICIAL: Canada just BACKED DOWN from their China deal after President Trump hit PM Mark Carney with the threat of 100% tariffs.

Carney’s response: “No intention of doing that with China!”

Ha!  Carney bent the knee and kissed the ring!  
 https://t.co/a2nluAJ4XS",2,"The video is a traditional news segment clip from Fox News, though the tweet adds a highly opinionated and sensationalized social media commentary layer.",misinformation|us_politics|geopolitics|donald_trump|canada|china|foreign_policy|fake_news|political_commentary
https://x.com/i/status/2014082160932573537,yes,The evacuation at the Davos WEF conference center was precautionary due to smoke from a small nearby fire that was quickly extinguished with no injuries; the center has reopened. https://www.lbc.co.uk/article/davos-evacuation-strange-smell-5HjdR8x_2 https://en.ilsole24ore.com/art/davos-incendio-hotel-evacuato-centro-congressi-AIIocSz https://x.com/EdwardLawrence/status/2014073872652353957,"🚨 JUST IN: People are being EVACUATED from the main venue at the World Economic Forum, after a strange odor began causing people to cough

It’s unclear what is in the air.

President Trump just needs to get back to the U.S. ASAP

Europe is unsafe. https://t.co/PIGRqRtYVl",4,The video is a first-person perspective 'on-the-scene' clip that is visually engaging and relies on the tweet text to provide the dramatic context that would typically be on-screen text on TikTok.,breaking_news|world_economic_forum|davos|misinformation|conspiracy_theory|donald_trump|geopolitics|viral_video
https://x.com/i/status/2020791187309724038,yes,"The Social Justice Department’s allocation for 2026-27 is ₹13,687.59 crore and the Tribal Affairs Ministry has been allocated ₹15,421.97 crore in Budget 2026.    Bjp does same appeasement politics, it accuses others of. In every scheme they exclude GC for vote bank politics.    https://www.thehindu.com/business/budget/budget-2026-marginal-hike-in-allocations-for-social-justice-dept-tribal-affairs-ministry/article70579432.ece","Karnataka Govt waives interest on minority loans benefiting the Muslim community.

Shouldn’t government relief be based on economic need, not religion?
This is nothing but vote-bank politics at public expense.

Never ever vote for the Congress. https://t.co/05TIwb6QQv",4,"The video uses high-engagement visual elements like bright red backgrounds, large burned-in Hindi captions, and quick cuts that are characteristic of TikTok-style news delivery.",india|political_commentary|karnataka|breaking_news|social_media_controversy|media_criticism|religious_politics
https://x.com/i/status/2021269084235522317,yes,"This video is from a March 29, 2023 Fox News interview with then-Senator Marco Rubio. He was confirmed as Secretary of State on Jan. 20, 2025. The Brazil-China deal referenced was announced in March 2023.    https://www.foxnews.com/video/6323621029112 https://www.foxnews.com/live-news/president-donald-trump-inauguration-day-2025 https://www.foxbusiness.com/markets/brazil-china-strike-trade-deal-agreement-ditch-us-dollar","🚨RUBIO WARNS DOLLAR'S DAYS AS GLOBAL RESERVE CURRENCY ARE OVER!!🚨

""Today Brazil cut a trade deal w/ China.  
They're creating a secondary economy TOTALLY INDEPENDENT OF THE US!""

When the US Sec of State sounds the 🚨, you know the Dollar is HISTORY!
https://t.co/GY134C7vpR",5,"The video is a vertical TikTok repost featuring burned-in captions, a TikTok watermark, and a dramatic news clip designed for high engagement on social media.",tiktok_repost|us_politics|geopolitics|marco_rubio|us_dollar|china|brazil|foreign_policy|political_commentary|misinformation
https://x.com/i/status/2012107576629186620,yes,It’s a Carnival representation of Stephen Hawkings. https://www.lavozdelsur.es/ediciones/cadiz/chirigota-stephen-hawking-donara-sillas-ruedas-electricas-enfermos-ela_349430_102.html,"Spanish adaptation of French TV show Face Your Worst Nightmare confronts city mayor Miguel Bernardos with 24 singing old men dressed as his father, who died 10 years prior in a wheelchair accident caused by the mayor’s inaccessible urban infrastructure. https://t.co/TZVAP46TQv",4,The video is a visually engaging street performance that would thrive on TikTok; the tweet text serves as the narrative hook that would typically be a caption or text overlay on that platform.,misinformation|viral_video|satire|pop_culture|spain|carnival|stephen_hawking
https://x.com/i/status/2019488836095533496,yes,RFK Jr. referenced Harvard psychiatrist Dr. Chris Palmer's case reports showing ketogenic diets induced symptom remission in some schizophrenia patients. Evidence limited to small studies; no large RCTs. Promising but not proven cure—requires strict adherence.    https://pubmed.ncbi.nlm.nih.gov/30962118/  https://www.npr.org/sections/health-shots/2024/01/27/1227062470/keto-ketogenic-diet-mental-illness-bipolar-depression,"🚨 BREAKING: RFK Jr. Drops Bombshell on Schizophrenia
Robert F. Kennedy Jr. just stated that Dr. Chris Palmer (Harvard psychiatrist) has successfully cured schizophrenia in patients using the ketogenic diet. 

Eating healthy foods, works for the brain!  
https://t.co/tx0qSmT97n",2,"The video is a traditional press conference clip where the tweet text provides the essential context and framing, typical of political news sharing on Twitter.",us_politics|political_address|rfk_jr|health_policy|medical_claims|breaking_news|political_commentary
https://x.com/i/status/2027835677673410917,yes,kai cenat also never said this from his youtube channel kai’s mind giving motivation. kai has not posted any content since any of the current events have occurred. this account is known for posting misinformation for engagement which is against X rules.    https://youtube.com/@kaimind3?si=GsiUSOeQtNu_KT_v,"Kai Cenat just released a new video speaking on the current “war” with Iran saying he doesn’t think it was a good idea to help 

“It doesn’t matter what President is in office… just start streaming and build your own supporters and income its easy” 😬 https://t.co/OvmSCsRUg2",4,"The video features a popular streamer in a vertical format with quick cuts and high energy, though it relies on the tweet text to provide a false context that would typically be on-screen in a native TikTok.",misinformation|fake_news|social_media_controversy|pop_culture|twitch_streamer|kai_cenat|iran|geopolitics|viral_video
https://x.com/i/status/2016645479660916980,yes,"Speaker in the video identifies 1st Amendment right, then adds &quot;in accordance with state law&quot; to the mention of the 2nd Amendment. The 2A has no language about state law, limitations, or restrictions.  https://constitution.congress.gov/constitution/amendment-2/    McDonald v Chicago applied the 2A against the states, limiting &quot;state law.&quot;","GIFFORDS Gun Owners for Safety believe the Second Amendment is a fundamental right — but that right is meaningless if the government can violate it without consequences.

We’re calling on Congress for a full, transparent investigation and accountability. https://t.co/AQL7UehIyy",5,"The video is a highly edited, vertical-format montage featuring quick cuts, burned-in captions, and multiple speakers, making it perfectly suited for TikTok as-is.",activism|us_politics|gun_control|second_amendment|political_commentary|law_enforcement|civil_rights
https://x.com/i/status/2012807641198961044,yes,"This video actually shows UAE aircraft in an aerial parade over Dubai on Jan 17, 2026, for the UAE's Day of Solidarity, not US forces over Iran.    No reports by major news outlets of US military overflights over Iranian cities as of Jan 18, 2026.    https://timesofindia.indiatimes.com/world/middle-east/uae-to-mark-solidarity-day-with-nationwide-sky-parade-on-january-17-when-and-where-to-watch/articleshow/126565559.cms    https://www.foxnews.com/video/6387806113112","🚨🔥 BREAKING ALERT 🔥🚨 🇺🇸🇮🇷 TENSIONS EXPLODING: US Gears Up for Potential Strike on Iran! 

Eyewitness reports from Chinese-Iranian residents: DOZENS of US helicopters &amp; fighter jets roaring over cities! 

✈️🚁 Is war imminent? Middle East on the brink! https://t.co/4EZQGloUzz",5,"The video is a direct repost from TikTok, featuring the platform's watermark, vertical orientation, and a typical 'caught on camera' style that serves as the primary content.",tiktok_repost|misinformation|fake_news|geopolitics|middle_east_relations|iran|dubai|military_action|aviation|viral_video
https://x.com/i/status/2022749800089935959,yes,"The featured video is a scripted parody from Colombian TikTok creator @SoyLuce1, not a real incident involving Filipino girls. https://www.boatos.org/english/did-a-brother-impregnate-his-two-sisters-after-a-game-called-mommy-and-daddy.html","🚨⚡A 14-year-old boy caused the pregnancy of twin Filipino girls, highlighting a major teenage pregnancy issue in the Philippines, with 1.2 million births among girls aged 10–19 over the past decade due to lack of education and access to contraception. https://t.co/GovkqRN45q",5,"The video is a vertical, staged dramatic skit typical of TikTok creators, featuring high-energy narration and visual storytelling that functions as standalone content.",misinformation|viral_video|fake_news|tiktok_repost|satire|social_media_controversy|colombia|philippines
https://x.com/i/status/2029220054299009529,yes,"The video shows a 1988 tribute to singer Serge Gainsbourg by the children's choir Les Petits Chanteurs d'Asnières on the TV show &quot;Sébastien c'est fou&quot;    https://www.chartsinfrance.net/Serge-Gainsbourg/news-125749.html https://fr.wikipedia.org/wiki/Petits_Chanteurs_d%27Asni%C3%A8res    However, the tweet is a well-known copypasta / meme in the French-speaking community  Source : https://www.chartsinfrance.net/Serge-Gainsbourg/news-125749.htmlhttps://www.chartsinfrance.net/Serge-Gainsbourg/news-125749.html  ","When French TV show Affronter Votre Pire Cauchemar ('Face Your Worst Nightmare') confronted farmer François Lavigne with 36 singing children dressed as the brother he accidentally killed in a drink-driving accident 10 years prior.
https://t.co/04PumCfox7 https://t.co/6QJy0LKsRu",4,"The video is a highly engaging, emotional clip where the tweet text provides the essential (though false) narrative context that would typically be on-screen text or a voiceover on TikTok.",misinformation|viral_video|meme|pop_culture|fake_news|nostalgia|serge_gainsbourg|french_tv
https://x.com/i/status/2011811600999555473,yes,"the video appears to come from Fars news, which is a news agency funded by IRGC and has a history of lying and fabricating false information. They fail to mention that the Islamic regime killed thousands of innocent, unarmed protesters in the most brutal ways.     https://foreignpolicy.com/2013/09/12/irans-state-press-stole-our-article-and-turned-it-into-blatant-propaganda","VIDEO | Footage shows a highly trained group of individuals preparing an attack in Iran on Thursday, 8 January, loading weapons, concealing firearms under clothing, and using satellite communications believed to be linked to foreign intelligence agencies. https://t.co/3dlNCgcywm",4,"The video uses TikTok-style editing including quick cuts, burned-in captions, and red circles to highlight specific actions, though the tweet provides the primary narrative context.",iran|misinformation|geopolitics|middle_east_relations|video_edit|propaganda|cctv_footage|military_action
https://x.com/i/status/2031560863111589934,yes,The man is speaking Farsi not Arabic.    https://youtu.be/lQn84dgRC8E?si=Fv27jk8gXjJs7Vqt    The man is reciting a hymn not directed towards Allah but towards Isa (Jesus) which is heard in the video. ,"Muslims are entering Christian churches in Minnesota and chanting prayers to Allah in Arabic

They’re filming it for social media to proudly declare Islam is taking over America

Islam is a National Security threat. We must mass deport. This is intentional
https://t.co/u5q7umODYQ",5,"The video is a self-recorded, vertical clip of a man singing in a public space, which is a native format for TikTok and could be posted there without any changes.",misinformation|social_media_controversy|iran|religion|farsi|christianity|islam|minnesota
https://x.com/i/status/2015135213979095433,yes,"This video depicts a staged skit created by the TikTok account @thomasgibson31, which produces comedic content with recurring actors and sets, and is not a real incident of medical discrimination.    https://ca.news.yahoo.com/video-doctor-yelling-man-maga-193030369.html","As a physician, you don't discriminate against patients just because of their political support of a candidate.
Regardless of who they are. If a patient comes through the ER, with an injury, seeks care, your mission is to heal the patient, we do not judge. https://t.co/5nvIG1OBsg",5,"The video is a vertical, staged skit designed for viral engagement on TikTok, where the visual conflict is the primary content rather than a news report.",tiktok_repost|viral_video|satire|misinformation|us_politics|political_confrontation|maga|medical_ethics
https://x.com/i/status/2027456437425684504,yes,This post was from 2023-he was not even in jail then.    https://nypost.com/2023/07/10/disney-star-skai-jackson-dragged-online-after-asking-fans-for-money-in-apple-laptop-raffle/,"Skai Jackson went on live and begged her viewers for money after revealing she is going broke because she has to pay her Ex ""Yerky Yerky"" 20k a month while he is in prison 😳

""It's only $5 a person y'all act like y'all don't have any money, it's a raffle"" 😬 https://t.co/4wFpFUSaFH",5,"The video is a direct screen recording of a TikTok/social media live stream, featuring vertical orientation, interactive filters, and real-time user comments.",pop_culture|celebrity_news|social_media_controversy|tiktok_repost|misinformation|skai_jackson
https://x.com/i/status/2015858041342853289,yes,"The video combines drone surveillance footage from 2019 of the USS Dwight D. Eisenhower and attack simulation from 2021, not new footage of the USS Abraham Lincoln.    https://www.presstv.ir/Detail/2024/08/09/731037/Iran-IRGC-releases-fresh-surveillance-footage-of-US-warships    https://www.presstv.ir/Detail/2021/04/21/649996/Iran-IRGC-drone-footage-captures-United-States-aircraft-carrier","BREAKING NEWS

The Iranian Revolutionary Guard released a very close-up video of the U.S. aircraft carrier USS Abraham Lincoln, warning:

“There is no use in hiding… we know your location, and our suicide drones can reach you before your aircraft take off.” https://t.co/LyA6QyftCO",4,"The video features quick cuts, burned-in captions, and dramatic music typical of TikTok-style news edits, though the tweet text provides the primary context.",misinformation|iran|middle_east_relations|military_technology|geopolitics|breaking_news|video_edit|aviation
https://x.com/i/status/2011684107735220523,yes,"Unverified claim:  The verified oldest man was Jiroemon Kimura born 19 April 1897 died 12 June 2013  116 years, 54 days   https://en.wikipedia.org/wiki/List_of_the_verified_oldest_people","Saudi Arabia’s oldest man, Nasser bin Radan Al-Rashid Al-Wada‘i, has passed away at 142. Born in 1884, he had 7 wives and a family of 134 including children and grandchildren. He last married at 110 with a 29 year old girl and wished to marry again at 130. https://t.co/XdLfqS9Cxh",4,"The split-screen visual and sensationalist human-interest story are highly characteristic of TikTok content, though it relies on the tweet text for the full narrative.",misinformation|viral_video|saudi_arabia|human_interest|middle_east|longevity_claims
https://x.com/i/status/2028328920219603280,yes,"This is a video of Tulsi Gabbard giving an interview on Jan 8, 2020.  At that time, she was a congressional rep of HI (D).  While the post is not fake, omitting the date of her statement can be misleading given current events.    https://www.cnn.com/2020/01/08/politics/tulsi-gabbard-no-justification-for-killing-soleimani-cnntv","Tulsi Gabbard: ""[Trump] conducted and committed an act of war without congressional authority…We are in a war with Iran now. So the real issue is, are we going to allow this war to continue to escalate? And if so, for how long and to achieve what objective?"" https://t.co/RA5i5GD3Ph",4,"The video features a vertical aspect ratio and burned-in captions, which are hallmarks of TikTok-style content, though the tweet text provides the primary context.",us_politics|iran|donald_trump|tulsi_gabbard|middle_east_relations|military_action|foreign_policy|political_commentary
https://x.com/i/status/2026525350000472457,yes,"The video is from a scripted TikTok/Instagram series titled &quot;Delhi Fake Taxi,&quot; not a genuine incident caught on camera.     https://x.com/delhiite_/status/2026560725880287735    https://www.instagram.com/reel/DU71OeiAT9Y/?igsh=MjNwN3lmNGxjcGYw","""Do you want girls for s*x?"" 🚨🇮🇳

""They will be 18-20 year-old good girls."" 👹

An Indian auto driver in Delhi was caught on camera offering girls to a foreigner.

He said, ""Rooms are available, sir. I'll arrange for girls in 20 minutes."" Disease has a face. https://t.co/ph9zUfH53G",5,"The video features a vertical aspect ratio, burned-in captions, and a dramatic, fast-paced editing style characteristic of TikTok-native content. The tweet text merely summarizes the video's dialogue.",tiktok_repost|misinformation|india|delhi|satire|viral_video|social_media_controversy
https://x.com/i/status/2023124267974394234,yes,"Japan has not passed laws banning halal slaughter, calls to prayer, public praying, or large mosques. The attached video is unrelated. The Constitution guarantees freedom of religion (Art. 20). Over 110 mosques operate, and halal facilities are expanding.    https://www.reuters.com/fact-check/online-list-japans-restrictions-islam-includes-false-claims-2023-12-08  https://japan.kantei.go.jp/constitution_and_government_of_japan/constitution_e.html  https://en.wikipedia.org/wiki/Islam_in_Japan  https://japantoday.com/category/national/as-muslim-tourism-grows-japan-rethinks-where-visitors-can-pray","🚨BREAKING: Japan has passed new laws to completely CRACKDOWN on Islam 🇯🇵 

Halal slaughter, calls to prayer, public praying, and large mosques have all just been BANNED 🚫

Japan has seen what Islam has done to the west and has said NO before it gets too late❗️ https://t.co/V8S2Fa402g",2,"The video is a traditional news-style clip of a formal political proceeding, with the tweet text providing a false narrative that is not visually represented in the video itself.",misinformation|fake_news|japan|geopolitics|religion|political_address|islam
https://x.com/i/status/2028943273042100353,yes,"Congress did not declare war in Iraq and Afghanistan, it passed AUMFs which are legally and historically distinct. Scholars have noted that, “Congress issued its last official declaration of war during World War II”     https://education.cfr.org/learn/reading/how-single-phrase-defined-war-terror#:~:text=What%20is%20an%20AUMF?,military%20operations%20since%209/11.","RAJU: Why shouldn't Congress assert its constitutional role and actually vote to declare war the way it did with Iraq and Afghanistan?

FETTERMAN: Well, the last war we actually declared was World War 2

RAJU: No. Iraq and Afghanistan.

FETTERMAN: *stammers* https://t.co/Hw4wR4L8d6",2,"This is a traditional C-SPAN news clip shared on social media. While the tweet highlights a specific 'gotcha' moment, the presentation is standard broadcast media rather than TikTok-native editing.",us_politics|political_confrontation|john_fetterman|media_criticism|foreign_policy|history|middle_east_relations
https://x.com/i/status/2019145809372025152,yes,The reason her voter registration was suspended is because the address she used to register comes back to a PO box which is illegal in Texas.     Gomez tried to disguise the PO box by using the physical post office address to register to vote. This is voter fraud.     https://www.currentrevolt.com/p/valentine-gomez-voter-registration?utm_source=substack&amp;utm_medium=email&amp;utm_content=share,"I just lost my right to vote. 

-BANNED by the GOP
-Investigated by multiple federal agencies 
-Erased from the voting rolls 

&amp; I’m still standing. The establishment is scared because nothing is working. 

Make it too big to rig.

This is David vs. Goliath https://t.co/DDfY2OB2A7",5,"The video features vertical framing, rapid cuts, high-energy delivery, and large burned-in captions, making it indistinguishable from native TikTok political content.",political_campaign|us_politics|texas|voter_fraud|misinformation|social_media_controversy|political_commentary
https://x.com/i/status/2022900481320980563,yes,Brian Cox himself says that this video is AI nonsense:    https://x.com/ProfBrianCox/status/2023298645551165748,"We say Earth is 70% water… but that blue is just a thin skin 🌍

Beneath the oceans lies a powerful, solid world of rock, metal, and fire.
A fragile film of water shapes climate, protects life, and makes our planet glow from space.

Perspective changes everything. 🌊✨ https://t.co/AWNA32Fzog",5,"The video features vertical orientation, rapid cuts, AI-generated visuals, and prominent burned-in captions, making it native to the TikTok format.",ai_generated|misinformation|tiktok_repost|educational_content|visual_effects|brian_cox|science_communication
https://x.com/i/status/2012294571141615660,yes,"No evidence supports claims that Russia and China have made efforts to take Greenland. Both deny such plans, and experts state there is no evidence of threats. https://www.reuters.com/world/china/russia-says-west-should-stop-claiming-moscow-wants-occupy-greenland-2026-01-15 https://apnews.com/article/fact-check-greenland-denmark-trump-arctic-security-russia-china-6346aa8e86be594e467e8cc18f98357b https://www.yahoo.com/news/articles/does-russia-china-actually-threaten-172843649.html","Russia and China have made an effort to take Greenland. 

50,000 people could choose to become part of Russia and China, putting America directly at risk. 

We saw what happened when bad actors took over Venezuela; this can’t be allowed to happen with Greenland. https://t.co/sxKFupcFvy",2,"This is a traditional cable news segment from Newsmax featuring a split-screen interview and a press release graphic, which is typical of broadcast media shared on social platforms.",us_politics|geopolitics|misinformation|foreign_policy|russia|china|greenland|donald_trump|political_commentary
https://x.com/i/status/2031821829132685645,yes,"The video shown is from August 2023, when IShowSpeed was hospitalized in Japan for a severe sinus infection causing eye swelling and cluster headachesânot recent footage of any assault.    https://x.com/Daniel802550599/status/2031830466332962926  https://x.com/Babalo_041/status/2031849505906442482  https://x.com/Yoirahh/status/2031850365767811259","Speed posted a video on instagram last night and said Kai Cenat and the Clover Boys jumped him after they met up with him for a stream😳😳

“I always knew Kai had some animosity towards me but I never thought he’d take it this far because I’ve passed him in every way” https://t.co/uCCxkQL8hI",5,"This is a raw, vertical, selfie-style video from a popular influencer that is highly engaging and would be native to TikTok's format.",misinformation|viral_video|fake_news|pop_culture|celebrity_news|social_media_controversy|ishowspeed|kai_cenat|twitch_streamer
https://x.com/i/status/2015428568382410772,yes,This post contains multiple factually incorrect claims    1. “The use of virtual assets for money laundering continues to remain far below that of fiat currency”  https://home.treasury.gov/system/files/136/2024-National-Money-Laundering-Risk-Assessment.pdf    2. 22 peer reviewed papers suggest Bitcoin has environmental benefits  https://pubs.acs.org/doi/10.1021/acssuschemeng.3c05445  https://pubs.acs.org/doi/10.1021/acssuschemeng.2c06077  https://www.sciencedirect.com/science/article/abs/pii/S0959652624002464  https://www.sciencedirect.com/science/article/pii/S2666954425000092#s0105  http://sciencedirect.com/science/article/abs/pii/S1364032120308054  https://www.sciencedirect.com/science/article/abs/pii/S0360835223000335  https://www.cell.com/heliyon/fulltext/S2405-8440(24)15796-9  https://accedacris.ulpgc.es/handle/10553/119153  https://www.sciencedirect.com/science/article/abs/pii/S0038092X22000172  http://sciencedirect.com/science/article/pii/S0142061524001364  https://www.sciencedirect.com/journal/international-journal-of-electrical-power-and-energy-systems  https://www.pnas.org/doi/10.1073/pnas.2313911121  https://pubs.rsc.org/en/content/articlelanding/2022/ee/d1ee03804d  https://www.mdpi.com/2071-1050/16/18/7919  https://www.sciencedirect.com/science/article/pii/S0959652624029652?via%3Dihub  https://www.sciencedirect.com/science/article/pii/S266679242300015X  https://www.mdpi.com/2078-1547/14/3/35  https://www.mdpi.com/2078-1547/14/4/47  https://www.sciencedirect.com/science/article/pii/S0928765523000313  https://www.sciencedirect.com/science/article/pii/S2096720923000441?via%3Dihub  https://www.mdpi.com/2079-8954/13/5/359  https://ieeexplore.ieee.org/document/10168101,"Bitcoin is one big disaster for the environment.

Mining bitcoin requires an inordinate amount of energy, is a terrible investment these days and fuels crime on the dark web.

Is this a contender for the worst idea of the 21st century?

https://t.co/kzzN2JUv47 https://t.co/GMg2dKgoGg",4,"The video features burned-in captions, quick cuts, and a split-screen interview format that is highly engaging and optimized for social media consumption.",bitcoin|cryptocurrency|environmental_impact|podcast_clip|social_media_controversy|misinformation|educational_content
https://x.com/i/status/2024355767608922350,yes,This video is stolen. https://x.com/i/status/2024356823873053049,"🇺🇸 The Ranger Road Fire in Kansas has burned 283,000 acres with 100 mph winds driving the blaze.

Ashland and Englewood evacuated. 

6% humidity and sustained 25-30 mph winds making conditions extremely dangerous.

Sources: @PappenheimWx https://t.co/YBYIwkiTpS https://t.co/aYPTVUXE7x",4,"The video features high-quality drone footage and quick cuts set to background music, which is highly engaging and visually driven. It would easily translate to TikTok with the tweet's text converted into on-screen captions.",nature|wildfire|kansas|breaking_news|environmental_disaster|drone_footage
https://x.com/i/status/2032336488768094593,yes,"The video shows celebrations after the Sudanese army liberated Salha from RSF control in May 2025, not recent events related to Iran. https://x.com/turtleyusuf/status/1924625724805165565","IRAN IS LIBERATING SUDAN FROM UAE

The Sudanese Army has been taking back villages and towns from the UAE backed RSF

UAE hasn’t not been able to support the RSF as normal, due to block on Strait of Hormuz and missiles attack on them from Iran.

The crowd are cheering. https://t.co/BrMlrtfaIu",4,"The video is a raw, high-energy clip of a crowd celebration that serves as the primary content. While it lacks in-video captions, the tweet text provides the narrative context that would typically be a voiceover or text overlay on TikTok.",misinformation|viral_video|geopolitics|sudan|military_action|middle_east_relations|iran|uae|fake_news
https://x.com/i/status/2024062579543253391,yes,"The video is AI-generated fiction, not real footage of Chinese military robot training. It was created in July 2025 to imagine future technology.    https://factcheck.afp.com/doc.afp.com.72392KF    https://tfc-taiwan.org.tw/fact-check-reports/ai-generated-video-fake-china-93-parade-robots","🚨 ⚡️ BREAKING NEWS
China officially begins training robots in preparation for military service.
The live-fire testing of the Chinese robot ""Unitree"" (Yushu) looks as if it were generated by AI.
This is fascinating; in the future, wars may no longer require humans. 🫠 https://t.co/aCzRZ7QI9R",5,"The video is a highly engaging, visually-driven montage with quick cuts and burned-in captions that is designed to go viral, fitting the TikTok-native style perfectly.",ai_generated|misinformation|fake_news|military_technology|china|cgi|visual_effects|artificial_intelligence|viral_video
https://x.com/i/status/2018959158930743614,yes,"The folder was edited from red to green by Sky News to symbolize a 'green budget,' not a live glitch or anomaly. https://www.snopes.com/fact-check/briefcase-changes-color/ https://www.reuters.com/article/fact-check/rishi-sunaks-colour-changing-ring-binder-was-not-a-glitch-in-the-matrix-idUSL1N31T0Y3 https://x.com/_rhiannonw/status/1237699770082299905",Failed MATRIX?... Have you ever imagined a folder changing color live during a newscast? The curious fact happened during a broadcast by Sky News. Former British Treasury Chancellor Rishi Sunak's portfolio mysteriously changed color over the course of a broadcast.🧐🤔 https://t.co/uGbYZ8PFDJ,4,"The video focuses on a single, visually engaging 'glitch' or anomaly that is a staple of viral TikTok content, though it relies on the tweet text for context rather than in-video captions.",misinformation|viral_video|uk_politics|conspiracy_theory|video_edit|rishi_sunak|media_criticism|sky_news
https://x.com/i/status/2021168420310438090,yes,This is not real. It's an altered version of a 2018 performance on Jimmy Fallon's 'The Tonight Show'.    Original video ~1:20min mark.  https://www.youtube.com/watch?v=SIQXI0UuX8M,"Here's Bad Bunny without autotune at a concert a few years ago. 

His accompanying track went out and all he could hear was his in-ear monitor so he kept ""singing"" 🤣

What a talent! 

It truly is a clown world. 

But the clowns are the ranchers, and we're the cattle. https://t.co/pbVUHOFa5u",5,"The video is a short, humorous, and highly engaging clip that relies on visual and auditory shock value, making it perfect for TikTok's format.",misinformation|viral_video|pop_culture|video_edit|celebrity_news|satire|meme|bad_bunny
https://x.com/i/status/2029044202391118214,yes,"1 of 3 panels on the AN/FPS-132 Block 5 early warning radar owned by Qatar took damage. It was struck by a one-way attack drone sent from Iran, not a missile.    The radar was not the backbone of US missile defense.    &quot;Every Patriot. Every THAAD. Now operating blind&quot; is false.    https://x.com/Osinttechnical/status/2028966387926835445?s=20  https://mostlymissiledefense.com/2013/08/07/u-s-to-sell-large-early-warning-radar-to-qatar-august-7-2013/","🚨 HOLY HELLLLLLL: Iran just took out a $1.1 billion radar at the most fortified US base in the Middle East with a single missile.

THIS IS BAD!!!

That radar was the backbone of ALL US missile defense in the Gulf. Every Patriot. Every THAAD. Now operating blind.

Qatar https://t.co/Sp4YQYj0Rz",2,"The video is a traditional TV news segment from CNN with a standard broadcast layout, though the tweet uses sensationalist 'clickbait' language common on social media.",misinformation|geopolitics|iran|middle_east_relations|military_action|breaking_news|qatar|missile_strike|cnn
https://x.com/i/status/2024467721799553507,yes,"The video shows B-52 bombers from older footage (2024-2025), not a recent 2026 deployment to Al Udeid. No official US sources confirm such a move in February 2026, amid ongoing rumors.    https://www.misbar.com/en/editorial/2026/02/11/misleading-claims-b-52-bombers-landing-al-udeid-air-base-qatar    https://www.misbar.com/en/factcheck/2026/02/08/video-does-not-show-us-bombers-arriving-al-udeid-air-base-qatar","🚨 UPDATE: In a bombshell escalation that's rocking the globe, the United States has positioned nuclear-capable B-52 Stratofortress bombers straight into Al Udeid Air Base in Qatar, the massive forward headquarters of U.S. Central Command, just miles from Iran's reach. https://t.co/0tshE48jqz",4,"The video is high-impact, visually engaging military footage that serves as the primary content, while the tweet text provides the sensationalist context that would typically be on-screen text on TikTok.",misinformation|geopolitics|middle_east_relations|iran|military_technology|aviation|breaking_news|qatar
https://x.com/i/status/2028409987395907716,yes,This is from the Arma Video game. This is not real combat footage. https://www.reuters.com/article/fact-check/clips-show-video-game-footage-from-arma-3-not-authentic-footage-of-drone-attack-idUSL2N2X432E/,"⚡️A video showing an Iranian missile striking a US Navy ship.

Footage from the Iranian channel Al-Ahvaz TV shows the missile passing by four other vessels before hitting the American ship. 

According to Mehr, the ship is equipped with Maritime Strike Tomahawk missiles. https://t.co/VIcqzku1OW",4,"The video is the primary content, featuring high-action visual effects and burned-in captions that would translate directly to TikTok's format.",misinformation|fake_news|gaming|iran|military_action|missile_strike|cgi|geopolitics|middle_east_relations
https://x.com/i/status/2018004781672087752,yes,Inflation was at 3% — not 9% — when Donald Trump took office in January 2025. https://tradingeconomics.com/united-states/inflation-cpi,Kennedy on affordability: It needs to be addressed. And I've encouraged the president to address it. And it's not enough to tell the American people not to believe their own lying checkbooks. He helped get inflation down from 9% to roughly 3%. But it's still not enough. https://t.co/AZhx2ppGjk,2,"This is a traditional cable news interview clip shared with a descriptive tweet. It lacks the vertical formatting, quick cuts, or on-screen text typical of TikTok-native content.",us_politics|political_commentary|misinformation|fox_news|inflation|economy|john_kennedy
https://x.com/i/status/2022649663241826646,yes,"The viral video is not from the Philippines. The dialogue is in Spanish, indicating it is from a Latin American country. There are no credible reports of this specific incident occurring in the Philippines.    https://www.npr.org/sections/goatsandsoda/2020/08/21/787921856/photos-the-hidden-lives-of-teen-moms","Viral:
A 14-year-old boy causes twin girls to become pregnant! In the Philippines.

Teenage pregnancy is a serious problem in the Philippines, with National Public Radio (NPR) reporting more than 1.2 million births among girls aged 10 to 19 over the past decade, largely https://t.co/4H0ol6u3pR",5,"The video is a vertically-filmed, sensationalist street-interview style clip that is highly engaging and designed for viral social media consumption. It would fit perfectly on TikTok as-is, relying on visual shock value and dramatic narration.",misinformation|viral_video|fake_news|social_media_controversy|philippines|latin_america|teen_pregnancy|fact_check
https://x.com/i/status/2022770694111555676,yes,Concorde was an Anglo-French project that depended on the cooperation of the British and French governments. Britain did not build Concorde on its own.     https://www.nms.ac.uk/discover-catalogue/concorde-the-story-of-supersonic-passenger-flight,"Britain once built Concorde.

Let that sink in.

World-leading aircraft, cutting-edge engineering, real ambition.
We didn’t just keep up with the world.
We set the pace.

Feels like that version of Britain has completely vanished.

Same island. Totally different mindset. https://t.co/MeJpVnTo0P",5,"The video is a fast-paced montage with rhythmic cuts synced to music, featuring high-energy visuals and minimal text, making it perfectly suited for TikTok as-is.",nostalgia|aviation|military_technology|uk_politics|history|video_edit|engineering
https://x.com/i/status/2033026563944370304,yes,Camp Victory and the Victory Base Complex as a whole hasn't been in American hands since 2011 when it was turned over to the Iraqi government.    https://www.rferl.org/a/us_hands_over_camp_victory_iraqi_government/24410018.html    https://www.politico.com/story/2011/12/us-gives-camp-victory-to-the-iraqis-069607,"BREAKING:

🇺🇸🇮🇶 Drones are now freely operating over the US bases

No air defense, no people to shoot them down.

Iraqi militias release a video showing an FPV drone roaming through the U.S. Victoria Base in Baghdad, Iraq, searching the base before impacting a facility. https://t.co/IHaLheQwxo",4,"The video features high-intensity FPV drone footage with quick cuts and dramatic music, which is highly engaging and visually driven. While the tweet provides the context, the video's style is very similar to military-themed content found on TikTok.",misinformation|geopolitics|middle_east_relations|military_action|military_technology|war_coverage|iraq|drone_strike
https://x.com/i/status/2023923549241540701,yes,Video is AI generated.     https://detectvideo.ai/,"Our girl literally walked up to an apex predator and said, ""We're going on an adventure.""

The murder kitty was so shocked by such purity it just went along to find The One Ring. 😳🫣🤣💀 

If this isn't the most ASD thing I've ever seen, idk what is!

Bless this little girl! https://t.co/H03EXW8cC9",5,"The video features vertical framing, burned-in text overlays, and a viral-style narrative that is native to TikTok and Instagram Reels. It is designed for high visual engagement and social sharing.",ai_generated|misinformation|viral_video|tiktok_repost|artificial_intelligence|cgi|nature|visual_effects
https://x.com/i/status/2030712536010735735,yes,This video is from a November 2025 Fox News segment on Trump's Truth Social post. No emergency decree nullified Biden orders in March 2026. Autopen use by presidents is legal and common.    https://www.factcheck.org/2025/03/trumps-baseless-autopen-claim/  https://www.nbcnews.com/politics/trump-administration/trump-cancelling-biden-executive-orders-signed-autopen-rcna246373  https://www.pbs.org/newshour/politics/fact-checking-trumps-claim-that-biden-pardons-are-void-because-he-used-an-autopen,"🔥🇺🇸 IT’S OFFICIAL: Democrats in Full PANIC MODE as 92% of Biden’s Orders Terminated by EMERGENCY DECREE Over Illegal Autopen Use | March 3, 2026

🔥🇺🇸 It’s official: Trump just nullified 92% of Biden’s executive orders, citing illegal autopen use. Democrats in full panic. https://t.co/A3JvisPtNz",2,"This is a traditional news broadcast segment from Fox News shared on social media with a descriptive, albeit sensationalized, tweet adding context.",misinformation|fake_news|us_politics|donald_trump|joe_biden|breaking_news|political_commentary|social_media_controversy
https://x.com/i/status/2019205203699048949,yes,The email shown is fabricated and not in the official Epstein files released by the DOJ. It has inconsistencies like duplicate &quot;To:&quot; lines. No evidence Epstein was Satoshi Nakamoto.    https://bitbo.io/news/epstein-files-bitcoin-links  https://www.bitget.com/news/detail/12560605178845  https://www.ccn.com/education/crypto/jeffrey-epstein-satoshi-nakamoto-epstein-files-bitcoin-founders-ripple-xrp-stellar-xlm,"BREAKING EPSTEIN FILES PROOF JEFFREY EPSTEIN IS SATOSHI NAKAMOTO⁉️

An email from Jeffrey to Ghislaine:

Ghislaine, the Satoshi"" pseudonym is working perfectly.

Our little digital gold mine is ready for the world.

Funding secured.

Jeffrey

Mastermind behind bitcoin?!💥👀 https://t.co/L8D78wjx42",5,"This is a direct TikTok repost featuring vertical orientation, rapid cuts, burned-in captions, and a masked personality delivering a conspiracy-style monologue.",tiktok_repost|conspiracy_theory|jeffrey_epstein|bitcoin|cryptocurrency|misinformation|fake_news|viral_video|social_media_controversy
https://x.com/i/status/2027407563709469016,yes,"The video is from a March 2023 tornado in Amory, Mississippi, not the 2011 Joplin, Missouri EF-5 tornado. The meteorologist is Matt Laubhan covering the 2023 event.    https://www.youtube.com/watch?v=ssdOB6q_Pgc    https://www.weather.gov/jan/2023_tor_outbreak    https://en.wikipedia.org/wiki/2011_Joplin_tornado","🚨 “DEAR JESUS, PLEASE HELP THEM.” — THE EXACT SECOND THE WEATHERMAN STOPS REPORTING AND STARTS PRAYING

May 22, 2011 in Joplin, Missouri.

An EF-5 tornado is tearing through the city while local meteorologists stay live, tracking it in real time. On radar, the circulation https://t.co/m8V7NaK0Ms",4,"The video features a TikTok watermark and uses dramatic, emotional footage with a sensationalist caption that serves as the primary hook, mirroring TikTok's content style.",misinformation|viral_video|tiktok_repost|nature|breaking_news|religion|mississippi|tornado
https://x.com/i/status/2017731246173131220,yes,"False.    This video is a clip from the original. The original, filmed in 2010, shows Andrew waving goodbye to a woman and Epstein with a girl.  https://www.dailymail.co.uk/video/news/video-1987812/Video-Jeffrey-Epstein-seen-leaving-place-New-York-girl.html    Keating is the woman Andrew waved goodbye to, not the girl Epstein leaves with. Keating (born in 1981) was 29 at the time.  https://www.marieclaire.com.au/news/celebrity/katherine-keating-jeffrey-epstein/  https://www.dailymail.co.uk/news/article-15516537/How-Katherine-Keating-cut-unfortunate-friendship-paedophile-Jeffrey-Epstein.html","🚨 WATCH CLOSELY AS JEFFREY EPSTEIN QUIETLY SNEAKS A YOUNG GIRL OUT OF HIS LUXURY MANHATTAN APARTMENT

The girl is allegedly identified as the daughter of former Australian Prime Minister Paul Keating, who was in office at the time.

This footage has existed for years.
The https://t.co/QJKqDl1Jn2",4,"The video uses high-engagement visual cues like red circles and zoomed-in footage to drive a narrative, which is a common TikTok style, though it relies on the tweet text for the full conspiracy context.",misinformation|conspiracy_theory|jeffrey_epstein|celebrity_news|new_york_city|australia|viral_video
https://x.com/i/status/2022570608442380321,yes,"The brawl occurred on a Jet2 flight from Antalya, Turkey, to Manchester, UK, involving British passengers, not Turks. The plane diverted to Brussels, and the disruptive individuals were banned by the airline.    https://www.dailymail.co.uk/news/article-15557151/Moment-mass-brawl-breaks-Brits-flight-Turkey-Manchester.html  https://nypost.com/2026/02/13/lifestyle/racist-jet2-passengers-banned-following-in-flight-brawl","🚨⚡️ UNUSUAL:

 The Turks are taking parliamentary fights to the skies!  

A flight from Turkey to England was diverted to Belgium after a violent brawl broke out on board.  

From fights in parliament to now fights on planes, Turkey is truly committed to resolving disputes https://t.co/w5g2rI0Rn6",4,"The video is a high-engagement, viral-style clip of a chaotic event that would thrive on TikTok; the tweet text provides the context that would typically be on-screen text or a voiceover.",viral_video|misinformation|aviation|breaking_news|uk_politics|social_media_controversy|jet2|inflight_brawl
https://x.com/i/status/2031428838752673949,yes,"This video shows President Trump's planned visit to El Arepazo restaurant at a Chevron gas station in Doral, FL, on March 9, 2026. It was an organized event with invitees waiting to be escorted in, not a random stop.    https://www.miamiherald.com/news/local/community/miami-dade/doral/article314987464.html  https://www.c-span.org/program/white-house-event/president-trump-visits-restaurant-in-doral-florida/675072  https://www.youtube.com/watch?v=g55VJnwuDRI","🚨 TRUMP JUST WALKED INTO A RANDOM GAS STATION IN FLORIDA — WATCH WHAT HAPPENS NEXT

A video shows President Trump casually walking into a Chevron gas station near Miami, Florida.

He pulled up in “The Beast,” the armored presidential limousine. 

Phones come out instantly. https://t.co/tj6UD0VPhT",5,"The video features a TikTok watermark, vertical orientation, burned-in 'POTUS' text with emojis, and high-energy background chanting, making it native TikTok content.",tiktok_repost|donald_trump|us_politics|florida|political_campaign|celebrity_sighting|misinformation
https://x.com/i/status/2028856587960365057,yes,"This phenomenon is a natural weather front or boundary between air masses, where clouds form abruptly on one side due to rising air and clear on the other due to sinking air/subsidence, often appearing as a sharp, straight line.    https://en.wikipedia.org/wiki/Weather_front    https://www.reddit.com/r/meteorology/comments/1gq8eff/can_anyone_explain_this_straight_line_in_the    https://www.weather.gov/lmk/shelfcloudversusawallcloud","🚨 THE SKY OVER NYC JUST DID SOMETHING IT’S NOT SUPPOSED TO DO  - AND IT'S NOT NATURAL

That is not a normal cloud pattern.

That is a perfectly straight atmospheric wall cutting Manhattan in half like a switch was flipped.

One side clear.
One side sealed.

No gradient.
No https://t.co/NNdlmTEE7k",5,"The video is a compilation of TikTok clips featuring vertical orientation, burned-in captions, and reactionary voiceovers, making it native to that platform's style.",tiktok_repost|new_york_city|conspiracy_theory|nature|viral_video|misinformation|weather_phenomena
https://x.com/i/status/2024101619873529896,yes,Cows are not skinned alive.    https://en.wikipedia.org/wiki/Skinning,"Would you still wear leather if you knew the suffering behind it? 
 
PETA India supporter and American influencer, @itsjamiescorner was “skinned alive” in a demonstration in Pune to expose the cruelty behind leather products. 
 
Cows and buffaloes suffer unimaginable agony https://t.co/A8XjM4Yhst",5,"The video is a highly visual, provocative performance art piece with quick cuts and dramatic audio that is designed for viral social media engagement. It functions as a complete narrative without needing the tweet text, making it perfectly suited for TikTok.",activism|peta|animal_rights|india|viral_video|protest|social_media_controversy|misinformation
https://x.com/i/status/2013974925162201558,yes,China currently has the highest installed wind energy capacity in the world almost equal to that of the rest of the world combined    https://ourworldindata.org/grapher/cumulative-installed-wind-energy-capacity-gigawatts?time=2010..latest&amp;country=CHN~OWID_EU27~USA~OWID_WRL    https://ourworldindata.org/grapher/wind-share-energy?tab=line&amp;time=2002..latest&amp;country=CHN~USA~OWID_EU27,"🚨 BREAKING: President Trump is CALLING OUT the ""stupid people"" who support wind energy in Davos 

""China is smart. They make windmills, sell 'em for a fortune, and sell 'em to the STUPID PEOPLE that buy them!"" 🤣

""Windmills all over Europe, all over the place, and they are https://t.co/6LZEHcPkKW",2,"This is a traditional news broadcast clip from Fox News shared with a descriptive tweet. It lacks the vertical orientation, quick cuts, or native editing features typical of TikTok content.",us_politics|donald_trump|political_address|misinformation|climate_change|china|renewable_energy|davos
https://x.com/i/status/2021596414078546210,yes,False and misleading: Anthropic made an update and the OP claims to be part of it.  https://x.com/lukaslucasnyc/status/2021974243613737027,"🚨 JUST IN: @claudeai got a huge update today and I'm flattered to be a part of it. As of now, Claude Opus 4.6 can build mobile apps and prepare shipping them on the Apple + Google app stores.

We just launched Shipper a new package that empowers Claude to:

→ Build complete https://t.co/NgtJq7boCZ",4,"The video is a fast-paced screen recording with quick cuts and visual demonstrations that would be native to TikTok, though it relies on the tweet text for the full announcement context.",artificial_intelligence|ai_generated|software_development|mobile_apps|misinformation|tech_news
https://x.com/i/status/2013557742254882859,yes,"​The U.S. has had a military presence in Greenland since 1951. Denmark has steadily increased Arctic defense, including a 2021 capability package and a 2024 ten-year funding boost. No public NATO records exist of &quot;25 years of warnings&quot; regarding Danish negligence.  ​https://www.state.gov/u-s-relations-with-denmark/  https://www.fmn.dk/en/news/2021/new-political-agreement-on-arctic-capabilities-for-1.5-billion-dkk/  https://www.highnorthnews.com/en/denmark-strengthen-arctic-defense-dkk-274-billion","🚨 TRUMP EXPOSES THE GREENLAND LIE — AND NATO CAN’T DENY IT

President Trump just dropped a truth bomb the globalists hoped would stay buried.

For 25 YEARS, NATO warned Denmark about the growing threat in the Arctic.

Not months.
Not years.
 
A quarter of a century.
Russia. https://t.co/iDQVj3Q4QX",2,"This is a traditional press gaggle clip with a descriptive tweet providing context, typical of political news sharing on social media rather than TikTok-native editing.",donald_trump|us_politics|geopolitics|nato|foreign_policy|russia|denmark|greenland|political_address|misinformation
https://x.com/i/status/2030629609285312636,yes,"The City of Chicago did not settle with Dexter Reed's estate for $1.25 million. A proposed settlement was rejected by the City Council in April 2025, and the case is in litigation. The officer is countersuing the estate.    https://abc7chicago.com/post/chicago-city-council-finance-committee-rejects-125m-settlement-dexter-reed-police-shooting-civil-rights-lawsuit/16157455    https://news.wttw.com/2025/11/19/family-dexter-reed-asks-judge-reopen-lawsuit-city-council-failed-settle    https://cwbchicago.com/2026/03/pay-me-cop-shot-by-dexter-reed-files-counterclaim-against-his-estate.html","STOP what you're doing and check out this insanty in Chicago, IL.

Dexter Reed shot Officer Gregory Saint Louis in the wrist - and officers responded by shooting him back 13 times.

The officers were cleared by the leftist DA, and the administration sustained just one small https://t.co/efaRrB4CEa",2,"The video is a traditional news segment and bodycam footage shared on social media with a descriptive tweet providing context, rather than being edited for TikTok's native style.",breaking_news|chicago|police_shooting|dexter_reed|bodycam_footage|legal_news|social_media_controversy
https://x.com/i/status/2027759214706196716,yes,From a video game more than likely War Thunder.  But this is clear engagement bait.  https://x.com/uapsentinel/status/2027781294185169004?s=46,"Tonight I watched something that reminded me exactly why American air dominance is unmatched.

Two American F-35 Lightning IIs flew straight into one of the most heavily defended airspaces on the planet.

Fortified.

Layered.

Protected by Russian-designed S-400 air defense https://t.co/5nkRNX1tYX",5,"The video is the primary content, featuring high-action visual effects and quick cuts designed for social media engagement, and could be posted to TikTok as-is.",misinformation|viral_video|fake_news|cgi|visual_effects|gaming|military_technology|aviation|digital_combat_simulator|war_thunder
https://x.com/i/status/2027848769597776276,yes,"The video in this post is gameplay footage from the video game ARMA 3, not real military action involving a US jet and Iranian missile. The post's main point praising American air superiority is a statement of opinion. https://www.news18.com/world/iran-claims-shot-down-israeli-jet-captured-pilot-video-game-arma-3-video-iran-israel-war-9387312.html https://www.youtube.com/shorts/-rhzwsx1KRs","🚨 THE AMERICAN JET WOULD NOT FALL 🚨

Locked.

Tracked.

Targeted.

An Iranian missile screaming through the sky… heat-seeking… hunting… closing distance.

And then something happened.

The American pilot did not panic.
Did not freeze.
Did not break discipline.

He moved.

A https://t.co/vLzNiCiDhD",5,"The video features vertical formatting, burned-in Persian captions, and high-intensity visual effects typical of viral social media content, functioning as a standalone piece of media.",misinformation|fake_news|tiktok_repost|iran|military_action|cgi|gaming|aviation|middle_east_relations|visual_effects
https://x.com/i/status/2028209630527291902,yes,This is from a video game.  Arma (series) - Wikipedia https://share.google/zSIxZMEhOkVYy2CP7,"🚨BREAKING: 5,000 ROUNDS IN THE AIR… MISSION COMPLETE.

🚨BEASTMODE UNLOCKED 

Let that sink in.

Over 5,000 incoming rounds.
A sky lit up with tracers.
Every hostile barrel screaming fire.

And the United States Air Force pilot didn’t blink.

He maneuvered through the storm. https://t.co/TwRzTVATor",5,"The video is the primary content, featuring high-action visual effects, quick cuts, and a dramatic 'beastmode' narrative that is native to short-form video platforms. The tweet text acts as a caption that would typically be overlaid on a TikTok video.",misinformation|viral_video|fake_news|gaming|military_action|aviation|cgi|visual_effects|arma_3|us_air_force
https://x.com/i/status/2024992601317990589,yes,"This is a staged skit, not a real encounter. https://www.instagram.com/reel/DOhlWA1Ces5/","A woman spots a stranger wearing glasses and becomes convinced they’re smart glasses recording her. He calmly explains they’re just $12 reading glasses. She grabs them, puts them on, and says, “They’re zoomed in — why would they zoom if you’re not recording me?”
He replies: https://t.co/6eofJUNUM6",5,"The video is vertical, features burned-in captions, and uses a staged, high-conflict premise designed specifically for viral engagement on platforms like TikTok.",viral_video|tiktok_repost|satire|social_media_controversy|misinformation|staged_skit
https://x.com/i/status/2033581233347707374,yes,"The WWV radio station broadcasts time in UTC (Coordinated Universal Time), a global standard, not local time. The video's clock shows Eastern Standard Time (UTC-5), where 11 AM EST = 4 PM UTC. No signal glitch occurred; it's a time zone difference.    https://www.nist.gov/pml/time-and-frequency-division/time-distribution/radio-station-wwv  https://www.timeanddate.com/time/change/usa","🚨 MAN FILMING A SHORTWAVE RADIO JUST CAUGHT THE U.S. GOVERNMENT’S ATOMIC TIME SIGNAL GLITCHING — AND NOW THE INTERNET WANTS ANSWERS

A man recording his vintage shortwave radio suddenly locks onto WWV, the official U.S. atomic time broadcast run by the National Institute of https://t.co/TZCT9AazS2",5,"The video is a direct TikTok repost featuring vertical framing, burned-in captions, and a first-person reaction to a perceived anomaly, making it native to that platform's style.",tiktok_repost|conspiracy_theory|misinformation|viral_video|radio_technology|colorado|educational_content
https://x.com/i/status/2015972549520130309,yes,It is not authentic footage of the 2022 Hunga Tonga-Hunga Ha'apai eruption. It's a digitally created or heavily simulated/CGI rendering that's been recirculated and miscaptioned multiple times since early 2022.        https://www.snopes.com/fact-check/cctv-footage-tonga/  https://www.snopes.com/fact-check/cctv-footage-tonga/,"Deep in the South Pacific near Tonga, the ocean surface opened.

The Hunga Tonga–Hunga..  volcano erupted with extraordinary force, sending a vertical column of ash, steam, and volcanic gases tens of kilometers into the atmosphere. 

From the air, its core glowing orange as https://t.co/Mt5sLoggVM",5,"The video is purely visual, highly engaging, and cinematic content that functions as the primary draw, fitting perfectly into the TikTok 'wow-factor' or 'nature' niche.",ai_generated|cgi|misinformation|viral_video|nature|visual_effects|fake_news
https://x.com/i/status/2028210142748303496,yes,"The video depicts gameplay from the video game War Thunder, not real US Navy operations. Authentic footage of Operation Epic Fury shows modern destroyers firing Tomahawk missiles from vertical launch systems. https://www.usatoday.com/picture-gallery/news/world/2026/03/01/onboard-us-navy-vessels-operation-epic-fury-photos/88933856007 https://www.pcgamer.com/games/as-the-possibility-of-war-looms-in-the-middle-east-clips-of-arma-3-and-war-thunder-are-being-used-as-propaganda-and-even-the-israeli-militarys-having-to-clarify-the-footage-is-fake","🚨BREAKING: AMERICAN BEAST MODE ACTIVATED🚨🔥

When the United States Navy opens up… it is not chaos.

It is coordination.
It is calculation.
It is overwhelming force applied with precision.

Steel hull cutting through cold water.
Deck guns roaring.
Missiles leaving rails.
Fire https://t.co/0392uFwgS3",5,"The video is a direct TikTok repost featuring vertical orientation, a TikTok watermark, and dramatic visual effects designed for high engagement. The tweet text acts as a hype-filled caption typical of the platform.",tiktok_repost|misinformation|gaming|war_thunder|military_action|cgi|fake_news|video_edit
https://x.com/i/status/2022599699807588378,yes,"The post misrepresents the study. Human DNA was found in 2% of all samples, with two-thirds of *those* cases in vegetarian products—not two-thirds of vegetarian samples overall. Separately, 10% of vegetarian products contained undisclosed meat. https://abcnews.com/Health/hot-dogs-sausages-studied-human-dna-report/story?id=34739080","🚨🇺🇸BREAKING: Human DNA has been discovered in U.S. hot dogs, with two thirds of vegetarian samples not being meat free

Ten percent of all vegetarian products tested contained actual meat, according to Clear Foods, which examined 345 hot dogs and sausages from 75 brands and https://t.co/KID4cABPIZ",4,"The video features a large, attention-grabbing headline overlay and a fast-paced news clip, which is a common format for viral news-style content on TikTok.",misinformation|viral_video|breaking_news|pop_culture|social_media_controversy|food_safety|health_news
https://x.com/i/status/2033123906190520654,yes,"The video depicts a B-52 formation from January 2023, not a current transatlantic deployment. https://x.com/US_STRATCOM/status/1618342541920989184","‼️🇺🇸 A formation of B-52 Stratofortress bombers has been spotted flying across the United States and heading toward Europe, crossing the vast Atlantic Ocean.

These are some of the most powerful strike machines in the U.S. Air Force arsenal. Built for long range missions and https://t.co/uRbHjDFkoN",4,The video is the primary content and is visually engaging with a 'caught on camera' feel. The tweet text provides the context that would typically be presented as on-screen text or a voiceover on TikTok.,misinformation|military_technology|aviation|geopolitics|b_52|us_air_force
https://x.com/i/status/2030235286379123184,yes,"This video is AI-generated, not real footage of RFK Jr. No credible reports confirm he made these exact statements recently. Replies and analyses identify it as synthetic media.    https://factcheck.afp.com    https://www.politifact.com    https://x.com/MrJohnJnr/status/2030235286379123184","🚨🔥RFK JUST SAID IT: THE “CONSPIRACY THEORISTS” WERE RIGHT ALL ALONG — ABOUT EVERYTHING. UNREAL. BOOOM! [VIDEO]

🚨 🔥 Robert F. Kennedy Jr. has detonated a political earthquake by confirming that the so-called “conspiracy theories” about COVID, chemical trails, and government https://t.co/JFYqraL877",4,"The video uses a sensationalist, edited clip with a dramatic 'boom' style caption in the tweet, which mirrors TikTok's high-engagement visual storytelling style.",ai_generated|misinformation|fake_news|us_politics|conspiracy_theory|robert_f_kennedy_jr|political_commentary|viral_video|artificial_intelligence
https://x.com/i/status/2014449425750392946,yes,This is not the first time Alabama Football has held open tryouts. https://x.com/alabamaftbl/status/1559173553047625728?s=46,"ALABAMA FOOTBALL IS NOW DESPERATE!

“Alabama announced for the first time… OPEN TRYOUTS! You can now drive down, fly down to Alabama, and get a guaranteed tryout! Alabama is now DESPERATE!” — Craig Carton

@craigcartonlive @TyJohnsonNews 

#CollegeFootball #Alabama #RollTide https://t.co/VNhtwLyZCr",3,"The video features a split-screen podcast format with high-energy commentary and quick cuts, though the lack of vertical formatting or captions keeps it from being fully TikTok-native.",sports|football|college_football|alabama_football|podcast_clip|sports_commentary|misinformation|craig_carton
https://x.com/i/status/2014371706383532311,yes,"&quot;Tehran is calm now&quot; is misleading &amp; misses the facts that the calm is made by martial law &amp; fear, there's a full Internet blackout in Iran &amp; there's been a bloodshed during January protests leading to +18k being killed (includes children) &amp; +30k detained    https://www.cbsnews.com/news/iran-protest-death-toll-over-12000-feared-higher-video-bodies-at-morgue/    https://www.bbc.com/news/articles/ckglee733wno    https://time.com/7347170/iran-death-toll-khamenei-trump/    https://x.com/Osinttechnical/status/2013024506609090847?s=20    https://x.com/FSeifikaran/status/2012692954092036574?s=20    https://factnameh.com/fa/fact-checks/2026-01-16-iran-shahsavar-layer-crackdown-repression    https://www.hrw.org/news/2026/01/16/iran-growing-evidence-of-countrywide-massacres    https://x.com/iranwire/status/2011930725512024367?s=20","Islamic regime is panicking after we got the UN to call a session tomorrow on Iran. They're pleading to stop it: “Day-to-day life in Iran is proceeding along its normal course... There's no need for a special session, no critical situation that requires urgent addressing...” https://t.co/LArk06CtPT",2,"This is a traditional UN press/meeting clip with burned-in captions, where the tweet text provides the primary political framing and context.",iran|geopolitics|protest|human_rights|united_nations|political_commentary|middle_east_relations|activism
https://x.com/i/status/2030830912733135005,yes,"These features are explained by modern repairs and weathering on the 4,500-year-old pyramid. The &quot;bricks&quot; are patches from restorations to prevent further damage; bore holes are likely survey or study marks; the filled cavity is a repair, not an intentional symbol.    https://en.wikipedia.org/wiki/Great_Pyramid_of_Giza  https://www.nytimes.com/2024/02/01/arts/design/resurfacing-pyramid-ignites-debate.html","In 2016 a young man illegally scaled the Great Pyramid at Giza filmed on his GoPro Cam ❌

While he should not have done this he inadvertently recorded several anomalies committing this stunt 📹

🧱 High atop the pyramid sections where a block would be have bricks instead.

🕳️ https://t.co/uyNIWwg05v",4,"The video is a high-adrenaline POV stunt with quick cuts and visual highlights that would thrive on TikTok, though the context is provided via the tweet text rather than on-screen captions.",viral_video|conspiracy_theory|history|egypt|pyramids|urban_exploration|misinformation
https://x.com/i/status/2028188365619704117,yes,"The video actually shows a 2017 explosion at an ammunition depot in Kalynivka, Ukraine, and is not related to recent events in Israel. Major news outlets have not reported the destruction of the Dimona facility in Iran's March 1, 2026, strikes.    https://www.reuters.com/article/factcheck-ukraine-russia/fact-check-video-of-explosion-dates-to-september-2017-ammunition-depot-in-kalynivka-ukraine-idUSL1N2UZ1TM    https://www.aljazeera.com/news/2026/3/1/at-least-nine-killed-after-iranian-strike-on-israels-beit-shemesh","🚨🇮🇱 BREAKING: ISRAELI NUCLEAR POWER PLANTS DESTROYED BY IRAN MISSILES

Israel's reactor and nuclear facilities were attacked by Fatah and Khyber missiles.

According to reports today, Sunday, March 1, 2026, the Dimona nuclear facility (Negev Nuclear Research Center) has been https://t.co/C1bkNi9Y3z",4,"The video is a highly visual, dramatic explosion clip designed for viral engagement, where the tweet text functions as the sensationalist caption that would typically be an on-screen overlay on TikTok.",misinformation|fake_news|geopolitics|middle_east_relations|iran|israel|breaking_news|military_action|missile_strike|war_coverage|ukraine|russia
https://x.com/i/status/2032698241427357986,yes,The video is a clip from Kai Cenat's Jan 2026 &quot;I Quit&quot; announcement of his clothing brand VIVET &amp; focus on fashion/acting. He did not say he earned $900M from streaming or has $800M in the bank. His estimated net worth is $35-45M.    https://www.marca.com/en/lifestyle/celebrity-net-worth/2026/01/17/696b915022601dda458b4583.html  https://thetab.com/2026/01/16/wait-has-kai-cenat-quit-streaming-after-announcing-a-new-clothing-line-heres-the-truth  https://www.instagram.com/p/DTgItiKkcb7,"Kai Cenat released a video saying streaming was holding him back from his real passion Vivet but he's grateful he was able to make over 900 million from streaming to pursue his fashion and acting career 😬

""I have over 800 million in the bank my streaming days are over chat"" https://t.co/r5wUvf10L4",4,"The video features a high-energy, direct-to-camera address from a popular influencer, which is a staple of TikTok content, though the context is provided via the tweet text rather than in-video captions.",misinformation|pop_culture|celebrity_news|kai_cenat|twitch_streamer|fashion|social_media_controversy
https://x.com/i/status/2012187865208541507,yes,"Greenland is closer to Europe than to the United States coast to coast. People living there are Danish and EU citizens. It is part of the European Arctic region.    🇮🇸 Iceland: 290 km (Closest)  🇳🇴 Norway: 500 km  🇬🇧 UK: 800 km  🇺🇸 USA: 2,500 km    https://www.britannica.com/place/Jan-Mayen   https://ecfr.eu/article/arctic-holdem-ten-european-cards-in-greenland/   https://static01.nyt.com/images/2021/02/23/science/24tb-newmap-video-image/24tb-newmap-video-image-superJumbo.jpg ","Greenland is not in Europe; it’s in the Western Hemisphere. 

America has made it clear for over 200 years that we are in charge of what happens in this hemisphere.

Some people need to wake up and face the reality of what’s actually going on. 

Ultimately, this will benefit https://t.co/DsXFVnmHIl",2,"This is a traditional news segment clip from Newsmax shared on social media, where the tweet text provides additional political context and commentary.",us_politics|geopolitics|greenland|foreign_policy|political_commentary|newsmax|randy_fine
https://x.com/i/status/2014489959638429839,yes,"This video is a satirical TikTok from the parody account @mr.farmerfran exaggerating potential deportation impacts on farms. Carrots are a cool-season crop in Kansas, typically harvested in spring or fall, not January when fields are dormant due to winter conditions.    https://www.tiktok.com/@mr.farmerfran  https://www.shawnee.k-state.edu/lawn-garden/Carrot.pdf","Farmers in Kansas are about to find out the hard way.

They voted for Donald Trump.
They cheered ICE crackdowns.

Now their carrot crops are rotting because the workers are gone.

You can’t deport the labour force and run labour-intensive agriculture.

So what’s the plan now https://t.co/CENkiCRZLF",5,"The video is a native TikTok recording featuring a direct-to-camera monologue, vertical aspect ratio, and TikTok UI elements, making it the primary content.",tiktok_repost|satire|misinformation|us_politics|donald_trump|agriculture|kansas|immigration_policy|parody
https://x.com/i/status/2015933669710692763,yes,"The claim that EBO2 therapy is unavailable in the U.S. is false. It is offered at alternative clinics in California and Minnesota https://wearetulsi.com/eboo-ebo2-san-diego https://twincitiespainmanagement.com/ebo2-therapy However, the FDA has not approved it for medical use https://www.fda.gov/inspections-compliance-enforcement-and-criminal-investigations/warning-letters/o3uv-llc-668840-07072025 and health experts label it as pseudoscience with limited evidence https://health.clevelandclinic.org/ozone-therapy","🚨 DANA WHITE REVEALS ELITES ARE FLYING TO TIJUANA FOR A SECRET BLOOD-FILTERING PROCEDURE YOU CAN’T GET IN THE U.S.

On Big Boy’s Neighborhood radio show, UFC President Dana White casually describes a three day procedure in Tijuana where doctors insert a needle into your neck, https://t.co/xW6RdulCKv",5,"The video is a vertical TikTok repost featuring a viral podcast clip with burned-in captions, a TikTok watermark, and a clickbait headline overlay.",tiktok_repost|podcast_clip|dana_white|misinformation|conspiracy_theory|health_and_wellness|celebrity_news
https://x.com/i/status/2030288629566718365,yes,"The video in this post does not show the Southwest Flight 2094 incident (Nashville to Ft. Lauderdale, diverted to Atlanta on March 6, 2026, over a reported security threat; one passenger removed). No reports confirm &quot;Death to America&quot; chants occurred on that flight.    https://www.fox5atlanta.com/news/southwest-flight-nashville-atlanta-fort-lauderdale  https://www.dailymail.co.uk/news/article-15623983/Southwest-flight-diverted-Atlanta-security-threat-Iran.html  https://atlantafi.com/suspicious-passenger-hartsfield","🚨“Death to America” Chanted on a U.S. Flight… How Did This Person Get Here?

A commercial flight leaving Nashville had to be diverted after a bomb threat.

Passengers describe a man standing up on the aircraft shouting:

“Death to America… Death to America… Death to America.” https://t.co/k0E26TZQVS",4,"The video is a raw, vertically-filmed viral clip that captures a high-tension moment, which is a staple of TikTok content. The tweet text provides the context that would typically be found in on-screen captions or a voiceover on TikTok.",misinformation|viral_video|aviation|political_confrontation|social_media_controversy|donald_trump
https://x.com/i/status/2015825806132392097,yes,"The video is from a June 13 2025 stream where Tylil James recounts his experience at the 2025 BET Awards specifically the red carpet   The video has no connection to current (2026)  drama, DJ Akademiks, Krich/Gigi, Kai  or any allegations     https://youtu.be/9VQK8AmW3O4  ","Tylil goes off telling his side of the story about the DJ Akademiks, KRICH, and Kai Cenat situation, says he didnt try to backdoor Ak and says KRICH is cap about trying to snitch on Gigi for a Big Birthday gift from Kai 😬

“Now kai mad at me”
“Yall showing yall true colors” 👀 https://t.co/MITl21QQ61",4,"The video is a high-engagement clip from a livestream that serves as the primary content, with the tweet text acting as the contextual hook similar to a TikTok caption.",misinformation|social_media_controversy|pop_culture|celebrity_news|twitch_streamer|kai_cenat|tylil_james|dj_akademiks
https://x.com/i/status/2030180699479638482,yes,"Bill Maher did not apologize. He stated: &quot;We bombed Iran... If you expected me to say I hate it, I don’t. Sorry.&quot; This expresses support for the strikes, citing Iran's role in regional conflicts. The headline misrepresents his sarcastic tone.  This video has been cut.    https://www.yahoo.com/entertainment/tv/articles/bill-maher-told-liberal-audience-130044433.html  https://www.mediaite.com/media/news/sorry-i-dont-hate-it-bill-maher-praises-trumps-war  https://www.primetimer.com/features/bill-maher-says-he-doesnt-hate-it-that-the-us-bombed-iran-adding-that-iranians-all-over-the-world-is-doing-the-trump-dance  https://www.insidehook.com/television/bill-maher-real-time-angry-posts-president/amp","🚨 NEW: Bill Maher APOLOGIZES to his audience for his support for Trump’s action in Iran: “This week, war. Did you hear about that thing?”

“We bombed Iran, and it’s going on now. If you expected me to say I hate it, I don’t. Sorry.”

“I know too many happy Iranian Americans.” https://t.co/b9JU3MKFb6",4,"The video uses a high-engagement, edited clip with a burned-in visual graphic of a bombing, which is a common TikTok-style visual hook to provide context without needing the tweet text.",misinformation|us_politics|iran|political_commentary|middle_east_relations|military_action|video_edit|media_criticism|bill_maher
https://x.com/i/status/2015874017127743768,yes,"Artemis II will send 4 astronauts on a lunar flyby, without landing, no earlier than Feb. 6, 2026. There is no evidence of scientists' disappointment or fears about Americans' lack of interest in space. The mission has received coverage in media and on X. https://www.nasa.gov/mission/artemis-ii https://en.wikipedia.org/wiki/Artemis_II https://www.space.com/news/live/artemis-2-nasa-moon-rocket-rollout-jan-17-2026 https://www.cnn.com/2026/01/17/science/nasa-artemis-ii-moon-mission",🔥🚨BREAKING: Scientists have been disappointed with Americans after it was revealed that 4 astronauts are going back to the moon for the first time in 54 years on Friday and nobody is speaking about it which has led to astronomers and scientists into fearing that Americans no https://t.co/44YNhbtrPY,4,"The video features fast-paced editing, cinematic music, and a compilation of high-energy clips that would fit perfectly on TikTok, while the tweet text provides the sensationalized context.",misinformation|breaking_news|space_exploration|nasa|artemis_ii|moon_mission|video_edit|viral_video
https://x.com/i/status/2020359109233758222,yes,"Springfield Underground is a well-known commercial warehouse in Missouri, repurposed from a limestone mine in 1946. It's openly used for storage by food companies like Kraft and handles 500-600 trucks daily. Public info is available; it's not a hidden facility.    https://www.springfieldunderground.com/history  https://www.ozarksfirst.com/news/the-springfield-underground-what-exactly-is-down-there  https://www.youtube.com/watch?v=uEi_KV6d8HQ","🚨 TRUCKER ACCIDENTALLY FILMS A MASSIVE UNDERGROUND FACILITY - AND IT’S NOT WHAT THEY SAY IT IS

He thought he was just hauling a load for Kraft.
Then he pulled into something called Springfield Underground.

Watch closely.
This isn’t a warehouse.
This isn’t “storage.”

It’s a https://t.co/FQyztaQ8fI",5,"The video is a direct TikTok repost featuring vertical orientation, a creator talking directly to the camera, and burned-in captions. The tweet text attempts to reframe the original vlog as a conspiracy.",tiktok_repost|conspiracy_theory|misinformation|viral_video|springfield_missouri|trucking_life
https://x.com/i/status/2030588478917112011,yes,"The video is misleading. The footage shows the Hartsfield–Jackson Atlanta International Airport, in the U.S.A.  https://share.google/xx8YbFo0gKAZnGsYk","JUST IN AND UNUSUAL
CHINA is recording the US war live!

The US attacks on Iran have become a veritable military intelligence laboratory for China.

More than 300 Jilin-1 satellites are recording every detail, second by second, from munition refueling to missile trajectories. https://t.co/y2tWLqFFaV",4,"The video is highly visual and uses tracking overlays and digital effects to drive engagement, though it relies on the tweet text to provide the (misleading) narrative context.",misinformation|geopolitics|china|military_technology|aviation|satellite_imagery|viral_video
https://x.com/i/status/2031864772757463073,yes,"The FBI warning described potential Iranian drone attacks launched from vessels off the West Coast, not directly from Iran. The post's focus on range from Iran overlooks this offshore scenario.    https://abc7news.com/post/fbi-warns-california-iran-drone-strike-san-francisco-mayor-daniel-lurie-gavin-newsom-ca-attack/18704228    https://www.latimes.com/california/story/2026-03-11/california-could-be-attacked-by-drones-because-of-iran-war-memo-warns    https://www.livenowfox.com/video/fmc-fm9njg2p3chb5idn","California Gov Gavin Newsom says officials are aware of 'drone strikes from Iran'. This comes after an FBI warning Iran could retaliate by drone striking... the West Coast?

Iran’s longest-range Shahed drones reach ~2,500 km.

That barely gets you to Athens — NOT Los Angeles. https://t.co/ceRdRHe8Q2",2,"The video is a traditional news clip of a political address without any TikTok-style edits, though the tweet adds critical context and commentary.",us_politics|geopolitics|iran|middle_east_relations|military_technology|political_address|foreign_policy|media_criticism|misinformation
https://x.com/i/status/2012042341612396897,yes,"Lies. Fans are only chanting “1,2,3 viva l’Algerie” which is their famous slogan.   Algerian fans anger is only directed towards referees/CAF they think is corrupted (hence the money at the end of the video). Their federation actually filed a complaint against that.     https://m.youtube.com/watch?v=XjT7fsHGjI8    https://www.leparisien.fr/sports/football/finale-de-la-can-2019-mais-d-ou-vient-le-slogan-one-two-three-viva-l-algerie-17-07-2019-8119002.php    https://sportnewsafrica.com/articles/afcon-2025-algeria-files-complaint-against-senegalese-referee-after-their-elimination","After Algeria lost to Nigeria at the African Cup of Nations, Algerian fans in the stadium started chanting that they would castrate all the black men and enslave their women again.

Anyone who thinks white people are ‘the most racist’ has not met your average Arab/Muslim yet. https://t.co/nfbcxidwe5",4,"The video is a high-energy, vertical stadium clip that is visually engaging and primary to the post, though it relies on the tweet text to provide (misleading) context.",misinformation|fake_news|sports|football|algeria|social_media_controversy|viral_video|political_commentary
https://x.com/i/status/2021158596248031374,yes,This user placed a watermark on a video that was not produced by them. The original poster can be found through this post:  https://x.com/acyn/status/2021024635698221505?s=46,"🚨 LAUREN BOEBERT SHAKEN AFTER VIEWING UNREDACTED EPSTEIN FILES

I’ve never seen Lauren Boebert react like this.

After reviewing unredacted Epstein material, she said co-conspirators are clearly implicated — and made it clear she does NOT view everyone discussed as “victims.” https://t.co/AiZKCSMkLV",4,"The video is a handheld, vertically-oriented clip of a public figure being interviewed on the move, which is a common format for viral political content on TikTok. The tweet text serves as the primary hook and context that would typically be displayed as on-screen text or captions on TikTok.",us_politics|lauren_boebert|jeffrey_epstein|political_commentary|viral_video|social_media_controversy
https://x.com/i/status/2032063915236938189,yes,"The video depicts the Houthi attack on tanker Chios Lion from July 15, 2024, not a breaking 2026 event. While threats persist, no confirmed recent strikes on this ship.    https://www.bbc.com/news/videos/cm528nmymn8o  https://www.reuters.com/world/middle-east/tanker-assesses-possible-red-sea-oil-spill-after-houthi-attack-maritime-center-2024-07-16  https://gcaptain.com/watch-houthi-surface-drone-hits-tanker-chios-lion-in-red-sea  https://gcaptain.com/red-sea-corridor-slips-back-into-crisis-as-houthi-threats-resurface","🚨 BREAKING: REPORTS: HOUTHIS STRIKE OIL TANKER IN THE RED SEA

Reports are emerging that the oil tanker “Chios Lion” has been attacked in the Red Sea.

The vessel — a crude oil tanker — was reportedly struck by an explosive unmanned boat launched by Iran-backed Houthi forces, https://t.co/HxywhMkbqD",4,"The video is high-impact, visually engaging footage of an explosion that functions as the primary content, though it relies on the tweet text for context rather than in-video captions.",military_action|geopolitics|middle_east_relations|breaking_news|houthi|red_sea|maritime_security|war_coverage|misinformation
https://x.com/i/status/2029711630401982537,yes,Not a single quote in the post is contained within the video attached.  This account is purposely manufacturing lies that look like confirmed factual information toward big creators to farm impressions for monetization which is against X ToS.    https://help.x.com/en/rules-and-policies/x-rules,"Kai Cenat's ex Gigi released a video revealing why her and Kai broke up and she said it's because Kai supports Donald Trump and ICE and she is not switching her beliefs for a man 😳

""Kai donates 500k a year to ICE""
""He even lied about building schools it's time to expose him"" https://t.co/2MPx2a64cp",4,"The video is a direct-to-camera personal vlog style common on TikTok, with the tweet text acting as the hook/context that would typically be on-screen text.",misinformation|social_media_controversy|pop_culture|celebrity_news|kai_cenat|twitch_streamer|fake_news
https://x.com/i/status/2030043430177443859,yes,"This bodycam footage is AI-generated. Note the timestamp clock incorrectly counting seconds.    While Williams was jailed for cutting off emergency calls, she was arrested in 2018, not 2023, and there are no reports of a four-month-old son dying as a result.    https://www.npr.org/sections/thetwo-way/2018/04/19/604040933/911-operator-who-reportedly-cut-thousands-of-calls-short-is-sentenced-to-10-days","The narrative is that blacks don't get hired due to racism.
This one was hired as a 911 operator. She answered and quickly hung up on 47 people.
One of them was a mother with a dying 4 MONTH OLD BABY. The baby died.
When a cop goes to arrest her, she acts like he has no right. https://t.co/4iVjkySeA1",5,"The video features a vertical aspect ratio, burned-in captions, a TikTok watermark, and a dramatic narrative structure that is native to the platform.",ai_generated|misinformation|tiktok_repost|fake_news|social_media_controversy|artificial_intelligence|visual_effects|political_commentary
https://x.com/i/status/2032562099063513542,yes,"This video is AI-generated/manipulated. The voiceover shows clear synthetic traits: unnatural prosody, intonation mismatches, and typical AI cloning artifacts. It fabricates a montage by combining old interview audio with edited/new visuals.   https://fritz.ai/best-ai-deepfake-detection-tools/    https://www.aiornot.com/blog/how-to-detect-deepfake-audio-red-flags-tools-and-fixes    https://www.rev.com/blog/how-to-spot-deepfake-audio","Kelly Osbourne just laid it all bare in this raw clip: years of brutal body shaming as the ""fat daughter"" on The Osbournes, designers turning her away, endless media obsession with her size over her talent.

She got gastric sleeve in 2018 after crash diets and self-hatred wore https://t.co/3badsrc1Yb",5,"The video uses a vertical format, rapid cuts, and burned-in captions that change with the narration, making it perfectly suited for TikTok's native style.",ai_generated|misinformation|pop_culture|celebrity_news|video_edit|artificial_intelligence|social_media_controversy
https://x.com/i/status/2024379471474938237,yes,This post is based on a June 2024 Newsweek article citing defense analyst Francis Tusa's prediction that China could field autonomous weapons within two years. No major new developments or confirmations have been reported since then.    https://www.newsweek.com/china-killer-robots-unitree-robotics-1917569    https://nationalsecuritynews.com/2024/06/ai-arms-race-china-could-have-fully-autonomous-weapons-on-the-battlefield-in-two-years,"BREAKING: China's autonomous ""killer robots"" are on track to serve its military on the battlefield within two years, setting a course for a new age of AI-powered warfare which one expert called ""the greatest danger to the survival of humankind.""

Remote forms of warfare, from https://t.co/QR1MrU7JMn",2,"The video is a traditional news segment from a Chinese military broadcast with professional reporting and burned-in news graphics, rather than a social-media-native format.",military_technology|artificial_intelligence|china|robotics|geopolitics|breaking_news|military_action
https://x.com/i/status/2012279146978660492,yes,"On Jan. 14, 2026, a software issue caused an outage for Verizon customers only. Reported military helicopter flights that day were for routine training and rehearsals, separate from the outage.    https://en.wikipedia.org/wiki/2026_Verizon_outage  https://www.reuters.com/business/media-telecom/verizon-offers-20-credit-customers-affected-by-massive-wireless-outage-2026-01-15  https://www.reddit.com/r/washingtondc/comments/1qc6yjw/midnight_flight_defense_exercise_over_dc_january  https://www.airandspaceforces.com/mh-139-grey-wolf-helicopters-flies-first-convoy-mission","🚨 THE VERIZON OUTAGE WASN’T A GLITCH - THIS IS WHAT WAS REALLY HAPPENING WHILE AMERICA’S PHONES WENT DARK

During the nationwide Verizon outage, millions of Americans suddenly lost the ability to call, text, upload, or livestream - and at the same time, people were filming low https://t.co/KmR3zZ4Dcf",5,"The video features a TikTok watermark, rapid cuts, dramatic music, and high-engagement visual content that is native to the platform.",tiktok_repost|conspiracy_theory|military_technology|aviation|misinformation|viral_video|florida
https://x.com/i/status/2031679518763618503,yes,"Public access AEDs began appearing across London and the UK in the late 1990s, and had become commonplace by the early 2010s, predating the COVID vaccine rollout.     https://www.sciencedirect.com/science/article/abs/pii/S0300957208003936#:~:text=In%20England%20and%20Wales%2C%20PAD,AEDs%20at%20high%20risk%20locations.&amp;text=These%20complemented%20AEDs%20already%20installed,strategies%20used%20in%20the%20UK.","Defibrillators suddenly appeared across London during the COVID jab rollout.

In play parks. On street corners. Inside phone boxes. Everywhere.

At the same time myocarditis and sudden cardiac events in young people spiked.

Kids collapsing on football pitches should never be https://t.co/Cnhue33FLV",4,"The video features a presenter speaking directly to the camera with quick cuts and on-location footage, a style very common on TikTok, though it lacks the platform's native text overlays.",misinformation|conspiracy_theory|uk_politics|london|covid_19|vaccine_misinformation|medical_commentary|social_media_controversy
https://x.com/i/status/2033333610389074245,yes,The caption is irrelevant to what Mohammadreza Eyni actually said. Misleading Caption for most of the people who actually wouldn't what the videos and simply scrolling news.       https://x.com/Reuters/status/2033333610389074245?s=20,"Iranian Co-directors and Producers of “Cutting Through Rocks,” Mohammadreza Eyni and Sara Khaki said, they wanted to celebrate their Oscar nomination with their people, but because of the ongoing U.S.-Israeli war in Iran, they said Iranians now have ""so many other priorities."" https://t.co/ItOrhsAPf5",5,"The video features a vertical aspect ratio, burned-in captions, and a fast-paced interview style that is native to TikTok's format.",misinformation|iran|middle_east_relations|pop_culture|celebrity_news|social_media_controversy|tiktok_repost
https://x.com/i/status/2032814879053328684,yes,He is literally the MP of the area where a rape has taken place. But his priorities are about a local cricket match. BJP is really blinded by UC hate. https://timesofindia.indiatimes.com/city/patna/16-year-old-saran-girl-gang-raped-killed/articleshow/129520858.cms,"Cricket meets a greater cause. 🏏
The Parliamentarians Cricket Team led by Captain Anurag Singh Thakur, MP will play a cricket match against Delhi Police under the Captainship of Satish Golcha, CP, Delhi Police for TB Mukt Bharat Awareness. Please watch.
TB Harega, Desh Jeetega https://t.co/lCSvFxc8KA",4,"The video features fast-paced editing, background music, and burned-in graphics typical of social media highlight reels, though the tweet provides the formal context.",sports|india|cricket|political_campaign|activism|anurag_thakur|delhi_police|public_health_awareness|video_edit
https://x.com/i/status/2017491308370165942,yes,There are no interviews to corroborate this claim.    Maggie Gyllenhaal is acting.    https://youtu.be/tVCoGb3wctw?si=60l27ffh29QxQRjd  ,"In The Dark Knight (2008), the scene between the Joker and Rachel Dawes is unsettling in a way that goes beyond performance. Heath Ledger was so deeply immersed in the role that his energy on set became genuinely unpredictable. He didn’t play the Joker as a character you could https://t.co/Y5cewlqD1l",5,"The video features a vertical aspect ratio, burned-in text overlay, and a 'movie fact' style that is native to TikTok and Reels.",pop_culture|misinformation|the_dark_knight|joker|heath_ledger|maggie_gyllenhaal|movie_trivia|viral_video
https://x.com/i/status/2017390836523434089,yes,"This is a fake, AI-generated video and profile. Unnatural audio and human facial expressions are present throughout.    The person also generated a fake video as a law enforcement officer, where jumbled AI text can be seen on the uniform.    https://www.tiktok.com/@ema2140  https://www.tiktok.com/@ema2140/video/7599850694551768351","American who was born in Minnesota returns to visit and she can’t believe what’s happened

“Minnesota does not even look like Minnesota anymore — The streets, the stores, the people, it all feels like somewhere else”

As she’s filming she gets screamed at by foreigners telling https://t.co/bJJ3B8mSKN",5,"The video is a vertical, first-person vlog with burned-in captions and quick cuts, clearly designed for TikTok-style engagement where the video is the primary content.",ai_generated|misinformation|artificial_intelligence|social_media_controversy|us_politics|minnesota|fake_news|cultural_commentary
https://x.com/i/status/2030802961278861784,yes,「英国で死亡」という場所の記述が誤りで、日本国内の出来事です。  動画内の紙には日本語で記述があり、英国内ではなく、日本国内で発生した事故であることが確認できます。  また、農林水産省や厚生労働省といった公式的な発表はないため、誇張や錯綜による誤情報の拡散に注意が必要です。  https://www.change.org/p/%E6%97%A5%E6%9C%AC%E3%81%AE%E6%B3%95%E5%BE%8B%E3%81%8C%E5%AE%88%E3%82%8C%E3%81%AA%E3%81%8B%E3%81%A3%E3%81%9F42%E7%BE%BD%E3%81%AE%E5%91%BD-%E4%B8%89%E8%8F%B1%E5%95%86%E4%BA%8B%E3%82%B0%E3%83%AB%E3%83%BC%E3%83%97%E5%82%98%E4%B8%8B%E4%BC%81%E6%A5%AD%E3%81%8C%E8%A3%BD%E9%80%A0%E3%81%97%E3%81%9F%E5%8B%95%E7%89%A9%E7%94%A8%E3%82%B5%E3%83%97%E3%83%AA%E3%83%A1%E3%83%B3%E3%83%88%E3%81%AB%E3%82%88%E3%82%8B%E4%B8%AD%E6%AF%92%E6%AD%BB%E4%BA%8B%E4%BB%B6?utm_source=chatgpt.com,"In 2021, 42 owls in the UK died after receiving a vitamin supplement which erroneously contained 1000x the intended amount of Vitamin B6 (pyridoxine). 

Toxicology analyses traced the error to a Japanese firm, Asuka Animal Health Ltd, which had intended to replicate MVS-30, an https://t.co/4NPdIHYR02",3,"The video is visually striking and emotionally evocative, but it lacks the typical TikTok editing style like overlays or music, relying on the tweet text for context.",misinformation|animal_welfare|japan|owls|social_media_controversy|nature
https://x.com/i/status/2015141884679557592,yes,"Video shows the man holding a phone, not a gun, when federal agents took him down; he was a U.S. citizen and legal gun permit holder. https://www.nytimes.com/live/2026/us/minneapolis-shooting-ice https://www.nbcnews.com/news/us-news/minneapolis-investigating-ice-shooting-rcna255733","Greg Bovino: ""An individual approached U.S. Border Patrol agents with a 9mm semi-automatic handgun. The agents attempted to disarm the individual, but he violently resisted. Fearing for his life and the lives and safety of fellow officers, a Border Patrol agent fired defensive https://t.co/87y0xZmYRv",2,"This is a traditional press conference clip where the video serves as a primary source for the tweet's descriptive text, lacking the visual edits or vertical format typical of TikTok.",misinformation|us_politics|breaking_news|political_address|law_enforcement|border_patrol|media_criticism|social_media_controversy
https://x.com/i/status/2024422013981299054,yes,"This incident occurred in 2019, not on February 18, 2026. The video is from a 2019 news report about a Utah student asked to remove Ash Wednesday ashes.    https://apnews.com/general-news-bf38649028f44f60a32b264e8a5e9a75    https://www.foxnews.com/us/utah-teacher-forced-student-to-wash-off-ash-wednesday-cross-on-forehead-family-says    https://edition.cnn.com/2019/03/08/us/4th-grader-ash-wednesday-trnd","THIS!👇🤨 When 9 year old William McLeod went to his Utah public school on Wednesday, he knew some of his classmates might ask him about the ashen cross he wore on his forehead. 

He didn’t think for a moment that his teacher would tell him it was inappropriate and make him wash https://t.co/ZExVGsWmWE",4,"The video features a vertical aspect ratio, burned-in captions, and a social media watermark, though the content itself is a traditional news segment.",religion|social_media_controversy|viral_video|utah|catholicism|ash_wednesday|education|misinformation
https://x.com/i/status/2028258633255969206,yes,"This is not remotely factual, this is clickbate, this came from a live stream last year.     https://youtu.be/ipOcaXFtp28?si=J1uwmXaksRu8yZfV    https://youtu.be/hZBxja0I8k0?si=eK2lr4zywNF9DCn3","Ray went live last night breaking down in tears after paying Kai Cenat $40,000 dollars per month all 2025 and now he only has $4k to his name &amp; Kai unfollowed him on IG 😬

“Im literally going broke right now and Kai won’t even help me , I can’t believe it he ruined my life” https://t.co/G4w6RxaXFw",4,"The video is a raw clip from a livestream that relies on the tweet text to provide a narrative, which is a common format for viral social media content.",misinformation|fake_news|kai_cenat|twitch_streamer|social_media_controversy|pop_culture|viral_video
https://x.com/i/status/2012202324991635495,yes,"The Fourth Amendment requires probable cause for arrests; reasonable suspicion suffices only for brief investigatory stops, not full arrests. https://www.law.cornell.edu/wex/probable_cause https://www.law.cornell.edu/wex/fourth_amendment","Law enforcement uses ‘reasonable suspicion’ to make arrests, as protected under the Fourth Amendment to the U.S. Constitution. The Supreme Court has already vindicated us on this position.

A person’s immigration status makes them a target for enforcement, not their skin color, https://t.co/qLKBo8RKhY",2,"This is a traditional news broadcast segment from CNN shared on social media, where the video serves as a primary source for the tweet's political commentary.",us_politics|breaking_news|political_commentary|immigration_policy|fourth_amendment|legal_debate|cnn|misinformation
https://x.com/i/status/2033104571061416323,yes,This is a pro-regim protest. &quot;Death to USA&quot; can clearly be heard from the start.    https://twitter.com/i/status/2033104571061416323,"🚨 IRAN ON EDGE AS PROTESTS SPREAD

Large protests have erupted across parts of Iran, with growing reports of demonstrations in Tehran and several western regions as anger toward the regime continues to build.

In previous waves of unrest, millions of Iranians have taken to the https://t.co/K9FFs6poFc",4,"The video is a high-energy, visually engaging clip of a massive crowd that serves as the primary content, while the tweet text provides the narrative context that would typically be on-screen text on TikTok.",iran|protest|misinformation|geopolitics|middle_east_relations|breaking_news|political_commentary
https://x.com/i/status/2026734191799386595,yes,That doesn't happen in this video.     https://x.com/i/status/2026734191799386595,"India Royale dropped a video saying now that Lil Durk is locked up for life she can finally explore the world and live her life without living in fear with her NEW man 😬

""I can do anything I want now my NEW man is in the NBA and pays me 50k a month it's ok to move on ladies"" 😳 https://t.co/ZcmMxyJ3SQ",4,"The video is a direct-to-camera personal vlog style common on TikTok, though the controversial context is provided via the tweet text rather than in-video captions.",misinformation|fake_news|pop_culture|celebrity_news|india_royale|lil_durk|social_media_controversy
https://x.com/i/status/2013296824816185438,yes,"The last lynching in Ohio that is most commonly cited in modern historical writing occurred in June 1932, when Luke Murray was killed in Lawrence County (South Point).    https://julianjohnsonlaw.com/luke-murray-was-lynched-in-ohio-then-the-law-pretended-he-was-never-there/","Pam Grier recalls her mom trying to protect her from seeing lynched bodies hanging to trees in Columbus, Ohio. She noted that white families would also be lynched for supporting black families:

""My mom would go, 'don't look, don't look, don't look,' and she would pull us away https://t.co/UG6AaZfy1q",2,"This is a standard television talk show clip shared on social media with descriptive text. It lacks the vertical formatting, quick editing, or native engagement features typical of TikTok content.",pop_culture|celebrity_news|history|the_view|pam_grier|social_media_controversy|political_commentary
https://x.com/i/status/2025339433835450619,yes,"This UPS store is part of the Kensington Commons (4142 Adams Ave, San Diego, CA), a mixed-use development. The 30 registered voters are registered to homes that are also part of the complex.    https://maps.app.goo.gl/kgfi1o2LcpUXxrKX6  https://www.kensingtoncommons.com/    Mixed-use properties are very common in major cities like San Diego.    https://www.jpmorgan.com/insights/real-estate/commercial-term-lending/the-growing-popularity-of-mixed-use-properties","🚨 Here at this UPS store in California over 30 people are registered to vote. It is illegal to list a PO Box as your domicile address (which appears on the voter roll). You can receive a ballot at a PO Box, but it cannot be the domicile address—which over 30 of them are, errors https://t.co/z0QePLLpKm",5,"The video is a vertical, fast-paced clip with burned-in captions and a host speaking directly to the camera, making it native TikTok content.",tiktok_repost|misinformation|us_politics|voter_fraud|conspiracy_theory|san_diego|california|political_commentary
https://x.com/i/status/2030443566959349877,yes,The video/audio of Naseer Hussain is completely different from what is described in the post. The original video is from the Sky Sports podcast from a month ago. https://www.youtube.com/watch?v=O2lmQRAC8k0  At no point is Naseer speaking about pitch or ball tampering for the T20 Finals.,"🚨 SHOCKING: NASSER HUSSEIN EXPOSES PITCH TAMPERING IN AHMEDABAD FOR T20 WORLD CUP FINAL 🚨

“I’ve got news that for the T20 World Cup final in Ahmedabad, they’re trying to make the pitch Indian-friendly. People were even outside the stadium at 1 or 2 a.m., doing something to the https://t.co/BiZ1WdWSF3",2,This is a traditional podcast/interview clip shared on social media where the tweet text provides a misleading context that is not present in the video itself.,misinformation|fake_news|sports|cricket|podcast_clip|india|pakistan|sports_commentary|media_criticism
https://x.com/i/status/2026350706043547889,yes,This video is a complete fabrication and does not include any assessments or information actually from ISW.     https://x.com/TheStudyofWar/status/2026453527631970698,"🇺🇸 American Institute for the Study of War: more than 70% of the weapons that ended up in the hands of the militants of the “New Generation Jalisco Cartel” are Western supplies to Ukraine, which ended up on the “black market”.
+ terrorists from 🇺🇦 foreign legion went there too! https://t.co/Jqt47UAbUq",4,"The video uses TikTok-style visual elements like burned-in captions, quick cuts, and a dramatic musical score, though it mimics a think-tank presentation format.",misinformation|fake_news|geopolitics|war_coverage|ukraine_war|mexican_cartels|military_technology|propaganda
https://x.com/i/status/2012644046762598415,yes,"Regardless of sanctions, regime consistently prioritizes budgets for its cultural, religious, and military institutions over infrastructure, environment, and development. This is evident in low livability, GDP, neglected border provinces, and rising social inequality.  https://media.dolat.ir/uploads/org/2025/12/23/176649796875280400.pdf  https://arashzd.notion.site/The-Saghe-Talaie-Index-dd681d82b7da48c28e47ba5d5d660b43",".@AliVelshi rightly points out the strangulating effect of sanctions. I told him that had the JCPOA been kept, the Iranian economy would be in a completely different state today, and the power of society vis-à-vis would have been much more favorable, enabling the people to push https://t.co/M0aJZP3diB",2,"This is a traditional news interview clip shared on social media with a descriptive tweet providing context. It lacks the visual editing, vertical format, or high-engagement style typical of TikTok-native content.",iran|geopolitics|middle_east_relations|political_commentary|foreign_policy|sanctions|jcpoa|economic_policy
https://x.com/i/status/2011574540057645507,yes,"The original TikTok videos include captions stating &quot;fake situation,&quot; confirming they are fictional. https://www.ibtimes.co.uk/tiktok-time-traveller-claims-hes-stuck-2055-leave-internet-divided-over-ai-generated-paris-videos-1768907 https://ndtv.in/zara-hatke/tiktok-time-traveller-claims-he-s-trapped-in-2055-france-viral-video-mystery-empty-louvre-playstation-7-and-ai-debate-10747449","🚨 THIS MAN CLAIMS HE’S STUCK IN FRANCE IN THE YEAR 2055 - AND NO ONE CAN DEBUNK HIS VIDEOS

For YEARS, he’s uploaded clips claiming he’s trapped decades in the future. There are no people. No traffic. No sound. But the power is still on. Vending machines still work.

Stores are https://t.co/oYqi7aKOM1",5,"The video is a direct TikTok repost featuring vertical orientation, quick cuts, text-to-speech narration, and burned-in captions, making it native to the platform.",tiktok_repost|viral_video|misinformation|conspiracy_theory|ai_generated|visual_effects|gaming|pop_culture
https://x.com/i/status/2016880569087316275,yes,"Over 90 million Americans have died since 1990, but the U.S. cremation rate has risen from 21% in 1990 to 60.5% in 2023, meaning most remains are not buried in cemeteries.  https://www.statista.com/statistics/195920/number-of-deaths-in-the-united-states-since-1990  https://www.statista.com/statistics/251702/cremation-rate-in-the-united-states","🚨 90 MILLION AMERICANS DIED - AND THE CEMETERIES AREN’T FULL

A man asked a question that sounds insane… until you actually stop and think.

Since 1990, over 90 million people have died in the United States. That’s nearly one third of the population.

Yet the cemeteries haven’t https://t.co/YXjO9af7pP",5,"The video is a vertical, self-recorded monologue with a TikTok watermark and burned-in text overlays, making it native TikTok content that requires no additional context from the tweet.",tiktok_repost|conspiracy_theory|misinformation|viral_video|social_media_controversy|death_statistics|cremation_rates
https://x.com/i/status/2013340689522925582,yes,The 2014 NATO commitment that every member country should spend at least 2% of their GDP for their defense and military by 2024 was met by every single member in 2025.   https://www.nato.int/content/dam/nato/webready/documents/finance/def-exp-2025-en.pdf,"Europe wants protection, but they haven’t met their NATO commitment.

Instead, they fund massive social programs:
- Sweden gives 480 days of paid parental leave.
- Germany has free public universities.
- 25% of France’s national budget goes to public pensions.
- The U.S. covers https://t.co/5OILIwhl3F",4,"The video uses quick cuts, burned-in graphics, and sound effects to illustrate the speaker's points, making it highly engaging for short-form social media consumption.",political_commentary|geopolitics|nato|us_politics|foreign_policy|podcast_clip|misinformation|media_criticism
https://x.com/i/status/2023860283169464395,yes,"Misleading: this clip is deceptively cut off after a brief audio glitch. Shortly after, Michael Tracey explicitly denied this: &quot;Of course I'm not. I am paid by my readers on Substack.&quot;    The rest of the exchange can be seen at 43:40 minutes in the full interview:    https://youtu.be/ru1p78nxIbY?si=nyZyApzTwLuVYYBH&amp;t=2624  ","Michael Tracey, who calls himself a journalist, has been smearing Jeffrey Epstein survivors — and sometimes me. I can take it. But I asked him one simple question: Are you being paid by someone powerful to attack sex-crime victims? Yes or no. His audio mysteriously died. Weird. https://t.co/mVhi16da8S",2,This is a traditional media clip from a televised talk show (Piers Morgan Uncensored) shared on social media with descriptive text providing context.,misinformation|social_media_controversy|political_commentary|jeffrey_epstein|media_criticism|political_confrontation|piers_morgan
https://x.com/i/status/2024709443645297025,yes,"The video shows influencer Fiza Khan safely completing a reverse bungee jump in Mount Abu, India. She is alive and uninjured, as she confirmed on Instagram. Claims of a fatal neck injury are false.    https://www.latestly.com/social-viral/fact-check/did-a-girl-die-during-bungee-jumping-in-mount-abu-after-her-neck-broke-heres-the-fact-check-of-viral-video-7320548.html  https://www.aajtak.in/fact-check/story/viral-bungee-jumping-girl-rishikesh-death-claim-fake-mount-abu-fiza-khan-truth-ntc-agkp-rpti-2473946-2026-02-19","🚨 A young woman has died after suffering a fatal neck injury during a bungee jump in India.

What was supposed to be a thrill turned into a tragedy within seconds.

Now serious questions are being raised about safety protocols, equipment checks, operator training, and oversight https://t.co/mNujz3zZHT",5,"The video features burned-in captions, a news-style overlay, and high-impact visual content that is designed for rapid social media consumption and viral sharing.",misinformation|fake_news|viral_video|india|bungee_jumping|fact_check|social_media_controversy
https://x.com/i/status/2013190950726885754,yes,"The video shows riots in Paris following Paris Saint-Germain's UEFA Champions League win on May 31, 2025, not celebrations for Senegal's Africa Cup of Nations victory.  https://en.wikipedia.org/wiki/2025_Paris_Saint-Germain_celebration_riots  https://www.espn.com/soccer/story/_/id/45422313/champions-league-final-psg-bus-parade-overshadowed-overnight-violence","🚨🇫🇷 PARIS STRAIGHT WARZONE OVER SENEGAL WIN

Migrants lose it after Senegal's sketchy Africa Cup final win. Thousands riot, torch cars, blow up stuff, smash everything. Pure chaos.

Europeans done living like this. No-go zones are spreading fast and everywhere.

Time to wake up https://t.co/qTKAGTIVld",4,"The video is highly visual and action-oriented, using the tweet text to provide the narrative context that would typically be on-screen text or a voiceover on TikTok.",misinformation|fake_news|protest|paris|france|sports|football|social_media_controversy|breaking_news
https://x.com/i/status/2011559285767929880,yes,"The man in the video is not 92 years old or a World War veteran.     He is Steve Masters, aged 55. He was arrested in Sept 2025 for participating in a protest organized by a designated terrorist organization, Palestine Action.     https://www.theguardian.com/world/2025/sep/06/police-make-arrests-at-london-palestine-action-ban-protest    https://www.ohchr.org/en/press-releases/2025/07/uk-palestine-action-ban-disturbing-misuse-uk-counter-terrorism-legislation","This 92 year-old war disabled veteran, survived two world wars, parachuted onto the beaches of France to fight the Nazis, evaded constant enemy machine gun fire, escaped a prison camp or two……

Only in the end to be captured by his own British government .

His crime? 

He held https://t.co/cGebOoADwo",4,"The video is a vertical, raw, first-person recording of a high-tension event, which is a staple of TikTok activism. The tweet text serves as the narrative framing that would typically be on-screen text or a voiceover on TikTok.",misinformation|viral_video|protest|activism|uk_politics|london|palestine|political_confrontation|fake_news
https://x.com/i/status/2021291315682754839,yes,"While the ppb levels match a 2026 FL health report, the &quot;threshold&quot; used is not an official limit. The EPA limit for wheat is 30,000 ppb.   The levels found are actually 99% BELOW federal safety limits. OP uses a tiny baseline to make the trace amounts seem dangerously high.    https://www.ecfr.gov/current/title-40/chapter-I/subchapter-E/part-180/subpart-C/section-180.364?hl=en-US  https://www.americanagnetwork.com/2026/02/09/national-association-of-wheat-growers-north-american-millers-association-and-american-bakers-association-address-florida-glyphosate-announcement/?hl=en-US","Independent testing reveals 6/8 breads in America contain the poison glyphosate

Glyphosate levels in tested breads (in parts per billion, ppb):

- Sara Lee Honey Wheat: 191 ppb (3,821× over threshold)
- Nature’s Own Butter Bread: 190 ppb (3,805× over threshold)
- Wonder Bread: https://t.co/MjLPp5QJFd",5,"The video is a vertical, fast-paced clip featuring a talking-head presenter, green-screen overlays, and burned-in captions, which is the native format for TikTok.",tiktok_repost|misinformation|health_and_wellness|food_safety|glyphosate|lifestyle|conspiracy_theory|florida
https://x.com/i/status/2019556714337694206,yes,"The video is a satirical dramatization based on real insurance denial language, but the specific severed hand incident is fictionalized, not real. The creator states this clearly.    https://www.instagram.com/reel/DUUQvpkgJqb","How bad has the American healthcare system become?

Man had his left hand severed. He was denied reattachment surgery which would have restored function because his insurance company said his hand was “non-dominant” and “cosmetic”

Yes, this is real

American calls on his behalf https://t.co/S1ECbUHqib",5,"The video features vertical framing, burned-in captions, and a high-energy performance typical of TikTok creators, and it would function perfectly on that platform without any changes.",tiktok_repost|satire|healthcare_system|social_work|misinformation|viral_video|medical_insurance|political_commentary
https://x.com/i/status/2015926077076455450,yes,"When snow is held over a lighter, it turns black as soot from incomplete combustion settles on the surface. The snow doesn’t melt but sublimates directly into vapor from intense localized heat, bypassing the liquid phase.    https://www.greenmatters.com/p/why-snow-turns-black-if-you-burn-it  https://www.usatoday.com/story/news/factcheck/2022/12/29/fact-check-science-behind-why-snowball-seems-burn/10946327002/","Genetically modified snow??? ❄️

There is a war on biology! 

Chemtrails, weather modification, synthetically engineered food, transhumanist nanotech, directed energy weapons. 🚨

And now fake snow.

The air, water, and soil are not what they once were.

And our bodies are under https://t.co/w3BiwHAKUQ",5,"This is a compilation of short, vertical clips featuring on-screen text overlays, quick cuts, and a viral 'challenge' format designed specifically for social media engagement.",tiktok_repost|conspiracy_theory|misinformation|viral_video|fake_snow|chemtrails|science_experiment|social_media_controversy
https://x.com/i/status/2028538586413375782,yes,"The video is from the Lahore High Court in Pakistan, not Birmingham City Council in England.    https://www.pakistantoday.com.pk/2026/03/02/chaotic-scenes-at-lhc-bar-election-as-lawyers-engage-in-violent-fight","Absolute chaos at Birmingham City Council.

A councillor was seen eating during Ramadan and it reportedly sparked fights during the meeting.

How does a council meeting in Britain end up descending into this it’s ridiculous and disgraceful.

This is F**KING Britain Not Pakistan. https://t.co/rPTDGJekYi",4,"The video is the primary content and features high-engagement, chaotic footage that would thrive on TikTok. The tweet text acts as the necessary context that would typically be an on-screen caption on TikTok.",misinformation|viral_video|fake_news|social_media_controversy|political_confrontation|pakistan|uk_politics|media_criticism
https://x.com/i/status/2013055174365872553,yes,"There is no indication that EU officials are backing down concerning Greenland. The EU prioritized diplomacy, but there is no mention of them backing down. The EU has also prepared a retaliatory tariff measure.    https://www.euronews.com/my-europe/2026/01/18/eu-holds-back-trade-bazooka-as-it-seeks-diplomatic-solution-with-the-us-over-greenland    https://www.newsweek.com/europe-retaliatory-tariffs-donald-trump-greenland-threat-11379148","🚨 BREAKING: European Union officials are BACKING DOWN from their retaliation against President Trump's Greenland acquisition ambitions, prefer ""negotiations"" rather than escalating - NYT

LMFAO! Big, Tough EU lasted about 24 hours 🤣

Greenland WILL be ours! Trump's serious 🇺🇸🇬🇱 https://t.co/k2tCjr89VM",4,"The video uses a split-screen layout with a flag overlay and high-impact visual editing that is characteristic of TikTok's style, though it relies on the tweet text for the full narrative context.",misinformation|us_politics|geopolitics|donald_trump|greenland|foreign_policy|video_edit|aviation|european_union
https://x.com/i/status/2015443728937214274,yes,"The Second Amendment protects the right to Keep and Bear Arms in both public places and the home (see NYSPRA v Bruen, and D.C. v Heller).     Protesters (or observers) are legally allowed to bring weapons to defend themselves at protests that can turn violent (Kyle Rittenhouse)    https://kenoshanews.com/news/local/crime-courts/collection_25ce0b2c-0315-43fb-b492-c77599fa1984.html#1","🚨 JUST IN: FBI Director Kash Patel drops STRAIGHT TRUTH NUKE

""NO ONE who wants to be peaceful shows up at a protest with a firearm that is loaded with two full magazines! That is NOT a peaceful protest, and you do not get to touch law enforcement.""

""You do that anywhere, this https://t.co/3dpjurPIVr",2,"The video is a traditional news segment from Fox News featuring an interview. While the tweet uses sensationalist language, the video itself is standard broadcast media without TikTok-native editing styles.",us_politics|political_commentary|breaking_news|protest|second_amendment|law_enforcement|fox_news|kash_patel
https://x.com/i/status/2019944574177927677,yes,"Bukele described MS-13 gangs as Satan worshippers found performing rituals during arrests, not &quot;Jewish gangs.&quot; No evidence Bukele referenced Jewish gangs; the term was added by the poster.    https://www.foxnews.com/politics/el-salvadors-bukele-says-violent-gang-bangers-literal-satan-worshippers-sharp-immigration-warning    https://www.godreports.com/2024/06/el-salvadors-president-ms-13-gang-involved-in-satanic-child-sacrifice","🚨🇸🇻 BREAKING: President of El Salvador Nayib Bukele (grandson of Palestinian Christians) speaks on jewish gangs.

He says: “These people worship Satan”

“We went to arrest them and they were literally performing satanic rituals”

Sounds like he’s talking about Epstein’s clients. https://t.co/nyx4Ad48Vu",3,"The video uses burned-in captions and a dramatic political clip, but the tweet text adds a layer of misinformation and conspiracy that would typically be on-screen text on TikTok.",misinformation|fake_news|conspiracy_theory|political_address|nayib_bukele|el_salvador|religion|jeffrey_epstein|social_media_controversy
https://x.com/i/status/2019123468173013054,yes,"This was a satirical joke, not real legal action. Sinai Law clarified: &quot;Incredibly concerning to me that people in media are reaching to me as if this is a serious post.&quot; The Tongva Tribe has not requested or endorsed any eviction effort. https://screenrant.com/law-firm-serve-billie-eilish-eviction-stolen-land/","🚨BREAKING: Sinai Law, the leading eviction firm in Los Angeles County, is now providing pro bono services to the Tongva Tribe to remove Billie Eilish from her $14 million LA home, claiming that her admission of living on stolen land gives the tribe a legal right to the property. https://t.co/6JKhVFoXq1",4,"The video uses a split-screen format with a static meme/tweet overlaying a celebrity clip, a style very common on TikTok for commentary or satire.",satire|pop_culture|billie_eilish|celebrity_news|misinformation|meme|social_media_controversy
https://x.com/i/status/2013964099898732889,yes,"Air Force 1 did indeed return immediately to Joint Base Andrews, the graphic in this post is tracking the incorrect plane.    https://x.com/OC_Scanner/status/2013814693878477247/photo/1  https://globe.adsbexchange.com/?icao=adfdf9","Electrical issue, my ass.

Watch the flight path. Air Force One in a holding pattern doesn’t sense when it has priority over every other aircraft in the sky. If it needed to land, it could have dumped fuel and gone straight back.

Pilots out there, what say you?

📌 Minutes after https://t.co/2aU2d9b8Nb",4,"The video features burned-in captions and a fast-paced visual presentation typical of social media reels, though the tweet text provides the specific conspiratorial framing.",misinformation|conspiracy_theory|aviation|donald_trump|us_politics|viral_video|media_criticism
https://x.com/i/status/2028526165632139416,yes,The first video is from a warehouse explosion in Tianjin.    https://youtu.be/993wlZ6XFSs?si=JxhrnWmyAVj6xYJF,"Israel Security Cabinet has been wiped out by an Iranian Hypersonic Missiles. A direct hit with exact coordinates. Several top Israel Generals dead.

IRAN announced they attacked Prime Minister Netanyahu's office and the residence of the Air Force commander - they suffered HEAVY https://t.co/KKXb1JL501",4,"The video is highly engaging, visceral, and reactionary, featuring dramatic audio and visuals that would fit perfectly on TikTok with the tweet text converted to on-screen captions.",misinformation|fake_news|viral_video|geopolitics|middle_east_relations|iran|israel|missile_strike|china|tianjin_explosion
https://x.com/i/status/2021951476365774965,yes,"The video does not show shooter Jesse Van Rootselaar. It is an older clip (from ~2019) unrelated to the suspect, who was 18 at the time of the shooting. Police and news reports describe Van Rootselaar differently and provide no such footage.    https://www.cnn.com/2026/02/12/americas/tumbler-ridge-shooting-suspect-online-posts-intl-hnk    https://www.bbc.com/news/articles/ce8w95knp55o    https://www.usatoday.com/story/news/nation/2026/02/11/jesse-van-rootselaar-tumbler-ridge-canada-shooter/88631889007","This is the Canadian trans shooter Jesse Van Rootselaar.  

According to the Left, we should see a well-adjusted 18 year old finally in the gender category he “identifies” with.  

But what I see here is something close to demonic possession. 

“Male and female He created them.” https://t.co/tNUcNUX9P2",5,"The video is a short, visually intense, and highly engaging clip that functions as the primary content, fitting the viral 'shock' style common on TikTok.",misinformation|viral_video|fake_news|social_media_controversy|political_commentary|conspiracy_theory|canada|lgbtq_issues
https://x.com/i/status/2015469027213418580,yes,"There is no finalized $700B offer to buy Greenland or $100k payments to residents. Denmark and Greenland reject any sale. The $700B figure is an expert estimate from media reports of potential purchase costs, not an actual offer.  https://www.aljazeera.com/news/2026/1/22/trumps-greenland-framework-deal-what-we-know-about-it-what-we-dont  https://www.reuters.com/world/can-donald-trump-buy-greenland-2026-01-22  https://www.bbc.com/news/articles/c86vvjxe9z7o  https://www.aljazeera.com/news/2026/1/13/we-choose-denmark-over-joining-us-says-greenland-pm-nielsen","🚨ALERT: In a jaw-dropping disclosure, White House sources disclosed that the United States is finalizing an enormous $700 billion cash offer to buy Greenland from Denmark outright, plus $100,000 one-time payments to each of its ~57,000 residents—totaling just under $706 billion. https://t.co/5jFeKDuMMJ",4,"The video is a visually engaging, short clip of a high-profile event (Trump's plane landing in Greenland) where the tweet text acts as the necessary context/caption that would typically be on-screen text on TikTok.",misinformation|viral_video|us_politics|geopolitics|donald_trump|greenland|aviation|foreign_policy
https://x.com/i/status/2017745572355051945,yes,The clip shows Anaheim Police Department officers apprehending a teen suspect trying to evade arrest for robbing a jewelry store. Anaheim PD said it will launch an internal use-of-force investigation into the incident. No ICE or other federal immigration agents were involved.     https://www.nbclosangeles.com/news/local/video-anaheim-police-smash-and-grab-burglary-suspect-arrest/3839594/,"Lynwood, CA — Footage shows an ICE agent pistol whipping a 16-year-old boy in the face with a handgun as the teen appears to be raising his hands and unarmed. Other officers violently force him to the ground, kneeling on his back into a curb, in the presence of an attack dog, as https://t.co/5mBP8bApka",5,"The video features a vertical aspect ratio, a large yellow text overlay for immediate context, and a watermark from a social media aggregator, making it native to TikTok-style consumption.",misinformation|police_brutality|viral_video|social_media_controversy|tiktok_repost|breaking_news|activism|media_criticism|law_enforcement
https://x.com/i/status/2020871213111754787,yes,The utility pole in Bad Bunny’s Super Bowl halftime show functioned as a symbolic reference to Puerto Rico’s chronic power supply problems.    https://www.lifeandstylemag.com/posts/what-you-missed-during-bad-bunnys-super-bowl-halftime-performance/,"It’s kind of ironic how Bad Bunny was dancing on an electrical post at the Super Bowl halftime show. 

Puerto Rico isn’t exactly known for having reliable electricity. 

He could have highlighted the electrical grid crisis in PR and done some good with his platform, but he chose https://t.co/fCUw3jsUue",4,"The video is a visually engaging concert clip that serves as the primary content, while the tweet text provides the contextual commentary that would typically be on-screen text or a voiceover on TikTok.",pop_culture|celebrity_news|super_bowl|bad_bunny|puerto_rico|activism|media_criticism|social_media_controversy
https://x.com/i/status/2013782400904331487,yes,"While some Greenlanders may support joining the US as shown in the video, no poll indicates 78% want this. A Verian survey (Jan 2025) found 85% prefer staying with Denmark, 6% favor joining.  https://www.veriangroup.com/news-and-insights/opinion-poll-greenland-2025  https://www.sermitsiaq.ag/samfund/stort-flertal-imod-amerikansk-overtagelse/2187957  https://thehill.com/policy/international/5112709-greenland-residents-donald-trump-us-acquisition-survey","Contrary to what our MSM claim most Greenlanders now want to join the USA 
Poll hits 78% wanting to join America. Hearts and minds are turning to the USA. Given the choice who would you rather have lead you President Trump (elected) or President Ursula von Der Leyen (unelected) ? https://t.co/NMyxTcZvO8",4,"The video features quick cuts, street interviews, and burned-in captions typical of TikTok, though the tweet provides the primary statistical claim.",misinformation|greenland|donald_trump|us_politics|geopolitics|political_commentary|aviation|media_criticism
https://x.com/i/status/2026665989702635840,yes,"The pool turned green because the added water from snow/rain reduces the pH of the water. Rainwater is naturally more acidic than chlorinated water in a swimming pool.     The addition of metal reducer, which is a strong base, quickly neutralizes the acidic pool water.     https://cannonballpools.ca/pool-supplies-maintenance-blog/why-does-my-pool-turn-green-after-it-rains/","American “We got 10 inches of snow and three inches of ice, and the pool turned green”

“I'm gonna put some metal reducer in the pool and see if that helps”

The water instantly turns a clear, indicating it was metals causing the color change

We MUST ban cloud seeding in America https://t.co/wRFw1zCLgA",5,"The video is vertical, features burned-in text overlays, and uses a time-lapse format with a personal narration, making it native TikTok content.",conspiracy_theory|tiktok_repost|misinformation|weather_modification|geoengineering|home_improvement|social_media_controversy
https://x.com/i/status/2021511847447302217,yes,"These were participants in state-organized rallies marking the 47th anniversary of Iran's 1979 Islamic Revolution, not protesters. https://x.com/DeccanChronicle/status/2021554912912646617 https://x.com/JasonMBrodsky/status/2021553962348941676","Iranian protesters burned an effigy labeled Baal, depicted with a Star of David and portrayed as a satanic figure, while chanting “Death to Israel.”

Baal is an ancient Canaanite deity, often used in modern narratives as a symbol of Satanism, elite corruption, child sacrifice, or https://t.co/n5jqoWfc1C",4,"The video is highly visual and action-oriented, capturing a dramatic event that would perform well on TikTok. The tweet text provides the context that would typically be presented as on-screen captions or a voiceover on that platform.",iran|protest|middle_east_relations|israel|geopolitics|misinformation|religion|political_confrontation
https://x.com/i/status/2019338540803301585,yes,"The reason why the snow appears to be &quot;burning&quot; instead of melting is a combination of factors. The main argument, the &quot;burn&quot;, is actually the soot from whatever fuel source was ignited by the fire, leaving a layer on top of the snow. https://www.cbsnews.com/detroit/news/debunking-burning-snow-videos/","🇺🇸 Meanwhile across America

“Ok explain this to me - that’s a flame thrower - this is snow and it’s not melting”

As more and more Americans become more suspicious of their chemically infused snow, the experiments continue to get wilder improving that it’s not entirely natural‼️ https://t.co/m0c7DiDF6O",5,"The video is a first-person, vertically filmed 'experiment' with live narration and a 'wait for it' style reveal, making it native to short-form video platforms.",misinformation|conspiracy_theory|viral_video|tiktok_repost|nature|educational_content
https://x.com/i/status/2016803906446352414,yes,It was supreme court that stayed the directive. Modi government introduced &amp; implemented it.   https://sundayguardianlive.com/india/new-ugc-bill-2026-what-are-the-new-equity-rules-why-are-they-controversial-how-will-colleges-implement-them-166697/  https://www.dnaindia.com/india/report-ugc-regulations-put-on-hold-by-supreme-court-amid-massive-protest-3198605,"#WATCH | On SC staying UGC guidelines 2026, Union Minister Giriraj Singh says, ""I thank everyone, including the country's Prime Minister Modi and Home Minister Amit Shah. I thank the court for the decision it has passed. Prime Minister Modi has never discriminated against anyone https://t.co/IFZbSqdl6N",2,"This is a traditional news interview clip from a press agency (ANI) shared on social media, where the video serves as a record of a political statement rather than entertainment-focused content.",india|political_address|giriraj_singh|narendra_modi|breaking_news|political_commentary|ugc_guidelines
https://x.com/i/status/2031108738182951068,yes,"Parental Controls has existed for decades in almost all operating systems, are one of the first steps during setup, and third party tools exist to expand their capabilities. It takes less than 10 mins to setup. The bills do the opposite for digital ID’s instead.    https://x.com/i/status/2029493794765259163  https://en.wikipedia.org/wiki/Parental_controls  https://support.apple.com/en-us/105121  https://support.apple.com/guide/mac-help/set-up-content-and-privacy-restrictions-mchl8490d51e/mac  https://www.microsoft.com/en-us/microsoft-365/family-safety  https://help.ubuntu.com/stable/ubuntu-help/parental-controls.html.en  https://www.xbox.com/en-US/apps/family-settings-app  https://www.playstation.com/en-us/ps-family-app/","App stores should be held to the same standards as their brick-and-mortar counterparts. Age verification measures for app purchases are common sense solutions to give parents oversight of their kids' online experience.

The App Store Accountability Act does just that, helping put https://t.co/92zCedMqfj",4,"The video uses a vertical aspect ratio with large, high-contrast burned-in captions and a clear headline, making it highly suitable for TikTok despite being a C-SPAN clip.",us_politics|online_safety|social_media_controversy|political_address|big_tech|app_store_accountability_act|child_safety|congressional_hearing
https://x.com/i/status/2030309154607296821,yes,"Passengers had their hands up because SWAT boarded, not because of the &quot;threat&quot;. The diversion happened after other passengers reported the man for praying in a foreign language and having a prayer timer on his phone. FBI found no credible threat, and no charges were filed.    https://www.wptv.com/news/state/broward/southwest-airlines-flight-diverted-to-atlanta-after-passenger-allegedly-makes-bomb-threat-mid-flight","BREAKING:

@SouthwestAir Southwest Airlines Flight 2094 from Nashville to Fort Lauderdale, Florida was forced to divert to Atlanta late last night after a an Arabic looking Muslim passenger onboard the plane threatened to blow the plane up with a bomb! 

You can see the SWAT team https://t.co/5YI8DDxCHK",5,"The video is a direct TikTok repost featuring vertical orientation, a TikTok watermark, and burned-in text overlays that provide the primary narrative context.",tiktok_repost|misinformation|aviation|breaking_news|law_enforcement|viral_video|social_media_controversy
https://x.com/i/status/2011483465342972081,yes,"Renee Good's former father-in-law, Timmy Macklin, not Rebecca Good's father, is the person interviewed here with CNN's Erin Burnett.  https://www.cnn.com/2026/01/13/us/video/ebof-timmy-macklin-renee-good-father-in-law-minneapolis-ice  ","Last night on CNN, Rebecca Good's father appeared for his first interview to discuss Renee's death.

The host repeatedly probed for answers that would condemn President Trump, but his answer even took the host back.

""I don't blame ICE, I don't blame Rebecca, I don't blame Renee. https://t.co/yuq30CY3Wo",2,"This is a traditional news segment clip from CNN with a descriptive tweet providing context, typical of traditional media shared on social platforms rather than native TikTok content.",misinformation|us_politics|breaking_news|media_criticism|law_enforcement|donald_trump|political_commentary
https://x.com/i/status/2013931070350045542,yes,"First, the original video is from early January.    Second, Meloni was responding NOT to Trump, but to critics of Italian foreign policy, who claim Italy should &quot;separate&quot; from NATO.      Third, the full context of her remarks are here:  https://www.youtube.com/watch?v=wHyUEN0N_C0","Donald Trump: “NATO is nothing without America.”

Meloni: “Perfect. Then Europe will close the U.S. bases, tear up the sweetheart trade deals, and, just to make the message land, boycott McDonald’s too.”

That is the blunt reality: if Washington wants to talk like protection is a https://t.co/FurDdBYCXd",2,"The video is a traditional press conference clip with burned-in subtitles, but the tweet provides a misleading narrative that recontextualizes the footage for social media engagement.",misinformation|geopolitics|foreign_policy|donald_trump|giorgia_meloni|nato|italy|political_commentary|fake_news
https://x.com/i/status/2019169342819090762,yes,"Misleading: the video shows French influencer Tincho leaving a laptop in a Chinese mall for 30 minutes; he did not post tests in Italy, France or the UK. The claimed European times are unverified additions in reposts. https://www.instagram.com/reel/DOI3moEDNZP https://www.ndtv.com/offbeat/influencer-leaves-laptop-in-public-in-china-what-happened-next-shocked-everyone-9244869","A French man wanted to see how quickly a laptop would be stolen if left in public in different countries!

In 🇮🇹 Italy, it was gone in 11 seconds! In 🇫🇷 France, it took 14 seconds! In the 🇬🇧 UK, it lasted 33 seconds!

But when he tried this in 🇨🇳 China, what happened shocked him! https://t.co/P1iRSvshCj",5,"The video is a vertically-oriented social media experiment with quick cuts, a timer overlay, and burned-in captions, making it native TikTok-style content.",tiktok_repost|viral_video|misinformation|china|social_experiment|lifestyle
https://x.com/i/status/2021137387875688725,yes,"1st and 5th pics are AI generated.  2nd &amp; 3rd image is of Nehru with sister Vijaylakshmi Pandit. 4th image : Nehru is being given a kiss by his niece Nayantara Sehgal.  6th image: Nehru with Mrs. Simon, wife of British Deputy High Commissioner, onboard first BOAC flight.    https://x.com/zoo_bear/status/2021286600916021297  https://www.altnews.in/bjp-cell-head-amit-malviya-shares-affectionate-pictures-nehru-sister-niece-claims-hardik-patels-dna/  ","Watch : Union Minister Giriraj Singh says, ""What can I say about this poster? The poster itself speaks about how Nehru allegedly insulted the nation, for his own ambitions and desires. It claims that he compromised the country, kept Kashmir at stake, internationalized the Kashmir https://t.co/iLGcwn1Py5",2,"This is a traditional news clip of a political address with descriptive tweet text, lacking the vertical format or rapid editing typical of TikTok-native content.",misinformation|ai_generated|india|political_commentary|social_media_controversy|fake_news|history|jawaharlal_nehru
https://x.com/i/status/2025088356540186684,yes,This is not AI. It was made by ARTISTS at the VFX studio Cinesite.    https://cinesite.com/cinesite-honoured-at-ves-awards-2024/,"AI is not killing art.
It is redefining the canvas.

London’s Frameless museum just demonstrated something important.
Immersive AI and digital projections are not replacing artists. They are expanding human expression in ways static walls never could.

For years, I’ve argued that https://t.co/ejIhF9LalG",5,"The video is the primary content, featuring highly visual and immersive footage that is native to short-form video platforms. The tweet text acts as a caption that could easily be replaced by on-screen text or a voiceover.",artificial_intelligence|visual_effects|cgi|misinformation|digital_art|london|viral_video|immersive_experience
https://x.com/i/status/2033151140305739994,yes,"US soldiers are not on the ground in Iran, and there are no confirmed reports of this.  This video appears to be from a 2000s training exercise video around Camp Pendleton, CA (not Iran) as you see American Tractor Trailers and cars in the background. Similar vids linked.    https://www.dvidshub.net/search/2.0?tagSearch=true&amp;q=*&amp;type=video&amp;dateStart=2019-01-01&amp;dateEnd=2026-03-15","‼️ 🇺🇸 American boots are on the ground as Iran clamps down on the Strait of Hormuz.

USS Bataan F-5 and USS Carter Hall LSD-50 are on position, carrying the elite 26th Marine Expeditionary Unit 2,500 battle-ready Marines ready to respond anywhere, anytime.

President Donald Trump https://t.co/2FuqNs4utG",4,"The video features high-energy military footage with quick cuts and dramatic action that is highly engaging visually, though it relies on the tweet text for its (misleading) geopolitical context.",misinformation|military_action|geopolitics|iran|us_politics|donald_trump|fake_news|military_technology|middle_east_relations
https://x.com/i/status/2015847563573002588,yes,These bins do not require payment. They require an RFID fob issued to local residents to use. This helps prevent flytipping     https://x.com/CVanDutch/status/2015866332550418935?s=20,"🇬🇧 Meanwhile in Broken Britain 

“These news Bins - you have to pay by credit card to put your stuff in the bin”

You’ve all seen how dirty &amp; littered with rubbish the UK’s towns and cities are becoming.

So to combat this city of Sheffield - thought it would be a good idea to https://t.co/5rJWwEx2Or",5,"The video is a direct TikTok repost featuring vertical orientation, burned-in captions, a TikTok watermark, and a first-person 'walk-and-talk' commentary style.",tiktok_repost|misinformation|uk_politics|sheffield|social_media_controversy|viral_video|urban_life
https://x.com/i/status/2032171185040212296,yes,"This video is AI-generated. Major General CS Mann did not make these statements at the Synergia Conclave. He discussed AI in warfare, not geopolitics involving Pakistan or Iran.    https://x.com/ANI/status/2031862884251418730  https://x.com/dintentdata/status/2032186656741343276  https://www.ndtv.com/world-news/pakistan-man-hacked-31-accounts-to-spread-ai-videos-amid-us-israel-iran-conflict-11171177","VERY ALARMING ⚠️

At the Synergia Conclave, Major General CS Mann, AVSM, VSM, Additional Director General (ADG) of the Army Design Bureau (ADB), says, ""If Israel succeeds in taking down Iran, then Pakistan can be controlled from 3 sides. India from the East &amp; Afghan Taliban and https://t.co/W5IeTJfoqR",2,"The video is a traditional press conference recording shared on social media, where the tweet text provides the essential (though in this case, false) context for the clip.",ai_generated|misinformation|geopolitics|india|pakistan|iran|israel|fake_news|military_technology|artificial_intelligence
https://x.com/i/status/2030800226211008634,yes,The Iranian women's football team remains in Australia after elimination from the Women's Asian Cup and has not been captured or sent back to Iran. https://apnews.com/article/iran-soccer-womens-asian-cup-6a9fd17b140e01b9e841a766c9ff2670 https://www.theguardian.com/football/2026/mar/08/iran-women-asian-cup-the-phillipines-elimination-human-rights,"On Tuesday, the Iranian women’s football team refused to sing the anthem of the Islamic Regime.

Tonight, they were captured by the Regime and sent back to Iran to die.

So, to all liberal women:

You claim to be feminists.
You claim to fight for women.

Prove it.
FIGHT FOR THEM. https://t.co/vfBgH5husf",4,"The video is visually engaging and emotionally charged, using a dramatic musical score and quick cuts to drive a narrative that would easily translate to TikTok with on-screen text.",misinformation|iran|womens_rights|football|sports|activism|fake_news|social_media_controversy|middle_east_relations
https://x.com/i/status/2031814632638140811,yes,"This video has been edited to add a fabricated court case and lawsuit. The real 2025 incident involved Katreena Aiken, who faced misdemeanor charges and a fine but did not sue. The man was not charged.    https://www.dailymail.co.uk/news/article-14283593/ohio-road-rage-karen-stunning-admission-toledo.html  https://www.boredpanda.com/road-rage-karen-got-body-slammed-viral-video-comes-forward  https://torontosun.com/news/world/woman-body-slammed-in-road-rage-incident-says-she-learned-her-lesson","A road rage confrontation escalated when a woman got out of her car and approached a man during a heated argument in traffic. According to the video and bystanders, she was the clear aggressor and struck the man first. After being hit, the man retaliated and hit her back, turning https://t.co/T8iAHxB6Ix",5,"The video is a direct TikTok repost featuring a vertical crop, a TikTok watermark, a text-to-speech narrator, and burned-in captions that drive the entire narrative.",tiktok_repost|misinformation|viral_video|road_rage|fake_news|social_media_controversy|video_edit
https://x.com/i/status/2031997434063167917,yes,"This video is an AI-generated deepfake, not a genuine statement by MEA spokesperson Randhir Jaiswal. India has not issued such a warning to Iran; its position is concern and calls for de-escalation.    https://x.com/MEAFactCheck/status/2032012634669629624    https://x.com/MEAIndia/status/2028793379484762244    https://www.thehindu.com/news/national/iran-israel-war-india-expresses-great-anxiety-over-intensification-of-conflict-in-west-asia/article70699308.ece","India Issues Stern Warning to Iran Following Recent Threats

Randhir Jaiswal, Spokesperson, MEA threatens Tehran for the first time,

""There should be no doubt that India will first confirm that Iran is involved in doing such attacks &amp; if confirmed, Iran will get a reply harsher https://t.co/odoCLt2TLr",2,"The video is a traditional press conference clip where the tweet text provides the primary context and narrative, though the use of AI manipulation makes it more characteristic of social media misinformation.",ai_generated|misinformation|fake_news|geopolitics|india|iran|israel|middle_east_relations|foreign_policy|political_address
https://x.com/i/status/2025293496954102207,yes,"The receipt is fabricated by TikTok creator @fashion.ai42, who posts satirical videos with fake absurd restaurant charges like $10 fortune cookies. https://www.tiktok.com/@fashion.ai42 https://www.yelp.com/biz/gim-ling-restaurant-saint-clair-shores","This man orders Chinese food and decides not to tip. He shows his receipt with what appears to be the waitress’s message about the fact that he didn’t. He claims the $10.00 charge for two fortune cookies was the tip. So who is right? The waitress for getting upset, or him for https://t.co/l9lCJHZRdG https://t.co/5lQ3C321tS",5,"The video is a native TikTok repost featuring vertical framing, a TikTok watermark, and a first-person perspective designed to spark viral engagement and controversy.",tiktok_repost|viral_video|satire|misinformation|social_media_controversy|lifestyle
https://x.com/i/status/2021299848683704322,yes,"Shortly before the post was made, Matthew Moroun, the family who the owns the Ambassador Bridge, who opposed the construction, met with Howard Lutnick, who then informed Trump by phone.    Ambassador Bridge owner met with White House official before Trump’s post: NYT report    https://www.ctvnews.ca/politics/article/ambassador-bridge-owner-met-with-white-house-official-before-trumps-post-nyt-report/",".@PressSec: ""The fact that Canada will control what crosses the Gordie Howe Bridge and owns the land on both sides is unacceptable to @POTUS. It's also unacceptable that more of this bridge isn't being built with more American-made materials...This is just another example of https://t.co/rzphqSHJZt https://t.co/orQBYmlszi",2,"This is a traditional press conference clip from a news-style broadcast. It lacks the vertical formatting, quick edits, or on-screen engagement typical of TikTok-native content.",us_politics|donald_trump|political_address|geopolitics|canada_us_relations|infrastructure|white_house_press_briefing
https://x.com/i/status/2032122638852640951,yes,"“PENTAGON THINKS CLAUDE HAS BECOME SENTIENT AND MAY SOON TAKE OVER”, being presented as a headline is a misleading statement. The video posted does not make that claim, nor does it provide any supporting evidence leading to that extraordinary conclusion.      https://search.brave.com/search?q=pentagon+thinks+claude+is+sentient&amp;source=ios&amp;summary=1&amp;conversation=08d6d7f984850889c94670e6e0aef14da180","🚨BREAKING: PENTAGON THINKS CLAUDE HAS BECOME SENTIENT AND MAY SOON TAKE OVER

&gt;claude has a soul
&gt;has a constitution
&gt;that’s NOT the U.S. Constitution
&gt;the other day claude was anxious
&gt;anthropic believes claude has a 20% chance of being sentient right now 
&gt;has its own ability https://t.co/qgGEtwOleM",2,This is a traditional news interview clip where the tweet text provides essential context and a sensationalized summary that is not present in the video itself.,artificial_intelligence|misinformation|us_politics|military_technology|breaking_news|anthropic|claude_ai
https://x.com/i/status/2032857500324974999,yes,"No independent sources confirm China sent 30 trucks of drones and ammo to Iran's Sistan via Pakistan. General reports exist of China aiding Iran, but not this route. The 'representative' video is a 2019 clip of trucks entering China from Pakistan.    https://www.youtube.com/watch?v=XI8xZUBHFf0    https://www.reuters.com/world/china/iran-nears-deal-buy-supersonic-anti-ship-missiles-china-2026-02-24","BREAKING: After the closure of air &amp; sea routes to Iran by the U.S. &amp; Israeli Forces, China is reportedly supplying drones and ammunition via a land route through Pakistan. At least 30 Chinese trucks have reportedly reached Sistan, Iran, through Pakistan. (Representative video) https://t.co/TLSgwgn0y2",2,"The video is a simple, unedited clip of a truck at a border crossing used as a visual aid for a news-style tweet, lacking the typical editing or engagement hooks of TikTok content.",misinformation|geopolitics|china|pakistan|iran|breaking_news|military_technology|middle_east_relations
https://x.com/i/status/2032563054559326664,yes,"No Polymarket markets for the claimed &quot;Japan rate decision,&quot; &quot;EU emergency vote,&quot; or others resolved as described; the BOJ market remains unresolved. The video shows fabricated animation, and no on-chain wallet proof exists. https://polymarket.com/event/bank-of-japan-decision-in-march https://x.com/PelicanAI_/status/2032602958572003561","my OpenClaw woke me up at 3:47 AM with one message:

""found 6 markets resolving in next 90 minutes while US is asleep, need approval for $12K deployment""

i typed ""yes"" and went back to sleep

woke up to +$43,800

been running an agent that hunts timezone arbitrage for 9 days https://t.co/c2jj45hEV1 https://t.co/iHO9hmQvwv",4,"The video uses a high-energy, visually stimulating 'hacker' aesthetic designed for quick engagement, while the tweet text provides the narrative context that would typically be a voiceover or text overlay on TikTok.",misinformation|artificial_intelligence|cryptocurrency|visual_effects|fake_news|trading_bot|scam_alert
https://x.com/i/status/2032538361622077457,yes,"“Nike PR staff” quote is unverified viral anecdote. Nike confirmed 2005 ad used digital editing/off-camera ball kicks for rebounds (only 2 consecutive hits by Ronaldinho, not 4). Ball trajectories adjusted unnaturally. https://www.goal.com/en-us/news/was-ronaldinho-crossbar-challenge-real-nike-ad-tiempo-boots-classic-commercial-explained/blt39ff6416487e8c28 https://skeptics.stackexchange.com/questions/1863/ronaldinho-crossbar-commercial https://www.dr.dk/sporten/fodbold/klubhuset-gaar-bag-om-ronaldinho","Nike PR staff: “We asked him to put on the spikes and show us some tricks. The very first thing he showed us was that famous scene of hitting the crossbar multiple times in a row. All we could say was, ‘Ronnie. Thank you. The commercial shoot is already over.’ https://t.co/7xW3mok8Pp https://t.co/IVnnebnW4a",4,"The video is the primary content and highly engaging, while the tweet text provides the narrative context that would typically be presented as on-screen text or a voiceover on TikTok.",sports|football|ronaldinho|nike|commercial|visual_effects|misinformation|nostalgia|viral_video|pop_culture
https://x.com/i/status/2021294911425749118,yes,Rep Ro Khanna did not call Howard Lutnick a pedophile in this clip.    https://x.com/lauraloomer/status/2021294911425749118?s=46,"During his anti-Trump press conference, @RepThomasMassie stood beside Democrat Rep. Ro Khanna @RoKhanna as Khanna called President Trump’s Commerce Secretary @howardlutnick a pedophile and demanded that he be dragged in front of Congress: 

“I believe that Lutnick, at the very https://t.co/kx74r2UHeT https://t.co/89HdHd1L90",2,"This is a traditional news clip of a press conference shared with descriptive tweet text. While the video is the focus, its presentation is standard broadcast media rather than TikTok-native editing.",us_politics|misinformation|jeffrey_epstein|ro_khanna|thomas_massie|howard_lutnick|political_commentary|breaking_news|media_criticism
https://x.com/i/status/2013843203393495051,yes,This is a complete fabrication. The aircraft that was used to replace the usual 747 was a 757 that is usually used by the Vice President or other senior US administration.    https://www.forbes.com/sites/siladityaray/2026/01/21/switzerland-bound-air-force-one--forced-to-turn-back-due-to-minor-issue-trump-will-take-backup-jet/,"I, like most people, think the story about AF1 having an electrical system issue, returning to DC, switching to another aircraft, and then heading back to Switzerland is a lie—and that the whole thing was planned.

And for me, the single most noteworthy point in this news isn’t https://t.co/YACjLBOkOB https://t.co/RCZKj4CePv",2,"The video is a standard news-style clip of a plane on a tarmac, serving as supplementary visual evidence for the user's textual conspiracy theory.",misinformation|conspiracy_theory|us_politics|aviation|donald_trump|air_force_one
